desc: I1 cache:         32768 B, 64 B, 8-way associative
desc: D1 cache:         32768 B, 64 B, 8-way associative
desc: LL cache:         8388608 B, 64 B, 16-way associative
cmd: /home/brendan/Claude_sandbox/_simeng_build/.venv/bin/python -m disagg_sim --requests 500 --rate 4 --seed 1
events: Ir I1mr ILmr Dr D1mr DLmr Dw D1mw DLmw 
fl=./csu/../csu/libc-start.c
fn=__libc_start_main@@GLIBC_2.34
242 13 1 1 0 0 0 7 0 0
311 3 0 0 0 0 0 0 0 0
312 3 0 0 0 0 0 1 0 0
337 6 1 1 2 0 0 1 0 0
340 2 0 0 0 0 0 0 0 0
343 6 0 0 3 0 0 1 0 0
350 2 0 0 1 0 0 1 0 0
352 2 0 0 0 0 0 0 0 0
360 4 1 1 1 0 0 1 0 0
fl=./csu/../sysdeps/nptl/libc_start_call_main.h
fn=(below main)
29 9 1 1 1 0 0 5 0 0
44 3 1 1 0 0 0 1 0 0
46 2 0 0 0 0 0 0 0 0
51 2 0 0 1 1 0 1 0 0
52 2 0 0 1 1 0 1 0 0
55 2 0 0 0 0 0 1 0 0
58 6 1 1 5 0 0 1 0 0
74 2 1 1 0 0 0 1 0 0
fl=./csu/./csu/errno-loc.c
fn=__errno_location
25 10182 832 2 0 0 0 0 0 0
26 20364 0 0 20364 374 0 0 0 0
27 10182 0 0 10182 0 0 0 0 0
fl=./csu/./csu/init-first.c
fn=_init_first
46 6 1 1 0 0 0 2 0 0
51 2 0 0 1 0 0 0 0 0
55 5 1 1 4 2 1 0 0 0
61 1 0 0 0 0 0 1 1 0
62 1 0 0 0 0 0 1 0 0
63 2 0 0 1 1 0 1 1 1
71 2 0 0 0 0 0 0 0 0
72 3 0 0 2 0 0 0 0 0
fl=./ctype/../include/ctype.h
fn=__ctype_b_loc
40 2768 157 1 0 0 0 0 0 0
41 5536 0 0 5536 82 0 0 0 0
42 2768 0 0 2768 0 0 0 0 0
fn=__ctype_tolower_loc
52 2320 220 0 0 0 0 0 0 0
53 4640 0 0 4640 0 0 0 0 0
54 2320 0 0 2320 0 0 0 0 0
fl=./ctype/./ctype/ctype-info.c
fn=__ctype_init
29 1 1 1 0 0 0 0 0 0
31 7 1 1 5 4 0 1 0 0
33 4 0 0 2 1 0 1 0 0
35 4 0 0 2 0 0 1 0 0
36 1 0 0 1 0 0 0 0 0
fl=./debug/../sysdeps/x86_64/multiarch/ifunc-memmove.h
fn=__memcpy_chk
56 2 0 0 0 0 0 0 0 0
57 3 0 0 2 0 0 0 0 0
60 3 0 0 1 0 0 0 0 0
61 2 1 1 0 0 0 0 0 0
74 2 0 0 0 0 0 0 0 0
103 2 0 0 1 0 0 0 0 0
108 3 1 1 0 0 0 0 0 0
113 4 0 0 0 0 0 0 0 0
fn=__memmove_chk
56 2 0 0 0 0 0 0 0 0
57 3 1 1 2 0 0 0 0 0
60 3 0 0 1 0 0 0 0 0
61 2 1 1 0 0 0 0 0 0
74 2 0 0 0 0 0 0 0 0
103 2 1 1 1 0 0 0 0 0
108 3 1 1 0 0 0 0 0 0
113 4 0 0 0 0 0 0 0 0
fn=__mempcpy_chk
56 2 0 0 0 0 0 0 0 0
57 3 0 0 2 0 0 0 0 0
60 3 0 0 1 0 0 0 0 0
61 2 1 1 0 0 0 0 0 0
74 2 0 0 0 0 0 0 0 0
103 2 0 0 1 0 0 0 0 0
108 3 1 1 0 0 0 0 0 0
113 4 0 0 0 0 0 0 0 0
fl=./debug/../sysdeps/x86_64/multiarch/ifunc-memset.h
fn=__memset_chk
54 5 1 1 2 0 0 0 0 0
57 3 0 0 1 0 0 0 0 0
58 2 1 1 0 0 0 0 0 0
64 2 0 0 0 0 0 0 0 0
73 2 0 0 0 0 0 0 0 0
103 4 0 0 0 0 0 0 0 0
fl=./debug/../sysdeps/x86_64/multiarch/memcpy_chk.c
fn=__memcpy_chk
29 2 1 1 1 0 0 0 0 0
fl=./debug/../sysdeps/x86_64/multiarch/memmove_chk.c
fn=__memmove_chk
29 2 1 1 1 0 0 0 0 0
fl=./debug/../sysdeps/x86_64/multiarch/mempcpy_chk.c
fn=__mempcpy_chk
29 2 1 1 1 0 0 0 0 0
fl=./debug/../sysdeps/x86_64/multiarch/memset_chk.c
fn=__memset_chk
29 2 1 1 1 0 0 0 0 0
fl=./dirent/../sysdeps/unix/sysv/linux/closedir.c
fn=closedir
31 130 52 2 0 0 0 52 0 0
34 52 0 0 0 0 0 0 0 0
44 26 0 0 26 0 0 0 0 0
50 26 0 0 0 0 0 26 0 0
52 52 0 0 0 0 0 0 0 0
53 52 0 0 52 0 0 0 0 0
fl=./dirent/../sysdeps/unix/sysv/linux/getdents64.c
fn=__getdents
27 52 26 1 0 0 0 0 0 0
30 156 0 0 0 0 0 0 0 0
32 208 0 0 0 0 0 0 0 0
33 52 0 0 52 0 0 0 0 0
fl=./dirent/../sysdeps/unix/sysv/linux/opendir.c
fn=opendir
33 54 0 0 27 0 0 0 0 0
46 54 0 0 0 0 0 0 0 0
53 130 26 1 0 0 0 26 0 0
55 104 0 0 26 0 0 0 0 0
82 243 27 1 27 0 0 108 0 0
84 2 1 0 0 0 0 0 0 0
86 81 0 0 0 0 0 27 0 0
87 216 27 1 162 0 0 0 0 0
112 182 26 1 26 0 0 0 0 0
115 52 0 0 0 0 0 26 0 0
116 52 0 0 0 0 0 0 0 0
123 26 0 0 0 0 0 26 6 0
125 26 0 0 0 0 0 26 0 0
127 26 0 0 0 0 0 26 0 0
128 26 0 0 0 0 0 26 9 2
129 26 0 0 0 0 0 26 0 0
130 26 0 0 0 0 0 26 3 1
131 26 0 0 0 0 0 26 0 0
fl=./dirent/../sysdeps/unix/sysv/linux/readdir64.c
fn=readdir
32 10370 52 2 0 0 0 6222 0 0
34 2074 0 0 2074 0 0 0 0 0
37 5185 0 0 1037 0 0 0 0 0
40 3111 0 0 2074 0 0 0 0 0
47 260 26 1 104 0 0 52 0 0
48 104 0 0 0 0 0 0 0 0
54 26 0 0 0 0 0 0 0 0
55 26 0 0 0 0 0 26 0 0
57 104 0 0 52 0 0 0 0 0
59 52 0 0 0 0 0 0 0 0
61 52 0 0 0 0 0 26 0 0
67 1037 0 0 0 0 0 0 0 0
68 3033 0 0 1011 150 21 1011 0 0
69 2022 0 0 1011 0 0 1011 0 0
72 4044 0 0 2022 0 0 0 0 0
76 9333 26 1 7259 0 0 0 0 0
fl=./elf/../bits/stdlib-bsearch.h
fn=intel_check_word.constprop.0
27 96 0 0 0 0 0 0 0 0
28 48 0 0 0 0 0 0 0 0
29 744 0 0 0 0 0 0 0 0
31 648 0 0 0 0 0 0 0 0
32 348 0 0 0 0 0 0 0 0
35 276 0 0 0 0 0 0 0 0
37 96 1 1 0 0 0 0 0 0
fl=./elf/../elf/dl-tls.c
fn=_dl_add_to_slotinfo
1017 18 1 1 0 0 0 10 0 0
1023 2 0 0 2 0 0 0 0 0
1026 2 0 0 2 2 0 0 0 0
1027 2 0 0 0 0 0 0 0 0
1031 6 1 1 2 2 0 0 0 0
1065 4 0 0 0 0 0 0 0 0
1068 4 0 0 0 0 0 2 0 0
1069 6 0 0 2 0 0 2 0 0
1072 12 1 1 12 0 0 0 0 0
fn=_dl_allocate_tls_init
523 11 1 1 0 0 0 8 0 0
524 2 0 0 0 0 0 0 0 0
528 2 0 0 1 1 0 1 0 0
531 1 0 0 0 0 0 0 0 0
534 2 1 1 1 1 0 1 0 0
537 3 0 0 2 1 0 0 0 0
549 1 0 0 1 0 0 0 0 0
554 22 1 1 3 0 0 1 0 0
560 7 1 1 0 0 0 0 0 0
563 6 0 0 2 0 0 0 0 0
564 4 0 0 0 0 0 0 0 0
570 6 1 1 4 0 0 0 0 0
571 4 0 0 0 0 0 0 0 0
573 17 0 0 6 2 0 2 1 1
576 4 0 0 0 0 0 0 0 0
577 4 0 0 2 0 0 0 0 0
580 4 1 1 0 0 0 0 0 0
581 8 0 0 4 1 0 0 0 0
583 4 0 0 0 0 0 0 0 0
584 4 0 0 2 0 0 0 0 0
593 2 0 0 0 0 0 2 0 0
601 4 0 0 2 2 0 0 0 0
603 20 0 0 4 0 0 6 0 0
609 2 0 0 2 0 0 0 0 0
615 2 0 0 1 0 0 1 0 0
618 2 0 0 1 0 0 1 0 0
621 9 0 0 8 0 0 0 0 0
fn=_dl_allocate_tls_storage
365 1 0 0 1 0 0 0 0 0
369 1 1 1 0 0 0 0 0 0
370 1 0 0 0 0 0 0 0 0
371 2 0 0 0 0 0 0 0 0
374 1 0 0 0 0 0 1 1 1
380 2 0 0 0 0 0 1 0 0
417 7 2 2 0 0 0 4 0 0
419 1 0 0 1 0 0 0 0 0
430 1 0 0 1 0 0 0 0 0
431 1 0 0 0 0 0 0 0 0
432 2 0 0 0 0 0 0 0 0
440 6 0 0 0 0 0 0 0 0
441 1 1 1 0 0 0 0 0 0
445 305 0 0 0 0 0 297 37 37
464 1 0 0 0 0 0 1 1 1
470 7 0 0 5 0 0 0 0 0
fn=_dl_assign_tls_modid
125 4 1 1 0 0 0 1 0 0
128 2 0 0 1 0 0 0 0 0
141 1 0 0 1 0 0 0 0 0
181 1 0 0 0 0 0 0 0 0
183 1 1 1 0 0 0 1 0 0
186 1 0 0 0 0 0 1 0 0
187 2 0 0 2 0 0 0 0 0
fn=_dl_count_modids
192 1 1 1 0 0 0 0 0 0
194 2 0 0 1 0 0 0 0 0
195 1 0 0 1 0 0 0 0 0
210 2 0 0 1 0 0 0 0 0
fn=_dl_determine_tlsoffset
216 9 1 1 0 0 0 6 0 0
217 1 0 0 0 0 0 0 0 0
218 1 0 0 0 0 0 0 0 0
219 1 0 0 0 0 0 0 0 0
222 4 0 0 1 0 0 1 0 0
225 2 0 0 1 0 0 0 0 0
259 1 0 0 0 0 0 0 0 0
261 18 1 1 5 0 0 0 0 0
263 7 1 1 3 0 0 1 0 0
265 6 1 1 2 1 0 0 0 0
266 4 0 0 2 0 0 0 0 0
268 4 0 0 0 0 0 0 0 0
270 10 0 0 2 0 0 0 0 0
281 2 0 0 0 0 0 2 0 0
286 16 0 0 0 0 0 0 0 0
288 4 0 0 0 0 0 0 0 0
289 2 0 0 0 0 0 0 0 0
294 2 0 0 0 0 0 0 0 0
301 1 0 0 0 0 0 1 0 0
302 7 2 2 1 0 0 0 0 0
304 2 0 0 0 0 0 1 0 0
354 1 0 0 0 0 0 1 0 0
355 8 0 0 7 0 0 0 0 0
fn=_dl_tls_static_surplus_init
83 3 0 0 0 0 0 0 0 0
97 8 1 1 0 0 0 4 0 0
100 6 0 0 1 0 0 1 0 0
101 5 0 0 1 0 0 1 0 0
102 3 0 0 0 0 0 0 0 0
104 4 1 1 0 0 0 0 0 0
107 1 0 0 0 0 0 0 0 0
109 1 0 0 0 0 0 1 0 0
111 3 0 0 0 0 0 1 0 0
112 6 0 0 5 0 0 0 0 0
fl=./elf/../include/list.h
fn=__tls_init_tp
43 2 1 1 1 1 0 1 0 0
44 2 0 0 0 0 0 1 0 0
45 1 0 0 0 0 0 1 0 0
47 1 0 0 0 0 0 1 0 0
fl=./elf/../include/rtld-malloc.h
fn=__minimal_calloc
56 18 0 0 18 0 0 0 0 0
fn=_dl_allocate_tls_storage
44 2 0 0 1 0 0 1 0 0
56 1 0 0 1 0 0 1 0 0
fn=_dl_check_map_versions
44 24 1 1 8 0 0 8 0 0
fn=_dl_find_object_init
56 2 0 0 1 0 0 1 0 0
fn=_dl_get_origin
56 2 0 0 1 0 0 1 1 1
fn=_dl_important_hwcaps
56 4 0 0 2 0 0 2 0 0
fn=_dl_init_paths
56 5 0 0 3 0 0 3 0 0
fn=_dl_map_object_deps
56 16 0 0 8 0 0 8 0 0
fn=_dl_new_object
44 24 0 0 8 0 0 8 1 1
56 21 1 1 7 0 0 7 0 0
fn=decompose_rpath
50 2 0 0 1 0 0 1 0 0
56 1 0 0 1 0 0 1 0 0
fn=expand_dynamic_string_token
56 2 0 0 1 0 0 1 0 0
fn=fillin_rpath.isra.0
50 4 1 1 4 0 0 2 0 0
51 2 0 0 0 0 0 0 0 0
56 4 0 0 2 0 0 2 0 0
fn=init_tls
44 2 0 0 1 0 0 1 0 0
fl=./elf/../include/scratch_buffer.h
fn=_dl_map_object_deps
77 2 0 0 0 0 0 1 1 1
78 1 0 0 0 0 0 1 0 0
85 3 1 1 1 0 0 0 0 0
131 28 1 1 0 0 0 14 0 0
fl=./elf/../misc/sbrk.c
fn=sbrk
37 6 1 1 0 0 0 3 0 0
40 1 0 0 1 0 0 0 0 0
58 2 0 0 0 0 0 0 0 0
62 2 0 0 0 0 0 0 0 0
78 5 1 1 4 0 0 0 0 0
fl=./elf/../nptl/nptl-stack.h
fn=__libc_early_init
61 8 0 0 2 1 0 0 0 0
fl=./elf/../sysdeps/generic/_itoa.h
fn=_dl_check_map_versions
76 39 0 0 13 0 0 26 0 0
fl=./elf/../sysdeps/generic/dl-cache.h
fn=_dl_load_cache_lookup
125 6 1 1 6 2 2 0 0 0
194 1 0 0 1 0 0 0 0 0
195 5 0 0 0 0 0 0 0 0
fl=./elf/../sysdeps/generic/dl-call_tls_init_tp.h
fn=init_tls
31 8 0 0 0 0 0 2 0 0
33 1 0 0 0 0 0 1 0 0
fl=./elf/../sysdeps/generic/dl-debug.h
fn=dl_main
29 4 0 0 2 0 0 0 0 0
30 1 0 0 0 0 0 1 0 0
fl=./elf/../sysdeps/generic/dl-hash.h
fn=__rtld_malloc_init_real
43 1 0 0 0 0 0 0 0 0
44 1 0 0 0 0 0 0 0 0
45 19 0 0 6 1 1 0 0 0
48 18 0 0 0 0 0 0 0 0
62 24 0 0 0 0 0 0 0 0
67 1 0 0 0 0 0 0 0 0
72 1 0 0 0 0 0 1 0 0
fl=./elf/../sysdeps/generic/dl-new-hash.h
fn=_dl_lookup_symbol_x
69 293 0 0 0 0 0 0 0 0
70 586 0 0 0 0 0 0 0 0
74 1807 0 0 1807 231 168 0 0 0
77 3614 0 0 0 0 0 0 0 0
80 1657 0 0 1657 18 17 0 0 0
81 3314 0 0 0 0 0 0 0 0
87 143 28 2 0 0 0 0 0 0
88 143 0 0 0 0 0 0 0 0
89 286 0 0 0 0 0 0 0 0
90 143 0 0 0 0 0 0 0 0
99 1514 0 0 0 0 0 0 0 0
101 1514 0 0 0 0 0 0 0 0
102 3028 0 0 0 0 0 0 0 0
104 1514 30 5 0 0 0 0 0 0
105 1514 0 0 0 0 0 0 0 0
fl=./elf/../sysdeps/generic/dl-protected.h
fn=do_lookup_x
29 1092 0 0 0 0 0 0 0 0
fl=./elf/../sysdeps/generic/ldsodefs.h
fn=_dl_relocate_object
79 90 1 1 42 0 0 0 0 0
140 603 0 0 201 0 0 0 0 0
fn=_dl_start
79 6 1 1 3 0 0 0 0 0
fn=do_lookup_x
139 546 0 0 273 0 0 0 0 0
140 819 0 0 0 0 0 0 0 0
fl=./elf/../sysdeps/nptl/dl-mutex.c
fn=__rtld_mutex_init
30 7 1 1 0 0 0 4 0 0
37 1 0 0 1 0 0 0 0 0
40 7 0 0 0 0 0 1 0 0
44 2 1 1 0 0 0 0 0 0
45 9 0 0 3 0 0 1 0 0
47 6 0 0 0 0 0 1 0 0
51 2 1 1 0 0 0 0 0 0
52 7 0 0 3 0 0 1 0 0
53 6 0 0 5 0 0 0 0 0
fl=./elf/../sysdeps/nptl/dl-tls_init_tp.c
fn=__tls_init_tp
68 5 0 0 0 0 0 2 0 0
69 1 0 0 1 0 0 0 0 0
72 1 0 0 0 0 0 0 0 0
75 4 0 0 0 0 0 1 0 0
76 2 0 0 0 0 0 1 0 0
77 1 1 1 0 0 0 1 0 0
82 2 0 0 1 0 0 1 0 0
87 4 0 0 0 0 0 1 0 0
90 1 0 0 0 0 0 1 0 0
93 3 0 0 0 0 0 0 0 0
105 4 1 1 0 0 0 1 0 0
121 3 0 0 2 1 0 1 1 0
128 2 0 0 1 0 0 1 0 0
129 3 0 0 3 0 0 0 0 0
fn=__tls_pre_init_tp
53 3 1 1 0 0 0 0 0 0
56 10 1 1 0 0 0 3 1 1
61 2 0 0 0 0 0 1 0 0
62 1 1 1 0 0 0 1 0 0
64 1 0 0 1 0 0 0 0 0
fn=rtld_mutex_dummy
42 18 0 0 0 0 0 0 0 0
44 36 0 0 18 0 0 0 0 0
fl=./elf/../sysdeps/nptl/pthread_early_init.h
fn=__libc_early_init
33 6 0 0 0 0 0 1 0 0
34 1 0 0 1 0 0 0 0 0
38 5 0 0 0 0 0 0 0 0
45 2 1 1 2 1 0 0 0 0
46 1 0 0 0 0 0 0 0 0
48 2 0 0 0 0 0 0 0 0
52 5 0 0 0 0 0 1 0 0
53 1 1 1 0 0 0 1 1 1
54 1 0 0 0 0 0 1 1 1
56 1 0 0 0 0 0 1 0 0
fl=./elf/../sysdeps/posix/dl-fileid.h
fn=_dl_map_object_from_fd
37 28 0 0 0 0 0 7 1 1
40 28 0 0 21 1 1 7 0 0
49 112 0 0 56 1 1 0 0 0
fl=./elf/../sysdeps/unix/sysv/linux/brk.c
fn=brk
36 1 1 1 0 0 0 0 0 0
37 1 0 0 0 0 0 1 1 1
38 2 0 0 0 0 0 0 0 0
44 1 0 0 0 0 0 0 0 0
45 1 0 0 1 0 0 0 0 0
fl=./elf/../sysdeps/unix/sysv/linux/brk_call.h
fn=brk
24 2 0 0 0 0 0 0 0 0
fl=./elf/../sysdeps/unix/sysv/linux/dl-origin.c
fn=_dl_get_origin
31 9 1 1 1 1 1 4 0 0
36 7 0 0 0 0 0 0 0 0
38 5 1 1 1 0 0 0 0 0
41 6 0 0 0 0 0 0 0 0
42 66 1 1 11 1 1 0 0 0
43 10 0 0 0 0 0 0 0 0
44 2 1 1 0 0 0 0 0 0
45 2 0 0 0 0 0 0 0 0
50 6 1 1 0 0 0 2 0 0
74 7 0 0 5 0 0 0 0 0
fl=./elf/../sysdeps/unix/sysv/linux/dl-osinfo.h
fn=dl_main
39 2 0 0 1 0 0 0 0 0
52 1 0 0 1 0 0 0 0 0
fl=./elf/../sysdeps/unix/sysv/linux/dl-parse_auxv.h
fn=_dl_sysdep_parse_arguments
32 2 0 0 0 0 0 1 0 0
33 1 0 0 0 0 0 1 0 0
34 1 0 0 0 0 0 1 0 0
41 93 1 1 24 0 0 0 0 0
42 44 0 0 0 0 0 0 0 0
43 44 0 0 22 6 6 22 0 0
45 1 0 0 0 0 0 1 0 0
46 2 0 0 1 0 0 1 0 0
47 2 0 0 1 0 0 1 0 0
48 2 0 0 1 0 0 1 0 0
49 1 0 0 0 0 0 1 0 0
51 2 1 1 1 0 0 1 0 0
52 2 0 0 1 0 0 1 1 1
53 2 0 0 1 0 0 1 0 0
54 2 1 1 1 0 0 1 0 0
56 2 0 0 1 0 0 1 0 0
fl=./elf/../sysdeps/unix/sysv/linux/dl-sysdep.c
fn=_dl_sysdep_parse_arguments
78 7 1 1 0 0 0 4 0 0
79 2 0 0 1 0 0 1 1 1
80 2 0 0 0 0 0 1 0 0
81 3 0 0 0 0 0 1 1 1
82 77 0 0 0 0 0 0 0 0
83 157 1 1 78 10 10 0 0 0
86 2 1 1 0 0 0 1 1 1
90 56 0 0 0 0 0 52 7 7
93 5 0 0 3 0 0 1 0 0
94 2 0 0 1 0 0 1 0 0
95 3 1 1 2 0 0 1 0 0
96 6 0 0 5 0 0 0 0 0
fn=_dl_sysdep_start
102 6 1 1 0 0 0 2 0 0
103 1 0 0 0 0 0 1 0 0
106 2 0 0 0 0 0 1 1 1
110 2 0 0 1 0 0 1 0 0
113 1 0 0 0 0 0 1 0 0
115 2 0 0 0 0 0 1 0 0
122 3 1 1 1 0 0 0 0 0
123 2 0 0 0 0 0 2 0 0
125 5 0 0 0 0 0 1 0 0
137 3 0 0 1 0 0 0 0 0
140 5 1 1 3 0 0 1 0 0
143 4 1 0 4 1 0 0 0 0
fn=_dl_sysdep_start_cleanup
147 1 1 1 0 0 0 0 0 0
148 1 0 0 1 0 0 0 0 0
fl=./elf/../sysdeps/unix/sysv/linux/dl-vdso-setup.h
fn=dl_main
30 1 0 0 0 0 0 1 0 0
33 1 1 1 0 0 0 1 0 0
36 1 0 0 0 0 0 1 0 0
39 1 0 0 0 0 0 1 0 0
45 1 0 0 0 0 0 1 0 0
fl=./elf/../sysdeps/unix/sysv/linux/dl-vdso.h
fn=dl_main
40 2 1 1 1 0 0 0 0 0
41 5 0 0 0 0 0 2 0 0
55 2 0 0 0 0 0 0 0 0
fl=./elf/../sysdeps/unix/sysv/linux/rseq-internal.h
fn=__tls_init_tp
32 3 0 0 1 0 0 0 0 0
34 7 1 1 0 0 0 0 0 0
37 2 0 0 0 0 0 0 0 0
40 1 0 0 0 0 0 1 0 0
fl=./elf/../sysdeps/unix/sysv/linux/x86/dl-hwcap2.h
fn=update_active.constprop.0
25 2 0 0 1 0 0 0 0 0
fl=./elf/../sysdeps/unix/sysv/linux/x86/dl-minsigstacksize.h
fn=get_common_indices.constprop.0
24 2 2 2 1 0 0 0 0 0
27 2 0 0 1 0 0 0 0 0
28 2 0 0 1 0 0 0 0 0
65 3 0 0 0 0 0 0 0 0
72 1 0 0 0 0 0 0 0 0
74 1 0 0 0 0 0 1 0 0
fl=./elf/../sysdeps/x86/cpu-features.c
fn=get_common_indices.constprop.0
398 3 1 1 0 0 0 2 0 0
402 4 0 0 0 0 0 0 0 0
405 5 0 0 0 0 0 3 0 0
409 1 0 0 0 0 0 1 0 0
410 4 0 0 0 0 0 1 0 0
411 4 1 1 0 0 0 1 0 0
412 4 0 0 0 0 0 1 0 0
413 3 0 0 0 0 0 1 0 0
414 2 0 0 1 0 0 0 0 0
421 2 0 0 1 0 0 0 0 0
423 9 0 0 0 0 0 4 1 1
428 8 2 2 0 0 0 4 1 1
435 2 0 0 1 0 0 0 0 0
436 7 0 0 0 0 0 4 1 1
442 2 0 0 1 0 0 0 0 0
457 3 0 0 3 0 0 0 0 0
fn=init_cpu_features.constprop.0
376 3 0 0 0 0 0 0 0 0
377 2 0 0 0 0 0 0 0 0
378 6 0 0 0 0 0 4 0 0
383 2 1 1 0 0 0 0 0 0
384 6 1 1 0 0 0 4 0 0
389 2 0 0 0 0 0 0 0 0
390 7 1 1 0 0 0 4 0 0
682 8 1 1 0 0 0 6 0 0
685 1 0 0 0 0 0 1 0 0
686 1 1 1 0 0 0 1 0 0
687 1 0 0 0 0 0 1 0 0
690 1 0 0 0 0 0 1 1 1
699 3 0 0 0 0 0 1 0 0
702 6 1 1 0 0 0 0 0 0
703 1 0 0 0 0 0 0 0 0
706 2 0 0 0 0 0 1 0 0
708 6 2 2 0 0 0 1 0 0
713 1 0 0 0 0 0 1 0 0
715 3 0 0 1 0 0 0 0 0
717 9 2 2 3 1 1 1 0 0
721 7 0 0 1 1 1 0 0 0
774 3 0 0 2 0 0 0 0 0
781 2 1 1 0 0 0 1 0 0
799 1 1 1 0 0 0 1 0 0
832 5 0 0 0 0 0 0 0 0
870 1 1 1 0 0 0 0 0 0
878 2 1 1 1 0 0 0 0 0
885 2 0 0 1 0 0 0 0 0
887 2 0 0 0 0 0 1 0 0
891 2 0 0 0 0 0 0 0 0
893 3 1 1 0 0 0 1 0 0
897 2 0 0 1 0 0 0 0 0
899 1 0 0 0 0 0 0 0 0
1001 3 1 1 1 0 0 0 0 0
1002 2 0 0 0 0 0 1 0 0
1005 2 0 0 0 0 0 0 0 0
1006 2 0 0 0 0 0 1 0 0
1012 1 0 0 0 0 0 1 0 0
1013 1 0 0 0 0 0 1 0 0
1014 1 0 0 0 0 0 1 0 0
1015 2 1 1 1 0 0 1 0 0
1019 4 0 0 0 0 0 1 0 0
1022 4 0 0 0 0 0 1 0 0
1028 3 0 0 1 0 0 0 0 0
1041 2 0 0 0 0 0 0 0 0
1042 4 1 1 1 0 0 0 0 0
1081 1 0 0 0 0 0 1 0 0
1082 2 1 1 1 0 0 0 0 0
1086 3 0 0 1 0 0 0 0 0
1103 2 1 1 0 0 0 0 0 0
1104 2 0 0 0 0 0 0 0 0
1127 4 0 0 0 0 0 1 0 0
1129 4 0 0 0 0 0 1 0 0
1135 4 0 0 0 0 0 1 0 0
1142 8 0 0 7 0 0 0 0 0
fn=update_active.constprop.0
72 8 2 2 0 0 0 6 0 0
76 1 0 0 1 0 0 0 0 0
84 3 1 1 1 0 0 0 0 0
85 3 0 0 0 0 0 0 0 0
86 1 0 0 1 0 0 0 0 0
94 4 0 0 1 0 0 1 0 0
95 1 0 0 1 0 0 0 0 0
103 4 0 0 1 0 0 1 0 0
104 1 0 0 1 0 0 0 0 0
109 4 0 0 0 0 0 1 0 0
112 4 0 0 1 0 0 1 0 0
113 1 0 0 1 0 0 0 0 0
116 5 1 1 1 0 0 2 1 1
117 2 1 1 1 0 0 1 0 0
121 5 0 0 1 0 0 2 0 0
122 3 0 0 2 0 0 0 0 0
123 3 1 1 2 0 0 0 0 0
124 2 0 0 1 0 0 1 0 0
128 5 0 0 1 0 0 1 0 0
129 5 1 1 2 0 0 1 0 0
130 3 0 0 2 1 1 0 0 0
132 2 0 0 0 0 0 0 0 0
133 4 0 0 0 0 0 1 0 0
147 2 0 0 0 0 0 0 0 0
151 7 2 2 0 0 0 4 0 0
152 4 0 0 0 0 0 1 0 0
154 3 0 0 0 0 0 0 0 0
158 4 1 1 0 0 0 1 0 0
161 1 0 0 0 0 0 0 0 0
164 2 0 0 0 0 0 0 0 0
178 4 1 1 1 0 0 1 0 0
180 5 0 0 1 0 0 1 0 0
186 4 0 0 0 0 0 1 0 0
188 5 1 1 2 0 0 1 0 0
190 4 0 0 0 0 0 2 0 0
195 5 0 0 0 0 0 1 0 0
244 3 0 0 1 0 0 0 0 0
245 3 0 0 1 0 0 0 0 0
261 4 1 1 0 0 0 0 0 0
277 2 0 0 0 0 0 0 0 0
281 2 0 0 0 0 0 1 0 0
282 1 1 1 1 0 0 0 0 0
285 4 0 0 1 0 0 1 0 0
289 2 0 0 0 0 0 0 0 0
293 3 1 1 0 0 0 0 0 0
294 2 0 0 0 0 0 0 0 0
296 1 0 0 0 0 0 0 0 0
297 1 0 0 0 0 0 0 0 0
300 2 0 0 0 0 0 1 0 0
302 1 0 0 0 0 0 1 1 1
305 2 0 0 0 0 0 0 0 0
356 5 1 1 0 0 0 0 0 0
360 3 1 1 1 0 0 0 0 0
369 1 0 0 0 0 0 1 0 0
370 8 0 0 7 0 0 0 0 0
fl=./elf/../sysdeps/x86/dl-cacheinfo.h
fn=get_common_cache_info.constprop.0
571 11 1 1 0 0 0 6 0 0
586 1 0 0 1 0 0 0 0 0
587 1 0 0 1 0 0 0 0 0
588 2 0 0 1 0 0 1 0 0
589 1 1 1 1 0 0 0 0 0
590 2 0 0 1 0 0 1 0 0
596 3 0 0 0 0 0 1 0 0
598 7 1 1 3 0 0 2 0 0
601 2 0 0 0 0 0 0 0 0
613 1 0 0 0 0 0 0 0 0
618 3 1 1 1 0 0 0 0 0
622 2 0 0 0 0 0 0 0 0
627 5 1 1 1 0 0 0 0 0
630 24 2 2 0 0 0 5 0 0
637 8 0 0 0 0 0 0 0 0
640 26 0 0 0 0 0 0 0 0
645 2 1 1 0 0 0 0 0 0
649 3 0 0 0 0 0 0 0 0
650 2 0 0 0 0 0 0 0 0
654 2 0 0 0 0 0 0 0 0
658 3 0 0 0 0 0 0 0 0
661 4 0 0 0 0 0 1 0 0
662 1 0 0 0 0 0 0 0 0
667 4 0 0 0 0 0 0 0 0
673 4 0 0 0 0 0 0 0 0
681 6 0 0 0 0 0 0 0 0
683 2 0 0 0 0 0 0 0 0
685 4 0 0 0 0 0 0 0 0
687 12 1 1 0 0 0 0 0 0
689 1 0 0 0 0 0 0 0 0
690 1 0 0 0 0 0 0 0 0
691 9 0 0 1 0 0 0 0 0
693 4 1 1 0 0 0 0 0 0
696 7 1 1 4 0 0 0 0 0
701 1 0 0 0 0 0 0 0 0
703 4 1 1 0 0 0 0 0 0
704 3 0 0 0 0 0 0 0 0
705 1 0 0 0 0 0 0 0 0
708 2 0 0 0 0 0 0 0 0
711 2 1 1 0 0 0 0 0 0
718 1 0 0 0 0 0 0 0 0
720 4 0 0 0 0 0 0 0 0
721 1 0 0 0 0 0 0 0 0
726 2 0 0 0 0 0 0 0 0
731 2 0 0 0 0 0 0 0 0
733 2 0 0 0 0 0 0 0 0
734 1 0 0 0 0 0 0 0 0
759 3 0 0 0 0 0 0 0 0
770 5 0 0 1 0 0 0 0 0
771 5 0 0 0 0 0 1 0 0
775 2 1 1 1 0 0 0 0 0
782 1 0 0 0 0 0 1 0 0
783 2 0 0 1 0 0 1 0 0
784 1 0 0 0 0 0 1 0 0
785 7 0 0 7 0 0 0 0 0
fn=handle_intel.constprop.0
250 108 0 0 0 0 0 72 0 0
255 24 1 1 12 0 0 0 0 0
261 12 0 0 0 0 0 12 0 0
262 12 0 0 0 0 0 12 0 0
267 48 0 0 0 0 0 12 0 0
271 24 0 0 0 0 0 0 0 0
276 24 1 1 0 0 0 0 0 0
279 60 0 0 0 0 0 12 0 0
281 24 0 0 0 0 0 0 0 0
284 60 1 1 0 0 0 12 0 0
286 24 0 0 0 0 0 0 0 0
305 96 0 0 84 0 0 0 0 0
fn=init_cpu_features.constprop.0
792 1 0 0 0 0 0 1 0 0
793 1 0 0 0 0 0 1 0 0
795 1 0 0 0 0 0 1 0 0
809 2 0 0 0 0 0 0 0 0
811 3 1 1 0 0 0 2 0 0
812 3 1 1 0 0 0 1 0 0
813 3 0 0 0 0 0 2 0 0
814 2 0 0 0 0 0 2 0 0
817 3 0 0 0 0 0 2 0 0
819 3 1 1 0 0 0 2 0 0
820 2 0 0 1 0 0 1 0 0
822 3 0 0 0 0 0 2 0 0
824 3 0 0 0 0 0 2 0 0
825 1 0 0 0 0 0 1 0 0
827 3 0 0 0 0 0 2 0 0
829 3 1 1 0 0 0 2 0 0
830 2 0 0 1 0 0 1 0 0
832 3 0 0 0 0 0 2 0 0
834 3 0 0 0 0 0 1 0 0
836 3 1 1 0 0 0 2 0 0
838 5 0 0 1 0 0 1 0 0
894 2 1 1 1 0 0 1 1 1
895 2 0 0 1 0 0 1 0 0
896 2 0 0 1 0 0 1 0 0
897 2 1 1 1 0 0 1 0 0
898 2 0 0 1 0 0 1 0 0
899 2 0 0 1 0 0 1 0 0
900 1 0 0 0 0 0 1 1 1
901 1 0 0 0 0 0 1 0 0
902 1 0 0 0 0 0 1 0 0
903 1 1 1 0 0 0 1 0 0
904 1 0 0 0 0 0 1 0 0
905 1 0 0 0 0 0 1 0 0
907 1 0 0 1 0 0 0 0 0
910 3 0 0 0 0 0 0 0 0
925 7 1 1 5 0 0 2 0 0
930 2 0 0 0 0 0 0 0 0
931 6 0 0 2 0 0 0 0 0
939 3 0 0 1 0 0 0 0 0
959 6 1 1 0 0 0 0 0 0
968 2 0 0 0 0 0 0 0 0
969 2 0 0 0 0 0 0 0 0
974 12 2 2 0 0 0 0 0 0
987 5 0 0 2 0 0 1 0 0
995 7 1 1 1 0 0 1 0 0
997 2 0 0 0 0 0 0 0 0
1000 5 0 0 1 0 0 1 0 0
1002 2 0 0 0 0 0 0 0 0
1005 5 1 1 1 0 0 1 0 0
1006 5 0 0 0 0 0 1 0 0
1010 6 0 0 1 0 0 2 0 0
1011 3 0 0 1 0 0 0 0 0
1017 7 0 0 1 0 0 3 0 0
1020 11 2 2 2 0 0 5 0 0
1021 10 1 1 2 0 0 5 0 0
1022 13 2 2 2 0 0 6 0 0
1025 10 0 0 1 0 0 5 0 0
1027 10 1 1 1 0 0 5 0 0
1040 4 0 0 3 0 0 0 0 0
1042 2 0 0 1 0 0 1 0 0
1043 2 1 1 1 0 0 1 0 0
1044 1 0 0 0 0 0 1 0 0
1045 1 0 0 0 0 0 1 0 0
1046 1 1 1 0 0 0 1 0 0
1047 1 0 0 0 0 0 1 0 0
fn=intel_check_word.constprop.0
110 648 1 1 324 6 6 0 0 0
113 324 0 0 0 0 0 0 0 0
119 216 0 0 0 0 0 96 0 0
123 48 1 1 0 0 0 0 0 0
125 12 0 0 0 0 0 0 0 0
129 120 1 1 0 0 0 0 0 0
131 144 0 0 0 0 0 0 0 0
133 60 0 0 0 0 0 0 0 0
135 120 0 0 0 0 0 0 0 0
143 120 1 1 0 0 0 0 0 0
152 12 0 0 0 0 0 0 0 0
155 138 1 1 0 0 0 0 0 0
158 99 0 0 0 0 0 0 0 0
162 58 0 0 0 0 0 0 0 0
164 189 1 1 0 0 0 0 0 0
167 120 0 0 0 0 0 0 0 0
168 72 0 0 0 0 0 0 0 0
169 60 0 0 0 0 0 0 0 0
170 48 0 0 0 0 0 0 0 0
172 11 1 1 0 0 0 0 0 0
174 22 0 0 0 0 0 0 0 0
176 12 1 1 0 0 0 0 0 0
177 16 0 0 0 0 0 0 0 0
178 12 0 0 0 0 0 0 0 0
179 20 0 0 0 0 0 0 0 0
180 14 1 1 0 0 0 0 0 0
181 12 0 0 0 0 0 0 0 0
183 8 0 0 0 0 0 0 0 0
184 12 0 0 0 0 0 0 0 0
187 21 0 0 0 0 0 0 0 0
190 2 0 0 0 0 0 0 0 0
194 192 0 0 0 0 0 0 0 0
202 168 1 1 48 0 0 0 0 0
216 48 0 0 0 0 0 0 0 0
246 144 0 0 120 0 0 0 0 0
fl=./elf/../sysdeps/x86/dl-get-cpu-features.c
fn=__x86_cpu_features
39 3 0 0 1 1 0 0 0 0
71 3 1 1 1 0 0 0 0 0
fn=_dl_x86_init_cpu_features
37 1 1 1 0 0 0 0 0 0
39 3 0 0 1 0 0 0 0 0
41 1 0 0 0 0 0 0 0 0
fl=./elf/../sysdeps/x86/dl-isa-level.h
fn=_dl_load_cache_lookup
28 36 0 0 12 0 0 12 0 0
fl=./elf/../sysdeps/x86/dl-procinfo.h
fn=_dl_load_cache_lookup
39 12 1 1 0 0 0 0 0 0
42 90 1 1 0 0 0 24 0 0
fl=./elf/../sysdeps/x86/dl-prop.h
fn=_dl_map_object_from_fd
149 28 0 0 14 0 0 0 0 0
fn=_dl_process_pt_gnu_property
95 52 1 1 0 0 0 0 0 0
102 26 0 0 0 0 0 0 0 0
115 26 0 0 0 0 0 0 0 0
118 13 0 0 13 6 6 0 0 0
252 12 0 0 0 0 0 0 0 0
253 6 0 0 0 0 0 6 0 0
254 14 0 0 0 0 0 0 0 0
255 7 0 0 0 0 0 7 0 0
257 52 0 0 13 0 0 13 0 0
258 1 1 1 1 0 0 0 0 0
260 13 0 0 6 0 0 0 0 0
fn=dl_main
36 2 0 0 2 0 0 0 0 0
37 30 1 1 0 0 0 0 0 0
40 12 0 0 12 0 0 0 0 0
49 52 1 1 17 0 0 0 0 0
53 43 0 0 9 1 0 0 0 0
71 2 0 0 1 0 0 1 0 0
149 4 0 0 2 0 0 0 0 0
235 2 1 1 2 0 0 0 0 0
236 1 0 0 1 0 0 0 0 0
fl=./elf/../sysdeps/x86/get-isa-level.h
fn=_dl_hwcaps_subdirs_active
30 4 0 0 0 0 0 0 0 0
31 1 0 0 1 0 0 0 0 0
32 3 0 0 1 0 0 0 0 0
36 3 0 0 0 0 0 0 0 0
39 4 1 1 1 0 0 0 0 0
40 4 0 0 1 0 0 0 0 0
45 4 0 0 0 0 0 0 0 0
48 2 0 0 0 0 0 0 0 0
51 5 0 0 1 0 0 0 0 0
fn=update_active.constprop.0
28 1 0 0 0 0 0 0 0 0
30 4 0 0 0 0 0 0 0 0
31 1 0 0 1 0 0 0 0 0
32 3 0 0 0 0 0 0 0 0
36 3 0 0 0 0 0 0 0 0
38 1 0 0 0 0 0 0 0 0
39 2 1 1 0 0 0 0 0 0
40 4 1 1 1 0 0 0 0 0
45 4 0 0 0 0 0 0 0 0
47 1 0 0 0 0 0 0 0 0
48 2 0 0 0 0 0 0 0 0
51 5 1 1 1 0 0 0 0 0
fl=./elf/../sysdeps/x86_64/dl-cet.c
fn=_dl_cet_check
275 2 0 0 0 0 0 0 0 0
276 1 0 0 0 0 0 1 0 0
277 2 0 0 1 0 0 0 0 0
282 4 0 0 1 0 0 1 0 0
283 3 0 0 0 0 0 1 0 0
285 2 0 0 1 0 0 1 0 0
293 5 1 1 1 0 0 0 0 0
361 8 1 1 0 0 0 4 0 0
363 6 1 1 5 0 0 0 0 0
fn=_dl_cet_setup_features
331 1 1 1 0 0 0 0 0 0
334 2 0 0 0 0 0 0 0 0
350 1 0 0 1 0 0 0 0 0
fl=./elf/../sysdeps/x86_64/dl-hwcaps-subdirs.c
fn=_dl_hwcaps_subdirs_active
29 1 1 1 0 0 0 0 0 0
38 3 0 0 0 0 0 0 0 0
43 1 0 0 0 0 0 0 0 0
52 1 0 0 1 0 0 0 0 0
fl=./elf/../sysdeps/x86_64/dl-irel.h
fn=_dl_fixup
32 19 13 2 0 0 0 19 0 0
fl=./elf/../sysdeps/x86_64/dl-machine.h
fn=_dl_fixup
234 96 0 0 0 0 0 96 0 0
fn=_dl_relocate_object
81 30 0 0 3 0 0 0 0 0
87 4 1 1 3 1 0 0 0 0
91 3 0 0 1 1 1 0 0 0
97 1 0 0 0 0 0 1 0 0
108 3 0 0 1 0 0 0 0 0
129 2 0 0 1 0 0 0 0 0
132 2 0 0 0 0 0 1 0 0
134 4 0 0 1 1 0 0 0 0
267 432 2 2 0 0 0 0 0 0
274 432 0 0 0 0 0 0 0 0
278 432 0 0 0 0 0 0 0 0
287 2089 3 3 792 0 0 0 0 0
290 445 1 1 181 0 0 0 0 0
291 136 0 0 0 0 0 0 0 0
292 784 0 0 0 0 0 0 0 0
295 24 1 1 0 0 0 0 0 0
296 36 0 0 12 0 0 0 0 0
307 24 1 1 0 0 0 24 0 0
314 60 1 1 24 0 0 12 0 0
317 1296 1 1 216 4 3 0 0 0
320 28 0 0 0 0 0 28 0 0
323 28 0 0 0 0 0 0 0 0
393 45 1 1 0 0 0 27 0 0
400 51 1 1 17 0 0 0 0 0
402 68 0 0 17 0 0 0 0 0
406 51 1 1 34 3 3 0 0 0
415 34 0 0 17 0 0 17 5 5
423 440 1 1 241 5 5 199 65 62
436 7 0 0 0 0 0 4 0 0
476 136 1 1 136 0 0 0 0 0
478 68 0 0 0 0 0 68 0 0
479 68 0 0 0 0 0 68 3 1
498 9 0 0 3 0 0 0 0 0
499 3 0 0 0 0 0 3 2 0
503 6 0 0 0 0 0 0 0 0
504 6 0 0 3 0 0 0 0 0
514 1098 0 0 549 0 0 0 0 0
518 1098 0 0 0 0 0 0 0 0
521 1647 0 0 549 0 0 0 0 0
522 549 0 0 549 69 69 0 0 0
730 18 0 0 0 0 0 0 0 0
734 14 1 1 7 2 0 0 0 0
fn=_dl_start
55 1 0 0 0 0 0 0 0 0
278 9 0 0 0 0 0 0 0 0
287 27 0 0 9 3 3 1 1 1
290 6 0 0 3 0 0 0 0 0
291 12 0 0 0 0 0 0 0 0
317 8 0 0 0 0 0 0 0 0
323 2 0 0 0 0 0 2 1 1
fn=_dl_sysdep_start
220 1 0 0 0 0 0 1 0 0
fl=./elf/../sysdeps/x86_64/dl-runtime.h
fn=_dl_fixup
28 96 0 0 0 0 0 0 0 0
fl=./elf/../sysdeps/x86_64/dl-trampoline.h
fn=_dl_runtime_resolve_xsave
71 96 35 4 0 0 0 0 0 0
76 96 0 0 0 0 0 96 0 0
79 96 0 0 0 0 0 0 0 0
81 96 0 0 0 0 0 0 0 0
91 96 0 0 96 35 3 0 0 0
97 96 0 0 0 0 0 96 24 2
98 96 0 0 0 0 0 96 0 0
99 96 37 4 0 0 0 96 0 0
100 96 0 0 0 0 0 96 0 0
101 96 0 0 0 0 0 96 0 0
102 96 0 0 0 0 0 96 0 0
103 96 0 0 0 0 0 96 0 0
107 96 0 0 0 0 0 0 0 0
108 96 0 0 0 0 0 0 0 0
111 96 0 0 0 0 0 96 13 2
112 96 0 0 0 0 0 96 0 0
114 96 0 0 0 0 0 96 0 0
115 96 0 0 0 0 0 96 0 0
116 96 37 5 0 0 0 96 0 0
117 96 0 0 0 0 0 96 0 0
118 96 0 0 0 0 0 96 0 0
119 96 0 0 0 0 0 96 0 0
121 96 0 0 96 0 0 3168 168 18
128 96 0 0 96 0 0 0 0 0
129 96 0 0 96 0 0 0 0 0
130 96 0 0 0 0 0 96 25 3
131 96 0 0 0 0 0 0 0 0
136 96 0 0 0 0 0 0 0 0
137 96 0 0 0 0 0 0 0 0
138 96 0 0 3456 0 0 0 0 0
140 96 39 4 96 0 0 0 0 0
141 96 0 0 96 0 0 0 0 0
142 96 0 0 96 0 0 0 0 0
143 96 0 0 96 0 0 0 0 0
144 96 0 0 96 0 0 0 0 0
145 96 0 0 96 0 0 0 0 0
146 96 0 0 96 0 0 0 0 0
148 96 0 0 0 0 0 0 0 0
150 96 0 0 96 0 0 0 0 0
154 96 0 0 0 0 0 0 0 0
156 96 0 0 0 0 0 0 0 0
fl=./elf/./dl-find_object.h
fn=_dl_find_object_from_map
95 20 1 1 10 8 0 10 0 0
96 20 1 1 10 0 0 10 0 0
97 10 0 0 0 0 0 10 4 4
103 50 0 0 20 8 0 0 0 0
104 293 0 0 0 0 0 0 0 0
105 202 0 0 101 77 8 0 0 0
107 30 0 0 20 1 0 10 0 0
112 10 0 0 10 0 0 0 0 0
fl=./elf/./dl-hwcaps.h
fn=_dl_important_hwcaps
43 9 1 1 0 0 0 6 0 0
45 7 0 0 0 0 0 6 0 0
46 1 0 0 0 0 0 0 0 0
77 8 0 0 3 0 0 5 0 0
78 8 1 1 3 0 0 5 0 0
79 6 2 2 0 0 0 1 0 0
fl=./elf/./dl-load.h
fn=_dl_map_object_from_fd
91 56 0 0 28 0 0 0 0 0
92 24 1 1 12 0 0 0 0 0
93 30 2 1 6 0 0 0 0 0
94 24 0 0 6 0 0 0 0 0
96 24 0 0 0 0 0 6 0 0
fl=./elf/./dl-main.h
fn=dl_main
109 5 1 1 4 0 0 1 0 0
fl=./elf/./dl-map-segments.h
fn=_dl_map_object_from_fd
28 21 0 0 7 0 0 0 0 0
29 63 1 1 21 0 0 14 3 3
81 7 0 0 7 0 0 0 0 0
101 7 0 0 0 0 0 7 0 0
102 21 0 0 7 0 0 0 0 0
105 21 0 0 7 0 0 7 0 0
106 14 0 0 0 0 0 7 0 0
108 14 1 1 7 0 0 0 0 0
125 7 1 1 7 0 0 0 0 0
135 168 1 1 28 0 0 0 0 0
137 84 0 0 42 0 0 0 0 0
139 210 0 0 84 0 0 21 0 0
149 112 0 0 56 0 0 0 0 0
155 14 1 1 7 0 0 0 0 0
156 7 0 0 0 0 0 0 0 0
157 21 0 0 7 0 0 0 0 0
158 14 0 0 0 0 0 0 0 0
160 14 0 0 0 0 0 0 0 0
165 14 0 0 0 0 0 0 0 0
168 21 0 0 7 0 0 0 0 0
176 49 0 0 7 0 0 14 0 0
182 14 0 0 0 0 0 0 0 0
186 8 2 2 1 0 0 1 0 0
189 2 0 0 0 0 0 0 0 0
194 28 1 1 0 0 0 0 0 0
fl=./elf/./dl-sym-post.h
fn=lookup_malloc_symbol
41 8 0 0 0 0 0 0 0 0
53 12 0 0 4 1 0 0 0 0
fl=./elf/./dl-tunable-types.h
fn=__GI___tunable_set_val
84 5 0 0 0 0 0 0 0 0
fl=./elf/./elf/dl-audit.c
fn=_dl_audit_activity_map
29 7 1 1 0 0 0 5 0 0
30 1 0 0 1 0 0 0 0 0
31 3 0 0 1 0 0 0 0 0
37 6 1 1 6 0 0 0 0 0
fn=_dl_audit_activity_nsid
41 3 2 2 0 0 0 0 0 0
45 12 0 0 3 0 0 0 0 0
46 3 0 0 3 1 1 0 0 0
47 15 2 2 3 0 0 0 0 0
fn=_dl_audit_objclose
97 9 1 1 0 0 0 0 0 0
98 36 0 0 18 0 0 0 0 0
fn=_dl_audit_objopen
77 7 1 1 0 0 0 0 0 0
78 28 0 0 14 0 0 0 0 0
fn=_dl_audit_preinit
118 1 1 1 0 0 0 0 0 0
119 4 0 0 2 1 0 0 0 0
fl=./elf/./elf/dl-cache.c
fn=_dl_cache_libcmp
357 104 1 1 0 0 0 0 0 0
358 718 1 1 52 0 0 0 0 0
360 960 0 0 0 0 0 0 0 0
362 346 1 1 0 0 0 0 0 0
368 52 0 0 0 0 0 0 0 0
369 39 0 0 0 0 0 0 0 0
370 320 0 0 281 0 0 0 0 0
372 320 0 0 281 1 1 0 0 0
374 26 0 0 0 0 0 0 0 0
380 614 0 0 0 0 0 0 0 0
382 614 0 0 0 0 0 0 0 0
383 117 1 1 39 0 0 0 0 0
386 268 0 0 0 0 0 0 0 0
387 268 0 0 0 0 0 0 0 0
390 91 0 0 65 33 33 0 0 0
fn=_dl_load_cache_lookup
191 78 0 0 0 0 0 0 0 0
205 6 0 0 6 0 0 0 0 0
208 48 1 1 6 0 0 18 0 0
210 60 0 0 18 0 0 18 0 0
211 12 1 1 0 0 0 0 0 0
213 30 0 0 0 0 0 6 0 0
220 96 1 1 6 0 0 0 0 0
222 255 1 1 12 0 0 18 0 0
223 78 0 0 39 29 29 0 0 0
227 117 1 1 39 0 0 0 0 0
231 117 0 0 39 0 0 39 0 0
232 78 0 0 0 0 0 0 0 0
240 36 0 0 0 0 0 0 0 0
242 24 0 0 12 1 1 0 0 0
245 24 0 0 0 0 0 0 0 0
247 72 0 0 0 0 0 12 0 0
249 12 0 0 0 0 0 0 0 0
259 24 0 0 12 0 0 0 0 0
263 4 0 0 2 0 0 0 0 0
264 6 0 0 2 0 0 1 0 0
269 36 1 1 24 0 0 0 0 0
270 24 0 0 6 0 0 0 0 0
286 42 1 1 0 0 0 0 0 0
295 12 0 0 6 0 0 0 0 0
298 12 0 0 6 0 0 0 0 0
301 6 0 0 0 0 0 0 0 0
302 18 1 1 6 0 0 0 0 0
330 12 0 0 0 0 0 6 0 0
342 24 0 0 6 0 0 0 0 0
346 33 0 0 0 0 0 0 0 0
347 15 0 0 0 0 0 0 0 0
349 18 0 0 0 0 0 0 0 0
403 60 1 1 0 0 0 42 1 1
405 12 0 0 6 0 0 0 0 0
408 18 1 1 6 0 0 0 0 0
411 5 1 1 0 0 0 1 0 0
419 5 1 1 1 0 0 0 0 0
420 8 1 1 3 1 1 0 0 0
423 6 1 1 0 0 0 0 0 0
424 1 0 0 1 0 0 0 0 0
431 1 1 1 0 0 0 1 0 0
432 2 0 0 0 0 0 1 0 0
477 15 0 0 5 0 0 0 0 0
482 18 0 0 6 0 0 0 0 0
485 18 0 0 6 0 0 6 0 0
500 12 0 0 6 0 0 0 0 0
512 18 0 0 6 0 0 6 0 0
513 90 1 1 6 0 0 0 0 0
514 24 1 1 6 0 0 6 0 0
515 6 0 0 0 0 0 6 0 0
516 48 0 0 42 0 0 0 0 0
fn=_dl_unload_cache
525 3 1 1 0 0 0 1 0 0
526 4 0 0 1 1 0 0 0 0
528 2 0 0 1 0 0 1 0 0
529 1 0 0 0 0 0 1 0 0
533 1 0 0 0 0 0 1 1 0
535 2 1 1 2 0 0 0 0 0
fl=./elf/./elf/dl-call-libc-early-init.c
fn=_dl_call_libc_early_init
27 7 1 1 0 0 0 3 0 0
29 2 0 0 0 0 0 0 0 0
33 5 0 0 0 0 0 1 0 0
37 2 0 0 0 0 0 0 0 0
39 4 1 1 3 0 0 0 0 0
40 2 0 0 0 0 0 0 0 0
41 3 0 0 3 0 0 0 0 0
fl=./elf/./elf/dl-call_fini.c
fn=_dl_call_fini
24 72 1 1 0 0 0 36 0 0
28 18 0 0 9 0 0 0 0 0
32 9 1 1 9 0 0 0 0 0
34 9 0 0 9 8 8 0 0 0
35 18 0 0 0 0 0 0 0 0
38 14 0 0 14 8 8 0 0 0
39 21 0 0 14 2 2 0 0 0
42 56 0 0 0 0 0 0 0 0
43 7 0 0 7 7 7 7 0 0
47 9 1 1 9 8 8 0 0 0
48 18 0 0 0 0 0 0 0 0
49 21 0 0 14 6 6 0 0 0
50 47 0 0 38 0 0 0 0 0
fl=./elf/./elf/dl-catch.c
fn=_dl_catch_error
254 12 1 1 0 0 0 4 0 0
256 2 0 0 0 0 0 1 0 0
257 2 0 0 1 0 0 1 0 0
258 2 0 0 1 0 0 1 0 0
259 2 0 0 1 0 0 1 0 0
261 6 1 1 5 0 0 0 0 0
fn=_dl_catch_exception
58 42 0 0 14 1 1 0 0 0
59 28 1 1 14 0 0 14 0 0
69 28 0 0 14 0 0 0 0 0
70 70 0 0 14 0 0 28 0 0
204 112 1 1 0 0 0 70 2 2
207 28 0 0 0 0 0 0 0 0
214 14 0 0 0 0 0 0 0 0
228 14 1 1 0 0 0 14 1 1
229 28 0 0 0 0 0 14 0 0
235 84 1 1 0 0 0 14 0 0
237 42 0 0 28 0 0 14 0 0
239 56 0 0 14 0 0 28 0 0
248 42 0 0 42 0 0 0 0 0
fn=_dl_receive_error
58 2 1 1 1 0 0 0 0 0
59 1 0 0 1 0 0 0 0 0
69 2 0 0 1 0 0 0 0 0
70 2 0 0 0 0 0 2 0 0
186 7 1 1 0 0 0 3 0 0
188 1 0 0 1 0 0 0 0 0
192 1 0 0 0 0 0 1 0 0
194 1 0 0 0 0 0 1 0 0
197 1 0 0 0 0 0 1 0 0
198 4 0 0 4 0 0 0 0 0
fl=./elf/./elf/dl-debug.c
fn=_dl_debug_initialize
56 3 1 1 0 0 0 0 0 0
57 1 1 1 0 0 0 0 0 0
59 2 0 0 0 0 0 0 0 0
61 2 0 0 0 0 0 0 0 0
63 3 0 0 1 1 1 0 0 0
64 1 0 0 0 0 0 1 0 0
85 3 0 0 1 0 0 0 0 0
90 3 1 1 1 1 1 1 0 0
91 2 0 0 0 0 0 1 0 0
92 1 0 0 0 0 0 1 0 0
95 3 0 0 2 0 0 0 0 0
96 6 1 1 1 0 0 1 0 0
99 2 0 0 0 0 0 0 0 0
107 2 0 0 1 0 0 0 0 0
fn=_dl_debug_state
116 2 1 1 0 0 0 0 0 0
117 2 0 0 2 0 0 0 0 0
fn=_dl_debug_update
38 8 0 0 0 0 0 0 0 0
40 16 0 0 0 0 0 0 0 0
41 8 0 0 0 0 0 0 0 0
44 16 2 1 8 1 0 0 0 0
48 8 0 0 8 0 0 0 0 0
fl=./elf/./elf/dl-deps.c
fn=_dl_map_object_deps
128 3 0 0 0 0 0 2 1 1
129 5 1 1 0 0 0 2 0 0
130 6 0 0 0 0 0 1 0 0
132 3 0 0 0 0 0 1 0 0
136 8 1 1 2 0 0 2 0 0
143 13 1 1 0 0 0 8 1 1
144 20 2 2 1 1 1 0 0 0
160 9 1 1 0 0 0 0 0 0
161 1 0 0 1 0 0 0 0 0
164 1 1 1 0 0 0 1 0 0
182 1 0 0 1 0 0 0 0 0
183 6 0 0 4 0 0 0 0 0
184 1 0 0 0 0 0 1 0 0
188 19 0 0 9 0 0 1 0 0
190 37 1 1 0 0 0 21 0 0
193 9 0 0 0 0 0 9 0 0
197 27 1 1 9 3 0 0 0 0
198 60 1 1 26 1 0 0 0 0
201 28 0 0 7 0 0 0 0 0
205 14 0 0 7 0 0 0 0 0
208 26 0 0 13 3 1 0 0 0
210 28 1 1 21 0 0 0 0 0
215 7 1 1 0 0 0 7 1 1
216 7 0 0 0 0 0 7 0 0
217 14 0 0 7 0 0 7 0 0
218 14 0 0 7 0 0 7 0 0
219 7 0 0 0 0 0 7 0 0
221 897 1 1 240 18 0 0 0 0
222 424 0 0 0 0 0 0 0 0
228 122 0 0 26 0 0 17 1 1
230 13 0 0 0 0 0 13 0 0
232 52 1 1 0 0 0 13 0 0
233 26 0 0 13 0 0 0 0 0
242 13 0 0 13 0 0 0 0 0
244 26 1 1 13 0 0 0 0 0
249 49 1 1 7 0 0 0 0 0
252 7 0 0 0 0 0 7 0 0
253 7 0 0 0 0 0 7 0 0
254 7 0 0 0 0 0 7 0 0
255 14 0 0 7 0 0 7 0 0
256 7 0 0 0 0 0 7 0 0
257 7 0 0 7 0 0 0 0 0
259 28 0 0 7 0 0 7 0 0
263 39 0 0 13 0 0 0 0 0
264 21 0 0 0 0 0 7 0 0
266 597 1 1 0 0 0 0 0 0
417 18 1 1 0 0 0 0 0 0
419 35 0 0 0 0 0 21 0 0
422 14 0 0 0 0 0 0 0 0
423 28 1 1 14 0 0 0 0 0
429 7 0 0 0 0 0 7 1 1
430 35 0 0 0 0 0 14 0 0
431 35 0 0 0 0 0 7 0 0
434 7 0 0 0 0 0 7 0 0
435 14 0 0 14 0 0 0 0 0
439 27 1 1 9 1 0 0 0 0
441 9 0 0 9 0 0 0 0 0
442 42 0 0 8 0 0 0 0 0
448 5 1 1 1 0 0 0 0 0
449 1 0 0 0 0 0 1 0 0
452 4 0 0 1 0 0 1 0 0
463 5 1 1 1 0 0 2 0 0
465 4 0 0 2 0 0 0 0 0
470 5 1 1 2 0 0 1 0 0
471 1 0 0 0 0 0 1 0 0
472 2 0 0 0 0 0 0 0 0
474 31 0 0 9 0 0 0 0 0
478 9 1 1 9 1 0 0 0 0
483 18 0 0 0 0 0 0 0 0
485 27 0 0 0 0 0 9 2 2
490 9 0 0 9 0 0 0 0 0
494 2 1 1 0 0 0 0 0 0
495 3 0 0 1 0 0 0 0 0
532 2 1 1 0 0 0 0 0 0
533 2 0 0 0 0 0 0 0 0
547 9 1 1 2 0 0 3 0 0
552 9 1 1 1 0 0 2 0 0
553 5 1 1 2 0 0 1 0 0
557 1 0 0 0 0 0 1 0 0
559 2 0 0 1 0 0 1 0 0
560 1 0 0 1 0 0 0 0 0
561 3 0 0 1 0 0 0 0 0
568 3 1 1 1 0 0 0 0 0
571 2 0 0 0 0 0 0 0 0
574 8 0 0 7 1 0 0 0 0
fn=openaux
61 78 0 0 0 0 0 26 1 1
64 143 0 0 52 0 0 26 0 0
65 13 0 0 13 0 0 0 0 0
68 13 1 1 13 0 0 0 0 0
69 39 0 0 39 0 0 0 0 0
fl=./elf/./elf/dl-environ.c
fn=_dl_next_ld_env_entry
28 3 1 1 0 0 0 0 0 0
29 3 0 0 3 0 0 0 0 0
32 235 0 0 79 0 0 0 0 0
34 154 0 0 77 0 0 0 0 0
35 18 0 0 9 0 0 0 0 0
37 2 0 0 0 0 0 0 0 0
40 4 0 0 0 0 0 2 0 0
42 2 0 0 2 0 0 0 0 0
45 75 0 0 0 0 0 0 0 0
fl=./elf/./elf/dl-find_object.c
fn=_dl_find_object_init
561 5 1 1 0 0 0 3 0 0
564 1 0 0 1 1 0 0 0 0
566 2 0 0 1 0 0 0 0 0
573 2 1 1 0 0 0 1 1 0
579 2 0 0 0 0 0 1 0 0
580 3 0 0 1 0 0 1 0 0
582 2 0 0 0 0 0 0 0 0
585 2 0 0 0 0 0 0 0 0
590 1 1 1 0 0 0 1 0 0
591 1 0 0 0 0 0 1 0 0
594 3 0 0 1 0 0 0 0 0
596 2 1 1 0 0 0 1 0 0
599 6 1 1 3 0 0 1 0 0
601 1 0 0 0 0 0 0 0 0
604 4 0 0 4 0 0 0 0 0
fn=_dlfo_process_initial
474 8 1 1 0 0 0 4 0 0
475 2 0 0 2 0 0 0 0 0
477 2 0 0 0 0 0 0 0 0
478 4 1 1 2 0 0 0 0 0
481 6 1 1 0 0 0 2 0 0
485 2 0 0 2 0 0 0 0 0
486 10 1 1 2 0 0 0 0 0
487 62 2 2 0 0 0 0 0 0
488 112 2 2 31 0 0 9 0 0
490 13 1 1 4 2 2 0 0 0
493 42 0 0 12 0 0 12 4 4
495 18 0 0 12 0 0 6 0 0
497 12 0 0 6 0 0 6 0 0
499 10 0 0 1 0 0 0 0 0
504 24 1 1 4 1 0 0 0 0
505 42 0 0 2 0 0 0 0 0
506 18 0 0 18 1 0 0 0 0
508 68 1 1 16 4 0 0 0 0
511 64 0 0 16 2 0 0 0 0
513 48 0 0 16 0 0 0 0 0
515 16 0 0 0 0 0 8 0 0
516 16 0 0 0 0 0 0 0 0
517 32 0 0 0 0 0 0 0 0
529 2 0 0 0 0 0 2 0 0
531 17 1 1 6 0 0 0 0 0
fn=_dlfo_sort_mappings
536 1 1 1 0 0 0 0 0 0
537 2 0 0 0 0 0 0 0 0
540 56 1 1 13 0 0 0 0 0
544 26 0 0 13 1 0 0 0 0
545 338 1 1 0 0 0 0 0 0
546 455 0 0 91 1 0 0 0 0
548 7 0 0 0 0 0 0 0 0
549 7 0 0 0 0 0 0 0 0
553 52 0 0 26 0 0 0 0 0
554 65 0 0 26 0 0 26 0 0
555 26 0 0 0 0 0 26 0 0
557 1 0 0 1 0 0 0 0 0
fl=./elf/./elf/dl-fini.c
fn=_dl_fini
26 11 1 1 0 0 0 7 1 1
43 1 0 0 0 0 0 0 0 0
46 13 1 1 1 1 1 0 0 0
49 2 0 0 1 1 1 1 0 0
51 1 1 1 1 1 1 0 0 0
54 2 0 0 0 0 0 0 0 0
56 5 0 0 2 0 0 0 0 0
61 1 0 0 0 0 0 1 0 0
63 4 0 0 0 0 0 2 0 0
68 18 3 3 2 0 0 0 0 0
73 31 0 0 10 1 1 0 0 0
75 18 0 0 9 1 1 0 0 0
77 18 0 0 0 0 0 0 0 0
79 18 0 0 0 0 0 9 0 0
80 9 0 0 0 0 0 9 8 8
81 9 0 0 0 0 0 0 0 0
85 9 1 1 9 1 1 0 0 0
87 6 0 0 0 0 0 0 0 0
88 6 0 0 0 0 0 0 0 0
94 6 1 1 0 0 0 2 1 1
103 2 0 0 1 0 0 1 0 0
108 51 1 1 19 0 0 0 0 0
110 9 0 0 9 0 0 0 0 0
112 18 0 0 9 0 0 0 0 0
114 36 1 1 0 0 0 27 0 0
117 18 0 0 0 0 0 9 0 0
122 9 0 0 9 0 0 0 0 0
126 5 0 0 1 0 0 1 0 0
132 6 0 0 2 0 0 1 0 0
134 1 0 0 0 0 0 0 0 0
138 2 0 0 1 0 0 0 0 0
145 8 0 0 7 0 0 0 0 0
fl=./elf/./elf/dl-hwcaps.c
fn=_dl_important_hwcaps
52 12 1 1 0 0 0 3 0 0
54 1 0 0 0 0 0 0 0 0
55 2 0 0 1 0 0 0 0 0
56 1 0 0 0 0 0 0 0 0
57 1 0 0 0 0 0 0 0 0
77 12 2 2 0 0 0 3 0 0
80 10 0 0 2 0 0 3 0 0
84 1 0 0 0 0 0 1 0 0
86 3 0 0 1 0 0 1 0 0
87 1 0 0 0 0 0 0 0 0
88 1 0 0 0 0 0 0 0 0
100 5 0 0 0 0 0 3 1 1
102 3 1 1 1 0 0 0 0 0
105 1 0 0 0 0 0 1 0 0
108 1 0 0 0 0 0 0 0 0
112 5 1 1 0 0 0 2 0 0
125 8 0 0 0 0 0 2 0 0
127 5 0 0 2 0 0 1 1 1
128 2 0 0 1 0 0 1 0 0
129 2 0 0 0 0 0 1 0 0
130 1 0 0 0 0 0 0 0 0
133 3 1 1 1 0 0 0 0 0
142 3 0 0 1 0 0 0 0 0
172 14 2 2 0 0 0 9 2 2
174 2 0 0 0 0 0 2 1 1
175 3 0 0 0 0 0 0 0 0
185 2 1 1 0 0 0 1 0 0
186 3 0 0 0 0 0 0 0 0
189 3 1 1 1 0 0 1 1 1
193 2 0 0 1 0 0 0 0 0
194 2 0 0 0 0 0 0 0 0
201 1 0 0 0 0 0 0 0 0
202 5 0 0 2 0 0 1 0 0
208 2 0 0 1 0 0 1 0 0
209 1 0 0 0 0 0 1 0 0
213 3 1 1 2 0 0 1 0 0
216 9 0 0 7 0 0 0 0 0
fl=./elf/./elf/dl-hwcaps_split.c
fn=_dl_hwcaps_split
25 5 1 1 0 0 0 3 0 0
26 3 0 0 1 0 0 0 0 0
27 1 0 0 0 0 0 0 0 0
47 4 1 1 4 0 0 0 0 0
fn=_dl_hwcaps_split_masked
26 32 1 1 8 0 0 0 0 0
30 24 1 1 12 0 0 12 0 0
34 78 1 1 18 1 1 0 0 0
35 12 0 0 0 0 0 6 0 0
36 24 0 0 0 0 0 0 0 0
41 36 0 0 0 0 0 9 1 1
42 18 0 0 0 0 0 0 0 0
43 12 1 1 0 0 0 3 0 0
45 6 0 0 0 0 0 0 0 0
51 80 1 1 0 0 0 48 0 0
55 5 0 0 0 0 0 0 0 0
56 18 0 0 9 0 0 9 0 0
57 27 0 0 0 0 0 9 0 0
58 21 0 0 3 0 0 0 0 0
60 3 0 0 0 0 0 0 0 0
62 64 1 1 56 0 0 0 0 0
67 6 0 0 0 0 0 0 0 0
fl=./elf/./elf/dl-init.c
fn=_dl_init
29 20 1 1 10 0 0 0 0 0
35 50 1 1 10 0 0 0 0 0
37 51 1 1 1 0 0 2 0 0
81 13 1 1 0 0 0 6 0 0
82 1 0 0 1 1 0 0 0 0
83 1 0 0 1 0 0 0 0 0
86 3 0 0 1 0 0 0 0 0
89 2 0 0 0 0 0 1 0 0
94 4 1 1 0 0 0 0 0 0
119 1 0 0 1 0 0 0 0 0
120 40 0 0 0 0 0 8 0 0
121 18 0 0 18 1 0 0 0 0
127 8 0 0 7 0 0 0 0 0
fn=call_init.part.0
26 108 2 2 0 0 0 54 1 0
43 27 0 0 9 0 0 9 0 0
46 27 0 0 18 9 0 0 0 0
47 2 1 1 0 0 0 0 0 0
51 16 0 0 8 0 0 0 0 0
59 24 1 1 8 7 0 0 0 0
60 36 0 0 12 6 0 6 0 0
63 8 0 0 8 7 0 0 0 0
64 16 0 0 0 0 0 0 0 0
70 21 0 0 14 7 0 0 0 0
72 14 0 0 14 0 0 0 0 0
73 67 1 1 0 0 0 0 0 0
74 32 0 0 8 5 0 8 0 0
76 72 0 0 63 0 0 0 0 0
fl=./elf/./elf/dl-load.c
fn=_dl_dst_count
238 117 1 1 0 0 0 78 0 0
241 26 0 0 0 0 0 13 1 1
244 26 0 0 0 0 0 0 0 0
245 13 0 0 0 0 0 0 0 0
264 117 1 1 91 0 0 0 0 0
fn=_dl_dst_substitute
276 12 1 1 0 0 0 7 0 0
283 1 0 0 0 0 0 0 0 0
285 1 0 0 0 0 0 0 0 0
289 19 0 0 1 0 0 0 0 0
294 8 1 1 0 0 0 0 0 0
295 6 0 0 0 0 0 1 0 0
317 3 0 0 1 0 0 0 0 0
322 3 0 0 2 0 0 0 0 0
332 3 1 1 0 0 0 0 0 0
334 4 2 2 0 0 0 2 0 0
335 3 0 0 1 0 0 0 0 0
351 14 0 0 0 0 0 7 0 0
354 24 0 0 8 0 0 0 0 0
365 2 0 0 0 0 0 0 0 0
372 1 0 0 0 0 0 1 1 1
374 1 0 0 0 0 0 0 0 0
375 9 0 0 7 0 0 0 0 0
fn=_dl_init_paths
706 13 2 2 0 0 0 8 0 0
720 4 0 0 0 0 0 2 1 1
725 1 0 0 0 0 0 1 0 0
727 3 1 1 0 0 0 0 0 0
734 3 0 0 0 0 0 0 0 0
735 2 0 0 1 0 0 0 0 0
739 4 0 0 0 0 0 1 0 0
741 4 1 1 2 0 0 0 0 0
747 1 0 0 0 0 0 1 0 0
748 1 0 0 0 0 0 1 0 0
756 8 1 1 0 0 0 4 0 0
758 8 0 0 0 0 0 4 3 3
759 4 0 0 0 0 0 4 1 1
761 5 0 0 0 0 0 4 0 0
762 7 0 0 3 1 1 4 1 1
763 4 0 0 0 0 0 0 0 0
766 13 0 0 3 1 1 0 0 0
767 10 1 1 1 0 0 1 0 0
768 18 0 0 4 0 0 5 0 0
770 32 2 2 6 0 0 5 0 0
776 1 0 0 0 0 0 1 0 0
777 1 0 0 0 0 0 1 0 0
782 1 0 0 1 0 0 0 0 0
785 3 0 0 0 0 0 0 0 0
787 4 1 1 1 0 0 0 0 0
789 3 0 0 1 0 0 0 0 0
806 1 0 0 0 0 0 1 0 0
808 3 1 1 1 0 0 0 0 0
812 4 0 0 0 0 0 1 0 0
813 5 0 0 3 0 0 0 0 0
814 2 1 1 1 0 0 0 0 0
819 2 0 0 0 0 0 1 0 0
825 5 1 1 2 0 0 0 0 0
827 23 3 3 2 0 0 2 0 0
831 2 0 0 0 0 0 0 0 0
832 60 1 1 15 0 0 0 0 0
833 14 0 0 0 0 0 0 0 0
834 28 0 0 0 0 0 0 0 0
836 1 0 0 0 0 0 1 0 0
837 1 0 0 0 0 0 0 0 0
838 2 0 0 0 0 0 0 0 0
844 6 0 0 1 0 0 1 0 0
847 3 1 1 2 0 0 0 0 0
853 1 0 0 0 0 0 1 0 0
857 8 0 0 7 0 0 0 0 0
fn=_dl_map_object
682 36 3 3 12 0 0 0 0 0
685 12 0 0 0 0 0 0 0 0
696 30 1 1 0 0 0 18 0 0
1967 168 2 2 0 0 0 126 5 5
1969 7 0 0 0 0 0 7 0 0
1975 28 0 0 0 0 0 0 0 0
1976 56 0 0 14 1 1 0 0 0
1979 385 1 1 91 0 0 28 0 0
1984 588 1 1 168 0 0 0 0 0
1986 420 0 0 0 0 0 84 2 2
1990 154 0 0 77 0 0 0 0 0
1991 231 0 0 77 0 0 0 0 0
1994 260 0 0 156 0 0 0 0 0
1995 156 1 1 52 0 0 0 0 0
1996 260 0 0 0 0 0 52 0 0
2010 28 1 1 7 0 0 0 0 0
2011 21 0 0 7 0 0 7 0 0
2019 21 0 0 7 0 0 0 0 0
2034 7 0 0 0 0 0 7 1 1
2036 35 0 0 0 0 0 7 0 0
2040 24 2 2 0 0 0 12 0 0
2042 12 0 0 6 0 0 0 0 0
2049 24 0 0 6 0 0 0 0 0
2053 6 1 1 6 0 0 0 0 0
2054 6 0 0 0 0 0 6 0 0
2058 18 0 0 6 0 0 0 0 0
2059 6 0 0 0 0 0 0 0 0
2061 78 1 1 18 0 0 24 0 0
2065 18 0 0 0 0 0 0 0 0
2068 24 0 0 12 0 0 0 0 0
2073 30 2 2 24 0 0 0 0 0
2099 12 0 0 6 0 0 0 0 0
2100 84 1 1 12 0 0 24 0 0
2106 18 1 1 0 0 0 0 0 0
2107 6 0 0 0 0 0 0 0 0
2115 6 1 1 0 0 0 6 0 0
2129 12 0 0 6 0 0 0 0 0
2131 18 0 0 6 0 0 0 0 0
2135 18 1 1 0 0 0 6 0 0
2137 12 0 0 0 0 0 0 0 0
2141 12 0 0 0 0 0 0 0 0
2149 12 0 0 6 0 0 0 0 0
2172 54 1 1 0 0 0 12 0 0
2176 18 0 0 6 0 0 0 0 0
2177 6 0 0 0 0 0 6 0 0
2194 12 0 0 6 0 0 0 0 0
2200 1 0 0 0 0 0 1 0 0
2201 4 0 0 0 0 0 1 0 0
2202 2 1 1 0 0 0 0 0 0
2203 2 0 0 0 0 0 0 0 0
2207 9 1 1 0 0 0 2 0 0
2210 3 0 0 1 0 0 0 0 0
2222 28 0 0 7 0 0 0 0 0
2267 14 0 0 7 0 0 7 0 0
2268 124 1 1 27 0 0 35 0 0
2270 133 1 1 105 0 0 0 0 0
fn=_dl_map_object_from_fd
944 98 3 2 0 0 0 70 2 2
959 28 0 0 7 0 0 7 0 0
989 154 1 1 49 0 0 0 0 0
990 70 1 1 35 0 0 0 0 0
1008 14 1 1 7 0 0 0 0 0
1036 28 1 1 7 0 0 7 0 0
1046 14 0 0 7 0 0 0 0 0
1053 56 1 1 35 0 0 7 0 0
1054 14 0 0 0 0 0 0 0 0
1065 14 0 0 7 0 0 7 5 5
1066 21 0 0 7 0 0 7 0 0
1067 14 0 0 7 0 0 7 0 0
1069 21 0 0 0 0 0 0 0 0
1070 28 1 1 14 0 0 0 0 0
1071 12 0 0 0 0 0 6 0 0
1074 17 2 2 1 0 0 1 0 0
1075 6 0 0 1 0 0 1 1 0
1086 7 0 0 0 0 0 7 0 0
1088 7 0 0 0 0 0 7 0 0
1090 154 2 2 14 0 0 7 0 0
1091 7 0 0 0 0 0 0 0 0
1092 7 0 0 0 0 0 7 0 0
1093 7 0 0 0 0 0 7 0 0
1094 7 0 0 0 0 0 0 0 0
1100 282 0 0 14 0 0 0 0 0
1101 693 3 3 80 10 10 0 0 0
1107 14 1 1 7 0 0 0 0 0
1114 15 0 0 8 0 0 7 0 0
1115 21 0 0 7 1 1 7 0 0
1116 70 1 1 14 0 0 7 0 0
1121 2 0 0 1 0 0 1 0 0
1122 1 0 0 0 0 0 0 0 0
1127 217 0 0 91 2 2 7 0 0
1135 140 1 1 28 0 0 0 0 0
1136 182 1 1 0 0 0 28 4 3
1137 140 1 1 28 4 4 28 0 0
1138 28 0 0 0 0 0 28 0 0
1139 56 0 0 28 1 1 28 3 3
1141 196 0 0 28 1 1 0 0 0
1143 56 0 0 0 0 0 28 2 2
1156 56 0 0 0 0 0 0 0 0
1157 105 0 0 42 0 0 21 0 0
1162 28 0 0 0 0 0 0 0 0
1163 287 0 0 56 0 0 56 2 1
1176 3 1 1 1 0 0 0 0 0
1180 4 0 0 0 0 0 1 1 1
1181 1 0 0 1 0 0 0 0 0
1185 5 0 0 0 0 0 1 1 1
1186 2 1 1 1 0 0 1 0 0
1189 1 0 0 0 0 0 1 0 0
1194 4 0 0 1 0 0 0 0 0
1209 14 1 1 7 0 0 7 0 0
1210 7 0 0 0 0 0 0 0 0
1213 21 0 0 14 2 2 7 4 4
1218 49 1 1 35 0 0 0 0 0
1228 133 1 1 0 0 0 0 0 0
1229 56 0 0 0 0 0 28 0 0
1235 14 0 0 0 0 0 0 0 0
1245 28 0 0 14 0 0 0 0 0
1252 49 1 1 21 0 0 7 0 0
1264 7 1 1 0 0 0 0 0 0
1268 28 1 1 14 0 0 0 0 0
1269 21 0 0 7 0 0 7 0 0
1275 14 0 0 0 0 0 0 0 0
1276 14 1 1 0 0 0 0 0 0
1278 14 0 0 0 0 0 0 0 0
1288 21 0 0 7 0 0 0 0 0
1307 21 0 0 7 0 0 7 0 0
1309 42 1 1 14 0 0 0 0 0
1361 21 0 0 7 6 6 0 0 0
1362 2 0 0 1 0 0 1 0 0
1368 230 1 1 21 0 0 0 0 0
1369 372 1 1 80 66 66 0 0 0
1375 108 0 0 0 0 0 7 0 0
1380 28 1 1 7 0 0 7 0 0
1393 14 1 1 7 0 0 0 0 0
1395 28 0 0 14 0 0 7 0 0
1397 14 0 0 7 0 0 0 0 0
1413 14 0 0 0 0 0 7 0 0
1417 14 0 0 7 0 0 0 0 0
1418 14 1 1 7 0 0 0 0 0
1435 14 0 0 7 0 0 0 0 0
1436 1 0 0 0 0 0 1 0 0
1439 14 0 0 7 0 0 7 0 0
1444 14 0 0 7 0 0 0 0 0
1449 14 0 0 7 0 0 0 0 0
1461 56 1 1 21 0 0 0 0 0
1462 21 1 1 7 0 0 0 0 0
1463 54 1 1 18 0 0 6 0 0
1464 18 0 0 6 0 0 0 0 0
1465 5 0 0 1 0 0 1 0 0
1471 14 0 0 7 0 0 0 0 0
1472 4 0 0 1 0 0 0 0 0
1477 2 0 0 0 0 0 1 0 0
1484 21 1 1 7 0 0 7 0 0
1487 14 0 0 7 0 0 0 0 0
1491 21 0 0 7 0 0 7 0 0
1492 21 0 0 7 0 0 0 0 0
1510 14 1 1 0 0 0 0 0 0
1514 49 1 1 21 0 0 0 0 0
1515 28 1 1 7 0 0 7 0 0
1519 63 1 1 49 0 0 0 0 0
fn=_dl_process_pt_gnu_property
868 21 1 1 0 0 0 0 0 0
869 14 0 0 14 0 0 0 0 0
870 7 0 0 7 0 0 0 0 0
876 14 0 0 7 0 0 0 0 0
882 35 0 0 0 0 0 0 0 0
885 21 1 1 7 7 7 0 0 0
886 14 0 0 7 0 0 0 0 0
887 14 0 0 7 0 0 0 0 0
890 21 0 0 7 0 0 0 0 0
891 21 1 1 0 0 0 0 0 0
895 7 0 0 0 0 0 0 0 0
896 14 0 0 0 0 0 0 0 0
900 26 1 1 13 0 0 0 0 0
901 13 0 0 13 0 0 0 0 0
904 26 0 0 0 0 0 0 0 0
907 13 0 0 0 0 0 0 0 0
908 52 0 0 0 0 0 0 0 0
918 21 0 0 0 0 0 0 0 0
920 28 0 0 0 0 0 0 0 0
fn=decompose_rpath
580 12 1 1 0 0 0 6 0 0
582 1 0 0 1 0 0 0 0 0
591 3 1 1 1 1 1 0 0 0
622 2 0 0 1 1 1 0 0 0
629 2 0 0 0 0 0 1 0 0
630 2 0 0 0 0 0 0 0 0
637 2 1 1 0 0 0 0 0 0
638 60 0 0 15 0 0 0 0 0
640 56 0 0 0 0 0 0 0 0
644 1 0 0 0 0 0 0 0 0
646 2 0 0 0 0 0 0 0 0
654 8 1 1 0 0 0 2 0 0
661 3 0 0 2 0 0 0 0 0
668 1 0 0 0 0 0 1 0 0
670 1 0 0 0 0 0 1 0 0
671 1 0 0 0 0 0 0 0 0
672 8 1 1 7 0 0 0 0 0
fn=expand_dynamic_string_token
239 3 1 1 0 0 0 0 0 0
241 9 0 0 0 0 0 3 1 1
244 6 0 0 0 0 0 0 0 0
251 1 0 0 0 0 0 0 0 0
253 5 0 0 0 0 0 1 0 0
256 1 1 1 0 0 0 0 0 0
259 4 0 0 0 0 0 1 0 0
261 2 0 0 0 0 0 0 0 0
385 30 1 1 0 0 0 18 0 0
398 2 1 1 0 0 0 0 0 0
399 4 0 0 0 0 0 0 0 0
402 27 2 2 4 0 0 4 0 0
405 1 0 0 0 0 0 0 0 0
406 2 0 0 0 0 0 0 0 0
409 3 0 0 0 0 0 0 0 0
410 21 0 0 18 0 0 0 0 0
fn=fillin_rpath.isra.0
468 34 2 2 0 0 0 24 0 0
472 2 0 0 0 0 0 0 0 0
474 24 1 1 8 0 0 4 0 0
481 4 0 0 2 0 0 0 0 0
483 12 0 0 2 0 0 4 0 0
487 4 0 0 0 0 0 0 0 0
492 6 0 0 0 0 0 2 0 0
493 4 0 0 0 0 0 0 0 0
500 10 1 1 2 0 0 0 0 0
505 4 1 1 0 0 0 2 0 0
509 33 0 0 11 0 0 0 0 0
510 18 1 1 9 0 0 0 0 0
528 12 1 1 2 0 0 4 0 0
532 8 0 0 4 0 0 0 0 0
534 4 1 1 0 0 0 0 0 0
538 2 0 0 0 0 0 2 1 1
539 4 0 0 2 0 0 0 0 0
540 8 0 0 0 0 0 4 0 0
541 2 0 0 0 0 0 2 0 0
543 4 0 0 2 0 0 0 0 0
544 1 0 0 0 0 0 1 0 0
549 8 0 0 2 0 0 0 0 0
550 28 1 1 2 0 0 0 0 0
551 6 1 1 0 0 0 4 0 0
553 4 0 0 2 0 0 2 0 0
554 6 1 1 2 0 0 0 0 0
555 6 0 0 2 0 0 3 0 0
556 1 0 0 0 0 0 0 0 0
561 4 0 0 2 0 0 2 0 0
562 2 0 0 0 0 0 2 0 0
565 6 0 0 0 0 0 2 0 0
571 2 0 0 0 0 0 2 0 0
574 16 0 0 14 0 0 0 0 0
fn=is_dst
202 16 2 2 0 0 0 10 0 0
206 4 0 0 2 0 0 0 0 0
215 6 0 0 0 0 0 2 1 1
216 12 0 0 0 0 0 2 0 0
218 12 1 1 2 0 0 0 0 0
229 14 0 0 12 0 0 0 0 0
fn=open_path
1812 132 2 2 0 0 0 108 2 2
1813 24 0 0 12 0 0 12 0 0
1816 12 0 0 0 0 0 12 0 0
1817 12 0 0 0 0 0 12 0 0
1819 24 0 0 0 0 0 0 0 0
1822 24 0 0 0 0 0 0 0 0
1824 264 2 2 36 1 1 24 0 0
1827 24 0 0 24 0 0 0 0 0
1831 12 0 0 0 0 0 0 0 0
1835 72 0 0 12 0 0 12 0 0
1842 72 1 1 36 0 0 24 1 1
1843 228 1 1 60 0 0 24 0 0
1846 48 0 0 24 0 0 0 0 0
1851 154 1 1 84 0 0 28 0 0
1854 28 0 0 0 0 0 0 0 0
1860 42 0 0 14 0 0 0 0 0
1863 112 1 1 42 0 0 14 0 0
1865 42 0 0 14 0 0 0 0 0
1867 8 0 0 0 0 0 0 0 0
1872 8 1 1 0 0 0 0 0 0
1873 28 0 0 12 0 0 0 0 0
1879 12 1 1 4 0 0 4 0 0
1881 48 0 0 4 0 0 16 0 0
1882 4 0 0 2 1 1 0 0 0
1884 4 0 0 0 0 0 0 0 0
1891 106 3 3 24 0 0 30 0 0
1893 36 0 0 12 0 0 0 0 0
1937 96 1 1 24 0 0 12 1 1
1941 12 0 0 12 0 0 0 0 0
1943 48 0 0 36 0 0 0 0 0
1946 36 0 0 24 0 0 0 0 0
1960 108 1 1 84 0 0 0 0 0
fn=open_verify.constprop.0
1572 252 1 1 0 0 0 168 1 1
1604 63 0 0 21 0 0 0 0 0
1609 28 1 1 0 0 0 0 0 0
1623 105 0 0 0 0 0 21 1 1
1625 42 1 1 0 0 0 0 0 0
1633 7 0 0 0 0 0 7 0 0
1634 21 0 0 0 0 0 7 0 0
1639 42 0 0 0 0 0 7 0 0
1641 14 1 1 0 0 0 0 0 0
1643 14 0 0 7 0 0 7 0 0
1645 14 0 0 0 0 0 0 0 0
1651 14 0 0 0 0 0 0 0 0
1668 97 4 4 30 1 1 0 0 0
1749 14 0 0 7 0 0 0 0 0
1754 14 1 1 7 0 0 0 0 0
1760 28 0 0 7 0 0 0 0 0
1766 14 0 0 7 1 1 0 0 0
1772 28 0 0 7 0 0 0 0 0
1773 28 1 1 7 0 0 0 0 0
1777 16 3 3 1 0 0 0 0 0
1778 5 0 0 0 0 0 1 0 0
1799 189 0 0 147 0 0 0 0 0
fl=./elf/./elf/dl-lookup-direct.c
fn=_dl_lookup_direct
32 15 0 0 9 0 0 0 0 0
33 9 1 1 0 0 0 0 0 0
35 6 0 0 3 3 3 0 0 0
36 6 0 0 3 0 0 0 0 0
48 9 0 0 3 0 0 3 0 0
51 6 0 0 6 0 0 0 0 0
53 21 1 1 6 0 0 6 0 0
57 9 0 0 9 2 0 0 0 0
58 21 0 0 9 1 0 0 0 0
59 15 0 0 6 0 0 3 0 0
74 39 2 2 0 0 0 27 0 0
76 6 0 0 3 0 0 0 0 0
78 21 0 0 9 2 0 0 0 0
79 6 0 0 0 0 0 0 0 0
81 12 1 1 3 0 0 3 0 0
84 25 0 0 5 3 1 0 0 0
86 12 0 0 3 0 0 0 0 0
93 6 2 2 0 0 0 0 0 0
115 3 0 0 0 0 0 0 0 0
116 27 0 0 21 0 0 0 0 0
fl=./elf/./elf/dl-lookup.c
fn=_dl_lookup_symbol_x
772 3809 62 10 0 0 0 2637 91 15
774 586 0 0 0 0 0 293 0 0
775 1172 0 0 0 0 0 293 0 0
778 293 0 0 293 31 3 0 0 0
782 1124 0 0 269 0 0 0 0 0
785 586 33 5 293 0 0 0 0 0
787 586 0 0 586 5 0 0 0 0
791 4202 0 0 20 0 0 879 0 0
792 4981 68 8 2051 0 0 2051 34 5
797 1465 0 0 586 0 0 0 0 0
799 120 1 1 20 0 0 0 0 0
816 293 0 0 0 0 0 293 0 0
817 60 1 1 0 0 0 0 0 0
820 586 0 0 293 0 0 0 0 0
821 1895 0 0 269 0 0 0 0 0
828 353 1 1 273 0 0 0 0 0
856 1092 37 5 273 0 0 0 0 0
870 819 0 0 273 43 5 0 0 0
871 2 1 1 0 0 0 1 0 0
873 546 0 0 273 0 0 0 0 0
890 1092 0 0 273 0 0 0 0 0
892 2637 41 5 2051 0 0 0 0 0
fn=check_match
70 4635 35 4 618 195 151 1854 39 7
73 2472 36 4 618 38 33 0 0 0
78 74 2 1 0 0 0 0 0 0
86 1440 0 0 0 0 0 0 0 0
89 1886 34 4 438 0 0 219 1 0
93 286 1 1 286 44 4 0 0 0
94 572 0 0 0 0 0 0 0 0
96 564 0 0 0 0 0 0 0 0
115 564 0 0 564 150 69 0 0 0
116 2256 35 5 846 54 7 0 0 0
117 1345 63 8 538 13 2 269 0 0
118 26 0 0 13 0 0 0 0 0
119 26 0 0 0 0 0 0 0 0
144 8 0 0 0 0 0 0 0 0
146 24 0 0 8 2 2 0 0 0
147 16 0 0 0 0 0 0 0 0
150 2 0 0 0 0 0 0 0 0
151 7 0 0 3 0 0 1 0 0
153 3 0 0 1 0 0 1 0 0
161 272 0 0 0 0 0 0 0 0
162 2472 0 0 2163 0 0 0 0 0
fn=do_lookup_x
347 4102 69 8 586 0 0 2930 72 11
348 293 0 0 293 41 2 0 0 0
353 293 0 0 0 0 0 0 0 0
354 293 0 0 293 0 0 0 0 0
358 4586 34 5 4586 387 26 0 0 0
361 4586 0 0 0 0 0 0 0 0
365 5172 0 0 293 0 0 0 0 0
386 4586 34 5 2293 279 18 0 0 0
390 4586 0 0 2293 35 1 0 0 0
396 6879 0 0 2293 220 18 0 0 0
400 2293 0 0 0 0 0 2293 0 0
401 2293 0 0 0 0 0 2293 0 0
404 11465 0 0 6879 556 39 0 0 0
405 6879 35 5 4586 39 3 0 0 0
408 2293 0 0 2293 0 0 0 0 0
409 4586 0 0 0 0 0 0 0 0
411 2293 0 0 2293 638 157 0 0 0
412 879 0 0 0 0 0 293 0 0
413 4586 0 0 4586 0 0 0 0 0
415 2051 35 5 293 0 0 586 0 0
416 9172 0 0 4586 0 0 0 0 0
419 16051 0 0 2293 0 0 0 0 0
422 676 0 0 676 243 126 0 0 0
423 1014 35 4 338 0 0 0 0 0
424 676 0 0 0 0 0 0 0 0
426 644 0 0 322 0 0 0 0 0
429 3480 35 5 696 280 191 0 0 0
431 927 0 0 309 0 0 0 0 0
432 7868 71 10 2176 0 0 4108 76 13
433 618 0 0 0 0 0 0 0 0
436 927 0 0 0 0 0 0 0 0
439 1346 0 0 37 0 0 0 0 0
461 2176 40 5 1632 0 0 0 0 0
470 401 13 2 351 0 0 0 0 0
472 2 0 0 0 0 0 0 0 0
476 546 37 4 0 0 0 0 0 0
483 1804 0 0 273 0 0 0 0 0
487 285 24 5 95 17 2 0 0 0
499 546 0 0 273 0 0 273 0 0
500 273 0 0 0 0 0 273 0 0
501 273 0 0 0 0 0 0 0 0
518 6060 0 0 0 0 0 0 0 0
521 20 0 0 0 0 0 0 0 0
522 2344 1 1 2051 0 0 0 0 0
fl=./elf/./elf/dl-minimal-malloc.c
fn=__minimal_calloc
80 90 1 1 0 0 0 0 0 0
84 18 0 0 0 0 0 0 0 0
87 18 0 0 0 0 0 0 0 0
88 54 0 0 0 0 0 0 0 0
fn=__minimal_free
97 3 1 1 0 0 0 0 0 0
99 12 0 0 6 0 0 0 0 0
fn=__minimal_malloc
36 432 2 2 0 0 0 216 1 1
37 162 0 0 54 2 1 0 0 0
42 3 1 1 0 0 0 1 0 0
43 2 1 1 1 0 0 0 0 0
44 2 0 0 0 0 0 0 0 0
48 215 0 0 53 0 0 54 0 0
51 366 0 0 0 0 0 0 0 0
56 12 0 0 3 0 0 0 0 0
57 12 0 0 0 0 0 0 0 0
59 3 1 1 0 0 0 0 0 0
60 24 0 0 0 0 0 3 0 0
62 6 0 0 0 0 0 0 0 0
64 12 0 0 0 0 0 3 0 0
65 9 0 0 3 0 0 0 0 0
67 9 0 0 0 0 0 3 0 0
70 54 1 1 0 0 0 54 0 0
71 57 0 0 0 0 0 54 0 0
73 324 0 0 270 0 0 0 0 0
fl=./elf/./elf/dl-minimal.c
fn=__rtld_malloc_init_real
76 10 1 1 0 0 0 6 0 0
86 2 1 1 0 0 0 1 0 0
87 1 0 0 0 0 0 1 0 0
89 1 0 0 0 0 0 1 0 0
91 6 1 1 0 0 0 1 0 0
92 5 0 0 0 0 0 1 0 0
93 5 0 0 0 0 0 1 0 0
94 4 1 1 0 0 0 1 0 0
99 1 0 0 0 0 0 1 0 0
100 1 0 0 0 0 0 1 0 0
101 1 0 0 0 0 0 1 0 0
102 1 0 0 0 0 0 1 0 0
103 8 0 0 7 0 0 0 0 0
fn=__rtld_malloc_init_stubs
42 1 1 1 0 0 0 0 0 0
43 2 1 1 0 0 0 1 1 1
44 2 0 0 0 0 0 1 0 0
45 2 0 0 0 0 0 1 0 0
46 2 0 0 0 0 0 1 0 0
47 1 0 0 1 0 0 0 0 0
fn=lookup_malloc_symbol
61 36 1 1 0 0 0 16 0 0
63 4 0 0 0 0 0 4 0 0
64 28 0 0 4 0 0 12 0 0
68 28 1 1 16 0 0 0 0 0
69 28 0 0 12 0 0 0 0 0
71 4 0 0 0 0 0 4 0 0
72 24 0 0 20 0 0 0 0 0
fn=strsep
239 4 1 1 0 0 0 0 0 0
242 8 0 0 4 2 2 0 0 0
244 4 0 0 4 0 0 0 0 0
245 8 0 0 0 0 0 0 0 0
247 4 0 0 0 0 0 0 0 0
249 94 1 1 30 0 0 0 0 0
251 56 0 0 0 0 0 0 0 0
254 84 0 0 42 0 0 0 0 0
256 126 0 0 42 0 0 0 0 0
264 28 0 0 0 0 0 0 0 0
267 2 0 0 0 0 0 2 0 0
271 8 0 0 4 0 0 0 0 0
fl=./elf/./elf/dl-misc.c
fn=_dl_name_match_p
68 1225 1 1 0 0 0 525 1 0
69 700 0 0 175 0 0 175 0 0
70 20 0 0 0 0 0 0 0 0
72 175 0 0 175 0 0 0 0 0
74 692 0 0 0 0 0 0 0 0
75 955 1 1 191 0 0 191 0 0
80 171 0 0 171 0 0 0 0 0
82 155 0 0 0 0 0 0 0 0
83 700 0 0 700 0 0 0 0 0
fn=_dl_sysdep_read_whole_file
36 11 1 1 0 0 0 5 0 0
39 3 0 0 0 0 0 1 0 0
40 2 1 1 0 0 0 0 0 0
42 6 0 0 0 0 0 1 0 0
44 2 0 0 1 0 0 1 0 0
47 2 1 1 0 0 0 0 0 0
49 8 0 0 0 0 0 1 0 0
60 3 0 0 0 0 0 1 0 0
63 8 0 0 6 0 0 0 0 0
fl=./elf/./elf/dl-object.c
fn=_dl_add_to_namespace_list
31 72 1 1 0 0 0 32 0 0
33 24 0 0 8 0 0 8 1 0
35 71 1 1 8 0 0 0 0 0
38 140 0 0 35 0 0 0 0 0
40 7 0 0 0 0 0 7 0 0
42 7 0 0 0 0 0 7 0 0
45 2 1 1 0 0 0 1 0 0
46 24 0 0 8 0 0 0 0 0
47 16 0 0 8 0 0 8 0 0
48 16 0 0 0 0 0 8 0 0
50 16 0 0 8 0 0 0 0 0
51 40 0 0 32 0 0 0 0 0
fn=_dl_new_object
59 120 1 1 0 0 0 80 2 2
62 16 0 0 0 0 0 0 0 0
64 2 1 1 0 0 0 0 0 0
66 3 1 1 1 0 0 0 0 0
67 2 0 0 0 0 0 0 0 0
71 6 0 0 0 0 0 2 0 0
77 2 1 1 0 0 0 0 0 0
80 14 0 0 7 0 0 0 0 0
83 36 1 1 0 0 0 22 0 0
87 14 0 0 0 0 0 0 0 0
92 7 0 0 0 0 0 0 0 0
95 16 0 0 0 0 0 0 0 0
98 8 0 0 0 0 0 8 7 7
99 8 0 0 0 0 0 8 8 8
100 16 0 0 8 0 0 0 0 0
103 16 0 0 0 0 0 8 1 1
104 56 1 1 24 0 0 24 1 1
106 8 1 1 0 0 0 8 0 0
119 38 0 0 23 0 0 0 0 0
123 7 0 0 0 0 0 0 0 0
125 1 0 0 0 0 0 0 0 0
127 56 0 0 16 8 8 16 0 0
130 16 0 0 8 0 0 0 0 0
131 16 1 1 0 0 0 8 8 8
132 8 1 1 0 0 0 8 1 1
136 8 0 0 0 0 0 8 0 0
139 44 0 0 0 0 0 0 0 0
141 20 1 1 0 0 0 16 4 4
149 16 1 1 0 0 0 8 0 0
150 8 0 0 0 0 0 8 8 8
153 1 0 0 0 0 0 0 0 0
155 48 0 0 8 1 1 0 0 0
157 28 0 0 0 0 0 7 5 5
160 18 1 1 0 0 0 0 0 0
164 28 0 0 7 0 0 0 0 0
168 49 2 1 7 0 0 0 0 0
176 1 1 1 0 0 0 1 0 0
179 16 0 0 0 0 0 8 1 1
189 32 0 0 16 0 0 0 0 0
191 28 0 0 0 0 0 14 0 0
195 21 0 0 0 0 0 0 0 0
199 14 0 0 0 0 0 0 0 0
200 14 0 0 0 0 0 0 0 0
208 7 0 0 0 0 0 0 0 0
212 7 1 1 0 0 0 0 0 0
245 28 1 0 14 0 0 7 0 0
250 216 0 0 0 0 0 0 0 0
251 216 0 0 108 0 0 0 0 0
255 14 0 0 0 0 0 0 0 0
256 7 0 0 0 0 0 7 0 0
259 7 0 0 0 0 0 7 1 1
263 72 1 1 56 0 0 0 0 0
fl=./elf/./elf/dl-reloc.c
fn=_dl_relocate_object
170 1136 1 1 284 153 138 0 0 0
171 402 1 1 0 0 0 0 0 0
174 2133 1 1 201 8 1 0 0 0
175 96 2 2 8 0 0 0 0 0
177 8 0 0 8 0 0 0 0 0
178 32 1 1 8 0 0 8 0 0
182 386 0 0 0 0 0 0 0 0
183 193 0 0 0 0 0 193 0 0
184 193 0 0 0 0 0 193 0 0
186 1550 2 2 772 0 0 6 0 0
187 935 1 1 187 18 0 187 0 0
188 374 0 0 0 0 0 0 0 0
190 1476 2 2 386 0 0 638 0 0
193 193 0 0 193 0 0 0 0 0
194 1351 1 1 579 0 0 193 2 0
196 8 1 1 8 0 0 0 0 0
207 110 1 1 0 0 0 80 0 0
208 20 0 0 10 0 0 0 0 0
220 18 0 0 0 0 0 0 0 0
221 27 0 0 0 0 0 9 0 0
224 36 1 1 0 0 0 9 0 0
226 27 0 0 0 0 0 0 0 0
228 9 0 0 9 0 0 0 0 0
229 27 0 0 9 1 0 0 0 0
251 45 2 2 18 0 0 0 0 0
252 18 1 1 9 8 0 0 0 0
253 6 0 0 0 0 0 0 0 0
255 18 0 0 0 0 0 0 0 0
262 27 1 1 9 3 0 0 0 0
301 10885 9 9 1277 258 209 55 0 0
304 45 0 0 18 0 0 0 0 0
328 9 0 0 9 0 0 0 0 0
331 18 0 0 0 0 0 0 0 0
348 27 0 0 9 6 0 0 0 0
350 80 0 0 70 2 0 0 0 0
356 54 1 1 27 0 0 0 0 0
359 18 0 0 0 0 0 0 0 0
363 18 1 1 0 0 0 0 0 0
364 54 0 0 0 0 0 9 0 0
fl=./elf/./elf/dl-runtime.c
fn=_dl_fixup
46 1056 74 10 0 0 0 576 0 0
48 480 0 0 384 151 11 0 0 0
49 288 37 4 192 0 0 0 0 0
54 96 0 0 96 41 3 0 0 0
55 384 0 0 96 36 2 0 0 0
56 672 0 0 96 94 11 96 29 4
58 192 0 0 96 10 0 0 0 0
63 192 0 0 0 0 0 0 0 0
67 192 0 0 96 96 68 0 0 0
69 96 0 0 0 0 0 0 0 0
71 288 38 4 96 36 3 0 0 0
75 288 0 0 192 125 13 0 0 0
76 384 0 0 96 0 0 0 0 0
77 288 0 0 96 43 5 0 0 0
84 96 38 5 0 0 0 0 0 0
85 288 0 0 96 8 0 0 0 0
95 1056 0 0 192 37 3 288 0 0
99 480 38 4 288 0 0 0 0 0
109 960 0 0 384 0 0 96 0 0
124 384 35 4 96 0 0 0 0 0
125 38 0 0 0 0 0 19 0 0
133 288 0 0 96 37 3 0 0 0
159 288 0 0 96 20 1 0 0 0
163 768 35 4 672 0 0 0 0 0
fl=./elf/./elf/dl-setup_hash.c
fn=_dl_setup_hash
25 18 1 1 0 0 0 0 0 0
28 27 1 1 9 0 0 0 0 0
31 27 0 0 18 0 0 0 0 0
32 18 0 0 9 8 8 9 1 1
33 9 0 0 9 0 0 0 0 0
34 9 0 0 9 1 1 0 0 0
36 27 0 0 0 0 0 0 0 0
37 9 0 0 0 0 0 9 0 0
38 27 1 1 9 0 0 9 0 0
40 9 0 0 0 0 0 9 0 0
41 18 0 0 0 0 0 0 0 0
43 9 0 0 0 0 0 9 0 0
45 27 0 0 0 0 0 9 0 0
50 9 0 0 9 0 0 0 0 0
fl=./elf/./elf/dl-sort-maps.c
fn=_dl_sort_maps
140 90 0 0 18 0 0 18 1 1
181 2 0 0 0 0 0 2 0 0
182 4 0 0 2 0 0 0 0 0
183 64 0 0 0 0 0 0 0 0
184 36 2 2 36 0 0 0 0 0
211 34 4 4 2 1 1 0 0 0
216 4 0 0 0 0 0 2 0 0
218 2 0 0 0 0 0 2 0 0
219 10 0 0 0 0 0 0 0 0
221 56 2 2 0 0 0 0 0 0
223 18 0 0 18 0 0 0 0 0
226 54 0 0 18 0 0 0 0 0
244 8 2 2 2 0 0 0 0 0
263 8 2 2 0 0 0 2 0 0
276 8 2 2 2 0 0 0 0 0
283 2 2 2 0 0 0 0 0 0
298 26 2 1 0 0 0 14 1 1
306 6 2 2 2 2 1 0 0 0
310 18 4 4 14 0 0 0 0 0
fn=_dl_sort_maps_init
289 4 2 2 0 0 0 1 0 0
290 4 0 0 0 0 0 1 0 0
291 1 0 0 0 0 0 1 0 0
292 3 0 0 1 0 0 0 0 0
293 2 0 0 2 0 0 0 0 0
fn=dfs_traversal.part.0
135 162 2 2 0 0 0 90 0 0
140 74 0 0 37 0 0 0 0 0
143 18 0 0 18 0 0 0 0 0
145 54 0 0 18 4 4 0 0 0
147 208 0 0 52 6 6 0 0 0
156 63 3 3 9 0 0 0 0 0
171 54 0 0 18 0 0 18 0 0
172 18 0 0 0 0 0 18 1 1
173 108 0 0 108 0 0 0 0 0
fl=./elf/./elf/dl-tunables.c
fn=__GI___tunable_set_val
72 50 1 1 5 0 0 0 0 0
82 5 0 0 5 0 0 0 0 0
93 40 1 1 10 0 0 0 0 0
94 25 0 0 10 0 0 0 0 0
97 10 0 0 0 0 0 0 0 0
100 35 0 0 0 0 0 0 0 0
104 10 0 0 0 0 0 0 0 0
111 10 0 0 0 0 0 0 0 0
112 10 0 0 0 0 0 0 0 0
115 25 1 1 0 0 0 5 0 0
116 5 0 0 0 0 0 5 0 0
117 5 0 0 0 0 0 5 0 0
118 5 0 0 0 0 0 5 0 0
153 30 1 1 0 0 0 10 0 0
157 15 0 0 15 0 0 0 0 0
fn=__GI___tunables_init
42 390 1 1 78 0 0 0 0 0
45 77 0 0 0 0 0 0 0 0
48 8148 0 0 1164 44 44 0 0 0
52 154 0 0 0 0 0 0 0 0
56 308 1 1 0 0 0 0 0 0
128 1 0 0 0 0 0 0 0 0
261 10 2 2 0 0 0 6 0 0
267 4 0 0 1 0 0 0 0 0
281 12628 0 0 0 0 0 0 0 0
283 2 0 0 0 0 0 0 0 0
287 22869 1 1 6314 41 41 0 0 0
304 8 1 1 7 0 0 0 0 0
fn=__tunable_get_val
387 84 2 1 0 0 0 0 0 0
390 498 2 1 42 36 31 0 0 0
399 54 0 0 39 15 0 15 0 0
400 15 0 0 0 0 0 0 0 0
409 33 1 1 0 0 0 27 0 0
416 252 0 0 42 4 0 0 0 0
418 42 0 0 42 0 0 0 0 0
fl=./elf/./elf/dl-tunables.h
fn=__GI___tunable_set_val
141 10 0 0 0 0 0 0 0 0
142 10 1 1 0 0 0 0 0 0
151 5 0 0 0 0 0 0 0 0
fn=__GI___tunables_init
160 1438 1 1 967 1 1 0 0 0
161 3573 0 0 0 0 0 0 0 0
fl=./elf/./elf/dl-version.c
fn=_dl_check_all_versions
392 7 1 1 0 0 0 5 0 0
394 1 0 0 0 0 0 0 0 0
396 32 0 0 9 0 0 0 0 0
397 9 0 0 0 0 0 0 0 0
398 81 1 1 9 0 0 9 0 0
401 7 0 0 6 0 0 0 0 0
fn=_dl_check_map_versions
36 260 0 0 26 0 0 0 0 0
37 78 0 0 78 0 0 0 0 0
38 468 1 1 0 0 0 91 0 0
56 176 0 0 132 0 0 0 0 0
64 132 0 0 44 0 0 0 0 0
70 132 1 1 44 1 0 0 0 0
86 44 0 0 44 1 0 0 0 0
87 88 0 0 0 0 0 0 0 0
89 44 0 0 44 0 0 0 0 0
94 1614 0 0 697 19 19 132 0 0
108 1394 0 0 697 9 8 0 0 0
110 44 1 1 44 0 0 0 0 0
113 352 1 1 132 1 1 88 0 0
120 1959 1 1 653 8 8 0 0 0
124 653 0 0 0 0 0 0 0 0
155 90 1 0 0 0 0 54 1 0
156 9 0 0 0 0 0 9 1 0
164 16 1 1 0 0 0 9 1 0
170 27 0 0 9 1 0 0 0 0
172 45 1 1 18 1 0 0 0 0
174 9 0 0 9 2 0 0 0 0
175 9 0 0 9 1 0 0 0 0
177 18 0 0 0 0 0 0 0 0
180 21 1 1 14 0 0 0 0 0
184 56 0 0 7 7 7 35 0 0
198 6 0 0 0 0 0 0 0 0
200 39 1 1 26 0 0 0 0 0
208 39 0 0 13 0 0 0 0 0
213 39 0 0 13 1 1 0 0 0
215 31 0 0 0 0 0 0 0 0
217 176 1 1 88 12 12 44 0 0
218 374 1 1 264 0 0 0 0 0
221 88 0 0 44 0 0 44 0 0
224 132 0 0 88 0 0 0 0 0
225 25 0 0 5 0 0 5 0 0
228 36 1 1 18 0 0 13 0 0
231 176 0 0 44 0 0 0 0 0
234 132 0 0 44 0 0 0 0 0
239 31 0 0 0 0 0 0 0 0
243 39 0 0 13 0 0 0 0 0
248 6 0 0 0 0 0 0 0 0
257 40 2 2 21 0 0 0 0 0
260 14 0 0 14 0 0 0 0 0
263 381 0 0 97 9 9 7 0 0
266 284 0 0 90 4 4 7 0 0
270 83 0 0 0 0 0 0 0 0
274 24 1 1 8 0 0 0 0 0
279 8 0 0 0 0 0 8 2 0
280 32 1 1 8 0 0 8 0 0
281 24 0 0 8 0 0 0 0 0
291 8 0 0 0 0 0 8 0 0
294 42 0 0 25 4 0 8 4 0
296 16 0 0 0 0 0 0 0 0
299 28 1 1 14 0 0 0 0 0
301 6 0 0 0 0 0 0 0 0
303 39 0 0 13 0 0 0 0 0
306 132 1 1 44 0 0 0 0 0
308 176 0 0 0 0 0 0 0 0
310 220 0 0 44 0 0 44 0 0
311 88 0 0 0 0 0 44 18 18
312 132 0 0 44 0 0 44 4 4
313 132 0 0 44 0 0 44 0 0
316 132 0 0 44 0 0 0 0 0
321 31 0 0 0 0 0 0 0 0
324 39 0 0 13 0 0 0 0 0
329 6 1 1 0 0 0 0 0 0
334 16 0 0 0 0 0 0 0 0
337 14 0 0 7 0 0 0 0 0
341 83 0 0 83 0 0 0 0 0
343 180 0 0 90 0 0 0 0 0
347 83 0 0 83 0 0 0 0 0
348 415 0 0 83 0 0 83 22 22
349 249 0 0 83 0 0 83 0 0
350 83 0 0 0 0 0 83 10 10
353 270 0 0 90 0 0 0 0 0
357 83 0 0 0 0 0 0 0 0
365 14 0 0 0 0 0 0 0 0
366 14 1 1 7 0 0 0 0 0
367 14 0 0 7 2 0 0 0 0
368 12 0 0 6 0 0 0 0 0
370 4 1 1 3 0 0 0 0 0
372 124 0 0 32 0 0 0 0 0
373 60 1 1 0 0 0 0 0 0
375 2 0 0 1 0 0 0 0 0
376 7 0 0 0 0 0 1 0 0
387 81 1 1 72 0 0 0 0 0
fl=./elf/./elf/do-rel.h
fn=_dl_relocate_object
49 54 1 1 18 2 0 0 0 0
50 54 0 0 18 0 0 18 0 0
51 9 0 0 9 1 0 0 0 0
53 90 0 0 36 1 0 0 0 0
72 9 0 0 0 0 0 0 0 0
73 10 1 1 0 0 0 9 0 0
80 54 0 0 18 0 0 0 0 0
83 1655 1 1 0 0 0 1 0 0
85 2196 1 1 549 206 206 0 0 0
96 6 0 0 1 0 0 0 0 0
97 2 0 0 0 0 0 0 0 0
114 51 1 1 0 0 0 0 0 0
123 44 0 0 0 0 0 0 0 0
124 6 0 0 3 2 2 0 0 0
126 51 1 1 17 9 0 0 0 0
129 60 0 0 30 7 0 15 0 0
131 1189 1 1 317 0 0 0 0 0
133 1390 0 0 834 183 164 0 0 0
134 1112 0 0 278 0 0 278 0 0
135 834 0 0 556 1 0 278 0 0
136 1112 0 0 278 2 0 0 0 0
138 834 1 1 0 0 0 0 0 0
141 272 0 0 68 0 0 68 0 0
142 68 1 1 0 0 0 68 1 0
143 68 0 0 0 0 0 0 0 0
147 210 0 0 0 0 0 210 0 0
150 647 1 1 210 0 0 0 0 0
151 84 2 2 28 1 0 0 0 0
164 32 1 1 16 0 0 0 0 0
165 285 0 0 9 0 0 6 0 0
166 252 1 1 84 0 0 0 0 0
169 204 0 0 136 0 0 0 0 0
171 272 0 0 68 0 0 68 0 0
172 68 0 0 68 0 0 0 0 0
173 136 0 0 68 0 0 0 0 0
180 31 1 1 9 0 0 0 0 0
182 42 1 1 12 2 2 6 0 0
183 12 0 0 12 0 0 0 0 0
185 18 0 0 0 0 0 0 0 0
193 6 0 0 0 0 0 6 0 0
196 18 0 0 6 0 0 0 0 0
211 7 1 1 4 0 0 0 0 0
fn=_dl_start
49 6 0 0 2 0 0 0 0 0
50 4 0 0 2 0 0 0 0 0
51 1 0 0 1 0 0 0 0 0
53 10 1 1 4 0 0 0 0 0
56 4 0 0 0 0 0 0 0 0
61 13 1 1 0 0 0 0 0 0
63 9 1 1 3 1 1 0 0 0
64 6 0 0 0 0 0 0 0 0
65 3 0 0 3 0 0 0 0 0
fl=./elf/./elf/get-dynamic-info.h
fn=_dl_map_object_from_fd
39 14 0 0 0 0 0 0 0 0
43 7 0 0 0 0 0 0 0 0
45 821 0 0 207 57 57 0 0 0
49 400 0 0 0 0 0 0 0 0
51 108 1 1 0 0 0 0 0 0
52 54 0 0 0 0 0 0 0 0
53 9 0 0 0 0 0 0 0 0
54 187 1 1 0 0 0 0 0 0
55 159 0 0 0 0 0 0 0 0
56 35 1 1 0 0 0 0 0 0
59 28 1 1 0 0 0 0 0 0
62 28 0 0 0 0 0 0 0 0
64 28 0 0 0 0 0 0 0 0
68 200 0 0 0 0 0 200 48 48
72 28 0 0 7 0 0 0 0 0
84 27 1 1 13 0 0 0 0 0
85 28 0 0 14 0 0 0 0 0
86 28 0 0 14 0 0 0 0 0
87 28 0 0 14 0 0 0 0 0
88 27 0 0 13 1 1 0 0 0
89 24 1 1 10 1 1 0 0 0
90 27 0 0 13 1 1 0 0 0
91 28 0 0 14 0 0 0 0 0
103 56 1 1 14 0 0 7 0 0
110 25 0 0 7 0 0 0 0 0
115 6 0 0 3 0 0 0 0 0
122 6 0 0 3 0 0 0 0 0
123 21 1 1 14 0 0 0 0 0
129 21 0 0 7 0 0 0 0 0
130 18 0 0 12 0 0 0 0 0
147 21 0 0 7 0 0 0 0 0
152 12 0 0 6 0 0 6 1 1
154 12 0 0 0 0 0 0 0 0
156 12 0 0 0 0 0 0 0 0
158 12 0 0 0 0 0 0 0 0
159 12 0 0 0 0 0 6 0 0
162 21 1 1 7 0 0 0 0 0
164 21 1 1 7 0 0 7 0 0
165 14 0 0 0 0 0 0 0 0
166 2 0 0 0 0 0 1 0 0
174 14 0 0 7 0 0 0 0 0
175 18 1 1 0 0 0 0 0 0
180 14 0 0 0 0 0 0 0 0
181 18 0 0 6 0 0 6 0 0
184 14 0 0 7 0 0 0 0 0
fl=./elf/./elf/libc-dl-profstub.c
fn=_dl_mcount_wrapper_check
36 8703 126 1 0 0 0 0 0 0
37 26109 0 0 17406 132 0 0 0 0
38 8703 128 1 8703 0 0 0 0 0
fl=./elf/./elf/libc_early_init.c
fn=__libc_early_init
33 9 1 1 1 0 0 3 0 0
35 1 0 0 0 0 0 1 0 0
38 2 0 0 1 1 0 1 1 1
41 2 1 1 0 0 0 2 1 1
47 4 0 0 2 0 0 0 0 0
49 2 0 0 2 0 0 0 0 0
fl=./elf/./elf/rtld.c
fn=_dl_start
85 8 0 0 0 0 0 2 1 1
458 2 0 0 0 0 0 1 0 0
476 3 0 0 0 0 0 1 0 0
477 1 0 0 0 0 0 1 0 0
478 2 0 0 1 0 0 1 1 1
488 1 0 0 0 0 0 1 0 0
494 4 2 1 1 0 0 1 0 0
496 2 0 0 1 0 0 0 0 0
517 16 2 2 0 0 0 8 2 2
543 1 0 0 0 0 0 1 1 1
546 2 1 1 0 0 0 1 1 1
547 4 0 0 1 1 1 0 0 0
563 190 5 5 24 5 5 5 0 0
565 1 0 0 1 0 0 0 0 0
578 1 1 1 0 0 0 1 0 0
585 9 1 1 7 2 0 0 0 0
fn=dl_main
85 17 2 2 0 0 0 1 0 0
92 12 1 1 0 0 0 0 0 0
93 2 0 0 0 0 0 1 1 0
101 9 0 0 4 1 0 0 0 0
197 2 0 0 0 0 0 1 0 0
199 1 0 0 0 0 0 1 0 0
224 3 0 0 3 0 0 0 0 0
225 5 0 0 3 0 0 0 0 0
226 4 1 1 0 0 0 0 0 0
296 3 1 1 0 0 0 3 0 0
302 1 0 0 0 0 0 1 0 0
303 1 0 0 0 0 0 1 0 0
837 1 0 0 1 0 0 0 0 0
839 1 0 0 0 0 0 1 0 0
848 1 1 1 0 0 0 1 0 0
850 1 0 0 0 0 0 1 0 0
855 1 0 0 0 0 0 1 0 0
1115 1 0 0 1 0 0 0 0 0
1116 1 1 1 1 0 0 0 0 0
1118 1 0 0 0 0 0 1 0 0
1122 3 0 0 2 1 1 1 1 1
1124 1 0 0 1 0 0 0 0 0
1125 1 0 0 1 0 0 0 0 0
1140 1 0 0 0 0 0 0 0 0
1143 46 4 4 0 0 0 1 0 0
1144 125 1 1 24 6 6 0 0 0
1148 4 1 1 2 0 0 1 0 0
1153 3 1 1 2 1 1 1 0 0
1154 9 1 1 2 0 0 1 0 0
1163 2 0 0 0 0 0 1 0 0
1164 2 0 0 2 0 0 0 0 0
1166 1 0 0 0 0 0 1 0 0
1173 3 0 0 1 0 0 0 0 0
1191 2 0 0 0 0 0 1 0 0
1199 12 0 0 6 0 0 0 0 0
1200 23 0 0 7 1 1 0 0 0
1201 12 0 0 6 0 0 0 0 0
1202 1 0 0 0 0 0 1 0 0
1204 18 1 1 6 0 0 0 0 0
1205 22 0 0 0 0 0 0 0 0
1206 2 0 0 0 0 0 1 0 0
1209 12 0 0 6 2 2 0 0 0
1210 12 0 0 6 0 0 0 0 0
1211 6 0 0 0 0 0 6 0 0
1215 18 0 0 0 0 0 0 0 0
1221 3 1 1 1 1 1 0 0 0
1227 4 0 0 0 0 0 1 1 1
1228 1 0 0 1 0 0 0 0 0
1233 4 0 0 0 0 0 0 0 0
1234 2 0 0 1 0 0 1 0 0
1235 1 0 0 0 0 0 1 0 0
1238 2 0 0 0 0 0 2 1 1
1247 3 0 0 2 1 1 1 0 0
1253 28 0 0 1 0 0 0 0 0
1254 63 0 0 13 0 0 0 0 0
1260 13 0 0 0 0 0 0 0 0
1266 4 0 0 2 0 0 0 0 0
1268 3 1 1 2 0 0 1 0 0
1269 3 0 0 2 0 0 0 0 0
1271 3 0 0 1 0 0 0 0 0
1346 13 2 2 0 0 0 9 1 1
1351 1 0 0 0 0 0 0 0 0
1352 1 0 0 0 0 0 1 0 0
1357 1 0 0 0 0 0 1 1 1
1373 3 0 0 2 0 0 1 0 0
1374 4 1 1 2 0 0 0 0 0
1637 10 1 1 0 0 0 3 0 0
1639 2 0 0 0 0 0 0 0 0
1640 3 1 1 0 0 0 1 0 0
1641 2 0 0 1 0 0 1 0 0
1642 3 0 0 2 0 0 1 0 0
1646 2 0 0 0 0 0 1 0 0
1647 2 0 0 1 0 0 0 0 0
1672 3 1 1 1 0 0 0 0 0
1673 5 0 0 1 0 0 1 0 0
1674 3 0 0 2 0 0 0 0 0
1675 3 0 0 3 0 0 0 0 0
1678 1 0 0 0 0 0 1 0 0
1680 1 1 1 0 0 0 1 1 1
1681 1 0 0 0 0 0 1 0 0
1683 2 0 0 1 0 0 0 0 0
1684 2 0 0 0 0 0 1 0 0
1688 2 0 0 1 0 0 0 0 0
1690 2 1 1 0 0 0 0 0 0
1698 4 0 0 2 0 0 0 0 0
1705 2 1 1 1 0 0 1 0 0
1708 2 1 1 1 0 0 0 0 0
1733 4 1 1 1 0 0 1 0 0
1735 1 0 0 0 0 0 1 0 0
1740 2 0 0 1 0 0 0 0 0
1743 4 1 1 2 0 0 1 0 0
1744 4 0 0 1 0 0 1 0 0
1745 3 1 1 2 0 0 1 0 0
1746 1 0 0 0 0 0 1 0 0
1747 1 0 0 1 0 0 0 0 0
1748 1 0 0 1 0 0 0 0 0
1759 2 0 0 1 1 1 0 0 0
1760 2 0 0 1 0 0 0 0 0
1762 2 1 1 1 0 0 0 0 0
1764 1 0 0 0 0 0 1 0 0
1765 3 0 0 1 0 0 1 0 0
1770 5 1 1 0 0 0 0 0 0
1771 5 0 0 1 1 1 0 0 0
1773 3 2 2 2 1 1 1 1 1
1779 2 0 0 1 1 1 0 0 0
1788 2 1 1 1 0 0 0 0 0
1792 1 0 0 0 0 0 0 0 0
1793 2 0 0 1 0 0 0 0 0
1817 2 1 1 0 0 0 2 0 0
1823 1 0 0 0 0 0 1 0 0
1824 1 0 0 0 0 0 1 0 0
1825 1 0 0 0 0 0 0 0 0
1829 3 0 0 1 0 0 1 0 0
1834 3 1 1 2 0 0 0 0 0
1836 1 0 0 0 0 0 0 0 0
1838 2 0 0 1 0 0 0 0 0
1842 5 1 1 2 0 0 1 0 0
1847 2 0 0 1 0 0 0 0 0
1863 6 1 1 0 0 0 1 0 0
1939 4 0 0 2 0 0 0 0 0
1943 19 2 2 1 0 0 0 0 0
1944 1 0 0 0 0 0 0 0 0
1947 3 0 0 0 0 0 1 0 0
1948 1 1 1 1 0 0 0 0 0
1949 2 0 0 0 0 0 0 0 0
1950 2 0 0 0 0 0 0 0 0
1955 3 0 0 1 0 0 0 0 0
1965 9 1 1 2 0 0 1 0 0
1971 39 1 1 1 0 0 0 0 0
1972 22 0 0 19 0 0 0 0 0
1975 3 0 0 2 0 0 1 0 0
1976 2 1 1 0 0 0 0 0 0
1977 1 0 0 0 0 0 1 0 0
1979 34 0 0 1 1 0 0 0 0
1980 16 0 0 8 0 0 0 0 0
1984 2 1 1 0 0 0 0 0 0
1990 1 1 1 0 0 0 1 0 0
1992 3 0 0 1 0 0 1 0 0
1993 2 0 0 0 0 0 0 0 0
1995 2 0 0 0 0 0 1 0 0
1997 3 0 0 0 0 0 0 0 0
1999 3 1 1 1 0 0 0 0 0
2000 1 0 0 1 0 0 0 0 0
2001 2 0 0 0 0 0 0 0 0
2013 2 0 0 0 0 0 0 0 0
2014 2 0 0 1 0 0 1 0 0
2015 3 0 0 1 0 0 0 0 0
2026 5 0 0 1 0 0 1 1 0
2027 4 0 0 0 0 0 1 0 0
2028 5 1 1 0 0 0 1 0 0
2038 2 0 0 1 0 0 1 0 0
2039 2 0 0 1 0 0 0 0 0
2040 4 1 1 0 0 0 2 0 0
2042 2 0 0 0 0 0 0 0 0
2047 3 0 0 1 0 0 0 0 0
2246 3 0 0 1 0 0 1 0 0
2250 3 0 0 1 0 0 2 1 0
2256 2 1 1 1 0 0 1 0 0
2259 2 0 0 1 0 0 0 0 0
2267 2 0 0 2 0 0 0 0 0
2279 3 1 1 1 0 0 0 0 0
2282 3 0 0 1 0 0 1 0 0
2284 3 0 0 1 0 0 0 0 0
2285 6 0 0 1 0 0 1 0 0
2292 2 0 0 2 1 0 0 0 0
2293 36 0 0 3 1 0 1 1 0
2295 18 1 1 18 1 0 0 0 0
2300 18 0 0 18 9 0 0 0 0
2302 20 0 0 0 0 0 0 0 0
2304 1 1 1 0 0 0 1 1 0
2305 1 0 0 1 0 0 0 0 0
2308 9 0 0 9 0 0 0 0 0
2310 18 0 0 0 0 0 0 0 0
2311 64 0 0 16 8 0 8 0 0
2315 22 1 1 11 5 0 0 0 0
2316 6 0 0 0 0 0 2 0 0
2325 2 0 0 1 0 0 0 0 0
2329 4 0 0 2 2 0 0 0 0
2331 1 0 0 1 0 0 0 0 0
2338 4 1 1 1 0 0 1 0 0
2341 2 0 0 1 0 0 0 0 0
2345 3 1 1 2 1 0 0 0 0
2347 2 0 0 1 0 0 0 0 0
2357 1 1 1 0 0 0 1 0 0
2362 3 0 0 1 0 0 1 0 0
2365 1 0 0 0 0 0 1 0 0
2371 1 0 0 1 0 0 0 0 0
2372 5 1 1 2 0 0 1 0 0
2380 3 0 0 1 0 0 1 0 0
2387 1 0 0 0 0 0 1 0 0
2390 3 0 0 0 0 0 1 0 0
2394 3 0 0 0 0 0 1 0 0
2395 1 0 0 0 0 0 1 1 0
2396 1 0 0 0 0 0 1 0 0
2397 1 0 0 0 0 0 0 0 0
2401 1 0 0 0 0 0 1 0 0
2406 8 0 0 7 2 0 0 0 0
2538 1 0 0 1 0 0 0 0 0
2598 1 0 0 0 0 0 1 1 1
2600 2 0 0 0 0 0 0 0 0
2602 15 1 1 0 0 0 3 0 0
2604 2 0 0 0 0 0 0 0 0
2606 107 0 0 21 0 0 0 0 0
2607 19 0 0 0 0 0 0 0 0
2615 13 1 1 2 2 2 0 0 0
2640 2 1 1 1 0 0 0 0 0
2650 4 1 1 2 0 0 0 0 0
2652 2 0 0 0 0 0 1 0 0
2653 1 0 0 0 0 0 0 0 0
2687 5 2 2 2 0 0 0 0 0
2689 2 0 0 0 0 0 1 0 0
2690 2 0 0 0 0 0 1 0 0
2691 1 0 0 0 0 0 0 0 0
2727 5 0 0 1 0 0 0 0 0
2749 3 0 0 1 0 0 0 0 0
fn=handle_preload_list
183 3 0 0 1 0 0 0 0 0
806 1 0 0 0 0 0 1 0 0
810 2 0 0 0 0 0 1 0 0
811 2 0 0 1 0 0 1 0 0
812 1 0 0 0 0 0 1 0 0
814 1 0 0 1 0 0 0 0 0
816 6 1 1 0 0 0 1 0 0
817 3 0 0 1 0 0 0 0 0
825 3 0 0 1 0 0 0 0 0
869 13 2 2 1 1 1 8 1 1
870 3 0 0 0 0 0 0 0 0
874 5 0 0 2 0 0 0 0 0
877 4 1 1 0 0 0 1 0 0
878 3 0 0 0 0 0 0 0 0
880 4 1 1 0 0 0 1 0 0
881 2 0 0 0 0 0 1 0 0
887 1 0 0 0 0 0 0 0 0
889 2 0 0 1 0 0 0 0 0
891 2 1 1 1 0 0 0 0 0
892 1 0 0 0 0 0 0 0 0
895 9 0 0 7 0 0 0 0 0
fn=init_tls
734 4 1 1 0 0 0 3 0 0
736 2 0 0 1 0 0 1 0 0
740 3 0 0 1 1 0 0 0 0
746 2 0 0 0 0 0 1 1 1
749 1 0 0 0 0 0 1 0 0
750 1 0 0 0 0 0 0 0 0
751 1 0 0 0 0 0 0 0 0
755 1 0 0 0 0 0 0 0 0
757 1 0 0 0 0 0 1 0 0
761 2 1 1 1 1 1 0 0 0
762 2 0 0 0 0 0 0 0 0
763 22 0 0 1 0 0 0 0 0
764 9 1 1 9 0 0 0 0 0
765 18 1 1 9 7 0 0 0 0
769 6 0 0 0 0 0 2 0 0
771 2 0 0 0 0 0 0 0 0
773 3 0 0 1 0 0 0 0 0
776 2 0 0 0 0 0 1 0 0
779 1 0 0 0 0 0 1 0 0
786 2 1 1 0 0 0 1 0 0
787 2 0 0 0 0 0 0 0 0
793 2 0 0 1 0 0 1 0 0
797 1 0 0 0 0 0 1 0 0
800 5 0 0 4 0 0 0 0 0
fn=map_doit
641 6 1 1 0 0 0 2 0 0
643 4 0 0 1 0 0 0 0 0
644 6 0 0 2 0 0 2 1 1
646 3 0 0 3 0 0 0 0 0
fn=version_check_doit
674 6 2 2 0 0 0 2 0 0
676 6 0 0 2 0 0 1 0 0
680 3 0 0 3 0 0 0 0 0
fl=./elf/./get-dynamic-info.h
fn=_dl_start
45 75 0 0 19 5 5 0 0 0
49 36 0 0 0 0 0 0 0 0
51 10 0 0 0 0 0 0 0 0
52 5 1 1 0 0 0 0 0 0
54 20 0 0 0 0 0 0 0 0
55 16 0 0 0 0 0 0 0 0
56 5 0 0 0 0 0 0 0 0
59 4 1 1 0 0 0 0 0 0
62 4 1 1 0 0 0 0 0 0
64 4 0 0 0 0 0 0 0 0
68 18 0 0 0 0 0 18 7 7
72 3 0 0 0 0 0 0 0 0
84 4 0 0 2 0 0 0 0 0
85 3 0 0 1 0 0 0 0 0
86 4 1 1 2 0 0 0 0 0
87 4 0 0 2 0 0 0 0 0
88 5 0 0 2 0 0 0 0 0
89 3 1 1 1 0 0 0 0 0
90 4 0 0 2 0 0 0 0 0
91 4 0 0 2 0 0 0 0 0
103 10 2 2 2 0 0 1 0 0
110 3 0 0 1 1 1 0 0 0
123 3 2 2 2 0 0 0 0 0
129 3 0 0 1 0 0 0 0 0
130 3 0 0 2 0 0 0 0 0
133 2 0 0 1 0 0 0 0 0
134 3 0 0 1 0 0 0 0 0
139 5 1 1 2 0 0 0 0 0
142 5 0 0 2 0 0 0 0 0
fn=dl_main
39 4 0 0 2 0 0 0 0 0
43 1 0 0 0 0 0 0 0 0
45 119 0 0 30 8 8 0 0 0
49 58 1 1 0 0 0 0 0 0
51 8 0 0 0 0 0 0 0 0
52 4 0 0 0 0 0 0 0 0
54 17 0 0 0 0 0 0 0 0
55 13 0 0 0 0 0 0 0 0
56 5 1 1 0 0 0 0 0 0
59 4 0 0 0 0 0 0 0 0
62 4 1 1 0 0 0 0 0 0
64 4 0 0 0 0 0 0 0 0
68 29 0 0 0 0 0 29 7 7
72 4 1 1 2 0 0 0 0 0
110 4 1 1 2 0 0 0 0 0
115 2 0 0 1 0 0 0 0 0
122 3 0 0 2 0 0 0 0 0
123 4 1 1 3 0 0 0 0 0
129 3 0 0 1 0 0 0 0 0
147 4 0 0 2 0 0 0 0 0
162 4 1 1 2 1 1 0 0 0
184 3 1 1 2 0 0 0 0 0
fl=./elf/./setup-vdso.h
fn=dl_main
24 2 0 0 1 0 0 0 0 0
fl=./iconv/../iconv/loop.c
fn=__gconv_transform_internal_utf8
230 7795 0 0 0 0 0 0 0 0
231 7795 0 0 0 0 0 7795 0 0
232 7795 0 0 0 0 0 7795 0 0
238 70165 0 0 0 0 0 0 0 0
243 31190 0 0 0 0 0 0 0 0
244 15595 18 1 0 0 0 0 0 0
251 31190 0 0 0 0 0 0 0 0
265 140355 0 0 31190 0 0 46785 32 2
269 15590 20 1 7795 0 0 7795 0 0
270 15595 0 0 15595 0 0 0 0 0
297 23385 0 0 15590 0 0 0 0 0
fn=__gconv_transform_utf8_internal
230 1816 0 0 0 0 0 908 0 0
231 908 0 0 0 0 0 0 0 0
232 908 0 0 0 0 0 0 0 0
238 30392 0 0 0 0 0 0 0 0
251 28592 0 0 0 0 0 0 0 0
252 14296 0 0 0 0 0 0 0 0
257 8 2 0 0 0 0 8 0 0
265 114304 104 1 14288 0 0 14288 139 5
269 1816 121 2 908 0 0 908 0 0
297 5448 65 1 2724 0 0 1816 0 0
fl=./iconv/../iconv/skeleton.c
fn=__gconv_transform_internal_utf8
331 171490 53 2 23385 0 0 101335 37 3
332 15590 0 0 0 0 0 7795 0 0
333 15590 0 0 0 0 0 7795 0 0
334 7795 19 1 0 0 0 7795 0 0
337 23385 0 0 7795 0 0 0 0 0
347 23385 17 1 7795 0 0 0 0 0
443 23385 0 0 15590 0 0 0 0 0
444 7795 0 0 7795 0 0 0 0 0
448 7795 0 0 0 0 0 7795 0 0
449 38975 15 1 7795 0 0 7795 0 0
459 23385 0 0 7795 0 0 0 0 0
462 46770 27 1 15590 0 0 15590 0 0
518 15590 0 0 7795 0 0 0 0 0
525 7795 0 0 7795 0 0 0 0 0
529 15590 0 0 7795 0 0 0 0 0
532 7795 0 0 0 0 0 7795 0 0
536 23385 21 1 23385 0 0 0 0 0
637 15590 0 0 0 0 0 0 0 0
663 93540 51 2 70155 0 0 0 0 0
fn=__gconv_transform_utf8_internal
331 17252 170 2 2724 0 0 8172 117 1
332 1816 0 0 0 0 0 908 0 0
333 1816 0 0 0 0 0 908 8 0
334 908 104 1 0 0 0 908 0 0
337 3632 0 0 908 0 0 908 0 0
347 1816 0 0 0 0 0 0 0 0
443 2724 101 1 908 0 0 0 0 0
444 908 0 0 908 0 0 0 0 0
448 908 0 0 0 0 0 908 0 0
449 4540 0 0 0 0 0 908 0 0
459 2724 0 0 908 0 0 0 0 0
462 5448 104 1 1816 0 0 908 0 0
518 1816 0 0 908 0 0 0 0 0
525 908 0 0 908 0 0 0 0 0
529 1816 0 0 908 0 0 0 0 0
532 1816 100 1 908 0 0 908 0 0
536 1816 0 0 1816 0 0 0 0 0
637 4540 101 1 1816 0 0 0 0 0
663 10896 103 1 9080 0 0 0 0 0
fl=./iconv/../sysdeps/unix/sysv/linux/not-cancel.h
fn=__gconv_load_cache
75 2 1 1 0 0 0 1 0 0
fl=./iconv/./iconv/gconv_builtin.c
fn=__gconv_get_builtin_trans
62 14 1 1 0 0 0 6 0 0
65 4 1 1 0 0 0 0 0 0
66 53 2 2 0 0 0 11 0 0
71 8 1 1 2 2 0 2 0 0
73 4 0 0 0 0 0 2 0 0
75 2 0 0 0 0 0 2 0 0
78 20 0 0 2 0 0 2 0 0
79 2 0 0 2 0 0 0 0 0
80 4 0 0 2 0 0 0 0 0
81 2 0 0 2 0 0 0 0 0
84 2 1 1 0 0 0 2 0 0
85 8 0 0 8 0 0 0 0 0
fl=./iconv/./iconv/gconv_cache.c
fn=__gconv_load_cache
49 9 1 1 1 0 0 4 0 0
56 3 1 1 0 0 0 2 0 0
57 2 0 0 0 0 0 0 0 0
61 5 0 0 0 0 0 1 0 0
62 2 0 0 0 0 0 0 0 0
67 5 1 1 0 0 0 1 0 0
70 3 0 0 1 0 0 0 0 0
78 1 0 0 0 0 0 1 0 0
80 7 0 0 0 0 0 2 1 0
81 2 0 0 0 0 0 0 0 0
113 1 0 0 1 0 0 0 0 0
114 2 0 0 1 1 0 0 0 0
115 4 0 0 2 0 0 0 0 0
116 3 0 0 1 0 0 0 0 0
117 3 0 0 1 0 0 0 0 0
118 2 0 0 0 0 0 0 0 0
119 1 0 0 0 0 0 0 0 0
121 3 1 1 1 0 0 0 0 0
122 3 0 0 1 0 0 0 0 0
139 1 0 0 0 0 0 0 0 0
140 9 0 0 6 0 0 0 0 0
fn=__gconv_lookup_cache
243 28 1 1 2 0 0 18 0 0
253 10 1 1 2 0 0 0 0 0
258 4 0 0 2 0 0 0 0 0
259 2 0 0 0 0 0 0 0 0
260 4 0 0 2 0 0 0 0 0
262 8 0 0 0 0 0 2 0 0
263 18 1 1 6 0 0 4 0 0
266 1 0 0 0 0 0 0 0 0
268 12 1 1 0 0 0 2 0 0
269 14 0 0 6 0 0 0 0 0
272 2 0 0 0 0 0 0 0 0
275 12 1 1 4 0 0 0 0 0
279 6 0 0 0 0 0 0 0 0
354 2 0 0 1 1 1 0 0 0
355 4 1 1 1 0 0 0 0 0
361 8 0 0 0 0 0 4 0 0
362 4 1 1 0 0 0 0 0 0
365 6 0 0 3 0 0 2 0 0
366 5 0 0 2 0 0 3 0 0
371 3 1 1 1 0 0 1 0 0
372 3 0 0 0 0 0 2 0 0
374 1 0 0 0 0 0 1 0 0
375 1 0 0 0 0 0 1 1 1
378 5 0 0 3 0 0 0 0 0
381 1 0 0 0 0 0 0 0 0
382 1 0 0 1 0 0 0 0 0
394 9 1 1 3 0 0 3 0 0
397 4 1 1 2 0 0 1 0 0
401 2 0 0 0 0 0 0 0 0
403 1 0 0 0 0 0 0 0 0
405 6 1 1 0 0 0 2 1 1
406 3 0 0 1 0 0 1 0 0
408 1 0 0 0 0 0 1 0 0
409 1 0 0 0 0 0 1 1 1
412 4 1 1 2 0 0 0 0 0
415 1 0 0 0 0 0 0 0 0
416 1 0 0 1 0 0 0 0 0
430 4 1 1 0 0 0 1 0 0
433 3 0 0 2 0 0 0 0 0
437 24 0 0 18 0 0 0 0 0
fn=find_module_idx
145 40 1 1 0 0 0 32 0 0
154 4 0 0 4 0 0 0 0 0
155 8 0 0 4 0 0 4 0 0
157 4 0 0 4 0 0 0 0 0
159 8 0 0 0 0 0 4 0 0
160 16 0 0 4 0 0 0 0 0
161 20 0 0 0 0 0 0 0 0
163 12 1 1 8 0 0 0 0 0
164 52 1 1 8 4 4 0 0 0
165 24 0 0 0 0 0 0 0 0
166 88 0 0 32 0 0 24 0 0
168 12 1 1 8 1 1 4 0 0
172 4 0 0 0 0 0 0 0 0
173 24 0 0 0 0 0 0 0 0
177 32 0 0 28 0 0 0 0 0
fl=./iconv/./iconv/gconv_conf.c
fn=__gconv_load_conf
527 2 1 1 0 0 0 0 0 0
528 6 1 1 0 0 0 0 0 0
fn=__gconv_read_conf
463 9 1 1 0 0 0 6 0 0
464 4 1 1 3 0 0 1 0 0
468 3 0 0 0 0 0 1 0 0
471 2 0 0 1 0 0 1 0 0
514 11 1 1 9 0 0 0 0 0
fl=./iconv/./iconv/gconv_db.c
fn=__gconv_find_transform
706 34 2 2 2 0 0 14 0 0
712 2 0 0 0 0 0 2 0 0
715 8 0 0 2 1 0 0 0 0
717 12 0 0 0 0 0 2 0 0
718 4 0 0 0 0 0 0 0 0
721 8 1 1 4 0 0 0 0 0
763 22 1 1 18 0 0 0 0 0
fl=./intl/../include/../locale/localeinfo.h
fn=__dcigettext
222 576 93 1 192 53 0 0 0 0
fl=./intl/../intl/l10nflist.c
fn=_nl_normalize_codeset
311 9 2 2 0 0 0 5 0 0
312 1 0 0 0 0 0 0 0 0
313 1 0 0 0 0 0 0 0 0
323 17 0 0 0 0 0 0 0 0
324 23 0 0 11 3 2 0 0 0
326 4 1 1 0 0 0 0 0 0
328 4 0 0 0 0 0 0 0 0
329 10 0 0 0 0 0 0 0 0
332 6 0 0 0 0 0 1 0 0
334 2 0 0 0 0 0 0 0 0
341 15 0 0 0 0 0 0 0 0
342 20 1 1 10 0 0 0 0 0
343 12 0 0 4 2 2 3 0 0
344 8 0 0 0 0 0 0 0 0
345 2 0 0 0 0 0 1 0 0
347 1 0 0 0 0 0 1 0 0
351 6 1 1 6 0 0 0 0 0
fl=./intl/../string/bits/string_fortified.h
fn=__dcigettext
45 384 0 0 96 0 0 192 0 0
fl=./intl/./intl/dcgettext.c
fn=dcgettext
46 192 96 1 0 0 0 0 0 0
47 384 0 0 0 0 0 0 0 0
fl=./intl/./intl/dcigettext.c
fn=__dcigettext
485 1536 192 2 96 0 0 1056 49 0
494 96 0 0 0 0 0 96 1 0
508 288 0 0 0 0 0 0 0 0
512 384 96 1 0 0 0 0 0 0
517 96 0 0 0 0 0 0 0 0
521 384 0 0 192 0 0 96 0 0
525 192 0 0 0 0 0 96 20 0
528 192 0 0 0 0 0 96 0 0
534 192 67 1 96 55 0 0 0 0
544 96 0 0 0 0 0 96 0 0
545 96 0 0 0 0 0 96 12 0
546 96 0 0 0 0 0 96 0 0
547 192 0 0 96 0 0 96 0 0
551 288 0 0 0 0 0 192 0 0
560 96 0 0 0 0 0 96 0 0
567 192 0 0 0 0 0 96 0 0
569 576 64 1 0 0 0 192 0 0
571 192 0 0 0 0 0 96 0 0
573 192 0 0 0 0 0 0 0 0
601 480 96 1 192 54 0 0 0 0
616 288 96 1 0 0 0 96 0 0
650 288 93 1 0 0 0 192 0 0
651 1920 190 2 192 0 0 192 0 0
655 576 93 1 0 0 0 192 0 0
660 1728 96 1 96 0 0 96 0 0
669 288 0 0 96 0 0 0 0 0
671 192 0 0 0 0 0 0 0 0
682 192 93 1 0 0 0 0 0 0
683 480 94 1 96 0 0 0 0 0
684 288 0 0 0 0 0 96 0 0
685 96 0 0 0 0 0 96 0 0
689 384 0 0 192 117 0 0 0 0
696 192 0 0 96 0 0 0 0 0
697 480 192 2 96 0 0 0 0 0
832 96 0 0 0 0 0 0 0 0
834 192 93 1 96 0 0 96 4 0
836 192 0 0 0 0 0 96 0 0
838 192 0 0 0 0 0 96 0 0
853 288 0 0 192 0 0 96 0 0
857 288 93 1 96 0 0 0 0 0
858 1152 0 0 864 0 0 0 0 0
1536 192 0 0 0 0 0 96 0 0
1569 672 94 1 192 53 0 0 0 0
1570 96 0 0 0 0 0 0 0 0
fl=./intl/./intl/hash-string.c
fn=__hash_string
32 4 1 1 0 0 0 0 0 0
37 4 0 0 0 0 0 0 0 0
38 114 1 1 38 1 1 0 0 0
40 30 0 0 0 0 0 0 0 0
41 60 0 0 0 0 0 0 0 0
43 90 0 0 0 0 0 0 0 0
45 12 0 0 0 0 0 0 0 0
46 6 0 0 0 0 0 0 0 0
fl=./io/../sysdeps/posix/isatty.c
fn=isatty
24 952 134 1 136 0 0 272 0 0
27 544 0 0 0 0 0 136 0 0
28 816 0 0 544 0 0 0 0 0
fl=./io/../sysdeps/unix/sysv/linux/access.c
fn=access
25 1 0 0 0 0 0 0 0 0
27 7 0 0 0 0 0 1 0 0
31 1 0 0 1 0 0 0 0 0
fl=./io/../sysdeps/unix/sysv/linux/close.c
fn=close
26 133 133 2 0 0 0 0 0 0
27 798 133 2 133 0 0 0 0 0
28 133 0 0 133 0 0 0 0 0
fl=./io/../sysdeps/unix/sysv/linux/close_nocancel.c
fn=__GI___close_nocancel
25 8 1 1 0 0 0 0 0 0
26 32 0 0 0 0 0 0 0 0
27 8 0 0 8 0 0 0 0 0
fn=__close_nocancel
25 31 30 1 0 0 0 0 0 0
26 124 0 0 0 0 0 0 0 0
27 31 0 0 31 0 0 0 0 0
fl=./io/../sysdeps/unix/sysv/linux/fcntl64.c
fn=fcntl
38 48 5 1 6 1 0 18 0 0
42 30 5 1 0 0 0 18 0 0
48 24 0 0 0 0 0 0 0 0
51 6 0 0 0 0 0 6 1 0
52 30 0 0 24 0 0 0 0 0
fl=./io/../sysdeps/unix/sysv/linux/fcntl_nocancel.c
fn=__fcntl64_nocancel_adjusted
51 42 5 1 6 0 0 12 0 0
52 12 0 0 0 0 0 0 0 0
63 24 0 0 0 0 0 0 0 0
64 30 0 0 24 0 0 0 0 0
fl=./io/../sysdeps/unix/sysv/linux/fstat64.c
fn=fstat
30 40 31 2 0 0 0 0 0 0
39 160 1 1 0 0 0 0 0 0
72 40 0 0 40 0 0 0 0 0
fl=./io/../sysdeps/unix/sysv/linux/fstatat64.c
fn=fstatat
91 8 0 0 0 0 0 0 0 0
146 8 0 0 0 0 0 0 0 0
160 4 1 1 0 0 0 2 0 0
161 14 0 0 2 0 0 0 0 0
162 2 0 0 2 0 0 0 0 0
fl=./io/../sysdeps/unix/sysv/linux/getcwd.c
fn=getcwd
49 14 2 2 1 0 0 8 0 0
55 2 0 0 0 0 0 0 0 0
66 2 0 0 0 0 0 0 0 0
76 1 1 1 0 0 0 1 0 0
80 5 1 1 1 0 0 0 0 0
81 5 1 1 2 0 0 0 0 0
84 3 1 1 1 0 0 0 0 0
88 4 0 0 1 0 0 1 0 0
131 12 1 1 10 0 0 0 0 0
fl=./io/../sysdeps/unix/sysv/linux/lseek64.c
fn=lseek
28 263 135 1 0 0 0 0 0 0
40 1060 2 1 2 0 0 2 0 0
42 263 0 0 263 0 0 0 0 0
fl=./io/../sysdeps/unix/sysv/linux/open64.c
fn=open
30 1668 278 2 139 0 0 695 0 0
33 973 0 0 0 0 0 0 0 0
41 1276 141 3 144 1 0 5 0 0
43 1112 0 0 834 0 0 0 0 0
fl=./io/../sysdeps/unix/sysv/linux/open64_nocancel.c
fn=__open_nocancel
28 328 30 2 30 0 0 134 3 2
31 364 0 0 0 0 0 0 0 0
39 411 31 3 1 0 0 15 0 0
41 194 0 0 164 0 0 0 0 0
fl=./io/../sysdeps/unix/sysv/linux/pread64_nocancel.c
fn=__pread64_nocancel
25 4 0 0 0 0 0 0 0 0
26 8 0 0 0 0 0 0 0 0
27 2 0 0 2 0 0 0 0 0
fl=./io/../sysdeps/unix/sysv/linux/read.c
fn=read
25 266 135 1 0 0 0 0 0 0
26 1596 0 0 266 0 0 0 0 0
27 266 0 0 266 0 0 0 0 0
fl=./io/../sysdeps/unix/sysv/linux/read_nocancel.c
fn=__read_nocancel
25 9 2 2 0 0 0 0 0 0
26 36 0 0 0 0 0 0 0 0
27 9 1 1 9 0 0 0 0 0
fl=./io/../sysdeps/unix/sysv/linux/readlink.c
fn=readlink
28 3 1 1 0 0 0 0 0 0
30 20 0 0 2 0 0 2 0 0
34 3 0 0 3 0 0 0 0 0
fl=./io/../sysdeps/unix/sysv/linux/stat64.c
fn=stat
28 8 0 0 0 0 0 0 0 0
29 16 0 0 0 0 0 0 0 0
fl=./io/../sysdeps/unix/sysv/linux/write.c
fn=write
25 1 1 1 0 0 0 0 0 0
26 6 1 1 1 0 0 0 0 0
27 1 0 0 1 0 0 0 0 0
fl=./libio/../include/printf_buffer.h
fn=__vsprintf_internal
124 1 1 1 0 0 0 1 0 0
126 1 0 0 0 0 0 1 0 0
127 1 0 0 0 0 0 1 0 0
128 1 0 0 0 0 0 1 0 0
fn=vsnprintf
124 6 0 0 0 0 0 2 0 0
127 2 0 0 0 0 0 2 0 0
128 2 0 0 0 0 0 2 0 0
137 4 1 1 0 0 0 2 0 0
fl=./libio/../libio/libioP.h
fn=_IO_seekoff_unlocked
1025 6 0 0 0 0 0 0 0 0
1026 4 0 0 0 0 0 0 0 0
fn=ftello
979 4 1 1 0 0 0 0 0 0
fl=./libio/../string/bits/string_fortified.h
fn=_IO_file_xsgetn
29 42 0 0 0 0 0 14 0 0
fn=_IO_getline_info
29 40 0 0 0 0 0 16 0 0
fl=./libio/./libio/filedoalloc.c
fn=_IO_file_doallocate
78 33 3 1 3 0 0 15 1 1
84 27 0 0 9 3 0 3 1 0
86 12 0 0 3 1 0 0 0 0
97 12 3 1 3 0 0 0 0 0
101 9 0 0 0 0 0 3 0 0
102 6 0 0 0 0 0 0 0 0
104 12 0 0 0 0 0 3 0 0
105 3 0 0 0 0 0 0 0 0
106 27 3 1 21 0 0 0 0 0
fl=./libio/./libio/fileno.c
fn=fileno
32 39 34 2 0 0 0 0 0 0
35 195 0 0 78 68 3 0 0 0
42 39 0 0 39 0 0 0 0 0
fl=./libio/./libio/fileops.c
fn=_IO_file_close
1165 3 3 1 0 0 0 0 0 0
1168 6 0 0 3 0 0 0 0 0
fn=_IO_file_close_it@@GLIBC_2.2.5
128 21 6 2 0 0 0 12 0 0
130 9 0 0 3 0 0 0 0 0
133 6 0 0 0 0 0 0 0 0
134 9 0 0 3 0 0 0 0 0
137 3 0 0 0 0 0 0 0 0
139 6 0 0 0 0 0 3 0 0
142 21 0 0 9 0 0 3 0 0
145 9 0 0 3 0 0 0 0 0
153 15 3 1 0 0 0 3 0 0
154 12 3 1 0 0 0 9 0 0
157 6 0 0 0 0 0 3 0 0
158 3 0 0 0 0 0 3 0 0
159 3 0 0 0 0 0 3 0 0
160 3 0 0 0 0 0 3 0 0
162 6 0 0 0 0 0 0 0 0
163 21 0 0 15 0 0 0 0 0
fn=_IO_file_finish@@GLIBC_2.2.5
168 18 3 1 0 0 0 9 0 0
169 6 0 0 3 0 0 0 0 0
175 9 3 1 0 0 0 0 0 0
176 9 0 0 9 0 0 0 0 0
fn=_IO_file_fopen@@GLIBC_2.2.5
213 84 12 2 7 0 0 49 0 0
214 7 5 1 0 0 0 0 0 0
222 14 0 0 7 0 0 0 0 0
223 4 1 0 0 0 0 0 0 0
224 42 0 0 7 2 2 0 0 0
227 7 0 0 0 0 0 0 0 0
228 14 0 0 0 0 0 0 0 0
247 184 13 6 21 4 2 0 0 0
268 1 1 0 1 0 0 0 0 0
269 1 0 0 0 0 0 0 0 0
271 1 0 0 0 0 0 0 0 0
272 4 1 1 1 0 0 0 0 0
273 5 5 0 0 0 0 0 0 0
281 35 2 1 0 0 0 7 0 0
284 14 0 0 0 0 0 0 0 0
287 12 3 1 0 0 0 3 0 0
288 6 0 0 0 0 0 0 0 0
357 84 3 1 63 0 0 0 0 0
fn=_IO_file_open
182 84 7 1 0 0 0 28 0 0
184 14 0 0 7 0 0 0 0 0
185 10 0 0 0 0 0 1 0 0
188 12 0 0 0 0 0 6 0 0
189 14 0 0 0 0 0 0 0 0
190 8 0 0 0 0 0 0 0 0
191 3 0 0 0 0 0 3 0 0
192 18 0 0 3 0 0 3 0 0
195 9 3 1 0 0 0 0 0 0
205 6 3 1 0 0 0 3 0 0
206 3 0 0 0 0 0 0 0 0
207 42 4 0 35 0 0 0 0 0
fn=_IO_file_read
1131 6 3 1 0 0 0 0 0 0
1133 8 0 0 6 0 0 0 0 0
1134 16 0 0 6 0 0 0 0 0
fn=_IO_file_seek
1140 1 0 0 0 0 0 0 0 0
1141 2 0 0 1 0 0 0 0 0
fn=_IO_file_seekoff@@GLIBC_2.2.5
847 2 1 1 1 0 0 0 0 0
849 5 0 0 4 0 0 0 0 0
851 2 0 0 1 0 0 0 0 0
856 4 0 0 0 0 0 0 0 0
866 2 0 0 0 0 0 0 0 0
867 3 0 0 2 0 0 0 0 0
880 3 2 2 1 0 0 0 0 0
890 2 1 1 0 0 0 0 0 0
901 26 1 1 2 0 0 14 0 0
909 5 0 0 0 0 0 0 0 0
915 4 1 1 2 0 0 0 0 0
918 4 0 0 1 0 0 0 0 0
930 2 0 0 1 0 0 0 0 0
943 2 0 0 0 0 0 0 0 0
947 3 1 1 2 0 0 0 0 0
949 3 0 0 1 0 0 0 0 0
1035 2 0 0 0 0 0 1 0 0
1036 5 0 0 2 0 0 1 0 0
1037 2 0 0 0 0 0 0 0 0
1039 2 0 0 2 0 0 0 0 0
1040 1 0 0 0 0 0 1 0 0
1041 4 1 1 0 0 0 3 0 0
1055 22 0 0 18 0 0 0 0 0
fn=_IO_file_stat
1147 3 3 1 0 0 0 0 0 0
1148 6 0 0 3 0 0 0 0 0
fn=_IO_file_sync@@GLIBC_2.2.5
793 14 2 2 0 0 0 6 0 0
798 8 0 0 4 1 1 0 0 0
800 2 0 0 2 0 0 0 0 0
801 4 1 1 2 0 0 0 0 0
812 4 1 1 0 0 0 2 0 0
816 10 0 0 8 0 0 0 0 0
fn=_IO_file_underflow@@GLIBC_2.2.5
462 40 4 2 0 0 0 24 0 0
466 12 0 0 4 0 0 0 0 0
469 8 0 0 0 0 0 0 0 0
475 12 0 0 8 0 0 0 0 0
478 8 0 0 4 0 0 0 0 0
481 3 1 1 1 0 0 0 0 0
486 2 0 0 0 0 0 1 1 0
490 10 0 0 1 0 0 0 0 0
506 8 0 0 0 0 0 4 0 0
512 24 2 1 4 0 0 12 0 0
517 20 2 1 12 0 0 4 0 0
519 8 0 0 0 0 0 0 0 0
526 4 0 0 4 0 0 0 0 0
535 12 0 0 4 0 0 0 0 0
536 2 0 0 0 0 0 1 0 0
537 8 0 0 8 0 0 0 0 0
538 32 0 0 28 0 0 0 0 0
fn=_IO_file_xsgetn
1273 180 2 1 0 0 0 105 0 0
1280 30 0 0 15 0 0 0 0 0
1283 6 2 1 2 0 0 0 0 0
1288 6 0 0 0 0 0 2 0 0
1291 105 2 1 29 0 0 0 0 0
1293 54 0 0 36 0 0 0 0 0
1294 36 0 0 0 0 0 0 0 0
1297 14 0 0 14 0 0 0 0 0
1302 8 0 0 0 0 0 0 0 0
1310 8 0 0 4 0 0 0 0 0
1319 12 0 0 4 0 0 0 0 0
1320 16 2 1 4 0 0 0 0 0
1322 8 1 1 0 0 0 2 0 0
1330 6 0 0 0 0 0 6 0 0
1331 6 0 0 0 0 0 6 0 0
1338 4 0 0 0 0 0 0 0 0
1339 12 0 0 0 0 0 0 0 0
1342 8 0 0 4 0 0 2 0 0
1343 4 0 0 0 0 0 0 0 0
1346 7 1 1 1 0 0 1 0 0
1353 1 0 0 0 0 0 0 0 0
1354 1 0 0 0 0 0 0 0 0
1355 3 1 1 1 0 0 0 0 0
1360 2 0 0 1 0 0 0 0 0
1361 120 1 0 105 0 0 0 0 0
fn=_IO_new_file_init_internal
106 42 4 1 0 0 0 14 0 0
110 7 4 1 0 0 0 7 0 0
111 7 0 0 7 0 0 0 0 0
113 7 0 0 0 0 0 7 0 0
114 7 0 0 0 0 0 7 0 0
115 21 0 0 21 0 0 0 0 0
fl=./libio/./libio/fseek.c
fn=fseek
32 11 1 1 0 0 0 5 0 0
35 2 0 0 1 0 0 0 0 0
36 9 2 2 0 0 0 1 0 0
39 7 1 1 6 0 0 0 0 0
fl=./libio/./libio/ftello.c
fn=ftello
38 7 1 1 0 0 0 3 0 0
41 2 0 0 1 0 0 0 0 0
42 5 1 1 0 0 0 1 0 0
43 3 1 1 1 0 0 0 0 0
49 2 0 0 0 0 0 0 0 0
61 5 0 0 4 0 0 0 0 0
fl=./libio/./libio/genops.c
fn=_IO_cleanup
776 6 1 1 0 0 0 3 0 0
777 10 1 1 5 0 0 2 0 0
780 13 1 1 4 0 0 0 0 0
784 3 0 0 0 0 0 3 0 0
785 36 2 2 15 0 0 6 0 0
792 7 0 0 0 0 0 0 0 0
794 6 1 1 2 0 0 0 0 0
814 3 2 2 0 0 0 3 0 0
816 29 1 1 6 0 0 6 0 0
817 3 1 1 0 0 0 3 0 0
821 7 1 1 2 0 0 2 0 0
822 2 0 0 0 0 0 1 0 0
842 12 1 1 1 0 0 7 0 0
843 2 0 0 0 0 0 1 0 0
855 12 0 0 9 0 0 0 0 0
fn=_IO_default_finish
54 6 0 0 3 0 0 0 0 0
601 18 3 1 0 0 0 6 0 0
603 9 0 0 3 0 0 0 0 0
609 9 2 1 3 0 0 0 0 0
612 9 0 0 3 0 0 0 0 0
624 9 3 1 9 0 0 0 0 0
fn=_IO_default_uflow
361 12 1 1 0 0 0 6 0 0
362 6 0 0 4 0 0 2 1 0
363 4 0 0 0 0 0 0 0 0
365 8 1 1 4 0 0 2 0 0
366 8 0 0 8 0 0 0 0 0
fn=_IO_doallocbuf
343 24 6 2 0 0 0 12 0 0
344 6 0 0 3 0 0 0 0 0
346 9 0 0 3 0 0 0 0 0
347 15 3 1 6 3 0 3 0 0
350 18 0 0 15 0 0 0 0 0
fn=_IO_flush_all
686 12 2 2 1 0 0 7 0 0
687 3 1 1 0 0 0 0 0 0
691 6 0 0 0 0 0 3 0 0
692 9 2 2 4 1 1 2 0 0
695 12 0 0 4 1 1 0 0 0
697 3 1 1 0 0 0 3 0 0
698 36 2 2 15 2 2 6 0 0
700 21 1 1 9 2 2 0 0 0
708 33 1 1 12 0 0 6 0 0
709 3 0 0 0 0 0 3 0 0
713 7 1 1 2 0 0 2 0 0
714 2 0 0 0 0 0 1 0 0
718 12 0 0 9 0 0 0 0 0
fn=_IO_link_in
87 70 7 1 0 0 0 40 0 0
88 50 7 1 20 0 0 10 0 0
90 14 0 0 0 0 0 7 0 0
92 49 7 1 0 0 0 21 0 0
93 63 6 1 21 2 0 14 0 0
94 7 0 0 0 0 0 7 0 0
95 63 7 1 28 0 0 14 0 0
97 14 0 0 7 4 0 7 0 0
98 7 6 1 0 0 0 7 0 0
100 35 0 0 7 0 0 14 0 0
101 7 0 0 0 0 0 7 0 0
102 42 0 0 7 0 0 14 0 0
103 14 12 2 0 0 0 7 0 0
106 97 0 0 70 0 0 0 0 0
fn=_IO_no_init
563 77 4 1 0 0 0 35 0 0
564 7 0 0 0 0 0 7 0 0
565 7 0 0 0 0 0 7 1 0
566 14 0 0 0 0 0 0 0 0
568 7 0 0 0 0 0 7 0 0
572 42 0 0 0 0 0 35 2 0
579 7 7 1 0 0 0 7 3 0
581 7 0 0 0 0 0 7 3 0
587 7 0 0 0 0 0 7 0 0
588 42 0 0 42 0 0 0 0 0
fn=_IO_old_init
531 7 7 1 0 0 0 0 0 0
532 14 0 0 0 0 0 7 0 0
534 42 0 0 7 4 1 7 0 0
539 49 0 0 0 0 0 42 1 0
544 7 0 0 0 0 0 7 3 0
550 14 7 1 0 0 0 7 0 0
555 21 0 0 7 0 0 0 0 0
556 14 0 0 0 0 0 14 4 0
558 7 0 0 7 0 0 0 0 0
fn=_IO_setb
329 66 3 1 0 0 0 30 0 0
330 30 0 0 12 0 0 0 0 0
331 3 0 0 0 0 0 3 0 0
332 6 0 0 0 0 0 6 0 0
333 6 0 0 0 0 0 6 0 0
335 42 0 0 3 0 0 6 0 0
338 36 0 0 36 0 0 0 0 0
fn=_IO_sgetn
409 75 2 1 0 0 0 30 0 0
411 45 0 0 30 2 0 0 0 0
412 30 0 0 30 0 0 0 0 0
fn=_IO_sputbackc
635 672 1 1 0 0 0 288 0 0
638 288 0 0 192 0 0 0 0 0
639 192 0 0 96 0 0 0 0 0
641 192 1 1 0 0 0 96 0 0
642 96 0 0 0 0 0 0 0 0
647 96 0 0 0 0 0 0 0 0
648 96 0 0 96 0 0 0 0 0
651 480 0 0 384 0 0 0 0 0
fn=_IO_switch_to_get_mode
164 24 2 1 0 0 0 12 0 0
165 12 2 1 8 0 0 0 0 0
168 12 2 1 4 0 0 0 0 0
172 8 0 0 4 0 0 4 0 0
173 8 0 0 4 0 0 0 0 0
176 4 0 0 0 0 0 4 0 0
178 8 0 0 0 0 0 8 0 0
180 8 0 0 0 0 0 4 0 0
181 4 0 0 0 0 0 0 0 0
182 16 0 0 16 0 0 0 0 0
fn=_IO_un_link
53 10 0 0 0 0 0 0 0 0
54 20 0 0 10 0 0 0 0 0
82 10 0 0 3 0 0 0 0 0
fn=_IO_unsave_markers
937 24 3 1 0 0 0 8 0 0
939 8 0 0 4 0 0 0 0 0
944 12 3 1 4 0 0 0 0 0
946 12 0 0 12 0 0 0 0 0
fn=__GI__IO_un_link.part.0
52 70 7 1 7 0 0 35 0 0
58 42 7 1 0 0 0 21 0 0
59 70 4 1 21 0 0 14 0 0
60 7 0 0 0 0 0 7 0 0
61 82 16 3 25 0 0 12 0 0
63 22 5 3 7 0 0 0 0 0
65 14 7 1 0 0 0 0 0 0
66 21 4 1 7 0 0 7 0 0
74 14 5 1 0 0 0 7 0 0
76 62 0 0 12 0 0 12 0 0
77 7 0 0 0 0 0 7 0 0
78 44 0 0 7 0 0 14 0 0
79 14 1 0 0 0 0 7 0 0
82 63 0 0 49 0 0 0 0 0
fn=__uflow
173 2 0 0 2 0 0 0 0 0
299 12 1 1 0 0 0 6 0 0
300 10 2 2 2 0 0 0 0 0
305 6 0 0 2 0 0 0 0 0
308 6 0 0 2 0 0 0 0 0
310 4 0 0 0 0 0 0 0 0
316 4 0 0 2 0 0 0 0 0
321 6 0 0 2 0 0 0 0 0
323 8 1 1 4 1 0 0 0 0
324 6 0 0 6 0 0 0 0 0
fn=__underflow
173 2 0 0 2 0 0 0 0 0
269 12 1 1 0 0 0 6 0 0
270 9 0 0 2 0 0 1 0 0
275 6 0 0 2 0 0 0 0 0
278 6 1 1 2 0 0 0 0 0
280 4 0 0 0 0 0 0 0 0
286 4 0 0 2 0 0 0 0 0
291 6 1 1 2 0 0 0 0 0
293 8 0 0 4 0 0 0 0 0
294 6 0 0 6 0 0 0 0 0
fl=./libio/./libio/iofclose.c
fn=fclose@@GLIBC_2.2.5
34 24 6 2 0 0 0 12 0 0
48 9 0 0 3 0 0 0 0 0
49 3 3 1 0 0 0 3 0 0
51 29 4 2 11 0 0 4 0 0
52 6 1 0 0 0 0 0 0 0
53 9 3 1 0 0 0 3 0 0
57 12 0 0 6 0 0 3 0 0
58 9 0 0 3 0 0 0 0 0
71 6 0 0 3 0 0 0 0 0
76 21 0 0 15 0 0 0 0 0
fl=./libio/./libio/iofflush.c
fn=fflush
32 12 1 1 0 0 0 6 0 0
33 4 0 0 0 0 0 0 0 0
39 24 2 2 10 4 4 4 0 0
40 10 0 0 4 2 2 2 0 0
44 10 0 0 8 0 0 0 0 0
fl=./libio/./libio/iofgets.c
fn=fgets
32 56 1 1 0 0 0 40 0 0
37 32 0 0 0 0 0 0 0 0
39 16 0 0 0 0 0 0 0 0
47 112 2 2 40 0 0 16 0 0
51 16 1 1 0 0 0 0 0 0
52 16 0 0 0 0 0 8 0 0
53 56 0 0 0 0 0 8 0 0
56 40 1 1 8 0 0 0 0 0
57 8 0 0 0 0 0 0 0 0
60 8 0 0 0 0 0 8 0 0
61 8 0 0 0 0 0 0 0 0
63 24 0 0 8 0 0 8 0 0
66 56 0 0 48 0 0 0 0 0
fl=./libio/./libio/iofopen.c
fn=fopen@@GLIBC_2.2.5
37 6 0 0 3 0 0 0 0 0
65 14 0 0 0 0 0 7 0 0
67 21 0 0 0 0 0 0 0 0
68 4 0 0 0 0 0 0 0 0
70 14 0 0 0 0 0 7 5 0
72 49 6 1 0 0 0 7 0 0
73 14 0 0 0 0 0 7 0 0
74 14 0 0 0 0 0 7 0 0
75 49 4 1 0 0 0 7 0 0
78 8 2 0 0 0 0 4 0 0
79 8 0 0 0 0 0 4 0 0
85 63 4 1 0 0 0 35 0 0
87 49 3 1 42 0 0 0 0 0
fl=./libio/./libio/iofread.c
fn=fread
31 9 1 1 0 0 0 6 0 0
32 2 0 0 0 0 0 0 0 0
35 6 1 1 0 0 0 0 0 0
37 14 2 2 6 0 0 3 0 0
38 4 0 0 0 0 0 1 0 0
40 5 0 0 0 0 0 0 0 0
41 9 1 1 7 0 0 0 0 0
fl=./libio/./libio/iofread_u.c
fn=fread_unlocked
34 98 1 1 0 0 0 56 0 0
35 28 0 0 0 0 0 0 0 0
38 28 0 0 0 0 0 0 0 0
40 56 0 0 0 0 0 14 0 0
41 42 0 0 0 0 0 0 0 0
42 126 2 2 70 0 0 0 0 0
fl=./libio/./libio/iogetline.c
fn=_IO_getline
33 8 1 1 0 0 0 0 0 0
34 16 0 0 0 0 0 0 0 0
fn=_IO_getline_info
49 120 2 2 0 0 0 80 0 0
51 16 0 0 0 0 0 0 0 0
53 24 0 0 8 0 0 0 0 0
55 32 1 1 8 0 0 0 0 0
57 24 1 1 16 0 0 0 0 0
58 16 0 0 0 0 0 0 0 0
83 24 0 0 0 0 0 0 0 0
85 32 0 0 8 0 0 8 0 0
86 16 0 0 0 0 0 0 0 0
88 24 1 1 8 0 0 0 0 0
89 16 0 0 0 0 0 0 0 0
90 24 0 0 8 0 0 0 0 0
92 8 0 0 0 0 0 0 0 0
94 16 1 1 0 0 0 0 0 0
97 16 0 0 8 0 0 8 0 0
98 8 0 0 0 0 0 0 0 0
107 64 0 0 56 0 0 0 0 0
fl=./libio/./libio/ioseekoff.c
fn=_IO_seekoff_unlocked
33 14 2 2 0 0 0 6 0 0
34 4 0 0 0 0 0 0 0 0
43 9 1 1 2 0 0 0 0 0
59 8 1 1 4 0 0 0 0 0
60 8 0 0 6 0 0 0 0 0
fl=./libio/./libio/iovsprintf.c
fn=__vsprintf_internal
37 14 2 2 1 0 0 3 0 0
45 2 0 0 0 0 0 0 0 0
62 3 1 1 0 0 0 1 0 0
68 3 0 0 1 0 0 1 0 0
70 2 0 0 0 0 0 1 0 0
71 6 0 0 5 0 0 0 0 0
fl=./libio/./libio/libioP.h
fn=_IO_cleanup
1025 1 1 1 0 0 0 0 0 0
fn=_IO_default_uflow
1025 6 0 0 0 0 0 0 0 0
1026 4 0 0 0 0 0 0 0 0
fn=_IO_doallocbuf
1025 9 0 0 0 0 0 0 0 0
1026 6 0 0 0 0 0 0 0 0
fn=_IO_file_close_it@@GLIBC_2.2.5
1025 9 3 1 0 0 0 0 0 0
1026 6 0 0 0 0 0 0 0 0
fn=_IO_file_doallocate
1025 9 3 1 0 0 0 0 0 0
1026 6 0 0 0 0 0 0 0 0
fn=_IO_file_seekoff@@GLIBC_2.2.5
1025 4 2 2 0 0 0 0 0 0
1026 2 0 0 0 0 0 0 0 0
fn=_IO_file_underflow@@GLIBC_2.2.5
1025 16 2 1 0 0 0 0 0 0
1026 8 0 0 0 0 0 0 0 0
fn=_IO_file_xsgetn
1025 19 1 1 0 0 0 0 0 0
1026 4 0 0 0 0 0 0 0 0
fn=_IO_flush_all
1025 2 0 0 0 0 0 0 0 0
fn=_IO_sgetn
1025 45 2 1 0 0 0 0 0 0
1026 30 0 0 0 0 0 0 0 0
fn=__uflow
1025 6 0 0 0 0 0 0 0 0
1026 4 0 0 0 0 0 0 0 0
fn=__underflow
1025 6 0 0 0 0 0 0 0 0
1026 4 0 0 0 0 0 0 0 0
fn=fclose@@GLIBC_2.2.5
951 12 0 0 6 4 0 0 0 0
952 12 0 0 3 2 0 0 0 0
958 6 0 0 0 0 0 3 0 0
979 12 0 0 3 0 0 0 0 0
980 27 0 0 9 0 0 6 0 0
1025 9 0 0 0 0 0 0 0 0
1026 6 3 1 0 0 0 0 0 0
fn=fflush
979 4 0 0 2 0 0 0 0 0
980 16 0 0 6 0 0 4 0 0
1025 6 1 1 0 0 0 0 0 0
1026 4 0 0 0 0 0 0 0 0
fn=fgets
979 24 0 0 0 0 0 0 0 0
980 64 1 1 24 0 0 16 0 0
fn=fread
979 2 1 1 1 0 0 0 0 0
980 9 0 0 3 0 0 2 0 0
fn=fseek
979 2 0 0 1 0 0 0 0 0
fl=./libio/./libio/vsnprintf.c
fn=vsnprintf
63 4 0 0 0 0 0 0 0 0
66 2 0 0 0 0 0 2 1 1
75 6 1 1 4 0 0 0 0 0
76 2 0 0 0 0 0 2 0 0
87 4 0 0 0 0 0 2 0 0
96 8 0 0 0 0 0 2 0 0
102 22 1 1 2 0 0 6 0 0
104 12 0 0 10 0 0 0 0 0
fl=./libio/./libio/vtables.c
fn=check_stdfiles_vtables
545 1 1 1 0 0 0 0 0 0
546 4 0 0 2 2 0 0 0 0
547 3 1 1 2 1 0 0 0 0
548 3 0 0 2 1 0 0 0 0
550 1 0 0 1 0 0 0 0 0
fl=./locale/../string/bits/string_fortified.h
fn=_nl_intern_locale_data
59 11 0 0 0 0 0 3 0 0
fn=_nl_load_locale_from_archive
29 3 0 0 1 0 0 1 0 0
fl=./locale/../sysdeps/unix/sysv/linux/not-cancel.h
fn=_nl_load_locale_from_archive
75 2 0 0 0 0 0 1 0 0
fl=./locale/./locale/findlocale.c
fn=_nl_find_locale
65 16 0 0 2 0 0 0 0 0
74 6 0 0 0 0 0 2 0 0
77 4 2 1 0 0 0 0 0 0
81 14 0 0 0 0 0 2 0 0
84 4 0 0 0 0 0 0 0 0
86 2 0 0 0 0 0 0 0 0
87 8 1 1 4 0 0 0 0 0
95 12 0 0 0 0 0 2 0 0
103 51 2 1 3 0 0 24 0 0
106 6 0 0 3 0 0 3 0 0
114 6 2 1 3 0 0 0 0 0
118 8 2 2 0 0 0 4 0 0
120 6 0 0 0 0 0 4 0 0
122 8 1 1 0 0 0 4 0 0
131 15 0 0 0 0 0 3 0 0
132 10 0 0 0 0 0 2 0 0
136 1 0 0 0 0 0 1 0 0
137 3 1 1 1 1 0 0 0 0
145 4 0 0 2 0 0 2 0 0
149 4 0 0 0 0 0 0 0 0
152 6 0 0 0 0 0 2 0 0
153 4 1 1 0 0 0 0 0 0
282 4 2 1 0 0 0 0 0 0
324 33 0 0 27 2 0 0 0 0
fl=./locale/./locale/hashval.h
fn=_nl_load_locale_from_archive
35 1 0 0 0 0 0 0 0 0
36 35 1 1 0 0 0 0 0 0
38 10 0 0 0 0 0 0 0 0
39 20 0 0 10 0 0 0 0 0
41 2 0 0 0 0 0 0 0 0
fl=./locale/./locale/lc-ctype.c
fn=_nl_postload_ctype
33 3 1 1 0 0 0 0 0 0
38 3 0 0 3 0 0 0 0 0
56 3 0 0 0 0 0 3 1 0
57 6 1 1 3 0 0 0 0 0
58 3 0 0 0 0 0 3 0 0
59 6 0 0 3 0 0 0 0 0
60 3 0 0 0 0 0 3 0 0
61 6 0 0 3 0 0 0 0 0
65 12 0 0 6 1 0 0 0 0
67 6 1 1 3 0 0 3 0 0
69 6 1 1 3 0 0 3 0 0
71 9 0 0 3 0 0 3 0 0
105 18 1 1 12 0 0 3 1 0
106 12 0 0 6 0 0 3 0 0
107 12 0 0 6 0 0 3 0 0
108 9 0 0 6 2 0 3 0 0
109 9 0 0 6 2 0 3 0 0
110 9 0 0 6 1 0 3 0 0
112 3 0 0 3 0 0 0 0 0
fl=./locale/./locale/loadarchive.c
fn=_nl_load_locale_from_archive
118 1 0 0 1 0 0 0 0 0
119 3 1 1 1 1 1 0 0 0
120 2 0 0 2 0 0 0 0 0
121 1 0 0 1 0 0 0 0 0
122 4 0 0 1 0 0 0 0 0
123 4 0 0 0 0 0 0 0 0
134 28 1 1 2 0 0 18 0 0
135 2 0 0 2 0 0 0 0 0
153 4 2 1 0 0 0 2 0 0
159 7 0 0 2 1 0 0 0 0
160 8 0 0 1 0 0 1 0 0
162 2 0 0 1 0 0 1 0 0
163 2 0 0 2 0 0 0 0 0
169 3 1 1 0 0 0 1 0 0
170 4 1 1 1 0 0 0 0 0
172 5 2 2 0 0 0 1 0 0
173 6 0 0 0 0 0 1 0 0
174 2 0 0 0 0 0 0 0 0
176 6 0 0 0 0 0 1 0 0
181 3 1 1 0 0 0 1 0 0
182 3 0 0 0 0 0 1 0 0
183 19 1 1 1 0 0 0 0 0
184 11 1 1 0 0 0 4 0 0
187 1 0 0 1 0 0 0 0 0
189 3 0 0 0 0 0 1 0 0
194 2 0 0 1 1 0 0 0 0
202 2 1 1 0 0 0 1 0 0
205 5 0 0 0 0 0 1 0 0
206 2 0 0 0 0 0 0 0 0
210 5 1 1 0 0 0 1 0 0
225 1 0 0 1 1 0 0 0 0
227 8 0 0 0 0 0 1 0 0
228 2 0 0 0 0 0 0 0 0
235 2 0 0 0 0 0 0 0 0
259 1 1 1 0 0 0 1 0 0
261 1 0 0 0 0 0 1 0 0
265 1 0 0 0 0 0 0 0 0
270 3 0 0 0 0 0 1 0 0
274 2 0 0 1 0 0 1 0 0
277 3 0 0 1 0 0 0 0 0
280 5 1 1 0 0 0 0 0 0
281 12 0 0 1 0 0 0 0 0
287 3 1 1 1 1 1 0 0 0
291 2 0 0 1 0 0 0 0 0
292 11 1 1 3 0 0 4 0 0
302 3 0 0 1 0 0 0 0 0
305 1 0 0 0 0 0 0 0 0
310 4 0 0 2 0 0 0 0 0
314 60 5 5 24 3 3 0 0 0
318 24 1 1 0 0 0 12 0 0
319 23 1 1 0 0 0 12 0 0
460 3 0 0 0 0 0 1 0 0
461 2 0 0 0 0 0 0 0 0
464 4 0 0 2 0 0 2 0 0
465 2 1 1 0 0 0 0 0 0
471 2 0 0 1 0 0 1 0 0
472 4 0 0 0 0 0 1 0 0
474 61 0 0 0 0 0 0 0 0
475 12 0 0 0 0 0 0 0 0
477 84 1 1 24 0 0 24 1 1
480 24 0 0 0 0 0 0 0 0
483 12 0 0 0 0 0 12 0 0
484 24 0 0 12 0 0 12 0 0
493 12 0 0 0 0 0 12 0 0
497 3 0 0 2 0 0 1 0 0
498 3 0 0 2 0 0 0 0 0
499 22 0 0 18 0 0 0 0 0
fl=./locale/./locale/loadlocale.c
fn=_nl_intern_locale_data
69 1 0 0 1 0 0 0 0 0
76 10 1 1 10 0 0 0 0 0
79 40 5 5 20 0 0 0 0 0
86 19 0 0 0 0 0 0 0 0
87 10 3 3 0 0 0 10 0 0
89 1 0 0 0 0 0 1 0 0
90 18 1 1 8 0 0 0 0 0
99 40 2 2 0 0 0 0 0 0
112 24 0 0 0 0 0 0 0 0
123 108 2 2 0 0 0 72 0 0
133 48 0 0 0 0 0 0 0 0
134 139 0 0 12 9 9 0 0 0
141 60 1 1 24 2 2 0 0 0
143 24 0 0 0 0 0 0 0 0
144 12 0 0 0 0 0 0 0 0
152 12 0 0 0 0 0 0 0 0
156 49 2 2 0 0 0 24 0 0
157 36 1 1 12 0 0 0 0 0
160 12 0 0 0 0 0 12 3 3
161 12 0 0 0 0 0 12 4 4
163 11 0 0 0 0 0 11 2 2
166 2 0 0 0 0 0 1 0 0
169 12 1 1 0 0 0 12 0 0
171 13 0 0 1 0 0 12 1 1
172 1179 1 1 0 0 0 0 0 0
174 731 1 1 370 21 21 0 0 0
175 764 1 1 1 0 0 0 0 0
186 557 1 1 105 1 1 0 0 0
195 312 0 0 0 0 0 0 0 0
196 38 1 1 0 0 0 0 0 0
197 92 0 0 0 0 0 0 0 0
198 10 1 1 0 0 0 0 0 0
199 6 1 1 0 0 0 0 0 0
200 14 1 1 0 0 0 0 0 0
201 26 1 1 0 0 0 0 0 0
202 10 1 1 0 0 0 0 0 0
203 4 0 0 0 0 0 0 0 0
204 32 0 0 0 0 0 0 0 0
206 2 1 1 0 0 0 0 0 0
210 175 0 0 0 0 0 0 0 0
213 1119 4 4 358 24 24 0 0 0
214 671 3 3 328 0 0 335 35 35
217 70 3 3 0 0 0 0 0 0
219 37 0 0 0 0 0 35 2 2
220 68 0 0 68 11 11 0 0 0
228 108 0 0 84 0 0 0 0 0
fl=./locale/./locale/localeinfo.h
fn=_nl_find_locale
222 10 0 0 2 1 1 0 0 0
fn=new_composite_name
222 48 0 0 24 0 0 0 0 0
fl=./locale/./locale/localename.c
fn=__current_locale_name
24 192 96 1 0 0 0 0 0 0
25 768 0 0 576 53 0 0 0 0
26 192 0 0 192 0 0 0 0 0
fl=./locale/./locale/nl_langinfo.c
fn=nl_langinfo
30 2 1 1 0 0 0 0 0 0
31 6 0 0 4 0 0 0 0 0
fl=./locale/./locale/nl_langinfo_l.c
fn=nl_langinfo_l
31 2 0 0 0 0 0 0 0 0
32 4 0 0 0 0 0 0 0 0
36 10 0 0 0 0 0 0 0 0
38 2 0 0 0 0 0 0 0 0
42 4 0 0 0 0 0 0 0 0
43 2 0 0 0 0 0 0 0 0
58 2 1 1 2 1 0 0 0 0
61 4 0 0 2 0 0 0 0 0
66 4 0 0 4 0 0 0 0 0
fl=./locale/./locale/setlocale.c
fn=new_composite_name
139 42 1 1 0 0 0 21 0 0
141 9 0 0 0 0 0 3 0 0
144 3 0 0 0 0 0 0 0 0
146 183 0 0 0 0 0 3 0 0
147 36 1 1 0 0 0 0 0 0
151 144 1 1 72 1 0 0 0 0
152 108 0 0 0 0 0 36 0 0
153 144 0 0 72 1 1 0 0 0
154 134 1 1 18 0 0 4 0 0
158 6 0 0 0 0 0 0 0 0
161 7 0 0 1 0 0 1 0 0
163 2 0 0 0 0 0 1 0 0
170 8 1 1 0 0 0 4 0 0
171 16 0 0 2 0 0 0 0 0
174 120 2 1 0 0 0 0 0 0
175 24 0 0 0 0 0 0 0 0
180 96 1 1 48 0 0 0 0 0
181 24 0 0 0 0 0 24 0 0
182 48 0 0 0 0 0 24 0 0
183 48 0 0 0 0 0 24 0 0
184 48 2 1 0 0 0 24 0 0
186 2 0 0 0 0 0 2 0 0
187 2 0 0 0 0 0 0 0 0
188 27 1 1 24 0 0 0 0 0
fn=setlocale
195 18 1 1 6 0 0 0 0 0
198 12 0 0 0 0 0 0 0 0
199 2 0 0 0 0 0 2 0 0
201 6 0 0 0 0 0 6 0 0
210 3 1 1 0 0 0 3 2 0
211 12 0 0 3 1 0 0 0 0
212 3 0 0 0 0 0 3 0 0
218 117 2 2 9 0 0 63 0 0
225 27 0 0 0 0 0 0 0 0
230 18 0 0 0 0 0 0 0 0
231 18 1 1 6 1 0 0 0 0
234 6 1 1 0 0 0 3 0 0
236 21 0 0 3 0 0 3 0 0
249 3 0 0 0 0 0 3 0 0
250 3 0 0 0 0 0 3 0 0
252 9 2 1 0 0 0 3 0 0
253 6 0 0 0 0 0 0 0 0
265 6 0 0 0 0 0 0 0 0
409 3 2 1 0 0 0 3 0 0
414 21 1 1 6 0 0 3 0 0
416 6 0 0 0 0 0 0 0 0
424 6 0 0 3 1 0 0 0 0
429 14 0 0 3 0 0 2 0 0
431 4 0 0 0 0 0 4 0 0
432 6 1 1 2 0 0 0 0 0
437 15 0 0 0 0 0 6 0 0
438 9 0 0 3 0 0 0 0 0
452 3 0 0 3 0 0 0 0 0
457 6 0 0 6 1 0 0 0 0
461 6 0 0 0 0 0 3 0 0
464 6 0 0 3 0 0 3 0 0
466 6 0 0 3 0 0 0 0 0
468 108 2 2 81 0 0 0 0 0
fl=./locale/./locale/uselocale.c
fn=uselocale
30 192 93 1 0 0 0 0 0 0
31 576 93 1 384 0 0 0 0 0
33 384 0 0 0 0 0 0 0 0
36 384 0 0 0 0 0 0 0 0
37 192 0 0 0 0 0 192 0 0
65 576 0 0 384 52 0 192 32 0
66 576 0 0 384 0 0 192 0 0
68 576 94 0 384 67 0 192 0 0
72 576 0 0 0 0 0 0 0 0
73 192 0 0 192 0 0 0 0 0
fl=./malloc/../string/bits/string_fortified.h
fn=_int_realloc
29 7026 0 0 0 0 0 3513 0 0
fn=calloc
59 3506 0 0 0 0 0 0 0 0
fn=tcache_init.part.0
59 88 0 0 0 0 0 81 9 9
fl=./malloc/../sysdeps/unix/sysv/linux/not-cancel.h
fn=ptmalloc_init.part.0
97 6 0 0 0 0 0 0 0 0
fl=./malloc/./malloc/alloc_buffer_alloc_array.c
fn=__libc_alloc_buffer_alloc_array
25 12 1 1 0 0 0 0 0 0
26 6 0 0 6 0 0 0 0 0
28 18 0 0 0 0 0 0 0 0
30 42 0 0 0 0 0 0 0 0
31 6 0 0 0 0 0 0 0 0
32 6 0 0 0 0 0 0 0 0
34 36 0 0 0 0 0 0 0 0
35 18 0 0 6 0 0 6 0 0
38 6 1 1 0 0 0 0 0 0
45 6 0 0 6 0 0 0 0 0
fl=./malloc/./malloc/arena.c
fn=calloc
153 2370 0 0 0 0 0 0 0 0
fn=free
153 31551 0 0 0 0 0 0 0 0
fn=malloc
153 12704 0 0 0 0 0 0 0 0
264 1 1 1 0 0 0 1 0 0
fn=ptmalloc_init.part.0
262 8 1 1 1 0 0 4 0 0
267 1 1 1 0 0 0 1 0 0
292 2 1 1 1 1 0 0 0 0
296 3 1 1 1 1 0 1 0 0
300 4 1 1 0 0 0 1 0 0
301 4 0 0 0 0 0 1 0 0
302 4 1 1 0 0 0 1 0 0
303 4 0 0 0 0 0 1 0 0
304 4 0 0 0 0 0 1 0 0
305 4 0 0 0 0 0 1 0 0
306 4 1 1 0 0 0 1 0 0
308 4 0 0 0 0 0 1 0 0
309 4 0 0 0 0 0 1 0 0
310 4 1 1 0 0 0 1 0 0
313 4 0 0 0 0 0 1 0 0
314 4 0 0 0 0 0 1 0 0
316 2 0 0 1 1 1 0 0 0
326 8 1 1 6 0 0 0 0 0
fn=realloc
153 36662 0 0 5237 3 0 0 0 0
fl=./malloc/./malloc/malloc.c
fn=_int_free
1792 11760 2072 2 11760 527 1 0 0 0
1992 8232 0 0 2744 0 0 0 0 0
3163 6918 1655 4 3459 0 0 3459 0 0
3165 13836 1593 4 3459 1651 6 3459 0 0
3166 3459 0 0 0 0 0 3459 0 0
3167 6918 0 0 0 0 0 3459 0 0
4495 106533 4316 2 0 0 0 60876 259 0
4499 45657 0 0 15219 3 0 0 0 0
4505 60876 0 0 0 0 0 0 0 0
4506 30438 4223 2 0 0 0 0 0 0
4510 76095 0 0 0 0 0 0 0 0
4517 30438 0 0 0 0 0 0 0 0
4518 91314 0 0 45657 1178 1 0 0 0
4521 10117 0 0 0 0 0 0 0 0
4527 30351 0 0 20234 3384 18 0 0 0
4547 50585 2290 1 20234 2936 3 0 0 0
4550 3459 0 0 0 0 0 0 0 0
4561 23520 0 0 0 0 0 0 0 0
4572 10976 240 3 2744 1095 492 0 0 0
4574 8232 0 0 2744 43 0 0 0 0
4593 2744 0 0 0 0 0 0 0 0
4595 2744 0 0 0 0 0 2744 141 0
4596 2744 0 0 0 0 0 0 0 0
4600 8232 0 0 2744 0 0 0 0 0
4602 5488 205 2 2744 50 0 0 0 0
4606 5488 0 0 0 0 0 0 0 0
4608 8232 0 0 0 0 0 2744 0 0
4609 2744 0 0 0 0 0 2744 0 0
4628 10976 0 0 0 0 0 0 0 0
4629 16 0 0 4 3 0 0 0 0
4637 18032 2901 3 9016 0 0 0 0 0
4640 18032 0 0 9016 468 1 0 0 0
4643 18032 0 0 0 0 0 0 0 0
4646 18032 0 0 0 0 0 0 0 0
4658 82298 1885 2 67079 0 0 0 0 0
fn=_int_free_maybe_consolidate
4770 99176 3498 3 9016 506 1 63112 31 0
4776 18032 3283 3 0 0 0 0 0 0
4778 1008 0 0 252 0 0 0 0 0
4779 16 5 2 0 0 0 8 2 0
4781 756 146 4 0 0 0 0 0 0
4784 1260 145 2 756 202 1 0 0 0
4785 140 25 1 84 0 0 0 0 0
4798 99064 0 0 81060 2 0 0 0 0
fn=_int_free_merge_chunk
1992 27048 0 0 9016 0 0 0 0 0
4665 72128 6205 5 0 0 0 54096 67 0
4666 9016 0 0 0 0 0 0 0 0
4670 54096 0 0 9016 431 1 0 0 0
4673 36064 0 0 9016 1043 1 0 0 0
4675 27048 3198 3 9016 2871 1 0 0 0
4678 27048 0 0 9016 2122 451 0 0 0
4681 18032 0 0 0 0 0 0 0 0
4682 18032 3121 2 0 0 0 0 0 0
4683 18032 0 0 9016 406 1 0 0 0
4689 18032 0 0 9016 0 0 0 0 0
4691 2119 0 0 2119 0 0 0 0 0
4692 2119 0 0 0 0 0 0 0 0
4693 2119 0 0 0 0 0 0 0 0
4694 8476 0 0 2119 1020 61 0 0 0
4696 4238 331 2 0 0 0 2119 10 0
4701 27048 0 0 0 0 0 0 0 0
4702 63112 120 0 54096 0 0 0 0 0
4714 18032 2882 1 9016 0 0 0 0 0
4720 17408 0 0 8704 3260 649 0 0 0
4721 7582 857 0 0 0 0 3791 5 0
4722 7582 0 0 0 0 0 0 0 0
4724 4913 0 0 4913 0 0 0 0 0
4732 8704 0 0 0 0 0 0 0 0
4733 34816 0 0 8704 0 0 0 0 0
4734 17408 0 0 8704 590 0 0 0 0
4736 8704 3011 2 0 0 0 8704 176 9
4738 17408 0 0 0 0 0 0 0 0
4740 20802 1745 3 0 0 0 6934 321 61
4743 8704 0 0 0 0 0 8704 0 0
4744 8704 0 0 0 0 0 8704 0 0
4746 26112 0 0 0 0 0 8704 0 0
4747 8704 0 0 0 0 0 8704 0 0
4756 312 125 0 0 0 0 0 0 0
4757 936 0 0 0 0 0 312 0 0
4758 624 0 0 0 0 0 312 0 0
fn=_int_malloc
1326 22108 0 0 0 0 0 0 0 0
1345 66324 4060 2 0 0 0 0 0 0
1794 11033 0 0 11033 0 0 0 0 0
1985 16284 408 1 5428 0 0 0 0 0
2008 156 0 0 39 0 0 0 0 0
2017 2 1 1 2 0 0 0 0 0
2552 276 37 1 92 83 0 92 0 0
2553 38 35 1 0 0 0 38 0 0
2564 92 0 0 46 38 0 0 0 0
2565 24 0 0 16 0 0 0 0 0
2568 32 2 0 8 0 0 0 0 0
2576 48 0 0 8 0 0 16 5 0
2577 16 0 0 0 0 0 0 0 0
2589 152 0 0 38 0 0 38 0 0
2590 76 0 0 0 0 0 38 0 0
2599 448 35 0 111 0 0 0 0 0
2605 111 0 0 74 0 0 0 0 0
2608 114 1 1 0 0 0 0 0 0
2669 114 35 1 38 0 0 38 0 0
2677 76 35 1 38 0 0 0 0 0
2678 114 0 0 38 0 0 38 0 0
2691 114 0 0 38 0 0 0 0 0
2693 38 0 0 38 0 0 0 0 0
2699 190 0 0 38 0 0 38 0 0
2707 76 35 1 0 0 0 0 0 0
2709 152 35 1 0 0 0 76 7 0
2710 114 0 0 38 0 0 0 0 0
2711 38 0 0 0 0 0 0 0 0
2712 38 0 0 0 0 0 0 0 0
2715 76 0 0 0 0 0 0 0 0
2744 262 35 1 112 1 1 0 0 0
2745 1 0 0 0 0 0 1 0 0
2746 76 34 0 0 0 0 38 0 0
2752 304 35 1 38 0 0 0 0 0
2753 222 0 0 37 0 0 37 0 0
2755 4 2 2 2 0 0 0 0 0
2782 2 0 0 0 0 0 0 0 0
2783 1 1 1 0 0 0 0 0 0
2795 3 0 0 0 0 0 0 0 0
2814 2 1 1 1 0 0 0 0 0
2817 2 0 0 0 0 0 0 0 0
2818 6 0 0 1 0 0 0 0 0
2820 1 0 0 0 0 0 0 0 0
2821 6 1 1 0 0 0 4 0 0
2833 5 0 0 3 0 0 0 0 0
2873 1 0 0 0 0 0 0 0 0
2875 1 0 0 0 0 0 1 0 0
2876 5 1 1 0 0 0 1 1 1
2877 1 0 0 1 0 0 0 0 0
2888 3 0 0 1 0 0 0 0 0
2921 114 36 1 76 0 0 0 0 0
2922 38 35 1 0 0 0 38 0 0
2926 38 0 0 38 0 0 0 0 0
2930 190 0 0 76 0 0 0 0 0
2932 38 0 0 0 0 0 0 0 0
2933 38 0 0 0 0 0 0 0 0
2934 38 0 0 0 0 0 38 0 0
2935 266 0 0 0 0 0 38 0 0
2936 76 36 1 0 0 0 38 38 38
2938 38 0 0 0 0 0 0 0 0
3159 154 0 0 0 0 0 77 1 0
3163 172 1 0 86 21 0 86 0 0
3165 369 33 3 93 13 0 100 0 0
3166 170 0 0 84 0 0 86 0 0
3167 172 0 0 0 0 0 86 0 0
3168 154 0 0 0 0 0 0 0 0
3178 7 0 0 7 0 0 0 0 0
3182 14 0 0 0 0 0 0 0 0
3186 28 0 0 7 0 0 7 0 0
3190 14 0 0 14 0 0 0 0 0
3191 14 0 0 0 0 0 7 0 0
3199 7 6 1 7 0 0 0 0 0
3846 121594 3942 2 11054 2360 0 77378 792 2
3882 1 0 0 0 0 0 0 0 0
3887 22108 0 0 0 0 0 0 0 0
3914 22171 6 2 21 0 0 0 0 0
3916 10188 0 0 0 0 0 0 0 0
3917 1 0 0 0 0 0 0 0 0
3919 2589 82 1 2568 22 0 0 0 0
3921 5136 0 0 0 0 0 0 0 0
3923 2 0 0 0 0 0 0 0 0
3926 2 0 0 1 0 0 0 0 0
3927 5 0 0 1 0 0 1 0 0
3930 7701 75 1 0 0 0 0 0 0
3932 2 0 0 1 0 0 0 0 0
3933 2 1 1 0 0 0 0 0 0
3939 2 0 0 0 0 0 0 0 0
3940 6 0 0 3 0 0 0 0 0
3945 5 0 0 2 0 0 0 0 0
3946 15 0 0 3 0 0 0 0 0
3948 4 0 0 0 0 0 0 0 0
3950 4 0 0 2 0 0 0 0 0
3951 12 0 0 2 0 0 2 0 0
3977 16972 8398 5 0 0 0 0 0 0
3979 27072 0 0 0 0 0 0 0 0
3980 12460 1565 1 0 0 0 0 0 0
3982 18690 0 0 6230 2727 0 0 0 0
3984 275 0 0 275 253 0 0 0 0
3985 550 0 0 275 112 0 0 0 0
3987 275 0 0 275 244 0 0 0 0
3988 275 0 0 0 0 0 275 0 0
3989 275 0 0 0 0 0 275 0 0
3991 825 0 0 0 0 0 0 0 0
3997 550 0 0 0 0 0 0 0 0
3998 1650 258 1 825 127 0 0 0 0
4003 1606 258 1 550 187 0 0 0 0
4004 684 0 0 0 0 0 0 0 0
4006 154 0 0 0 0 0 0 0 0
4008 77 25 1 77 0 0 0 0 0
4009 77 0 0 77 48 0 0 0 0
4010 154 0 0 0 0 0 0 0 0
4012 77 0 0 0 0 0 77 0 0
4013 77 0 0 0 0 0 77 54 0
4020 275 0 0 0 0 0 0 0 0
4039 32510 38 0 0 0 0 0 0 0
4040 14469 2433 1 4823 2752 0 0 0 0
4041 675 204 1 0 0 0 225 54 1
4058 32332 0 0 10777 2328 0 0 0 0
4059 32334 0 0 0 0 0 10778 820 1
4060 32334 3710 2 21556 0 0 0 0 0
4069 15938 3236 3 0 0 0 7969 0 0
4070 84727 4901 3 19829 1230 0 10778 0 0
4072 11048 0 0 11048 777 0 0 0 0
4073 22096 0 0 11048 3671 1 0 0 0
4074 11048 0 0 0 0 0 0 0 0
4076 22096 0 0 0 0 0 0 0 0
4077 33144 0 0 11048 884 0 0 0 0
4079 11048 0 0 11048 5229 3 0 0 0
4080 44192 3304 3 0 0 0 0 0 0
4082 44192 0 0 11048 0 0 0 0 0
4084 22096 0 0 11048 1843 0 0 0 0
4085 22096 0 0 11048 0 0 0 0 0
4087 22096 0 0 0 0 0 0 0 0
4098 44192 3186 3 0 0 0 0 0 0
4099 7484 1169 1 3742 0 0 0 0 0
4100 4486 0 0 0 0 0 0 0 0
4101 2243 0 0 0 0 0 0 0 0
4104 1765 299 1 0 0 0 0 0 0
4105 1765 331 1 0 0 0 0 0 0
4106 1765 0 0 0 0 0 1765 0 0
4107 5295 0 0 0 0 0 1765 0 0
4108 5295 0 0 0 0 0 1765 1165 17
4109 3530 0 0 0 0 0 0 0 0
4111 3098 0 0 0 0 0 1549 329 4
4115 14120 0 0 0 0 0 1765 0 0
4117 5295 0 0 0 0 0 1765 204 4
4118 1765 0 0 0 0 0 1765 0 0
4121 1997 0 0 0 0 0 0 0 0
4122 5295 382 0 0 0 0 1765 141 0
4123 1765 0 0 0 0 0 0 0 0
4127 9283 0 0 0 0 0 9283 0 0
4128 9283 0 0 0 0 0 9283 0 0
4132 18566 0 0 0 0 0 0 0 0
4134 464 205 0 0 0 0 232 0 0
4135 696 226 2 0 0 0 0 0 0
4140 464 0 0 0 0 0 0 0 0
4141 679 0 0 392 60 0 0 0 0
4144 4 0 0 0 0 0 0 0 0
4161 20993 1727 2 0 0 0 0 0 0
4163 7246 1566 1 0 0 0 3623 0 0
4164 14492 0 0 0 0 0 0 0 0
4165 3623 0 0 3623 3057 1 0 0 0
4169 64484 1887 6 0 0 0 5428 0 0
4170 15732 1466 1 0 0 0 0 0 0
4171 5428 0 0 5428 4090 13 0 0 0
4174 10856 0 0 0 0 0 0 0 0
4177 552 0 0 0 0 0 0 0 0
4179 2208 444 2 1104 405 0 0 0 0
4180 1104 0 0 0 0 0 0 0 0
4186 352 0 0 0 0 0 88 17 0
4187 88 0 0 88 27 0 0 0 0
4188 264 0 0 0 0 0 176 0 0
4192 1392 373 0 464 95 0 0 0 0
4193 1054 386 2 0 0 0 0 0 0
4195 63 0 0 63 5 0 0 0 0
4196 189 0 0 63 9 0 0 0 0
4199 464 0 0 0 0 0 0 0 0
4202 494 215 1 247 61 0 0 0 0
4205 868 0 0 0 0 0 217 22 0
4206 217 0 0 217 117 0 0 0 0
4207 434 0 0 217 6 0 0 0 0
4209 217 0 0 0 0 0 217 0 0
4210 651 0 0 217 0 0 217 0 0
4212 464 0 0 464 45 0 0 0 0
4213 928 387 2 464 0 0 0 0 0
4218 19504 1914 1 0 0 0 4876 599 0
4221 63357 3083 2 18102 3334 1 0 0 0
4222 9051 0 0 0 0 0 9051 0 0
4223 9051 0 0 0 0 0 9051 0 0
4224 9051 0 0 0 0 0 9051 2128 2
4225 9051 0 0 0 0 0 9051 0 0
4230 18102 0 0 18102 0 0 0 0 0
4231 18102 0 0 0 0 0 0 0 0
4232 2 2 1 2 2 0 0 0 0
4233 8 0 0 0 0 0 0 0 0
4240 36204 6118 4 18102 0 0 0 0 0
4246 11948 0 0 0 0 0 0 0 0
4248 7 0 0 0 0 0 0 0 0
4257 26343 3556 2 0 0 0 0 0 0
4259 18616 0 0 0 0 0 0 0 0
4262 13962 0 0 4654 3352 2 0 0 0
4263 9635 0 0 713 589 0 0 0 0
4266 572 525 0 572 233 0 0 0 0
4267 3977 0 0 681 129 0 0 0 0
4269 109 0 0 109 84 0 0 0 0
4273 1144 0 0 572 0 0 0 0 0
4275 186 0 0 186 0 0 0 0 0
4276 372 0 0 186 101 0 0 0 0
4278 1716 549 1 0 0 0 572 0 0
4279 1716 0 0 0 0 0 1144 106 0
4282 2288 0 0 1144 0 0 0 0 0
4284 503 0 0 503 0 0 0 0 0
4285 1509 483 1 0 0 0 0 0 0
4291 69 0 0 0 0 0 0 0 0
4295 276 0 0 69 0 0 0 0 0
4296 138 0 0 69 0 0 0 0 0
4299 69 0 0 0 0 0 69 52 0
4300 69 68 1 0 0 0 69 0 0
4301 69 0 0 0 0 0 69 0 0
4302 138 0 0 0 0 0 0 0 0
4304 26 0 0 0 0 0 13 0 0
4307 552 0 0 0 0 0 69 0 0
4309 207 69 0 0 0 0 69 10 0
4310 69 0 0 0 0 0 69 0 0
4313 69 0 0 0 0 0 0 0 0
4330 8209 0 0 0 0 0 0 0 0
4331 16418 2795 1 0 0 0 0 0 0
4332 16418 0 0 0 0 0 0 0 0
4333 16418 0 0 8209 541 0 0 0 0
4334 49254 0 0 0 0 0 0 0 0
4339 46110 0 0 0 0 0 0 0 0
4343 36755 3925 3 0 0 0 0 0 0
4346 34776 1 0 8694 0 0 0 0 0
4348 9364 0 0 0 0 0 0 0 0
4349 4682 1017 1 0 0 0 0 0 0
4353 113996 0 0 0 0 0 0 0 0
4355 48106 0 0 0 0 0 0 0 0
4357 96212 0 0 0 0 0 0 0 0
4361 8892 96 1 8892 3833 2 0 0 0
4364 17784 0 0 0 0 0 0 0 0
4366 19825 0 0 0 0 0 3965 0 0
4367 3965 0 0 0 0 0 0 0 0
4368 3965 0 0 0 0 0 0 0 0
4373 19708 1644 0 4927 2140 0 0 0 0
4376 9860 2 0 2 0 0 0 0 0
4378 14781 0 0 0 0 0 4927 0 0
4381 14781 0 0 0 0 0 9854 806 0
4384 19708 2692 1 9854 0 0 0 0 0
4386 132 0 0 132 0 0 0 0 0
4387 396 118 1 0 0 0 0 0 0
4394 4795 0 0 0 0 0 0 0 0
4399 19180 0 0 4795 0 0 0 0 0
4400 9590 0 0 4795 0 0 0 0 0
4403 4795 0 0 0 0 0 4795 3906 49
4404 4795 0 0 0 0 0 4795 0 0
4405 4795 0 0 0 0 0 4795 0 0
4408 9590 0 0 0 0 0 0 0 0
4409 1884 860 1 0 0 0 1884 0 0
4410 9590 1646 1 0 0 0 0 0 0
4412 4832 0 0 0 0 0 2416 506 7
4415 38360 0 0 0 0 0 4795 0 0
4417 14385 0 0 0 0 0 4795 924 10
4418 4795 2569 2 0 0 0 4795 0 0
4421 4927 0 0 0 0 0 0 0 0
4443 3282 903 1 3282 0 0 0 0 0
4444 6564 0 0 3282 846 0 0 0 0
4446 6564 0 0 3282 309 0 0 0 0
4449 9846 992 1 0 0 0 0 0 0
4451 3236 0 0 0 0 0 0 0 0
4452 6472 859 0 0 0 0 0 0 0
4453 3236 0 0 0 0 0 3236 0 0
4454 25888 0 0 0 0 0 3236 0 0
4456 6472 0 0 0 0 0 3236 2811 2254
4459 7616 1384 1 0 0 0 0 0 0
4460 11562 1459 1 0 0 0 3854 345 1
4461 3854 23 1 0 0 0 0 0 0
4466 184 0 0 46 1 0 46 0 0
4482 54 0 0 0 0 0 0 0 0
4487 132648 4055 1 99486 0 0 0 0 0
fn=_int_realloc
4914 41904 6709 6 0 0 0 31428 58 0
4925 20952 0 0 5238 0 0 0 0 0
4926 26190 0 0 5238 3215 0 0 0 0
4927 20952 0 0 0 0 0 0 0 0
4933 10476 3441 3 0 0 0 0 0 0
4935 10476 0 0 0 0 0 0 0 0
4936 15714 0 0 5238 0 0 0 0 0
4938 20952 0 0 0 0 0 0 0 0
4941 10476 0 0 0 0 0 0 0 0
4951 10710 3396 2 5176 3353 0 0 0 0
4952 179 71 1 0 0 0 0 0 0
4953 179 0 0 0 0 0 0 0 0
4955 7785 91 1 0 0 0 177 0 0
4956 354 0 0 0 0 0 177 0 0
4957 531 0 0 0 0 0 177 177 150
4959 354 0 0 0 0 0 0 0 0
4963 9994 0 0 4997 3882 0 0 0 0
4964 9994 0 0 0 0 0 0 0 0
4965 7967 3375 2 0 0 0 0 0 0
4969 4455 0 0 0 0 0 2970 18 0
4975 17570 0 0 0 0 0 7028 22 0
4976 7028 0 0 0 0 0 0 0 0
4979 3514 0 0 0 0 0 0 0 0
4980 3515 0 0 3514 38 0 0 0 0
4985 10542 2674 1 3514 0 0 0 0 0
4987 1 0 0 0 0 0 0 0 0
4992 3513 0 0 0 0 0 0 0 0
4993 24592 0 0 3514 0 0 0 0 0
4997 14052 0 0 0 0 0 3513 0 0
4999 3513 0 0 0 0 0 0 0 0
5006 2 0 0 0 0 0 0 0 0
5008 3096 0 0 0 0 0 0 0 0
5010 3096 0 0 0 0 0 0 0 0
5012 5362 825 2 0 0 0 359 0 0
5013 3331 0 0 1844 0 0 0 0 0
5017 1189 0 0 0 0 0 0 0 0
5020 2378 0 0 0 0 0 1189 0 0
5021 3567 780 3 0 0 0 1189 1067 13
5024 1189 0 0 1189 0 0 0 0 0
5025 4756 0 0 0 0 0 1189 1 0
5029 1548 0 0 0 0 0 0 0 0
5030 47142 2590 1 36666 4 0 0 0 0
fn=alloc_perturb
1985 16857 2048 1 5619 0 0 0 0 0
1987 5619 0 0 5619 0 0 0 0 0
fn=calloc
3699 10683 197 1 0 0 0 7122 0 0
3709 10683 253 1 0 0 0 0 0 0
3717 2374 0 0 1187 22 0 0 0 0
3720 3561 0 0 2374 20 0 0 0 0
3722 2374 238 1 1187 30 0 0 0 0
3732 1187 206 1 1187 37 0 0 0 0
3733 3561 0 0 1187 67 0 0 0 0
3754 3561 0 0 0 0 0 1187 1 0
3756 11862 432 2 1187 4 0 0 0 0
3759 3559 269 1 1187 0 0 0 0 0
3768 6 1 0 0 0 0 0 0 0
3784 1185 0 0 0 0 0 0 0 0
3789 6 0 0 2 0 0 0 0 0
3796 3555 167 1 1185 0 0 0 0 0
3799 5925 0 0 0 0 0 0 0 0
3807 1185 168 1 0 0 0 0 0 0
3809 2370 0 0 0 0 0 0 0 0
3811 2370 0 0 0 0 0 0 0 0
3816 34 0 0 0 0 0 17 0 0
3818 17 0 0 0 0 0 17 0 0
3819 34 0 0 0 0 0 0 0 0
3821 5 0 0 0 0 0 5 0 0
3823 10 0 0 0 0 0 0 0 0
3825 4 0 0 0 0 0 4 0 0
3827 8 0 0 0 0 0 0 0 0
3829 4 0 0 0 0 0 2 0 0
3837 8328 309 2 7141 0 0 0 0 0
fn=free
3359 73960 2105 7 0 0 0 42092 125 0
3363 21644 0 0 0 0 0 0 0 0
3371 21046 0 0 21046 2019 2 0 0 0
3373 10523 0 0 0 0 0 0 0 0
3375 31569 0 0 10523 2101 521 0 0 0
3379 18 4 3 6 6 0 0 0 0
3381 24 0 0 6 6 0 0 0 0
3383 10 0 0 0 0 0 5 0 0
3384 10 0 0 0 0 0 5 0 0
3385 5 0 0 0 0 0 0 0 0
3388 12 0 0 0 0 0 6 2 0
3392 31551 0 0 21034 892 2 0 0 0
3398 31551 802 3 0 0 0 10517 35 0
3401 10523 0 0 0 0 0 10523 1 0
3402 63437 78 3 52914 1 0 0 0 0
fn=malloc
1326 18908 0 0 0 0 0 0 0 0
1345 46893 2677 2 0 0 0 0 0 0
3178 6204 0 0 3102 1979 1 0 0 0
3182 6204 0 0 0 0 0 0 0 0
3186 12408 1154 1 3102 2272 2 3102 0 0
3190 6204 0 0 0 0 0 3102 0 0
3191 3102 0 0 0 0 0 3102 0 0
3248 4 1 1 2 0 0 1 0 0
3294 75632 2706 2 0 0 0 37816 280 1
3301 18908 0 0 9454 1815 1 0 0 0
3311 18154 0 0 0 0 0 0 0 0
3313 37816 0 0 18908 2705 0 0 0 0
3316 18908 1 1 9454 2019 0 0 0 0
3317 4 0 0 1 0 0 0 0 0
3318 23109 1724 2 7703 3084 0 0 0 0
3326 12704 1573 2 6352 1374 0 0 0 0
3328 25408 786 1 0 0 0 6352 143 0
3329 31760 1000 3 6352 15 0 0 0 0
3354 56724 1225 1 47270 0 0 0 0 0
fn=malloc_consolidate
4811 2097 229 3 0 0 0 1398 14 0
4826 233 0 0 0 0 0 233 0 0
4828 466 0 0 0 0 0 233 43 0
4839 233 0 0 0 0 0 0 0 0
4841 4660 0 0 4660 1 0 0 0 0
4842 4660 228 3 0 0 0 0 0 0
4845 5428 229 3 0 0 0 0 0 0
4849 8142 229 3 2714 1863 1 0 0 0
4850 10856 0 0 0 0 0 0 0 0
4855 13570 0 0 2714 380 0 0 0 0
4858 5428 0 0 0 0 0 0 0 0
4859 2714 0 0 0 0 0 0 0 0
4860 8142 0 0 2714 794 0 0 0 0
4862 5428 229 3 0 0 0 0 0 0
4863 1221 0 0 1221 0 0 0 0 0
4864 1221 0 0 0 0 0 0 0 0
4865 1221 0 0 0 0 0 0 0 0
4866 4884 0 0 1221 478 1 0 0 0
4868 14652 4 1 6105 0 0 7326 6 0
4871 5428 225 2 2714 37 0 0 0 0
4874 5426 0 0 2713 1638 15 0 0 0
4875 1221 0 0 0 0 0 0 0 0
4876 9768 0 0 3663 0 0 3663 2 0
4878 2984 0 0 0 0 0 1492 0 0
4880 2713 0 0 2713 0 0 0 0 0
4881 5426 0 0 0 0 0 2713 0 0
4882 5426 0 0 2713 0 0 2713 143 0
4884 5426 0 0 0 0 0 0 0 0
4885 450 0 0 0 0 0 225 19 0
4889 8139 0 0 0 0 0 2713 0 0
4891 2713 0 0 0 0 0 2713 0 0
4892 5155 8 2 0 0 0 3934 0 0
4896 1 0 0 0 0 0 0 0 0
4897 2 0 0 0 0 0 1 0 0
4898 2 0 0 0 0 0 1 0 0
4901 7897 0 0 0 0 0 0 0 0
4904 6990 0 0 2330 0 0 0 0 0
4905 1864 0 0 1631 1 0 0 0 0
fn=munmap_chunk
3024 12 4 3 0 0 0 6 0 0
3025 12 0 0 12 12 2 0 0 0
3026 18 0 0 6 0 0 0 0 0
3028 12 0 0 0 0 0 0 0 0
3030 6 0 0 0 0 0 0 0 0
3031 18 4 3 6 0 0 0 0 0
3032 6 0 0 0 0 0 0 0 0
3038 24 0 0 0 0 0 0 0 0
3039 30 0 0 0 0 0 0 0 0
3042 6 0 0 12 0 0 0 0 0
3043 18 4 3 12 0 0 0 0 0
3048 12 0 0 0 0 0 0 0 0
3049 6 0 0 6 0 0 0 0 0
fn=ptmalloc_init.part.0
1946 385 0 0 0 0 0 0 0 0
1949 381 0 0 0 0 0 127 33 32
1957 1 0 0 0 0 0 1 0 0
1958 1 0 0 0 0 0 1 1 1
1960 1 0 0 0 0 0 1 0 0
3143 2 0 0 0 0 0 0 0 0
fn=realloc
1326 10502 0 0 0 0 0 0 0 0
1345 31506 0 0 0 0 0 0 0 0
2008 78 0 0 39 13 0 0 0 0
3056 26 1 1 26 26 0 0 0 0
3057 13 0 0 13 0 0 0 0 0
3058 13 0 0 0 0 0 0 0 0
3063 26 0 0 0 0 0 0 0 0
3065 13 0 0 0 0 0 0 0 0
3066 65 0 0 0 0 0 13 0 0
3067 78 1 1 0 0 0 0 0 0
3071 117 0 0 0 0 0 52 0 0
3074 26 0 0 0 0 0 0 0 0
3077 91 1 1 0 0 0 26 0 0
3080 52 0 0 26 0 0 0 0 0
3085 13 0 0 0 0 0 0 0 0
3087 39 1 1 0 0 0 0 0 0
3089 26 0 0 13 0 0 0 0 0
3090 52 0 0 0 0 0 13 0 0
3093 52 0 0 26 13 0 0 0 0
3095 65 1 1 26 0 0 0 0 0
3407 59147 3501 3 0 0 0 32262 0 0
3413 10754 3549 3 5377 3183 0 0 0 0
3417 10754 0 0 0 0 0 0 0 0
3424 10754 0 0 0 0 0 0 0 0
3425 8 0 0 0 0 0 0 0 0
3433 5373 0 0 0 0 0 0 0 0
3441 10746 3631 5 0 0 0 0 0 0
3443 5361 0 0 0 0 0 0 0 0
3444 10720 0 0 0 0 0 0 0 0
3445 3 0 0 2 0 0 0 0 0
3453 26 0 0 0 0 0 0 0 0
3456 15714 0 0 10476 6315 0 0 0 0
3464 21004 0 0 0 0 0 0 0 0
3465 10502 3502 3 0 0 0 0 0 0
3475 10502 0 0 0 0 0 0 0 0
3489 135 0 0 0 0 0 0 0 0
3506 10476 0 0 5238 3344 0 0 0 0
3508 36666 3458 3 0 0 0 10476 30 0
3509 36664 5933 6 5238 0 0 0 0 0
3538 48385 0 0 37635 7 0 0 0 0
5241 16119 0 0 5373 4061 0 0 0 0
5242 16119 3473 3 0 0 0 0 0 0
5243 10718 0 0 5359 3866 0 0 0 0
5244 5359 0 0 0 0 0 0 0 0
fn=sysmalloc_mmap.isra.0
2008 32 0 0 8 0 0 0 0 0
2400 48 5 3 0 0 0 32 0 0
2413 24 0 0 0 0 0 0 0 0
2418 16 0 0 0 0 0 0 0 0
2421 80 5 3 0 0 0 8 1 0
2424 16 0 0 0 0 0 0 0 0
2428 16 0 0 0 0 0 0 0 0
2432 32 5 3 0 0 0 8 0 0
2448 24 0 0 0 0 0 0 0 0
2466 8 0 0 0 0 0 8 8 7
2467 24 0 0 0 0 0 8 0 0
2471 24 5 3 16 0 0 0 0 0
2472 36 0 0 14 0 0 0 0 0
2475 24 0 0 16 0 0 0 0 0
2476 40 5 3 16 0 0 0 0 0
2481 56 0 0 40 0 0 0 0 0
fn=systrim.constprop.0
2957 168 24 0 0 0 0 112 0 0
2966 84 0 0 56 0 0 0 0 0
2968 28 25 1 0 0 0 0 0 0
2969 56 0 0 0 0 0 0 0 0
2970 18 0 0 0 0 0 0 0 0
2974 84 0 0 28 0 0 0 0 0
2975 28 0 0 0 0 0 0 0 0
2978 140 0 0 56 52 0 0 0 0
2980 56 0 0 0 0 0 0 0 0
2987 30 9 1 0 0 0 10 0 0
2988 40 0 0 10 0 0 0 0 0
3000 30 0 0 0 0 0 10 0 0
3001 20 0 0 0 0 0 10 0 0
3003 10 0 0 0 0 0 0 0 0
3005 20 0 0 0 0 0 0 0 0
3009 20 0 0 0 0 0 0 0 0
3012 10 0 0 10 0 0 0 0 0
3013 40 0 0 10 0 0 10 0 0
3015 20 0 0 0 0 0 0 0 0
3020 168 0 0 140 0 0 0 0 0
fn=tcache_init.part.0
3242 4 1 1 0 0 0 2 0 0
3251 8 1 1 3 0 0 0 0 0
3252 3 0 0 0 0 0 1 0 0
3253 2 0 0 0 0 0 0 0 0
3261 4 0 0 2 0 0 0 0 0
3270 2 1 1 1 0 0 1 0 0
3274 3 0 0 3 0 0 0 0 0
fn=unlink_chunk.isra.0
1608 30672 3714 3 0 0 0 15336 0 0
1610 76680 3940 3 30672 2679 1 0 0 0
1613 30683 10 2 30672 1533 24 0 0 0
1614 30672 0 0 15336 0 0 0 0 0
1616 61344 0 0 30672 8402 290 0 0 0
1619 15336 0 0 0 0 0 15336 0 0
1620 15336 0 0 0 0 0 15336 0 0
1621 57738 2745 3 9022 837 1 0 0 0
1623 10206 0 0 5103 34 0 0 0 0
1624 15309 0 0 10206 4 0 0 0 0
1627 10206 0 0 5103 1232 3 0 0 0
1629 24 0 0 0 0 0 0 0 0
1630 11 0 0 0 0 0 11 0 0
1633 4 0 0 0 0 0 1 0 0
1635 1 1 0 0 0 0 1 0 0
1636 2 0 0 1 0 0 1 0 0
1641 5091 0 0 0 0 0 5091 0 0
1642 5091 0 0 0 0 0 5091 0 0
1645 30672 1186 0 30672 0 0 0 0 0
fl=./malloc/./malloc/morecore.c
fn=__glibc_morecore
25 207 78 4 0 0 0 69 0 0
26 138 0 0 69 0 0 0 0 0
29 69 0 0 0 0 0 69 1 0
30 138 0 0 0 0 0 0 0 0
34 138 0 0 138 0 0 0 0 0
fl=./malloc/./malloc/scratch_buffer_set_array_size.c
fn=__libc_scratch_buffer_set_array_size
30 91 1 1 0 0 0 28 0 0
34 7 0 0 0 0 0 0 0 0
35 14 0 0 0 0 0 0 0 0
45 14 0 0 7 0 0 0 0 0
46 7 0 0 0 0 0 0 0 0
63 42 1 1 35 0 0 0 0 0
fl=./math/../sysdeps/ieee754/dbl-64/e_exp.c
fn=__ieee754_exp_avx
88 2002 0 0 0 0 0 0 0 0
98 1001 33 2 0 0 0 0 0 0
104 1001 0 0 0 0 0 0 0 0
105 3003 0 0 0 0 0 0 0 0
129 2002 0 0 1001 3 1 0 0 0
135 3003 14 1 1001 0 0 0 0 0
137 1001 0 0 0 0 0 0 0 0
139 5005 0 0 2002 0 0 0 0 0
141 3003 0 0 0 0 0 0 0 0
142 2002 0 0 0 0 0 0 0 0
145 1001 0 0 1001 758 33 0 0 0
148 2002 0 0 0 0 0 0 0 0
151 12012 32 3 5005 0 0 0 0 0
152 2002 0 0 0 0 0 0 0 0
157 3003 0 0 1001 0 0 0 0 0
fl=./math/../sysdeps/ieee754/dbl-64/e_fmod.c
fn=fmod@@GLIBC_2.38
66 10 2 1 0 0 0 6 0 0
70 6 2 1 0 0 0 0 0 0
72 6 0 0 0 0 0 0 0 0
73 2 2 1 0 0 0 0 0 0
76 4 0 0 0 0 0 0 0 0
84 4 0 0 0 0 0 0 0 0
85 4 0 0 0 0 0 0 0 0
86 4 0 0 0 0 0 0 0 0
90 10 0 0 0 0 0 0 0 0
108 6 4 2 0 0 0 0 0 0
123 4 0 0 0 0 0 0 0 0
124 2 0 0 0 0 0 0 0 0
125 2 0 0 0 0 0 0 0 0
140 6 2 1 0 0 0 0 0 0
141 4 0 0 0 0 0 0 0 0
142 2 0 0 0 0 0 0 0 0
143 2 0 0 0 0 0 0 0 0
145 6 0 0 0 0 0 0 0 0
146 2 0 0 0 0 0 0 0 0
147 2 0 0 0 0 0 0 0 0
149 6 0 0 0 0 0 0 0 0
151 4 0 0 0 0 0 0 0 0
154 4 0 0 0 0 0 0 0 0
155 4 0 0 0 0 0 0 0 0
174 8 2 1 8 0 0 0 0 0
fl=./math/../sysdeps/ieee754/dbl-64/e_log.c
fn=__ieee754_log_avx
39 7788 0 0 0 0 0 0 0 0
49 3894 3 1 0 0 0 0 0 0
61 19470 0 0 0 0 0 0 0 0
65 399 1 0 0 0 0 0 0 0
67 133 0 0 133 0 0 0 0 0
68 266 0 0 0 0 0 0 0 0
69 266 0 0 0 0 0 0 0 0
70 798 118 2 399 0 0 0 0 0
71 1064 0 0 399 0 0 0 0 0
72 1463 103 1 532 71 1 0 0 0
74 266 0 0 133 124 1 0 0 0
75 399 0 0 0 0 0 0 0 0
76 266 0 0 0 0 0 0 0 0
77 532 114 1 133 1 0 0 0 0
78 266 0 0 0 0 0 0 0 0
79 399 0 0 0 0 0 0 0 0
80 532 0 0 0 0 0 0 0 0
81 133 0 0 0 0 0 0 0 0
82 133 0 0 0 0 0 0 0 0
83 133 0 0 133 0 0 0 0 0
85 11283 0 0 0 0 0 0 0 0
102 7522 0 0 0 0 0 0 0 0
103 7522 0 0 0 0 0 0 0 0
104 3761 0 0 0 0 0 0 0 0
105 15044 3 1 0 0 0 0 0 0
106 11283 0 0 0 0 0 0 0 0
117 33849 0 0 11283 3768 68 0 0 0
119 7522 49 1 0 0 0 0 0 0
122 11283 0 0 7522 0 0 0 0 0
123 7522 0 0 0 0 0 0 0 0
124 15044 0 0 3761 0 0 0 0 0
127 7522 0 0 0 0 0 0 0 0
130 56415 27 2 18805 19 2 0 0 0
131 3761 0 0 3761 0 0 0 0 0
fl=./math/../sysdeps/ieee754/dbl-64/e_pow.c
fn=__ieee754_pow_sse2
45 7021 0 0 0 0 0 0 0 0
62 2006 0 0 0 0 0 0 0 0
63 2006 0 0 0 0 0 0 0 0
64 1003 0 0 0 0 0 0 0 0
65 4012 0 0 0 0 0 0 0 0
67 2006 0 0 0 0 0 0 0 0
70 6018 4 2 1003 6 3 0 0 0
71 2006 0 0 0 0 0 0 0 0
80 2006 0 0 0 0 0 0 0 0
81 2006 0 0 0 0 0 0 0 0
82 3009 0 0 1003 1 1 0 0 0
83 1003 0 0 0 0 0 0 0 0
84 2006 0 0 0 0 0 0 0 0
88 3009 4 2 2006 0 0 0 0 0
89 2006 503 2 0 0 0 0 0 0
90 2006 0 0 2006 11 2 0 0 0
91 2006 0 0 0 0 0 0 0 0
95 3009 0 0 1003 725 1 0 0 0
96 2006 0 0 0 0 0 0 0 0
97 1003 0 0 0 0 0 0 0 0
104 1003 0 0 0 0 0 0 0 0
105 1003 0 0 0 0 0 0 0 0
106 2006 0 0 0 0 0 0 0 0
107 2006 0 0 0 0 0 0 0 0
108 2006 0 0 0 0 0 0 0 0
111 1003 0 0 0 0 0 0 0 0
112 13039 1002 1 6018 262 1 0 0 0
113 5015 5 2 0 0 0 0 0 0
114 2006 0 0 0 0 0 0 0 0
115 2006 0 0 0 0 0 0 0 0
193 1003 0 0 0 0 0 0 0 0
194 3009 0 0 0 0 0 0 0 0
218 2006 1002 1 1003 21 0 0 0 0
225 3009 0 0 1003 0 0 0 0 0
227 1003 0 0 0 0 0 0 0 0
229 5015 1002 1 2006 0 0 0 0 0
231 1003 0 0 0 0 0 0 0 0
233 3009 0 0 0 0 0 0 0 0
234 2006 0 0 0 0 0 0 0 0
237 1003 0 0 1003 505 2 0 0 0
240 2006 505 1 0 0 0 0 0 0
243 12036 0 0 5015 0 0 0 0 0
244 2006 0 0 0 0 0 0 0 0
249 3009 505 2 0 0 0 0 0 0
283 1003 3 1 0 0 0 0 0 0
284 1003 0 0 0 0 0 0 0 0
292 8024 4 2 0 0 0 0 0 0
373 1003 0 0 0 0 0 0 0 0
375 2006 1002 1 0 0 0 0 0 0
376 2006 0 0 0 0 0 0 0 0
377 3009 0 0 0 0 0 0 0 0
380 2006 0 0 1003 0 0 0 0 0
fl=./math/../sysdeps/ieee754/dbl-64/math_config.h
fn=__ieee754_exp_avx
85 2002 0 0 0 0 0 0 0 0
97 1001 0 0 0 0 0 0 0 0
fn=__ieee754_log_avx
85 3894 3 1 0 0 0 0 0 0
fn=__ieee754_pow_sse2
85 4012 0 0 0 0 0 0 0 0
97 9027 4 2 0 0 0 0 0 0
fn=fmod@@GLIBC_2.38
50 4 2 1 0 0 0 0 0 0
59 4 0 0 0 0 0 0 0 0
85 4 0 0 0 0 0 0 0 0
97 4 0 0 0 0 0 0 0 0
127 10 0 0 0 0 0 0 0 0
138 2 0 0 0 0 0 0 0 0
139 2 0 0 0 0 0 0 0 0
140 2 0 0 0 0 0 0 0 0
142 8 0 0 0 0 0 0 0 0
148 4 0 0 0 0 0 0 0 0
fl=./math/../sysdeps/ieee754/dbl-64/s_copysign.c
fn=copysign
29 4 1 1 0 0 0 0 0 0
30 10 0 0 2 0 0 0 0 0
31 2 0 0 2 0 0 0 0 0
fl=./math/../sysdeps/ieee754/dbl-64/s_frexp.c
fn=frexp
36 8 4 1 0 0 0 0 0 0
38 4 0 0 0 0 0 0 0 0
39 12 0 0 0 0 0 0 0 0
42 36 4 1 0 0 0 0 0 0
45 4 0 0 0 0 0 0 0 0
46 8 0 0 0 0 0 0 0 0
56 20 4 1 0 0 0 0 0 0
62 4 0 0 0 0 0 4 0 0
64 4 0 0 4 0 0 0 0 0
fl=./math/../sysdeps/ieee754/dbl-64/s_isinf.c
fn=isinf
17 6906 505 1 0 0 0 0 0 0
19 6906 0 0 0 0 0 0 0 0
21 27624 0 0 0 0 0 0 0 0
22 20718 0 0 0 0 0 0 0 0
23 27624 0 0 0 0 0 0 0 0
24 6906 0 0 6906 0 0 0 0 0
fl=./math/../sysdeps/ieee754/dbl-64/s_isnan.c
fn=isnan
26 13812 29 1 0 0 0 0 0 0
30 20718 0 0 0 0 0 0 0 0
31 6906 0 0 0 0 0 0 0 0
32 6906 0 0 6906 0 0 0 0 0
fl=./math/../sysdeps/ieee754/dbl-64/s_round.c
fn=round
30 1000 505 1 0 0 0 0 0 0
37 1000 0 0 0 0 0 0 0 0
38 4000 0 0 0 0 0 0 0 0
39 2000 0 0 0 0 0 0 0 0
41 2000 0 0 0 0 0 0 0 0
49 2000 0 0 0 0 0 0 0 0
50 2000 0 0 0 0 0 0 0 0
54 3000 20 1 0 0 0 0 0 0
55 2000 0 0 0 0 0 0 0 0
67 1000 0 0 0 0 0 0 0 0
70 1000 0 0 1000 0 0 0 0 0
fl=./math/../sysdeps/ieee754/dbl-64/s_scalbn.c
fn=__scalbn
30 58586 19529 1 0 0 0 0 0 0
33 29293 0 0 0 0 0 0 0 0
34 58586 19529 1 0 0 0 0 0 0
35 58586 0 0 0 0 0 0 0 0
41 58586 0 0 0 0 0 0 0 0
42 58586 0 0 0 0 0 0 0 0
44 175758 0 0 0 0 0 0 0 0
49 58586 0 0 0 0 0 0 0 0
50 146465 19529 1 0 0 0 0 0 0
51 29293 0 0 29293 0 0 0 0 0
fl=./math/../sysdeps/x86_64/fpu/multiarch/e_asin.c
fn=__acos_finite@GLIBC_2.15
35 1 1 1 0 0 0 0 0 0
fn=__asin_finite@GLIBC_2.15
27 2 1 1 1 0 0 0 0 0
fl=./math/../sysdeps/x86_64/fpu/multiarch/e_atan2.c
fn=__atan2_finite@GLIBC_2.15
26 2 1 1 1 0 0 0 0 0
fl=./math/../sysdeps/x86_64/fpu/multiarch/e_exp.c
fn=__exp_finite@GLIBC_2.15
27 2 1 1 1 0 0 0 0 0
fl=./math/../sysdeps/x86_64/fpu/multiarch/e_exp2f.c
fn=exp2f@@GLIBC_2.27
27 2 1 1 1 0 0 0 0 0
fl=./math/../sysdeps/x86_64/fpu/multiarch/e_expf.c
fn=expf@@GLIBC_2.27
27 2 1 1 1 0 0 0 0 0
fl=./math/../sysdeps/x86_64/fpu/multiarch/e_log.c
fn=__log_finite@GLIBC_2.15
27 2 1 1 1 0 0 0 0 0
fl=./math/../sysdeps/x86_64/fpu/multiarch/e_log2.c
fn=log2@@GLIBC_2.29
27 2 1 1 1 0 0 0 0 0
fl=./math/../sysdeps/x86_64/fpu/multiarch/e_log2f.c
fn=log2f@@GLIBC_2.27
27 2 2 2 1 0 0 0 0 0
fl=./math/../sysdeps/x86_64/fpu/multiarch/e_logf.c
fn=logf@@GLIBC_2.27
27 2 1 1 1 0 0 0 0 0
fl=./math/../sysdeps/x86_64/fpu/multiarch/e_pow.c
fn=__pow_finite@GLIBC_2.15
27 2 1 1 1 0 0 0 0 0
fl=./math/../sysdeps/x86_64/fpu/multiarch/e_powf.c
fn=powf@@GLIBC_2.27
30 1 1 1 0 0 0 0 0 0
fl=./math/../sysdeps/x86_64/fpu/multiarch/ifunc-avx-fma4.h
fn=__atan2_finite@GLIBC_2.15
32 4 0 0 2 0 0 0 0 0
36 3 1 1 1 0 0 0 0 0
39 4 0 0 0 0 0 0 0 0
fn=__exp_finite@GLIBC_2.15
32 4 0 0 2 0 0 0 0 0
36 3 1 1 1 0 0 0 0 0
39 4 0 0 0 0 0 0 0 0
fn=__log_finite@GLIBC_2.15
32 4 0 0 2 0 0 0 0 0
36 3 1 1 1 0 0 0 0 0
39 4 0 0 0 0 0 0 0 0
fn=atan
32 8 0 0 4 0 0 0 0 0
36 6 0 0 2 1 0 0 0 0
39 8 1 1 0 0 0 0 0 0
fn=cos
32 12 1 1 6 0 0 0 0 0
36 9 0 0 3 0 0 0 0 0
39 12 0 0 0 0 0 0 0 0
fn=sin
32 12 0 0 6 0 0 0 0 0
36 9 0 0 3 0 0 0 0 0
39 12 0 0 0 0 0 0 0 0
fn=tan
32 8 0 0 4 1 0 0 0 0
36 6 1 1 2 0 0 0 0 0
39 8 0 0 0 0 0 0 0 0
fl=./math/../sysdeps/x86_64/fpu/multiarch/ifunc-fma.h
fn=__log1p
29 4 0 0 2 0 0 0 0 0
fn=cosf
29 4 0 0 2 0 0 0 0 0
fn=exp2f@@GLIBC_2.27
29 4 0 0 2 0 0 0 0 0
fn=expf@@GLIBC_2.27
29 4 1 1 2 0 0 0 0 0
fn=expm1
29 4 0 0 2 0 0 0 0 0
fn=log2@@GLIBC_2.29
29 4 0 0 2 0 0 0 0 0
fn=log2f@@GLIBC_2.27
29 4 0 0 2 0 0 0 0 0
fn=logf@@GLIBC_2.27
29 4 0 0 2 0 0 0 0 0
fn=powf@@GLIBC_2.27
29 4 0 0 2 0 0 0 0 0
30 1 0 0 1 0 0 0 0 0
fn=sincosf
29 4 1 1 2 0 0 0 0 0
fn=sinf
29 4 0 0 2 0 0 0 0 0
fl=./math/../sysdeps/x86_64/fpu/multiarch/ifunc-fma4.h
fn=__acos_finite@GLIBC_2.15
31 3 0 0 2 0 0 0 0 0
35 5 1 1 2 0 0 0 0 0
fn=__asin_finite@GLIBC_2.15
31 3 0 0 2 0 0 0 0 0
35 4 0 0 1 0 0 0 0 0
fn=__pow_finite@GLIBC_2.15
31 3 1 1 2 0 0 0 0 0
35 4 0 0 1 0 0 0 0 0
fn=sincos
31 3 1 1 2 0 0 0 0 0
35 4 0 0 1 0 0 0 0 0
fl=./math/../sysdeps/x86_64/fpu/multiarch/ifunc-sse4_1.h
fn=ceil
29 5 0 0 2 2 2 0 0 0
fn=floor
29 5 1 1 2 2 0 0 0 0
fn=trunc
29 5 0 0 2 0 0 0 0 0
fl=./math/../sysdeps/x86_64/fpu/multiarch/s_atan.c
fn=atan
26 4 1 1 2 0 0 0 0 0
fl=./math/../sysdeps/x86_64/fpu/multiarch/s_ceil-sse4_1.S
fn=__ceil_sse41
21 12 0 0 0 0 0 0 0 0
22 12 0 0 0 0 0 0 0 0
23 12 0 0 12 0 0 0 0 0
fl=./math/../sysdeps/x86_64/fpu/multiarch/s_ceil.c
fn=ceil
31 2 1 1 1 0 0 0 0 0
fl=./math/../sysdeps/x86_64/fpu/multiarch/s_cosf.c
fn=cosf
26 2 1 1 1 0 0 0 0 0
fl=./math/../sysdeps/x86_64/fpu/multiarch/s_expm1.c
fn=expm1
26 2 2 2 1 0 0 0 0 0
fl=./math/../sysdeps/x86_64/fpu/multiarch/s_floor-sse4_1.S
fn=__floor_sse41
21 15 6 3 0 0 0 0 0 0
22 15 0 0 0 0 0 0 0 0
23 15 0 0 15 0 0 0 0 0
fl=./math/../sysdeps/x86_64/fpu/multiarch/s_floor.c
fn=floor
31 2 1 0 1 0 0 0 0 0
fl=./math/../sysdeps/x86_64/fpu/multiarch/s_fma.c
fn=fma
49 10 2 2 4 0 0 0 0 0
fl=./math/../sysdeps/x86_64/fpu/multiarch/s_log1p.c
fn=__log1p
26 2 1 1 1 0 0 0 0 0
fl=./math/../sysdeps/x86_64/fpu/multiarch/s_sin.c
fn=cos
34 6 1 1 3 0 0 0 0 0
fn=sin
27 6 1 1 3 0 0 0 0 0
fl=./math/../sysdeps/x86_64/fpu/multiarch/s_sincos.c
fn=sincos
26 2 1 1 1 0 0 0 0 0
fl=./math/../sysdeps/x86_64/fpu/multiarch/s_sincosf.c
fn=sincosf
26 2 1 1 1 0 0 0 0 0
fl=./math/../sysdeps/x86_64/fpu/multiarch/s_sinf.c
fn=sinf
26 2 1 1 1 0 0 0 0 0
fl=./math/../sysdeps/x86_64/fpu/multiarch/s_tan.c
fn=tan
26 4 1 1 2 0 0 0 0 0
fl=./math/../sysdeps/x86_64/fpu/multiarch/s_trunc.c
fn=trunc
31 2 1 1 1 0 0 0 0 0
fl=./math/./math/w_exp_compat.c
fn=exp@GLIBC_2.2.5
29 4004 502 2 0 0 0 1001 0 0
30 2002 0 0 0 0 0 2002 0 0
31 11011 502 2 3003 6 2 0 0 0
36 2002 0 0 2002 0 0 0 0 0
fl=./math/./math/w_fmod_compat.c
fn=fmod@GLIBC_2.2.5
27 2 2 1 0 0 0 0 0 0
28 22 0 0 4 4 0 0 0 0
33 2 2 1 0 0 0 0 0 0
fl=./math/./math/w_log_compat.c
fn=log@GLIBC_2.2.5
31 3894 528 1 0 0 0 0 0 0
32 11682 0 0 0 0 0 0 0 0
46 3894 4 1 0 0 0 0 0 0
fl=./math/./math/w_pow_compat.c
fn=pow@GLIBC_2.2.5
30 6018 49 4 0 0 0 2006 0 0
31 2006 0 0 0 0 0 2006 0 0
32 7021 0 0 3009 500 1 0 0 0
56 4012 0 0 0 0 0 0 0 0
63 3009 9 2 3009 0 0 0 0 0
fl=./math/./s_ldexp_template.c
fn=ldexp
22 87879 10496 1 0 0 0 29293 0 0
23 292930 18872 1 58586 34020 0 0 0 0
24 29293 0 0 0 0 0 29293 0 0
25 263637 19529 1 58586 0 0 0 0 0
27 58586 0 0 58586 0 0 0 0 0
fl=./misc/../sysdeps/unix/syscall-template.S
fn=epoll_create1
120 5 1 1 0 0 0 0 0 0
122 1 0 0 1 0 0 0 0 0
fn=mprotect
117 45 2 2 0 0 0 0 0 0
122 9 0 0 9 0 0 0 0 0
fn=munmap
117 65 5 5 0 0 0 0 0 0
122 13 0 0 13 0 0 0 0 0
fl=./misc/../sysdeps/unix/sysv/linux/brk.c
fn=brk
36 49 43 1 0 0 0 0 0 0
37 98 0 0 49 0 0 49 0 0
38 98 0 0 0 0 0 0 0 0
44 49 0 0 0 0 0 0 0 0
45 49 0 0 49 0 0 0 0 0
fl=./misc/../sysdeps/unix/sysv/linux/brk_call.h
fn=brk
24 98 0 0 0 0 0 0 0 0
fl=./misc/../sysdeps/unix/sysv/linux/fxstat64.c
fn=__fxstat
35 1056 264 1 0 0 0 0 0 0
50 528 0 0 0 0 0 0 0 0
51 1056 0 0 0 0 0 0 0 0
67 264 0 0 264 0 0 0 0 0
fl=./misc/../sysdeps/unix/sysv/linux/getclktck.c
fn=__getclktck
29 1 1 1 0 0 0 0 0 0
30 5 1 1 2 0 0 0 0 0
31 1 0 0 1 0 0 0 0 0
fl=./misc/../sysdeps/unix/sysv/linux/getpagesize.c
fn=getpagesize
27 2 1 1 0 0 0 0 0 0
28 8 0 0 4 0 0 0 0 0
30 2 0 0 2 0 0 0 0 0
fl=./misc/../sysdeps/unix/sysv/linux/ioctl.c
fn=ioctl
26 216 27 1 27 14 0 81 0 0
28 135 0 0 0 0 0 81 0 0
35 54 0 0 0 0 0 0 0 0
36 81 27 1 0 0 0 0 0 0
38 81 0 0 27 16 0 27 27 0
39 54 0 0 0 0 0 0 0 0
43 162 0 0 108 0 0 0 0 0
fl=./misc/../sysdeps/unix/sysv/linux/lxstat64.c
fn=__lxstat
35 32 8 1 0 0 0 0 0 0
49 16 0 0 0 0 0 0 0 0
50 32 0 0 0 0 0 0 0 0
84 8 0 0 8 0 0 0 0 0
fl=./misc/../sysdeps/unix/sysv/linux/mmap64.c
fn=mmap
47 399 20 3 0 0 0 171 5 1
50 114 0 0 0 0 0 0 0 0
53 303 20 3 7 0 0 0 0 0
58 342 0 0 0 0 0 0 0 0
60 228 0 0 228 0 0 0 0 0
fl=./misc/../sysdeps/unix/sysv/linux/mremap.c
fn=mremap
26 117 2 2 13 13 0 39 13 0
30 39 0 0 0 0 0 0 0 0
37 52 0 0 0 0 0 0 0 0
39 65 0 0 52 0 0 0 0 0
fl=./misc/../sysdeps/unix/sysv/linux/setvmaname.c
fn=__set_vma_name
33 68 7 5 0 0 0 36 1 1
35 51 0 0 21 7 2 8 0 0
40 14 0 0 2 0 0 2 0 0
47 2 2 2 0 0 0 2 0 0
48 1 0 0 0 0 0 0 0 0
49 81 5 3 61 0 0 0 0 0
fl=./misc/../sysdeps/unix/sysv/linux/x86_64/syscall.S
fn=syscall
29 2 2 2 0 0 0 0 0 0
30 2 0 0 0 0 0 0 0 0
31 2 0 0 0 0 0 0 0 0
32 2 0 0 0 0 0 0 0 0
33 2 0 0 0 0 0 0 0 0
34 2 0 0 0 0 0 0 0 0
35 2 0 0 0 0 0 0 0 0
36 2 0 0 2 0 0 0 0 0
37 2 0 0 0 0 0 0 0 0
38 2 0 0 0 0 0 0 0 0
39 2 0 0 0 0 0 0 0 0
40 2 0 0 2 0 0 0 0 0
fl=./misc/../sysdeps/unix/sysv/linux/xstat64.c
fn=__xstat
35 2416 326 1 0 0 0 0 0 0
49 1208 0 0 0 0 0 0 0 0
50 2766 0 0 140 5 0 70 7 0
81 534 0 0 534 0 0 0 0 0
fl=./misc/./misc/init-misc.c
fn=__init_misc
30 5 1 1 0 0 0 3 0 0
31 6 0 0 1 0 0 0 0 0
33 3 0 0 0 0 0 1 0 0
37 5 0 0 1 0 0 1 1 0
38 3 1 1 2 0 0 1 0 0
40 4 0 0 4 0 0 0 0 0
fl=./misc/./misc/sbrk.c
fn=sbrk
37 552 43 2 0 0 0 276 1 0
40 138 0 0 138 92 0 0 0 0
43 138 0 0 69 46 0 0 0 0
58 138 43 2 0 0 0 0 0 0
59 4 1 1 0 0 0 1 0 0
62 138 0 0 0 0 0 0 0 0
63 2 0 0 1 0 0 0 0 0
66 192 0 0 0 0 0 0 0 0
68 20 8 0 0 0 0 0 0 0
74 144 35 2 0 0 0 48 7 0
78 483 0 0 345 0 0 0 0 0
fl=./misc/./misc/tsearch.c
fn=tfind
373 672 148 2 0 0 0 384 0 0
377 192 0 0 0 0 0 0 0 0
378 96 0 0 0 0 0 0 0 0
383 576 0 0 96 0 0 0 0 0
395 672 59 1 480 0 0 0 0 0
fl=./nptl/../string/bits/string_fortified.h
fn=pthread_cond_init@@GLIBC_2.3.2
59 8 0 0 0 0 0 6 1 0
fn=pthread_mutex_init@@GLIBC_2.2.5
59 10 1 1 0 0 0 6 2 2
fl=./nptl/../sysdeps/nptl/futex-internal.h
fn=__pthread_once_slow
209 8 1 1 0 0 0 0 0 0
fl=./nptl/../sysdeps/unix/sysv/linux/x86/elision-conf.c
fn=__lll_elision_init
92 8 1 1 1 0 0 3 0 0
96 5 1 1 0 0 0 1 0 0
98 4 0 0 0 0 0 1 0 0
100 4 1 1 0 0 0 1 0 0
102 4 0 0 0 0 0 1 0 0
104 4 0 0 0 0 0 1 0 0
107 3 0 0 1 1 1 0 0 0
108 1 1 1 0 0 0 1 1 1
109 6 0 0 5 0 0 0 0 0
fl=./nptl/./nptl/cleanup_compat.c
fn=_pthread_cleanup_pop@@GLIBC_2.34
40 1 1 1 0 0 0 0 0 0
43 2 0 0 1 0 0 1 0 0
47 2 0 0 0 0 0 0 0 0
49 1 0 0 1 0 0 0 0 0
fn=_pthread_cleanup_push@@GLIBC_2.34
25 1 1 1 0 0 0 0 0 0
28 1 0 0 0 0 0 1 0 0
29 1 0 0 0 0 0 1 0 0
30 2 0 0 1 0 0 1 0 0
32 1 0 0 0 0 0 1 0 0
33 1 0 0 1 0 0 0 0 0
fl=./nptl/./nptl/libc-cleanup.c
fn=__libc_cleanup_pop_restore
54 24 5 2 0 0 0 0 0 0
55 24 0 0 24 0 0 0 0 0
57 48 0 0 24 0 0 24 0 0
59 24 0 0 24 0 0 0 0 0
60 72 0 0 24 0 0 0 0 0
71 24 8 2 24 0 0 0 0 0
fn=__libc_cleanup_push_defer
24 24 6 2 0 0 0 0 0 0
25 24 0 0 24 0 0 0 0 0
27 48 3 2 24 3 0 24 0 0
29 48 0 0 24 4 0 0 0 0
32 48 0 0 0 0 0 0 0 0
46 72 0 0 0 0 0 24 0 0
48 24 0 0 0 0 0 24 0 0
49 24 0 0 24 0 0 0 0 0
fl=./nptl/./nptl/pthread_cond_init.c
fn=pthread_cond_init@@GLIBC_2.3.2
27 2 1 1 0 0 0 0 0 0
38 12 1 1 2 0 0 0 0 0
44 4 0 0 0 0 0 0 0 0
45 2 0 0 0 0 0 2 0 0
47 2 0 0 0 0 0 0 0 0
50 4 0 0 2 0 0 0 0 0
fl=./nptl/./nptl/pthread_cond_signal.c
fn=pthread_cond_signal@@GLIBC_2.3.2
35 49464 493 2 0 0 0 32976 180 0
36 5496 0 0 0 0 0 0 0 0
41 5496 0 0 5496 0 0 0 0 0
42 16488 477 3 0 0 0 0 0 0
96 49464 721 3 38472 0 0 0 0 0
fl=./nptl/./nptl/pthread_condattr_init.c
fn=pthread_condattr_init
24 1 1 1 0 0 0 0 0 0
31 1 0 0 0 0 0 1 0 0
34 2 0 0 1 0 0 0 0 0
fl=./nptl/./nptl/pthread_condattr_setclock.c
fn=pthread_condattr_setclock@@GLIBC_2.34
28 1 0 0 0 0 0 0 0 0
30 2 0 0 0 0 0 0 0 0
33 1 0 0 0 0 0 0 0 0
40 2 0 0 1 0 0 0 0 0
41 3 0 0 0 0 0 1 0 0
43 1 0 0 0 0 0 0 0 0
44 1 0 0 1 0 0 0 0 0
fl=./nptl/./nptl/pthread_getspecific.c
fn=pthread_getspecific@@GLIBC_2.34
24 2 1 1 0 0 0 0 0 0
29 4 0 0 0 0 0 0 0 0
30 8 0 0 2 0 0 0 0 0
36 4 1 1 0 0 0 0 0 0
54 2 0 0 2 0 0 0 0 0
55 4 0 0 0 0 0 0 0 0
64 4 1 1 2 0 0 0 0 0
fl=./nptl/./nptl/pthread_key_create.c
fn=pthread_key_create@@GLIBC_2.34
25 3 2 1 0 0 0 0 0 0
27 21 0 0 0 0 0 0 0 0
29 6 0 0 6 2 1 0 0 0
31 24 0 0 0 0 0 0 0 0
33 9 2 1 3 0 0 0 0 0
37 9 0 0 0 0 0 3 0 0
40 3 0 0 0 0 0 3 0 0
43 6 0 0 3 0 0 0 0 0
fl=./nptl/./nptl/pthread_key_delete.c
fn=pthread_key_delete@@GLIBC_2.34
25 3 1 1 0 0 0 0 0 0
28 6 0 0 0 0 0 0 0 0
30 15 0 0 3 1 1 0 0 0
32 6 1 1 0 0 0 0 0 0
33 12 0 0 3 0 0 0 0 0
36 3 0 0 0 0 0 0 0 0
40 3 0 0 3 0 0 0 0 0
fl=./nptl/./nptl/pthread_mutex_conf.c
fn=__pthread_tunables_init
55 8 1 1 1 0 0 3 0 0
56 5 1 1 0 0 0 1 0 0
58 4 0 0 0 0 0 1 0 0
60 4 1 1 0 0 0 1 0 0
62 6 0 0 5 0 0 0 0 0
fl=./nptl/./nptl/pthread_mutex_init.c
fn=pthread_mutex_init@@GLIBC_2.2.5
53 24 2 2 2 0 0 12 0 0
65 6 0 0 0 0 0 0 0 0
92 4 0 0 0 0 0 0 0 0
105 12 1 1 0 0 0 0 0 0
136 8 1 1 0 0 0 0 0 0
140 2 0 0 0 0 0 2 0 0
149 2 0 0 0 0 0 0 0 0
151 2 0 0 0 0 0 0 0 0
152 20 0 0 16 0 0 0 0 0
fl=./nptl/./nptl/pthread_mutex_lock.c
fn=pthread_mutex_lock@@GLIBC_2.2.5
44 8245 1 1 8245 0 0 0 0 0
45 57715 722 4 16490 692 0 0 0 0
46 16489 0 0 0 0 0 8245 0 0
77 41225 477 3 0 0 0 16490 132 1
80 24735 0 0 8245 655 3 0 0 0
82 8245 0 0 0 0 0 0 0 0
84 16490 0 0 0 0 0 0 0 0
88 16490 0 0 0 0 0 0 0 0
90 24732 479 3 8244 320 2 0 0 0
94 24732 0 0 8244 0 0 0 0 0
97 2 1 1 0 0 0 0 0 0
108 4 0 0 1 0 0 0 0 0
112 1 0 0 1 0 0 0 0 0
115 2 0 0 1 0 0 0 0 0
124 8245 0 0 0 0 0 0 0 0
130 3 0 0 1 0 0 0 0 0
131 2 0 0 0 0 0 1 0 0
179 8245 0 0 8245 298 2 0 0 0
182 8245 0 0 0 0 0 8245 0 0
184 8245 0 0 8245 0 0 0 0 0
187 8245 0 0 0 0 0 0 0 0
190 24735 0 0 24735 0 0 0 0 0
fl=./nptl/./nptl/pthread_mutex_unlock.c
fn=pthread_mutex_unlock@@GLIBC_2.2.5
39 8245 0 0 8245 0 0 0 0 0
40 32980 655 3 8245 0 0 0 0 0
41 8245 0 0 0 0 0 8245 0 0
51 24735 0 0 8245 0 0 0 0 0
52 16490 0 0 0 0 0 0 0 0
57 16490 0 0 0 0 0 0 0 0
62 8245 0 0 0 0 0 8245 0 0
65 8245 0 0 8245 0 0 0 0 0
70 8245 0 0 0 0 0 0 0 0
72 8245 0 0 0 0 0 0 0 0
74 2 1 1 0 0 0 0 0 0
80 4 0 0 1 0 0 0 0 0
84 3 0 0 2 0 0 0 0 0
87 2 1 1 1 0 0 0 0 0
367 32980 556 3 0 0 0 8245 0 0
369 16490 0 0 16490 0 0 0 0 0
fl=./nptl/./nptl/pthread_once.c
fn=__pthread_once_slow
68 11 1 1 1 0 0 5 0 0
76 1 0 0 1 0 0 0 0 0
80 2 0 0 0 0 0 0 0 0
88 2 1 1 1 1 1 0 0 0
92 2 0 0 1 0 0 0 0 0
101 4 0 0 0 0 0 0 0 0
114 13 2 2 0 0 0 7 0 0
116 1 0 0 0 0 0 1 0 0
118 3 0 0 0 0 0 1 0 0
124 1 0 0 0 0 0 1 0 0
132 10 0 0 7 0 0 0 0 0
fn=pthread_once@@GLIBC_2.34
136 2 1 1 0 0 0 0 0 0
139 2 0 0 2 1 0 0 0 0
140 4 0 0 0 0 0 0 0 0
143 1 0 0 0 0 0 0 0 0
144 2 0 0 1 0 0 0 0 0
fl=./nptl/./nptl/pthread_rwlock_common.c
fn=pthread_rwlock_rdlock@@GLIBC_2.34
298 1152 0 0 576 133 0 0 0 0
310 576 0 0 288 159 0 0 0 0
353 864 0 0 576 0 0 0 0 0
370 576 0 0 0 0 0 0 0 0
390 576 0 0 0 0 0 0 0 0
391 288 0 0 0 0 0 0 0 0
396 4 1 1 0 0 0 0 0 0
402 4 1 1 1 0 0 0 0 0
413 5 0 0 2 0 0 0 0 0
fn=pthread_rwlock_unlock@@GLIBC_2.34
221 1748 1 1 292 0 0 0 0 0
232 288 0 0 288 0 0 0 0 0
236 288 0 0 0 0 0 0 0 0
240 864 93 0 0 0 0 0 0 0
243 1152 96 0 0 0 0 0 0 0
244 576 0 0 0 0 0 0 0 0
254 864 0 0 288 0 0 0 0 0
259 576 0 0 0 0 0 0 0 0
275 864 0 0 0 0 0 0 0 0
531 4 0 0 0 0 0 4 0 0
535 12 0 0 8 0 0 0 0 0
536 8 0 0 0 0 0 0 0 0
538 12 1 1 4 1 0 0 0 0
559 4 0 0 4 0 0 0 0 0
561 32 0 0 4 0 0 0 0 0
569 8 0 0 0 0 0 0 0 0
582 8 0 0 0 0 0 0 0 0
fn=pthread_rwlock_wrlock@@GLIBC_2.34
603 16 0 0 8 1 0 0 0 0
622 24 1 1 8 0 0 0 0 0
624 8 0 0 0 0 0 0 0 0
778 12 0 0 0 0 0 4 0 0
783 8 0 0 0 0 0 0 0 0
788 4 0 0 0 0 0 0 0 0
789 8 0 0 0 0 0 0 0 0
795 12 0 0 2 0 0 0 0 0
802 1 1 1 0 0 0 1 0 0
947 8 0 0 4 0 0 4 0 0
949 4 0 0 0 0 0 0 0 0
fl=./nptl/./nptl/pthread_rwlock_rdlock.c
fn=pthread_rwlock_rdlock@@GLIBC_2.34
23 2304 192 2 0 0 0 1152 1 0
24 288 0 0 0 0 0 0 0 0
27 288 0 0 0 0 0 0 0 0
29 2016 93 1 1440 0 0 0 0 0
fl=./nptl/./nptl/pthread_rwlock_unlock.c
fn=pthread_rwlock_unlock@@GLIBC_2.34
30 1752 94 1 0 0 0 876 29 0
31 292 0 0 0 0 0 0 0 0
38 876 0 0 292 1 0 0 0 0
39 292 0 0 292 0 0 0 0 0
44 1460 2 2 1168 0 0 0 0 0
fl=./nptl/./nptl/pthread_rwlock_wrlock.c
fn=pthread_rwlock_wrlock@@GLIBC_2.34
23 40 1 1 0 0 0 24 0 0
24 4 0 0 0 0 0 0 0 0
27 4 0 0 0 0 0 0 0 0
29 36 0 0 28 0 0 0 0 0
fl=./nptl/./nptl/pthread_self.c
fn=pthread_self
23 51365 12968 3 0 0 0 0 0 0
25 102730 0 0 102730 9292 0 0 0 0
fl=./nptl/./nptl/pthread_setspecific.c
fn=pthread_setspecific@@GLIBC_2.34
25 16 2 2 0 0 0 10 0 0
32 2 0 0 2 0 0 0 0 0
36 4 0 0 0 0 0 0 0 0
39 16 2 2 2 0 0 0 0 0
41 2 0 0 0 0 0 0 0 0
43 6 0 0 0 0 0 0 0 0
46 4 0 0 0 0 0 0 0 0
66 2 0 0 0 0 0 0 0 0
81 1 0 0 0 0 0 1 1 0
86 4 0 0 0 0 0 2 0 0
87 2 2 2 0 0 0 2 0 0
90 14 0 0 12 0 0 0 0 0
fl=./nptl/./nptl/pthread_testcancel.c
fn=pthread_testcancel@@GLIBC_2.34
24 132 62 3 0 0 0 0 0 0
25 132 0 0 132 11 0 0 0 0
26 132 0 0 132 63 2 0 0 0
27 528 0 0 132 0 0 0 0 0
fl=./nptl/./nptl/sem_destroy.c
fn=sem_destroy@@GLIBC_2.34
25 512 314 3 0 0 0 0 0 0
30 1024 0 0 512 0 0 0 0 0
fl=./nptl/./nptl/sem_init.c
fn=sem_init@@GLIBC_2.34
28 512 320 1 0 0 0 0 0 0
32 1024 0 0 0 0 0 0 0 0
50 1024 0 0 0 0 0 512 0 0
59 2560 0 0 0 0 0 512 0 0
61 512 0 0 0 0 0 0 0 0
62 512 0 0 512 0 0 0 0 0
fl=./nptl/./nptl/sem_post.c
fn=sem_post@@GLIBC_2.34
33 1983 805 3 0 0 0 0 0 0
35 1983 0 0 1983 113 1 0 0 0
43 1983 0 0 1983 0 0 0 0 0
46 3966 0 0 0 0 0 0 0 0
52 5949 0 0 1983 0 0 0 0 0
55 3966 0 0 0 0 0 0 0 0
76 1983 0 0 0 0 0 0 0 0
77 1983 0 0 1983 0 0 0 0 0
fl=./nptl/./nptl/sem_wait.c
fn=sem_trywait@@GLIBC_2.34
78 1852 531 1 0 0 0 0 0 0
82 3702 0 0 1851 0 0 0 0 0
83 2 1 1 1 1 0 1 1 0
84 1 0 0 0 0 0 0 0 0
85 1 0 0 1 0 0 0 0 0
fn=sem_wait@@GLIBC_2.34
25 792 62 3 0 0 0 264 1 0
37 132 0 0 0 0 0 132 4 0
44 528 0 0 396 0 0 0 0 0
fl=./nptl/./nptl/sem_waitcommon.c
fn=sem_trywait@@GLIBC_2.34
136 1852 0 0 1852 737 5 0 0 0
139 3704 0 0 0 0 0 0 0 0
141 5553 0 0 1851 0 0 0 0 0
fn=sem_wait@@GLIBC_2.34
136 132 0 0 132 73 7 0 0 0
139 264 0 0 0 0 0 0 0 0
141 396 60 2 132 0 0 0 0 0
fl=./posix/../malloc/dynarray-skeleton.c
fn=__unregister_atfork
243 6 0 0 6 1 1 0 0 0
fl=./posix/../sysdeps/posix/sysconf.c
fn=sysconf
60 42 12 6 3 2 2 0 0 0
83 3 1 1 0 0 0 1 0 0
221 6 1 1 0 0 0 2 0 0
fl=./posix/../sysdeps/unix/sysv/linux/_exit.c
fn=_Exit
27 2 1 1 1 0 0 0 0 0
30 4 0 0 0 0 0 0 0 0
fl=./posix/../sysdeps/unix/sysv/linux/x86/../sysconf.c
fn=sysconf
49 30 0 0 0 0 0 0 0 0
fl=./posix/../sysdeps/unix/sysv/linux/x86/sysconf.c
fn=sysconf
32 36 2 1 3 0 0 18 0 0
33 9 2 1 0 0 0 0 0 0
37 30 3 1 24 0 0 0 0 0
fl=./posix/./posix/confstr.c
fn=confstr
33 11 2 2 1 0 0 4 0 0
41 11 1 1 1 1 1 0 0 0
259 2 0 0 0 0 0 0 0 0
260 1 1 1 0 0 0 0 0 0
280 4 2 2 0 0 0 0 0 0
282 2 0 0 0 0 0 0 0 0
283 16 2 2 2 1 1 2 0 0
291 8 0 0 6 0 0 0 0 0
fl=./posix/./posix/register-atfork.c
fn=__unregister_atfork
71 12 1 1 0 0 0 0 0 0
82 36 1 1 0 0 0 12 0 0
83 24 0 0 6 1 1 0 0 0
109 24 1 1 12 0 0 0 0 0
110 18 0 0 18 0 0 0 0 0
fl=./resource/../sysdeps/unix/sysv/linux/getrlimit64.c
fn=getrlimit
38 2 1 1 0 0 0 0 0 0
39 7 0 0 0 0 0 0 0 0
40 1 0 0 1 0 0 0 0 0
fl=./setjmp/../sysdeps/x86_64/bsd-_setjmp.S
fn=_setjmp
28 1 1 1 0 0 0 0 0 0
30 1 0 0 0 0 0 0 0 0
32 1 0 0 0 0 0 0 0 0
fl=./setjmp/../sysdeps/x86_64/setjmp.S
fn=__sigsetjmp
31 15 2 2 0 0 0 0 0 0
33 15 0 0 0 0 0 15 0 0
42 15 0 0 0 0 0 0 0 0
43 30 0 0 15 0 0 0 0 0
44 15 0 0 0 0 0 15 0 0
48 15 0 0 0 0 0 15 0 0
49 15 0 0 0 0 0 15 0 0
50 15 0 0 0 0 0 15 0 0
51 15 0 0 0 0 0 15 0 0
52 15 0 0 0 0 0 0 0 0
54 30 1 1 15 0 0 0 0 0
56 15 0 0 0 0 0 15 1 1
57 15 1 1 15 0 0 0 0 0
58 15 0 0 0 0 0 0 0 0
60 30 0 0 15 0 0 0 0 0
62 15 0 0 0 0 0 15 0 0
67 1 0 0 1 1 0 0 0 0
68 1 0 0 0 0 0 0 0 0
70 14 0 0 0 0 0 0 0 0
73 14 0 0 0 0 0 0 0 0
74 14 0 0 0 0 0 14 0 0
81 14 0 0 0 0 0 0 0 0
82 14 0 0 14 0 0 0 0 0
85 1 1 1 0 0 0 0 0 0
fl=./setjmp/./setjmp/sigjmp.c
fn=__sigjmp_save
28 6 0 0 0 0 0 2 0 0
29 1 0 0 0 0 0 1 0 0
30 2 0 0 0 0 0 0 0 0
34 4 0 0 3 0 0 0 0 0
fl=./signal/../string/bits/string_fortified.h
fn=__libc_sigaction
29 1120 8 6 560 0 0 560 1 0
fl=./signal/../sysdeps/unix/sysv/linux/internal-signals.h
fn=sigaction
53 68 0 0 0 0 0 0 0 0
fl=./signal/../sysdeps/unix/sysv/linux/libc_sigaction.c
fn=__libc_sigaction
43 528 3 2 66 0 0 132 0 0
48 132 0 0 0 0 0 0 0 0
50 8 0 0 4 0 0 4 0 0
53 20 3 2 4 0 0 8 0 0
58 602 2 1 0 0 0 0 0 0
63 264 0 0 0 0 0 0 0 0
65 132 0 0 66 0 0 66 0 0
67 132 3 2 66 0 0 66 1 0
68 132 0 0 66 0 0 66 0 0
71 396 0 0 264 0 0 0 0 0
fl=./signal/../sysdeps/unix/sysv/linux/sigsetops.h
fn=sigemptyset
54 4 0 0 0 0 0 4 0 0
fl=./signal/./signal/allocrtsig.c
fn=__libc_current_sigrtmax
46 1 0 0 0 0 0 0 0 0
52 2 0 0 2 0 0 0 0 0
fn=__libc_current_sigrtmin
34 1 1 1 0 0 0 0 0 0
40 2 0 0 2 1 0 0 0 0
fl=./signal/./signal/sigaction.c
fn=sigaction
26 68 3 2 0 0 0 0 0 0
27 340 0 0 0 0 0 0 0 0
29 4 1 1 2 1 0 2 1 0
33 66 0 0 0 0 0 0 0 0
34 4 0 0 2 0 0 0 0 0
fl=./signal/./signal/sigempty.c
fn=sigemptyset
26 4 3 2 0 0 0 0 0 0
27 8 0 0 0 0 0 0 0 0
34 4 0 0 0 0 0 0 0 0
35 4 0 0 4 0 0 0 0 0
fl=./stdio-common/../include/printf_buffer.h
fn=__printf_buffer
148 3 1 1 2 0 0 0 0 0
149 3 0 0 0 0 0 2 0 0
163 8 1 1 0 0 0 0 0 0
164 5 2 2 0 0 0 1 0 0
fl=./stdio-common/../include/scratch_buffer.h
fn=__vfscanf_internal
77 24 0 0 0 0 0 16 0 0
78 8 0 0 0 0 0 8 0 0
85 32 1 1 16 0 0 0 0 0
113 112 0 0 0 0 0 16 0 0
fl=./stdio-common/../string/bits/string_fortified.h
fn=__printf_buffer_pad_1
59 3 0 0 0 0 0 1 0 0
fn=__printf_buffer_write
29 33 0 0 0 0 0 11 0 0
fn=__vfscanf_internal
59 8 0 0 0 0 0 8 0 0
fl=./stdio-common/./stdio-common/Xprintf_buffer_done.c
fn=__printf_buffer_done
25 3 2 2 0 0 0 0 0 0
26 9 0 0 3 0 0 0 0 0
31 6 2 2 6 0 0 0 0 0
33 36 0 0 3 0 0 0 0 0
40 3 0 0 3 0 0 0 0 0
fl=./stdio-common/./stdio-common/Xprintf_buffer_pad_1.c
fn=__printf_buffer_pad_1
24 9 2 2 0 0 0 5 0 0
25 3 0 0 1 0 0 0 0 0
33 5 1 1 2 0 0 0 0 0
36 1 0 0 0 0 0 0 0 0
37 2 0 0 0 0 0 0 0 0
39 1 0 0 0 0 0 0 0 0
40 3 0 0 1 0 0 1 0 0
43 2 0 0 0 0 0 0 0 0
44 6 1 1 6 0 0 0 0 0
fl=./stdio-common/./stdio-common/Xprintf_buffer_write.c
fn=__printf_buffer_write
27 168 2 2 0 0 0 105 1 0
28 63 0 0 21 0 0 0 0 0
31 86 0 0 0 0 0 0 0 0
33 55 2 2 22 0 0 0 0 0
36 11 0 0 0 0 0 0 0 0
37 22 0 0 0 0 0 0 0 0
40 33 0 0 11 0 0 11 0 0
41 11 0 0 0 0 0 0 0 0
44 126 2 2 126 0 0 0 0 0
fl=./stdio-common/./stdio-common/_itoa.c
fn=_itoa_word
169 1 1 1 0 0 0 0 0 0
172 4 1 1 0 0 0 0 0 0
174 2 0 0 0 0 0 0 0 0
183 16 2 2 1 1 1 1 0 0
192 2 0 0 1 0 0 0 0 0
fl=./stdio-common/./stdio-common/errlist.c
fn=__get_errlist
27 96 96 1 0 0 0 0 0 0
29 480 0 0 96 54 1 0 0 0
30 192 0 0 96 54 1 0 0 0
31 96 0 0 0 0 0 0 0 0
32 96 0 0 96 0 0 0 0 0
fl=./stdio-common/./stdio-common/fscanf.c
fn=fscanf
31 104 3 3 8 0 0 48 0 0
35 48 0 0 0 0 0 32 0 0
36 16 0 0 0 0 0 8 0 0
40 40 1 1 32 0 0 0 0 0
fl=./stdio-common/./stdio-common/printf-parse.h
fn=__printf_buffer
55 66 4 4 11 0 0 0 0 0
64 10 0 0 0 0 0 0 0 0
65 32 0 0 0 0 0 0 0 0
68 5 0 0 0 0 0 0 0 0
82 51 2 2 0 0 0 15 0 0
fn=__vfscanf_internal
55 320 1 1 80 0 0 48 0 0
fl=./stdio-common/./stdio-common/sprintf.c
fn=sprintf
25 13 3 3 1 0 0 6 0 0
29 6 1 1 0 0 0 4 0 0
30 5 0 0 0 0 0 1 0 0
34 5 0 0 4 0 0 0 0 0
fl=./stdio-common/./stdio-common/vfprintf-internal.c
fn=__printf_buffer
600 45 2 2 0 0 0 24 0 0
627 15 2 2 9 2 0 6 0 0
631 3 0 0 0 0 0 3 0 0
634 3 0 0 0 0 0 3 0 0
638 12 0 0 6 0 0 6 0 0
642 3 0 0 0 0 0 3 0 0
653 9 0 0 0 0 0 3 0 0
654 6 0 0 0 0 0 0 0 0
655 9 0 0 3 0 0 0 0 0
659 6 0 0 3 0 0 0 0 0
663 24 2 2 9 2 2 3 0 0
683 9 0 0 0 0 0 9 0 0
684 9 2 2 0 0 0 9 0 0
685 9 0 0 0 0 0 9 0 0
686 9 0 0 0 0 0 9 0 0
687 9 0 0 0 0 0 0 0 0
690 18 0 0 0 0 0 0 0 0
691 9 0 0 0 0 0 0 0 0
692 9 0 0 0 0 0 0 0 0
693 9 0 0 0 0 0 0 0 0
694 9 0 0 0 0 0 9 0 0
695 9 0 0 0 0 0 0 0 0
698 9 0 0 0 0 0 9 0 0
699 9 0 0 0 0 0 9 0 0
705 126 6 6 27 5 5 0 0 0
709 6 2 2 0 0 0 0 0 0
714 1 0 0 0 0 0 1 0 0
715 17 1 1 3 1 1 0 0 0
813 6 0 0 0 0 0 0 0 0
814 18 0 0 6 0 0 0 0 0
840 18 0 0 0 0 0 0 0 0
855 78 2 2 12 3 3 0 0 0
973 9 0 0 0 0 0 3 0 0
1018 9 0 0 9 0 0 0 0 0
1024 9 2 2 0 0 0 0 0 0
1028 27 2 2 0 0 0 9 0 0
1029 18 0 0 0 0 0 0 0 0
1031 36 0 0 15 0 0 0 0 0
1044 33 2 2 27 0 0 0 0 0
fl=./stdio-common/./stdio-common/vfprintf-process-arg.c
fn=__printf_buffer
35 1 1 1 0 0 0 1 0 0
48 2 0 0 0 0 0 0 0 0
49 1 0 0 1 0 0 0 0 0
50 2 1 1 0 0 0 0 0 0
52 2 0 0 0 0 0 0 0 0
53 8 0 0 2 0 0 1 0 0
57 2 0 0 0 0 0 0 0 0
58 3 0 0 0 0 0 0 0 0
67 1 1 1 0 0 0 0 0 0
136 2 1 1 0 0 0 0 0 0
147 1 0 0 0 0 0 0 0 0
155 15 1 1 2 0 0 7 0 0
161 9 1 1 2 0 0 2 0 0
166 6 1 1 4 0 0 1 0 0
170 2 1 1 0 0 0 1 0 0
186 5 1 1 0 0 0 0 0 0
187 4 1 1 1 0 0 0 0 0
195 7 0 0 0 0 0 1 0 0
197 3 0 0 1 0 0 0 0 0
199 4 1 1 1 0 0 0 0 0
201 7 1 1 2 0 0 1 0 0
206 2 0 0 0 0 0 0 0 0
208 4 1 1 2 0 0 0 0 0
209 1 1 1 0 0 0 0 0 0
211 2 0 0 1 0 0 0 0 0
217 2 0 0 0 0 0 0 0 0
224 2 0 0 0 0 0 0 0 0
233 2 0 0 0 0 0 0 0 0
236 2 0 0 1 0 0 0 0 0
240 5 1 1 2 0 0 1 0 0
403 64 1 1 24 0 0 8 0 0
408 16 1 1 0 0 0 0 0 0
422 48 1 1 0 0 0 0 0 0
430 16 0 0 0 0 0 0 0 0
433 25 1 1 0 0 0 5 0 0
435 12 1 1 0 0 0 3 0 0
455 24 0 0 8 0 0 0 0 0
461 6 1 1 2 0 0 0 0 0
491 8 1 1 0 0 0 0 0 0
501 32 1 1 0 0 0 8 0 0
502 8 0 0 0 0 0 0 0 0
fl=./stdio-common/./stdio-common/vfscanf-internal.c
fn=__vfscanf_internal
206 80 1 1 80 0 0 0 0 0
214 32 0 0 0 0 0 0 0 0
222 192 0 0 0 0 0 48 0 0
223 96 0 0 48 0 0 0 0 0
231 16 0 0 16 0 0 0 0 0
260 528 1 1 256 0 0 0 0 0
263 432 0 0 0 0 0 288 0 0
278 104 2 2 0 0 0 72 3 0
282 8 0 0 0 0 0 8 0 0
283 24 0 0 0 0 0 8 0 0
284 8 0 0 0 0 0 0 0 0
288 40 0 0 24 0 0 16 1 0
289 16 1 1 8 1 0 8 1 0
293 8 0 0 0 0 0 8 0 0
313 8 0 0 0 0 0 8 0 0
325 8 1 1 0 0 0 8 0 0
326 8 0 0 0 0 0 8 0 0
327 8 0 0 0 0 0 8 0 0
328 8 0 0 0 0 0 8 0 0
332 8 1 1 0 0 0 8 0 0
339 40 1 1 16 0 0 24 0 0
345 39 0 0 8 0 0 1 0 0
348 32 0 0 16 0 0 0 0 0
352 16 0 0 16 0 0 0 0 0
359 16 0 0 8 1 0 8 0 0
365 8 0 0 8 1 0 0 0 0
367 32 0 0 8 1 1 8 0 0
372 160 5 5 56 1 0 48 0 0
381 384 1 1 192 1 1 0 0 0
419 176 0 0 0 0 0 0 0 0
443 224 1 1 88 0 0 48 0 0
444 176 0 0 0 0 0 0 0 0
447 200 1 1 120 0 0 0 0 0
449 64 1 1 0 0 0 32 0 0
454 72 0 0 24 0 0 8 0 0
462 24 0 0 8 0 0 0 0 0
470 16 0 0 0 0 0 0 0 0
483 48 0 0 0 0 0 48 0 0
489 240 0 0 48 0 0 0 0 0
506 560 2 2 32 0 0 32 1 0
509 32 0 0 0 0 0 0 0 0
510 32 0 0 0 0 0 0 0 0
530 48 0 0 0 0 0 0 0 0
533 464 1 1 48 1 1 48 0 0
546 48 1 1 16 1 1 0 0 0
554 16 0 0 16 0 0 0 0 0
660 96 1 1 0 0 0 0 0 0
664 96 1 1 0 0 0 48 0 0
665 288 0 0 48 0 0 0 0 0
669 96 0 0 96 0 0 0 0 0
670 480 1 1 48 0 0 192 0 0
676 722 3 3 239 0 0 80 0 0
679 480 0 0 160 3 2 0 0 0
680 384 1 1 144 0 0 48 0 0
681 384 0 0 0 0 0 144 0 0
685 752 3 3 240 2 2 144 0 0
1041 93 1 1 31 0 0 0 0 0
1064 160 0 0 32 0 0 32 0 0
1066 96 0 0 0 0 0 0 0 0
1068 288 1 1 96 0 0 32 0 0
1078 964 2 2 290 0 0 32 0 0
1080 128 1 1 0 0 0 64 0 0
1191 1646 1 1 580 3 0 193 0 0
1193 128 1 1 32 0 0 0 0 0
1449 112 2 2 48 0 0 16 0 0
1454 48 0 0 0 0 0 0 0 0
1463 112 2 2 0 0 0 0 0 0
1465 64 0 0 0 0 0 0 0 0
1469 112 1 1 48 0 0 16 0 0
1471 128 0 0 48 1 1 0 0 0
1483 32 0 0 0 0 0 0 0 0
1493 32 1 1 0 0 0 0 0 0
1500 48 1 1 0 0 0 0 0 0
1741 64 0 0 16 0 0 16 0 0
1812 384 1 1 0 0 0 0 0 0
1814 256 0 0 0 0 0 0 0 0
1816 656 0 0 384 2 2 0 0 0
1821 48 1 1 16 0 0 16 0 0
1876 112 0 0 0 0 0 0 0 0
1878 448 0 0 0 0 0 0 0 0
1880 1008 1 1 336 1 0 112 0 0
1883 32 0 0 0 0 0 0 0 0
1890 32 1 1 0 0 0 0 0 0
1891 32 0 0 0 0 0 0 0 0
1919 160 1 1 48 0 0 32 0 0
1923 32 0 0 16 0 0 0 0 0
1940 48 0 0 0 0 0 0 0 0
1941 32 1 1 0 0 0 0 0 0
1944 64 1 1 16 0 0 16 0 0
1947 48 1 1 32 0 0 0 0 0
1950 80 0 0 16 0 0 16 0 0
1952 32 0 0 0 0 0 0 0 0
1956 16 0 0 0 0 0 0 0 0
1969 32 1 1 0 0 0 0 0 0
1970 192 1 1 64 0 0 32 0 0
1979 32 0 0 16 0 0 0 0 0
3078 32 1 1 0 0 0 0 0 0
3083 16 1 1 0 0 0 0 0 0
3094 48 1 1 16 0 0 0 0 0
3097 48 1 1 0 0 0 0 0 0
3104 104 1 1 32 0 0 24 0 0
3108 16 0 0 8 0 0 0 0 0
3125 16 0 0 8 0 0 0 0 0
3131 96 1 1 80 0 0 0 0 0
fl=./stdio-common/./stdio-common/vfscanf.c
fn=vfscanf
27 8 1 1 0 0 0 0 0 0
28 16 0 0 0 0 0 0 0 0
fl=./stdlib/../stdlib/strtol.c
fn=__strtoul_internal
107 16 1 1 0 0 0 0 0 0
108 64 0 0 32 0 0 0 0 0
fl=./stdlib/../stdlib/strtol_l.c
fn=____strtoul_l_internal
238 208 1 1 0 0 0 144 0 0
252 16 1 1 16 0 0 0 0 0
257 16 0 0 0 0 0 0 0 0
264 32 0 0 0 0 0 0 0 0
292 16 0 0 0 0 0 0 0 0
295 64 0 0 0 0 0 0 0 0
304 96 0 0 64 0 0 0 0 0
306 32 1 1 0 0 0 0 0 0
310 16 0 0 0 0 0 16 0 0
311 32 0 0 0 0 0 0 0 0
316 32 0 0 0 0 0 0 0 0
320 32 1 1 0 0 0 0 0 0
322 112 1 1 48 2 0 0 0 0
327 32 1 1 16 0 0 0 0 0
332 80 2 2 0 0 0 0 0 0
390 32 0 0 16 1 1 0 0 0
391 80 0 0 16 1 1 16 0 0
393 16 0 0 0 0 0 0 0 0
394 16 0 0 0 0 0 0 0 0
395 32 1 1 0 0 0 0 0 0
449 256 0 0 128 0 0 0 0 0
451 512 0 0 0 0 0 0 0 0
453 384 1 1 0 0 0 0 0 0
460 24 0 0 0 0 0 0 0 0
477 40 1 1 28 1 1 0 0 0
478 40 0 0 12 1 1 0 0 0
481 384 0 0 0 0 0 0 0 0
484 512 1 1 0 0 0 0 0 0
489 160 0 0 0 0 0 0 0 0
490 384 0 0 0 0 0 0 0 0
495 32 0 0 0 0 0 0 0 0
500 48 0 0 16 0 0 0 0 0
501 16 0 0 0 0 0 16 0 0
513 32 0 0 0 0 0 0 0 0
524 80 1 1 16 0 0 0 0 0
546 144 0 0 112 0 0 0 0 0
fl=./stdlib/../string/bits/string_fortified.h
fn=msort_with_tmp.part.0
29 718 0 0 534 0 0 2 0 0
fl=./stdlib/./stdlib/cxa_atexit.c
fn=__cxa_atexit
41 2 1 1 0 0 0 0 0 0
43 8 0 0 1 1 0 0 0 0
44 2 0 0 0 0 0 1 0 0
46 2 0 0 0 0 0 0 0 0
52 3 0 0 1 0 0 0 0 0
53 1 0 0 0 0 0 1 0 0
54 1 0 0 0 0 0 1 0 0
55 1 1 1 0 0 0 1 0 0
56 1 0 0 0 0 0 1 0 0
57 4 0 0 2 0 0 0 0 0
58 1 0 0 0 0 0 0 0 0
67 7 1 1 0 0 0 5 0 0
69 6 0 0 6 0 0 0 0 0
fn=__new_exitfn
80 5 1 1 0 0 0 3 0 0
81 1 0 0 0 0 0 0 0 0
86 2 0 0 1 1 1 0 0 0
91 10 0 0 2 1 0 0 0 0
93 4 1 1 1 1 0 0 0 0
101 1 0 0 0 0 0 1 0 0
122 1 0 0 0 0 0 0 0 0
123 1 1 1 0 0 0 1 0 0
134 1 0 0 0 0 0 0 0 0
136 1 1 1 0 0 0 1 0 0
137 1 0 0 1 0 0 0 0 0
141 5 0 0 4 0 0 0 0 0
fl=./stdlib/./stdlib/cxa_finalize.c
fn=__cxa_finalize
30 60 1 1 0 0 0 36 0 0
33 42 0 0 6 0 0 0 0 0
36 42 2 2 12 0 0 0 0 0
40 42 0 0 6 0 0 0 0 0
93 42 2 2 12 1 1 0 0 0
97 36 0 0 6 1 1 0 0 0
105 12 0 0 0 0 0 6 0 0
106 24 0 0 12 0 0 0 0 0
107 48 0 0 42 0 0 0 0 0
fl=./stdlib/./stdlib/cxa_thread_atexit_impl.c
fn=__call_tls_dtors
148 5 1 1 0 0 0 3 0 0
149 4 1 1 2 0 0 0 0 0
165 4 1 1 4 0 0 0 0 0
fl=./stdlib/./stdlib/exit.c
fn=__run_exit_handlers
38 12 1 1 0 0 0 8 1 1
40 2 0 0 0 0 0 0 0 0
41 2 1 1 0 0 0 1 0 0
43 5 1 1 1 1 1 0 0 0
54 2 0 0 2 1 1 0 0 0
56 2 0 0 0 0 0 0 0 0
60 1 0 0 0 0 0 1 1 1
64 6 0 0 2 1 1 0 0 0
66 2 1 1 0 0 0 1 0 0
67 1 0 0 1 0 0 0 0 0
69 7 0 0 1 0 0 0 0 0
94 2 0 0 0 0 0 0 0 0
101 1 0 0 0 0 0 1 0 0
102 1 1 1 1 0 0 0 0 0
103 1 0 0 1 0 0 0 0 0
104 3 0 0 1 0 0 0 0 0
107 4 0 0 2 0 0 0 0 0
108 3 0 0 0 0 0 1 0 0
109 4 1 1 1 0 0 0 0 0
113 3 1 1 1 0 0 0 0 0
119 3 1 1 2 0 0 1 0 0
120 2 0 0 0 0 0 0 0 0
126 4 1 1 2 0 0 0 0 0
128 2 0 0 1 0 0 0 0 0
129 2 0 0 0 0 0 1 0 0
131 2 0 0 0 0 0 1 0 0
fn=exit
137 3 1 1 0 0 0 1 0 0
138 4 0 0 0 0 0 1 0 0
fl=./stdlib/./stdlib/getenv.c
fn=getenv
24 432 10 4 0 0 0 288 0 0
25 384 0 0 144 27 17 0 0 0
28 96 0 0 0 0 0 48 0 0
29 14536 0 0 3646 53 10 0 0 0
31 7202 5 2 3601 241 43 0 0 0
32 1074 0 0 3 0 0 178 0 0
33 3 0 0 0 0 0 0 0 0
37 432 0 0 336 0 0 0 0 0
fl=./stdlib/./stdlib/mbstowcs.c
fn=mbstowcs
28 7200 102 1 900 0 0 2700 0 0
31 1800 99 1 0 0 0 900 0 0
33 1800 0 0 0 0 0 900 0 0
34 4500 0 0 3600 0 0 0 0 0
fl=./stdlib/./stdlib/qsort.c
fn=msort_with_tmp.part.0
196 2136 1 1 0 0 0 1602 6 0
201 1347 0 0 95 0 0 175 0 0
204 356 0 0 0 0 0 0 0 0
205 356 0 0 0 0 0 0 0 0
206 178 0 0 178 0 0 0 0 0
207 534 1 1 178 0 0 0 0 0
212 356 1 1 261 0 0 0 0 0
213 356 0 0 178 0 0 178 0 0
214 356 1 1 178 0 0 178 0 0
215 356 0 0 178 0 0 178 0 0
216 1246 1 1 178 0 0 0 0 0
273 2624 1 1 0 0 0 0 0 0
275 3969 1 1 1134 0 0 567 2 0
277 2799 0 0 567 0 0 558 0 0
278 1116 0 0 558 0 0 0 0 0
279 558 0 0 0 0 0 0 0 0
283 36 0 0 0 0 0 9 0 0
284 18 0 0 9 0 0 0 0 0
285 9 0 0 0 0 0 0 0 0
291 358 0 0 0 0 0 0 0 0
292 4 0 0 2 0 0 0 0 0
293 712 1 1 534 0 0 0 0 0
294 1246 0 0 1068 0 0 0 0 0
fn=qsort
404 3 1 1 0 0 0 0 0 0
405 6 0 0 0 0 0 0 0 0
fn=qsort_r
132 21 0 0 0 0 0 0 0 0
134 6 0 0 0 0 0 0 0 0
135 3 1 1 0 0 0 0 0 0
136 6 0 0 0 0 0 0 0 0
140 6 1 1 0 0 0 0 0 0
201 3 0 0 0 0 0 3 0 0
344 36 2 2 3 0 0 21 0 0
345 18 0 0 0 0 0 0 0 0
350 3 0 0 0 0 0 0 0 0
353 6 0 0 0 0 0 0 0 0
354 3 0 0 0 0 0 0 0 0
356 6 0 0 0 0 0 0 0 0
357 6 1 1 0 0 0 0 0 0
360 5 2 2 2 2 0 3 0 0
361 2 0 0 0 0 0 1 0 0
362 3 0 0 2 0 0 1 0 0
363 4 0 0 2 0 0 0 0 0
385 15 1 1 0 0 0 15 0 0
396 6 0 0 0 0 0 0 0 0
397 2 0 0 0 0 0 1 0 0
398 33 1 1 27 0 0 0 0 0
fl=./stdlib/./stdlib/setenv.c
fn=unsetenv
238 7 1 1 0 0 0 5 0 0
242 9 1 1 1 0 0 1 0 0
248 3 0 0 0 0 0 1 0 0
250 4 0 0 1 1 1 0 0 0
252 2 1 1 2 0 0 0 0 0
253 2 0 0 0 0 0 0 0 0
254 234 0 0 78 0 0 0 0 0
256 462 0 0 0 0 0 77 0 0
267 77 0 0 0 0 0 0 0 0
270 4 1 1 2 0 0 0 0 0
272 1 0 0 0 0 0 0 0 0
273 6 0 0 6 0 0 0 0 0
fl=./stdlib/./stdlib/wcstombs.c
fn=wcstombs
28 62360 31 1 7795 3 0 23385 9 1
31 15590 0 0 0 0 0 7795 0 0
34 15590 0 0 0 0 0 7795 2 0
35 38975 30 1 31180 0 0 0 0 0
fl=./string/../include/rtld-malloc.h
fn=strdup
56 18 0 0 9 0 0 9 0 0
fl=./string/../string/bits/string_fortified.h
fn=memmem
59 80 4 2 0 0 0 64 0 0
fn=strdup
29 16 0 0 0 0 0 0 0 0
fl=./string/../string/strcspn.c
fn=strcspn
32 6 1 1 0 0 0 2 0 0
33 3 0 0 1 0 0 0 0 0
34 2 0 0 1 0 0 0 0 0
39 6 0 0 0 0 0 4 0 0
40 4 1 1 0 0 0 4 0 0
41 4 0 0 0 0 0 4 1 1
42 4 0 0 0 0 0 4 1 1
44 1 0 0 0 0 0 0 0 0
47 9 1 1 3 0 0 3 0 0
48 6 0 0 0 0 0 0 0 0
51 4 0 0 2 0 0 0 0 0
52 4 0 0 2 0 0 0 0 0
53 4 1 1 2 0 0 0 0 0
54 4 0 0 2 0 0 0 0 0
56 3 0 0 0 0 0 0 0 0
61 23 0 0 0 0 0 0 0 0
62 46 0 0 46 1 1 0 0 0
63 46 1 1 46 0 0 0 0 0
64 46 0 0 46 0 0 0 0 0
65 23 0 0 23 0 0 0 0 0
67 138 0 0 23 0 0 0 0 0
69 1 0 0 0 0 0 0 0 0
70 4 0 0 0 0 0 0 0 0
71 3 0 0 3 0 0 0 0 0
fl=./string/../string/strstr.c
fn=__GI_strstr
77 36 3 1 3 0 0 21 0 0
82 9 3 1 3 3 1 0 0 0
84 15 0 0 0 0 0 3 0 0
85 6 0 0 0 0 0 0 0 0
86 6 3 1 0 0 0 0 0 0
161 36 0 0 27 0 0 0 0 0
fl=./string/../sysdeps/x86/cacheinfo.c
fn=__x86_cacheinfo
86 1 1 1 0 0 0 0 0 0
fl=./string/../sysdeps/x86/cacheinfo.h
fn=__x86_cacheinfo
59 1 0 0 1 0 0 0 0 0
62 3 1 1 1 1 0 0 0 0
64 3 0 0 0 0 0 1 0 0
65 1 0 0 0 0 0 1 1 1
71 3 0 0 1 0 0 0 0 0
73 3 1 1 0 0 0 1 0 0
74 1 0 0 0 0 0 1 0 0
78 2 0 0 1 0 0 1 1 1
80 2 0 0 1 0 0 1 0 0
81 2 0 0 1 0 0 1 0 0
82 2 0 0 1 0 0 1 0 0
84 2 1 1 1 1 0 0 0 0
86 2 0 0 1 0 0 0 0 0
fl=./string/../sysdeps/x86_64/multiarch/../multiarch/memset-vec-unaligned-erms.S
fn=memset
132 13 1 1 0 0 0 0 0 0
133 65 0 0 0 0 0 0 0 0
138 13 0 0 0 0 0 0 0 0
139 13 0 0 0 0 0 0 0 0
142 3 0 0 0 0 0 0 0 0
143 3 0 0 0 0 0 0 0 0
145 1 0 0 0 0 0 1 1 1
146 1 0 0 0 0 0 1 0 0
147 1 0 0 1 0 0 0 0 0
244 2 1 1 0 0 0 2 2 2
245 2 0 0 0 0 0 2 0 0
257 2 0 0 0 0 0 0 0 0
260 2 0 0 0 0 0 0 0 0
261 2 0 0 0 0 0 0 0 0
273 2 0 0 0 0 0 2 0 0
274 2 0 0 0 0 0 2 1 1
287 2 0 0 0 0 0 0 0 0
288 2 0 0 0 0 0 0 0 0
290 2 0 0 0 0 0 0 0 0
293 1 0 0 0 0 0 0 0 0
296 2 0 0 0 0 0 0 0 0
299 35 0 0 0 0 0 35 34 34
300 35 0 0 0 0 0 35 0 0
301 35 0 0 0 0 0 35 0 0
302 35 0 0 0 0 0 35 0 0
303 35 0 0 0 0 0 0 0 0
304 35 0 0 0 0 0 0 0 0
305 35 0 0 0 0 0 0 0 0
308 2 0 0 0 0 0 2 1 1
309 2 0 0 0 0 0 2 0 0
310 2 0 0 0 0 0 2 0 0
311 2 0 0 0 0 0 2 0 0
316 2 0 0 2 0 0 0 0 0
350 10 1 1 0 0 0 0 0 0
352 10 0 0 0 0 0 0 0 0
353 10 0 0 0 0 0 0 0 0
392 10 1 1 0 0 0 10 6 6
393 10 0 0 0 0 0 10 0 0
395 10 0 0 10 0 0 0 0 0
fl=./string/../sysdeps/x86_64/multiarch/../multiarch/strchr-sse2.S
fn=index
32 33 1 1 0 0 0 0 0 0
33 33 0 0 0 0 0 0 0 0
34 33 0 0 0 0 0 0 0 0
35 33 0 0 0 0 0 0 0 0
36 33 1 1 0 0 0 0 0 0
37 33 0 0 0 0 0 0 0 0
38 33 0 0 0 0 0 0 0 0
39 33 0 0 0 0 0 0 0 0
40 33 0 0 0 0 0 0 0 0
41 33 0 0 33 2 2 0 0 0
42 33 0 0 0 0 0 0 0 0
43 33 0 0 0 0 0 0 0 0
44 33 0 0 0 0 0 0 0 0
45 33 0 0 0 0 0 0 0 0
46 33 0 0 0 0 0 0 0 0
47 33 0 0 0 0 0 0 0 0
48 33 0 0 0 0 0 0 0 0
49 33 0 0 0 0 0 0 0 0
50 30 0 0 0 0 0 0 0 0
54 30 0 0 0 0 0 0 0 0
55 30 1 1 0 0 0 0 0 0
56 30 0 0 30 0 0 0 0 0
57 30 0 0 0 0 0 0 0 0
59 30 0 0 30 0 0 0 0 0
63 3 0 0 3 1 1 0 0 0
64 3 0 0 0 0 0 0 0 0
65 3 0 0 0 0 0 0 0 0
66 3 0 0 0 0 0 0 0 0
67 3 0 0 0 0 0 0 0 0
68 3 0 0 0 0 0 0 0 0
69 3 0 0 3 1 1 0 0 0
70 3 0 0 0 0 0 0 0 0
71 3 0 0 0 0 0 0 0 0
72 3 0 0 0 0 0 0 0 0
73 3 0 0 0 0 0 0 0 0
74 3 1 1 0 0 0 0 0 0
75 3 0 0 0 0 0 0 0 0
76 3 0 0 3 0 0 0 0 0
77 3 0 0 0 0 0 0 0 0
78 3 0 0 0 0 0 0 0 0
79 3 0 0 0 0 0 0 0 0
80 3 0 0 0 0 0 0 0 0
81 3 0 0 0 0 0 0 0 0
82 3 0 0 0 0 0 0 0 0
83 3 0 0 0 0 0 0 0 0
84 3 0 0 0 0 0 0 0 0
85 3 0 0 0 0 0 0 0 0
86 5 0 0 0 0 0 0 0 0
91 1 1 1 0 0 0 0 0 0
92 1 0 0 0 0 0 0 0 0
95 2 0 0 0 0 0 0 0 0
96 2 0 0 2 0 0 0 0 0
97 2 0 0 2 0 0 0 0 0
98 2 0 0 2 0 0 0 0 0
99 2 0 0 0 0 0 0 0 0
100 2 0 0 2 0 0 0 0 0
101 2 0 0 0 0 0 0 0 0
102 2 0 0 0 0 0 0 0 0
103 2 0 0 2 0 0 0 0 0
104 2 0 0 0 0 0 0 0 0
105 2 0 0 2 0 0 0 0 0
106 2 0 0 2 0 0 0 0 0
107 2 1 1 0 0 0 0 0 0
108 2 0 0 2 0 0 0 0 0
109 2 0 0 0 0 0 0 0 0
110 2 0 0 0 0 0 0 0 0
111 2 0 0 0 0 0 0 0 0
112 2 0 0 0 0 0 0 0 0
114 2 0 0 0 0 0 0 0 0
115 2 0 0 0 0 0 0 0 0
117 1 0 0 1 0 0 0 0 0
118 1 0 0 0 0 0 0 0 0
119 1 0 0 0 0 0 0 0 0
120 1 0 0 0 0 0 0 0 0
121 1 0 0 0 0 0 0 0 0
122 1 0 0 0 0 0 0 0 0
123 1 0 0 0 0 0 0 0 0
124 1 0 0 0 0 0 0 0 0
126 1 0 0 0 0 0 0 0 0
127 1 1 1 0 0 0 0 0 0
128 1 0 0 0 0 0 0 0 0
129 1 0 0 0 0 0 0 0 0
130 1 0 0 0 0 0 0 0 0
131 1 0 0 0 0 0 0 0 0
132 1 0 0 0 0 0 0 0 0
133 1 0 0 0 0 0 0 0 0
134 1 0 0 0 0 0 0 0 0
135 1 0 0 0 0 0 0 0 0
138 3 0 0 0 0 0 0 0 0
142 3 0 0 0 0 0 0 0 0
143 3 0 0 0 0 0 0 0 0
144 3 0 0 3 0 0 0 0 0
145 3 0 0 0 0 0 0 0 0
147 3 0 0 3 0 0 0 0 0
fl=./string/../sysdeps/x86_64/multiarch/../multiarch/strcmp-sse2.S
fn=strcmp
98 980 32 4 0 0 0 0 0 0
131 980 0 0 0 0 0 0 0 0
132 980 0 0 0 0 0 0 0 0
134 980 0 0 0 0 0 0 0 0
135 980 0 0 0 0 0 0 0 0
156 980 0 0 0 0 0 0 0 0
157 980 0 0 0 0 0 0 0 0
158 675 0 0 0 0 0 0 0 0
159 675 0 0 0 0 0 0 0 0
160 492 0 0 492 113 79 0 0 0
161 492 25 4 492 14 8 0 0 0
162 492 0 0 492 0 0 0 0 0
163 492 0 0 492 0 0 0 0 0
180 492 0 0 0 0 0 0 0 0
181 492 0 0 0 0 0 0 0 0
182 492 0 0 0 0 0 0 0 0
183 492 0 0 0 0 0 0 0 0
184 492 0 0 0 0 0 0 0 0
185 492 0 0 0 0 0 0 0 0
186 492 0 0 0 0 0 0 0 0
191 33 0 0 0 0 0 0 0 0
192 99 0 0 0 0 0 0 0 0
201 521 36 5 0 0 0 0 0 0
202 521 0 0 0 0 0 0 0 0
203 521 0 0 0 0 0 0 0 0
204 521 0 0 0 0 0 0 0 0
205 521 0 0 0 0 0 0 0 0
206 521 0 0 0 0 0 0 0 0
207 521 0 0 0 0 0 0 0 0
208 521 0 0 0 0 0 0 0 0
209 507 0 0 0 0 0 0 0 0
210 161 0 0 0 0 0 0 0 0
211 161 0 0 0 0 0 0 0 0
212 161 0 0 0 0 0 0 0 0
214 507 0 0 0 0 0 0 0 0
215 507 0 0 0 0 0 0 0 0
216 507 0 0 0 0 0 0 0 0
217 507 0 0 507 40 6 0 0 0
218 507 0 0 0 0 0 0 0 0
219 507 0 0 0 0 0 0 0 0
229 14 3 1 14 0 0 0 0 0
230 14 0 0 0 0 0 0 0 0
231 14 0 0 0 0 0 0 0 0
233 14 0 0 14 3 1 0 0 0
239 14 0 0 0 0 0 0 0 0
240 14 0 0 0 0 0 0 0 0
241 14 0 0 0 0 0 0 0 0
242 14 0 0 0 0 0 0 0 0
243 14 0 0 0 0 0 0 0 0
248 14 0 0 0 0 0 0 0 0
250 4 0 0 0 0 0 0 0 0
251 4 0 0 0 0 0 0 0 0
252 8 0 0 0 0 0 0 0 0
260 4 3 1 4 0 0 0 0 0
261 4 0 0 4 2 2 0 0 0
264 4 0 0 0 0 0 0 0 0
265 4 0 0 0 0 0 0 0 0
266 4 0 0 0 0 0 0 0 0
267 4 0 0 0 0 0 0 0 0
268 4 0 0 0 0 0 0 0 0
269 4 0 0 0 0 0 0 0 0
300 10 2 1 0 0 0 0 0 0
301 10 0 0 10 1 0 0 0 0
302 10 0 0 10 1 1 0 0 0
303 10 0 0 0 0 0 0 0 0
304 10 0 0 0 0 0 0 0 0
306 10 0 0 0 0 0 0 0 0
307 10 0 0 0 0 0 0 0 0
308 10 2 1 0 0 0 0 0 0
309 10 0 0 0 0 0 0 0 0
310 10 0 0 0 0 0 0 0 0
311 10 0 0 0 0 0 0 0 0
312 10 0 0 0 0 0 0 0 0
313 5 0 0 5 0 0 0 0 0
316 5 0 0 0 0 0 0 0 0
317 5 0 0 0 0 0 0 0 0
318 5 0 0 0 0 0 0 0 0
324 5 0 0 0 0 0 0 0 0
325 5 0 0 0 0 0 0 0 0
326 10 0 0 0 0 0 0 0 0
330 5 2 1 0 0 0 0 0 0
331 5 0 0 0 0 0 0 0 0
334 5 0 0 5 0 0 0 0 0
335 5 0 0 5 2 1 0 0 0
336 5 0 0 0 0 0 0 0 0
338 5 0 0 0 0 0 0 0 0
339 5 0 0 0 0 0 0 0 0
340 5 0 0 0 0 0 0 0 0
344 5 0 0 0 0 0 0 0 0
345 5 0 0 0 0 0 0 0 0
346 5 0 0 0 0 0 0 0 0
347 5 0 0 0 0 0 0 0 0
348 5 0 0 0 0 0 0 0 0
349 5 2 1 0 0 0 0 0 0
424 2 1 1 0 0 0 0 0 0
425 2 0 0 2 0 0 0 0 0
426 2 0 0 2 0 0 0 0 0
427 2 0 0 0 0 0 0 0 0
428 2 0 0 0 0 0 0 0 0
430 2 0 0 0 0 0 0 0 0
431 2 0 0 0 0 0 0 0 0
432 2 1 1 0 0 0 0 0 0
433 2 0 0 0 0 0 0 0 0
434 2 0 0 0 0 0 0 0 0
435 2 0 0 0 0 0 0 0 0
436 2 0 0 0 0 0 0 0 0
437 2 0 0 2 0 0 0 0 0
440 2 0 0 0 0 0 0 0 0
441 2 0 0 0 0 0 0 0 0
442 2 0 0 0 0 0 0 0 0
448 2 0 0 0 0 0 0 0 0
449 2 0 0 0 0 0 0 0 0
450 4 0 0 0 0 0 0 0 0
454 2 1 1 0 0 0 0 0 0
455 2 0 0 0 0 0 0 0 0
458 2 0 0 2 0 0 0 0 0
459 2 0 0 2 0 0 0 0 0
460 2 0 0 0 0 0 0 0 0
462 2 0 0 0 0 0 0 0 0
463 2 0 0 0 0 0 0 0 0
464 2 0 0 0 0 0 0 0 0
468 2 0 0 0 0 0 0 0 0
469 2 0 0 0 0 0 0 0 0
470 2 0 0 0 0 0 0 0 0
471 2 0 0 0 0 0 0 0 0
472 2 0 0 0 0 0 0 0 0
473 2 1 1 0 0 0 0 0 0
542 5 2 1 0 0 0 0 0 0
543 5 0 0 5 2 2 0 0 0
544 5 0 0 5 0 0 0 0 0
545 5 0 0 0 0 0 0 0 0
546 5 0 0 0 0 0 0 0 0
548 5 0 0 0 0 0 0 0 0
549 5 0 0 0 0 0 0 0 0
550 5 2 1 0 0 0 0 0 0
551 5 0 0 0 0 0 0 0 0
552 5 0 0 0 0 0 0 0 0
553 5 0 0 0 0 0 0 0 0
554 5 0 0 0 0 0 0 0 0
555 3 0 0 3 0 0 0 0 0
559 3 0 0 0 0 0 0 0 0
560 3 0 0 0 0 0 0 0 0
561 3 0 0 0 0 0 0 0 0
567 3 0 0 0 0 0 0 0 0
568 3 0 0 0 0 0 0 0 0
569 6 0 0 0 0 0 0 0 0
573 3 3 1 0 0 0 0 0 0
574 3 0 0 0 0 0 0 0 0
577 3 0 0 3 0 0 0 0 0
578 3 0 0 3 1 1 0 0 0
579 3 0 0 0 0 0 0 0 0
581 3 0 0 0 0 0 0 0 0
582 3 0 0 0 0 0 0 0 0
583 3 0 0 0 0 0 0 0 0
587 3 0 0 0 0 0 0 0 0
588 3 0 0 0 0 0 0 0 0
589 3 0 0 0 0 0 0 0 0
590 3 0 0 0 0 0 0 0 0
591 3 0 0 0 0 0 0 0 0
592 3 3 1 0 0 0 0 0 0
661 4 2 1 0 0 0 0 0 0
662 4 0 0 4 0 0 0 0 0
663 4 0 0 4 0 0 0 0 0
664 4 0 0 0 0 0 0 0 0
665 4 0 0 0 0 0 0 0 0
667 4 0 0 0 0 0 0 0 0
668 4 0 0 0 0 0 0 0 0
669 4 2 1 0 0 0 0 0 0
670 4 0 0 0 0 0 0 0 0
671 4 0 0 0 0 0 0 0 0
672 4 0 0 0 0 0 0 0 0
673 4 0 0 0 0 0 0 0 0
674 3 0 0 3 0 0 0 0 0
678 3 0 0 0 0 0 0 0 0
679 3 0 0 0 0 0 0 0 0
680 3 0 0 0 0 0 0 0 0
686 3 0 0 0 0 0 0 0 0
687 3 0 0 0 0 0 0 0 0
688 6 0 0 0 0 0 0 0 0
692 3 2 1 0 0 0 0 0 0
693 3 0 0 0 0 0 0 0 0
696 3 0 0 3 1 1 0 0 0
697 3 0 0 3 1 1 0 0 0
698 3 0 0 0 0 0 0 0 0
700 3 0 0 0 0 0 0 0 0
701 3 0 0 0 0 0 0 0 0
702 3 0 0 0 0 0 0 0 0
706 3 0 0 0 0 0 0 0 0
707 3 0 0 0 0 0 0 0 0
708 3 0 0 0 0 0 0 0 0
709 3 0 0 0 0 0 0 0 0
710 3 0 0 0 0 0 0 0 0
711 3 2 1 0 0 0 0 0 0
780 9 3 2 0 0 0 0 0 0
781 9 0 0 9 2 1 0 0 0
782 9 0 0 9 0 0 0 0 0
783 9 0 0 0 0 0 0 0 0
784 9 0 0 0 0 0 0 0 0
786 9 0 0 0 0 0 0 0 0
787 9 0 0 0 0 0 0 0 0
788 9 3 2 0 0 0 0 0 0
789 9 0 0 0 0 0 0 0 0
790 9 0 0 0 0 0 0 0 0
791 9 0 0 0 0 0 0 0 0
792 9 0 0 0 0 0 0 0 0
793 5 0 0 5 0 0 0 0 0
797 5 0 0 0 0 0 0 0 0
798 5 0 0 0 0 0 0 0 0
799 5 0 0 0 0 0 0 0 0
805 5 0 0 0 0 0 0 0 0
806 5 0 0 0 0 0 0 0 0
807 10 0 0 0 0 0 0 0 0
811 5 2 1 0 0 0 0 0 0
812 5 0 0 0 0 0 0 0 0
815 5 0 0 5 1 1 0 0 0
816 5 0 0 5 1 1 0 0 0
817 5 0 0 0 0 0 0 0 0
819 5 0 0 0 0 0 0 0 0
820 5 0 0 0 0 0 0 0 0
821 5 0 0 0 0 0 0 0 0
825 5 0 0 0 0 0 0 0 0
826 5 0 0 0 0 0 0 0 0
827 5 0 0 0 0 0 0 0 0
828 5 0 0 0 0 0 0 0 0
829 5 0 0 0 0 0 0 0 0
830 5 2 1 0 0 0 0 0 0
837 2 0 0 0 0 0 0 0 0
838 2 0 0 0 0 0 0 0 0
840 2 0 0 0 0 0 0 0 0
841 2 0 0 0 0 0 0 0 0
843 2 0 0 2 0 0 0 0 0
844 2 0 0 2 1 1 0 0 0
845 2 0 0 0 0 0 0 0 0
847 2 0 0 0 0 0 0 0 0
848 2 0 0 0 0 0 0 0 0
849 2 0 0 0 0 0 0 0 0
853 2 0 0 0 0 0 0 0 0
854 2 0 0 0 0 0 0 0 0
855 2 0 0 0 0 0 0 0 0
856 2 0 0 0 0 0 0 0 0
857 2 1 1 0 0 0 0 0 0
858 2 0 0 0 0 0 0 0 0
899 9 1 1 0 0 0 0 0 0
900 9 0 0 9 2 1 0 0 0
901 9 0 0 9 2 2 0 0 0
902 9 0 0 0 0 0 0 0 0
903 9 0 0 0 0 0 0 0 0
905 9 0 0 0 0 0 0 0 0
906 9 0 0 0 0 0 0 0 0
907 9 1 1 0 0 0 0 0 0
908 9 0 0 0 0 0 0 0 0
909 9 0 0 0 0 0 0 0 0
910 9 0 0 0 0 0 0 0 0
911 9 0 0 0 0 0 0 0 0
912 8 0 0 8 0 0 0 0 0
916 8 0 0 0 0 0 0 0 0
917 8 0 0 0 0 0 0 0 0
918 8 0 0 0 0 0 0 0 0
924 8 0 0 0 0 0 0 0 0
925 8 0 0 0 0 0 0 0 0
926 16 0 0 0 0 0 0 0 0
930 8 1 1 0 0 0 0 0 0
931 8 0 0 0 0 0 0 0 0
934 8 0 0 8 3 2 0 0 0
935 8 0 0 8 1 1 0 0 0
936 8 0 0 0 0 0 0 0 0
938 8 0 0 0 0 0 0 0 0
939 8 0 0 0 0 0 0 0 0
940 8 0 0 0 0 0 0 0 0
944 8 0 0 0 0 0 0 0 0
945 8 0 0 0 0 0 0 0 0
946 8 0 0 0 0 0 0 0 0
947 8 0 0 0 0 0 0 0 0
948 8 0 0 0 0 0 0 0 0
949 8 1 1 0 0 0 0 0 0
956 1 0 0 0 0 0 0 0 0
957 1 0 0 0 0 0 0 0 0
959 1 0 0 0 0 0 0 0 0
960 1 0 0 0 0 0 0 0 0
962 1 0 0 1 0 0 0 0 0
963 1 0 0 1 0 0 0 0 0
964 1 0 0 0 0 0 0 0 0
966 1 0 0 0 0 0 0 0 0
967 1 0 0 0 0 0 0 0 0
968 1 0 0 0 0 0 0 0 0
972 1 0 0 0 0 0 0 0 0
973 1 0 0 0 0 0 0 0 0
974 1 0 0 0 0 0 0 0 0
975 1 0 0 0 0 0 0 0 0
976 1 1 1 0 0 0 0 0 0
977 1 0 0 0 0 0 0 0 0
1018 14 4 1 0 0 0 0 0 0
1019 14 0 0 14 4 4 0 0 0
1020 14 0 0 14 3 3 0 0 0
1021 14 0 0 0 0 0 0 0 0
1022 14 0 0 0 0 0 0 0 0
1024 14 0 0 0 0 0 0 0 0
1025 14 0 0 0 0 0 0 0 0
1026 14 4 1 0 0 0 0 0 0
1027 14 0 0 0 0 0 0 0 0
1028 14 0 0 0 0 0 0 0 0
1029 14 0 0 0 0 0 0 0 0
1030 14 0 0 0 0 0 0 0 0
1031 9 0 0 9 0 0 0 0 0
1035 9 0 0 0 0 0 0 0 0
1036 9 0 0 0 0 0 0 0 0
1037 9 0 0 0 0 0 0 0 0
1043 9 0 0 0 0 0 0 0 0
1044 9 0 0 0 0 0 0 0 0
1045 18 0 0 0 0 0 0 0 0
1049 9 2 1 0 0 0 0 0 0
1050 9 0 0 0 0 0 0 0 0
1053 9 0 0 9 3 3 0 0 0
1054 9 0 0 9 2 2 0 0 0
1055 9 0 0 0 0 0 0 0 0
1057 9 0 0 0 0 0 0 0 0
1058 9 0 0 0 0 0 0 0 0
1059 9 0 0 0 0 0 0 0 0
1063 9 0 0 0 0 0 0 0 0
1064 9 0 0 0 0 0 0 0 0
1065 9 0 0 0 0 0 0 0 0
1066 9 0 0 0 0 0 0 0 0
1067 9 0 0 0 0 0 0 0 0
1068 9 2 1 0 0 0 0 0 0
1137 16 4 1 0 0 0 0 0 0
1138 16 0 0 16 3 2 0 0 0
1139 16 0 0 16 0 0 0 0 0
1140 16 0 0 0 0 0 0 0 0
1141 16 0 0 0 0 0 0 0 0
1143 16 0 0 0 0 0 0 0 0
1144 16 0 0 0 0 0 0 0 0
1145 16 4 1 0 0 0 0 0 0
1146 16 0 0 0 0 0 0 0 0
1147 16 0 0 0 0 0 0 0 0
1148 16 0 0 0 0 0 0 0 0
1149 16 0 0 0 0 0 0 0 0
1150 8 0 0 8 0 0 0 0 0
1154 8 0 0 0 0 0 0 0 0
1155 8 0 0 0 0 0 0 0 0
1156 8 0 0 0 0 0 0 0 0
1162 8 0 0 0 0 0 0 0 0
1163 8 0 0 0 0 0 0 0 0
1164 16 0 0 0 0 0 0 0 0
1168 8 4 1 0 0 0 0 0 0
1169 8 0 0 0 0 0 0 0 0
1172 8 0 0 8 0 0 0 0 0
1173 8 0 0 8 1 0 0 0 0
1174 8 0 0 0 0 0 0 0 0
1176 8 0 0 0 0 0 0 0 0
1177 8 0 0 0 0 0 0 0 0
1178 8 0 0 0 0 0 0 0 0
1182 8 0 0 0 0 0 0 0 0
1183 8 0 0 0 0 0 0 0 0
1184 8 0 0 0 0 0 0 0 0
1185 8 0 0 0 0 0 0 0 0
1186 8 0 0 0 0 0 0 0 0
1187 8 4 1 0 0 0 0 0 0
1194 1 0 0 0 0 0 0 0 0
1195 1 0 0 0 0 0 0 0 0
1197 1 0 0 0 0 0 0 0 0
1198 1 0 0 0 0 0 0 0 0
1200 1 0 0 1 0 0 0 0 0
1201 1 0 0 1 1 0 0 0 0
1202 1 0 0 0 0 0 0 0 0
1204 1 0 0 0 0 0 0 0 0
1205 1 0 0 0 0 0 0 0 0
1206 1 0 0 0 0 0 0 0 0
1210 1 0 0 0 0 0 0 0 0
1211 1 0 0 0 0 0 0 0 0
1212 1 0 0 0 0 0 0 0 0
1213 1 0 0 0 0 0 0 0 0
1214 1 1 1 0 0 0 0 0 0
1215 1 0 0 0 0 0 0 0 0
1256 41 2 1 0 0 0 0 0 0
1257 41 0 0 41 3 2 0 0 0
1258 41 0 0 41 2 1 0 0 0
1259 41 0 0 0 0 0 0 0 0
1260 41 0 0 0 0 0 0 0 0
1262 41 0 0 0 0 0 0 0 0
1263 41 0 0 0 0 0 0 0 0
1264 41 2 1 0 0 0 0 0 0
1265 41 0 0 0 0 0 0 0 0
1266 41 0 0 0 0 0 0 0 0
1267 41 0 0 0 0 0 0 0 0
1268 41 0 0 0 0 0 0 0 0
1269 6 0 0 6 0 0 0 0 0
1273 6 0 0 0 0 0 0 0 0
1274 6 0 0 0 0 0 0 0 0
1275 6 0 0 0 0 0 0 0 0
1281 6 0 0 0 0 0 0 0 0
1282 6 0 0 0 0 0 0 0 0
1283 12 0 0 0 0 0 0 0 0
1287 6 2 1 0 0 0 0 0 0
1288 6 0 0 0 0 0 0 0 0
1291 6 0 0 6 0 0 0 0 0
1292 6 0 0 6 2 1 0 0 0
1293 6 0 0 0 0 0 0 0 0
1295 6 0 0 0 0 0 0 0 0
1296 6 0 0 0 0 0 0 0 0
1297 6 0 0 0 0 0 0 0 0
1301 6 0 0 0 0 0 0 0 0
1302 6 0 0 0 0 0 0 0 0
1303 6 0 0 0 0 0 0 0 0
1304 6 0 0 0 0 0 0 0 0
1305 6 0 0 0 0 0 0 0 0
1306 6 2 1 0 0 0 0 0 0
1313 1 0 0 0 0 0 0 0 0
1314 1 0 0 0 0 0 0 0 0
1316 1 0 0 0 0 0 0 0 0
1317 1 0 0 0 0 0 0 0 0
1319 1 0 0 1 0 0 0 0 0
1320 1 0 0 1 0 0 0 0 0
1321 1 0 0 0 0 0 0 0 0
1323 1 0 0 0 0 0 0 0 0
1324 1 0 0 0 0 0 0 0 0
1325 1 0 0 0 0 0 0 0 0
1329 1 0 0 0 0 0 0 0 0
1330 1 0 0 0 0 0 0 0 0
1331 1 0 0 0 0 0 0 0 0
1332 1 0 0 0 0 0 0 0 0
1333 1 1 0 0 0 0 0 0 0
1334 1 0 0 0 0 0 0 0 0
1347 1 1 1 0 0 0 0 0 0
1348 1 0 0 0 0 0 0 0 0
1349 1 0 0 0 0 0 0 0 0
1350 1 0 0 0 0 0 0 0 0
1357 1 0 0 0 0 0 0 0 0
1358 1 0 0 0 0 0 0 0 0
1359 1 0 0 0 0 0 0 0 0
1375 23 4 2 0 0 0 0 0 0
1376 23 0 0 23 1 0 0 0 0
1377 23 0 0 23 1 1 0 0 0
1378 23 0 0 0 0 0 0 0 0
1379 23 0 0 0 0 0 0 0 0
1381 23 0 0 0 0 0 0 0 0
1382 23 0 0 0 0 0 0 0 0
1383 23 3 2 0 0 0 0 0 0
1384 23 0 0 0 0 0 0 0 0
1385 23 0 0 0 0 0 0 0 0
1386 23 0 0 0 0 0 0 0 0
1387 23 0 0 0 0 0 0 0 0
1388 8 0 0 8 0 0 0 0 0
1392 8 0 0 0 0 0 0 0 0
1393 8 0 0 0 0 0 0 0 0
1394 8 0 0 0 0 0 0 0 0
1400 8 0 0 0 0 0 0 0 0
1401 8 0 0 0 0 0 0 0 0
1402 16 0 0 0 0 0 0 0 0
1406 8 4 2 0 0 0 0 0 0
1407 8 0 0 0 0 0 0 0 0
1410 8 0 0 8 0 0 0 0 0
1411 8 0 0 8 2 0 0 0 0
1412 8 0 0 0 0 0 0 0 0
1414 8 0 0 0 0 0 0 0 0
1415 8 0 0 0 0 0 0 0 0
1416 8 0 0 0 0 0 0 0 0
1420 8 0 0 0 0 0 0 0 0
1421 8 0 0 0 0 0 0 0 0
1422 8 0 0 0 0 0 0 0 0
1423 8 0 0 0 0 0 0 0 0
1424 8 0 0 0 0 0 0 0 0
1425 8 3 2 0 0 0 0 0 0
1494 210 40 4 0 0 0 0 0 0
1495 210 0 0 210 39 10 0 0 0
1496 210 0 0 210 39 5 0 0 0
1497 210 0 0 0 0 0 0 0 0
1498 210 0 0 0 0 0 0 0 0
1500 210 0 0 0 0 0 0 0 0
1501 210 0 0 0 0 0 0 0 0
1502 210 38 4 0 0 0 0 0 0
1503 210 0 0 0 0 0 0 0 0
1504 210 0 0 0 0 0 0 0 0
1505 210 0 0 0 0 0 0 0 0
1506 210 0 0 0 0 0 0 0 0
1507 176 0 0 176 0 0 0 0 0
1511 176 0 0 0 0 0 0 0 0
1512 176 0 0 0 0 0 0 0 0
1513 176 0 0 0 0 0 0 0 0
1519 176 0 0 0 0 0 0 0 0
1520 176 0 0 0 0 0 0 0 0
1521 352 0 0 0 0 0 0 0 0
1525 176 35 4 0 0 0 0 0 0
1526 176 0 0 0 0 0 0 0 0
1529 176 0 0 176 39 6 0 0 0
1530 176 0 0 176 35 8 0 0 0
1531 176 0 0 0 0 0 0 0 0
1533 176 0 0 0 0 0 0 0 0
1534 176 0 0 0 0 0 0 0 0
1535 176 0 0 0 0 0 0 0 0
1539 176 0 0 0 0 0 0 0 0
1540 176 0 0 0 0 0 0 0 0
1541 176 0 0 0 0 0 0 0 0
1542 176 0 0 0 0 0 0 0 0
1543 176 0 0 0 0 0 0 0 0
1544 176 35 5 0 0 0 0 0 0
1613 21 2 1 0 0 0 0 0 0
1614 21 0 0 21 4 3 0 0 0
1615 21 0 0 21 5 4 0 0 0
1616 21 0 0 0 0 0 0 0 0
1617 21 0 0 0 0 0 0 0 0
1619 21 0 0 0 0 0 0 0 0
1620 21 0 0 0 0 0 0 0 0
1621 21 2 1 0 0 0 0 0 0
1622 21 0 0 0 0 0 0 0 0
1623 21 0 0 0 0 0 0 0 0
1624 21 0 0 0 0 0 0 0 0
1625 21 0 0 0 0 0 0 0 0
1626 8 0 0 8 0 0 0 0 0
1630 8 0 0 0 0 0 0 0 0
1631 8 0 0 0 0 0 0 0 0
1632 8 0 0 0 0 0 0 0 0
1638 8 0 0 0 0 0 0 0 0
1639 8 0 0 0 0 0 0 0 0
1640 16 0 0 0 0 0 0 0 0
1644 8 2 1 0 0 0 0 0 0
1645 8 0 0 0 0 0 0 0 0
1648 8 0 0 8 4 4 0 0 0
1649 8 0 0 8 0 0 0 0 0
1650 8 0 0 0 0 0 0 0 0
1652 8 0 0 0 0 0 0 0 0
1653 8 0 0 0 0 0 0 0 0
1654 8 0 0 0 0 0 0 0 0
1658 8 0 0 0 0 0 0 0 0
1659 8 0 0 0 0 0 0 0 0
1660 8 0 0 0 0 0 0 0 0
1661 8 0 0 0 0 0 0 0 0
1662 8 0 0 0 0 0 0 0 0
1663 8 2 1 0 0 0 0 0 0
1670 1 0 0 0 0 0 0 0 0
1671 1 0 0 0 0 0 0 0 0
1673 1 0 0 0 0 0 0 0 0
1674 1 0 0 0 0 0 0 0 0
1676 1 0 0 1 0 0 0 0 0
1677 1 0 0 1 1 1 0 0 0
1678 1 0 0 0 0 0 0 0 0
1680 1 0 0 0 0 0 0 0 0
1681 1 0 0 0 0 0 0 0 0
1682 1 0 0 0 0 0 0 0 0
1686 1 0 0 0 0 0 0 0 0
1687 1 0 0 0 0 0 0 0 0
1688 1 0 0 0 0 0 0 0 0
1689 1 0 0 0 0 0 0 0 0
1690 1 1 1 0 0 0 0 0 0
1691 1 0 0 0 0 0 0 0 0
1732 65 6 1 0 0 0 0 0 0
1733 65 0 0 65 7 4 0 0 0
1734 65 0 0 65 3 3 0 0 0
1735 65 0 0 0 0 0 0 0 0
1736 65 0 0 0 0 0 0 0 0
1738 65 0 0 0 0 0 0 0 0
1739 65 0 0 0 0 0 0 0 0
1740 65 6 1 0 0 0 0 0 0
1741 65 0 0 0 0 0 0 0 0
1742 65 0 0 0 0 0 0 0 0
1743 65 0 0 0 0 0 0 0 0
1744 65 0 0 0 0 0 0 0 0
1745 15 0 0 15 0 0 0 0 0
1749 15 0 0 0 0 0 0 0 0
1750 15 0 0 0 0 0 0 0 0
1751 15 0 0 0 0 0 0 0 0
1757 15 0 0 0 0 0 0 0 0
1758 15 0 0 0 0 0 0 0 0
1759 30 0 0 0 0 0 0 0 0
1763 15 3 1 0 0 0 0 0 0
1764 15 0 0 0 0 0 0 0 0
1767 15 0 0 15 0 0 0 0 0
1768 15 0 0 15 5 5 0 0 0
1769 15 0 0 0 0 0 0 0 0
1771 15 0 0 0 0 0 0 0 0
1772 15 0 0 0 0 0 0 0 0
1773 15 0 0 0 0 0 0 0 0
1777 15 0 0 0 0 0 0 0 0
1778 15 0 0 0 0 0 0 0 0
1779 15 0 0 0 0 0 0 0 0
1780 15 0 0 0 0 0 0 0 0
1781 15 0 0 0 0 0 0 0 0
1782 15 3 1 0 0 0 0 0 0
1789 1 0 0 0 0 0 0 0 0
1790 1 0 0 0 0 0 0 0 0
1792 1 0 0 0 0 0 0 0 0
1793 1 0 0 0 0 0 0 0 0
1795 1 0 0 1 0 0 0 0 0
1796 1 0 0 1 0 0 0 0 0
1797 1 0 0 0 0 0 0 0 0
1799 1 0 0 0 0 0 0 0 0
1800 1 0 0 0 0 0 0 0 0
1801 1 0 0 0 0 0 0 0 0
1805 1 0 0 0 0 0 0 0 0
1806 1 0 0 0 0 0 0 0 0
1807 1 0 0 0 0 0 0 0 0
1808 1 0 0 0 0 0 0 0 0
1809 1 1 1 0 0 0 0 0 0
1810 1 0 0 0 0 0 0 0 0
1851 35 5 1 0 0 0 0 0 0
1852 35 0 0 35 5 4 0 0 0
1853 35 0 0 35 4 2 0 0 0
1854 35 0 0 0 0 0 0 0 0
1855 35 0 0 0 0 0 0 0 0
1857 35 0 0 0 0 0 0 0 0
1858 35 0 0 0 0 0 0 0 0
1859 35 5 1 0 0 0 0 0 0
1860 35 0 0 0 0 0 0 0 0
1861 35 0 0 0 0 0 0 0 0
1862 35 0 0 0 0 0 0 0 0
1863 35 0 0 0 0 0 0 0 0
1864 12 0 0 12 0 0 0 0 0
1868 12 0 0 0 0 0 0 0 0
1869 12 0 0 0 0 0 0 0 0
1870 12 0 0 0 0 0 0 0 0
1876 12 0 0 0 0 0 0 0 0
1877 12 0 0 0 0 0 0 0 0
1878 24 0 0 0 0 0 0 0 0
1882 12 4 1 0 0 0 0 0 0
1883 12 0 0 0 0 0 0 0 0
1886 12 0 0 12 3 1 0 0 0
1887 12 0 0 12 3 3 0 0 0
1888 12 0 0 0 0 0 0 0 0
1890 12 0 0 0 0 0 0 0 0
1891 12 0 0 0 0 0 0 0 0
1892 12 0 0 0 0 0 0 0 0
1896 12 0 0 0 0 0 0 0 0
1897 12 0 0 0 0 0 0 0 0
1898 12 0 0 0 0 0 0 0 0
1899 12 0 0 0 0 0 0 0 0
1900 12 0 0 0 0 0 0 0 0
1901 12 3 1 0 0 0 0 0 0
1970 43 5 2 0 0 0 0 0 0
1971 43 0 0 43 3 3 0 0 0
1972 43 0 0 43 5 3 0 0 0
1973 43 0 0 0 0 0 0 0 0
1974 43 0 0 0 0 0 0 0 0
1976 43 0 0 0 0 0 0 0 0
1977 43 0 0 0 0 0 0 0 0
1978 43 5 2 0 0 0 0 0 0
1979 43 0 0 0 0 0 0 0 0
1980 43 0 0 0 0 0 0 0 0
1981 43 0 0 0 0 0 0 0 0
1982 43 0 0 0 0 0 0 0 0
1984 4 0 0 4 0 0 0 0 0
1988 4 0 0 0 0 0 0 0 0
1989 4 0 0 0 0 0 0 0 0
1990 4 0 0 0 0 0 0 0 0
1996 4 0 0 0 0 0 0 0 0
1997 4 0 0 0 0 0 0 0 0
1999 8 0 0 0 0 0 0 0 0
2003 4 2 1 0 0 0 0 0 0
2004 4 0 0 0 0 0 0 0 0
2007 4 0 0 4 2 1 0 0 0
2008 4 0 0 4 1 1 0 0 0
2009 4 0 0 0 0 0 0 0 0
2011 4 0 0 0 0 0 0 0 0
2012 4 0 0 0 0 0 0 0 0
2013 4 0 0 0 0 0 0 0 0
2017 4 0 0 0 0 0 0 0 0
2018 4 0 0 0 0 0 0 0 0
2019 4 0 0 0 0 0 0 0 0
2020 4 0 0 0 0 0 0 0 0
2021 4 0 0 0 0 0 0 0 0
2022 4 2 1 0 0 0 0 0 0
2093 276 28 3 0 0 0 0 0 0
2095 521 7 1 0 0 0 0 0 0
2096 521 0 0 0 0 0 0 0 0
2097 521 0 0 0 0 0 0 0 0
2098 521 0 0 0 0 0 0 0 0
2099 322 0 0 0 0 0 0 0 0
2104 980 36 5 0 0 0 0 0 0
2110 980 0 0 980 0 0 0 0 0
2111 980 0 0 980 0 0 0 0 0
2119 980 0 0 0 0 0 0 0 0
2120 980 0 0 980 0 0 0 0 0
fn=strncmp
98 3 1 1 0 0 0 0 0 0
125 3 0 0 0 0 0 0 0 0
126 3 0 0 0 0 0 0 0 0
127 3 0 0 0 0 0 0 0 0
128 3 0 0 0 0 0 0 0 0
129 3 0 0 0 0 0 0 0 0
131 3 0 0 0 0 0 0 0 0
132 3 0 0 0 0 0 0 0 0
134 3 1 1 0 0 0 0 0 0
135 3 0 0 0 0 0 0 0 0
156 3 0 0 0 0 0 0 0 0
157 3 0 0 0 0 0 0 0 0
158 3 0 0 0 0 0 0 0 0
159 3 0 0 0 0 0 0 0 0
160 3 0 0 3 0 0 0 0 0
161 3 0 0 3 0 0 0 0 0
162 3 0 0 3 0 0 0 0 0
163 3 0 0 3 0 0 0 0 0
180 3 0 0 0 0 0 0 0 0
181 3 0 0 0 0 0 0 0 0
182 3 0 0 0 0 0 0 0 0
183 3 0 0 0 0 0 0 0 0
184 3 0 0 0 0 0 0 0 0
185 3 0 0 0 0 0 0 0 0
186 3 2 1 0 0 0 0 0 0
2104 3 2 1 0 0 0 0 0 0
2107 3 0 0 0 0 0 0 0 0
2108 3 0 0 0 0 0 0 0 0
2110 1 0 0 1 0 0 0 0 0
2111 1 0 0 1 0 0 0 0 0
2119 1 0 0 0 0 0 0 0 0
2120 1 0 0 1 0 0 0 0 0
2123 2 0 0 0 0 0 0 0 0
2124 2 0 0 2 0 0 0 0 0
fl=./string/../sysdeps/x86_64/multiarch/../multiarch/strcpy-sse2-unaligned.S
fn=stpcpy
45 1 0 0 0 0 0 0 0 0
51 1 0 0 0 0 0 0 0 0
58 1 0 0 0 0 0 0 0 0
59 1 0 0 0 0 0 0 0 0
60 1 1 1 0 0 0 0 0 0
103 1 1 1 0 0 0 0 0 0
109 1 0 0 0 0 0 0 0 0
110 1 0 0 1 0 0 0 0 0
111 1 0 0 1 0 0 0 0 0
112 1 0 0 0 0 0 1 1 1
113 1 0 0 0 0 0 0 0 0
114 1 0 0 0 0 0 0 0 0
115 1 0 0 0 0 0 0 0 0
120 1 0 0 0 0 0 0 0 0
124 1 0 0 0 0 0 0 0 0
127 1 1 1 1 0 0 0 0 0
128 1 0 0 0 0 0 1 0 0
129 1 0 0 0 0 0 0 0 0
130 1 0 0 0 0 0 0 0 0
131 1 0 0 0 0 0 0 0 0
136 1 0 0 0 0 0 0 0 0
140 1 0 0 0 0 0 0 0 0
143 1 0 0 1 0 0 0 0 0
144 1 0 0 0 0 0 1 0 0
145 1 0 0 0 0 0 0 0 0
146 1 0 0 0 0 0 0 0 0
147 1 0 0 0 0 0 0 0 0
152 1 0 0 0 0 0 0 0 0
156 1 0 0 0 0 0 0 0 0
301 1 1 1 0 0 0 0 0 0
302 1 0 0 1 0 0 0 0 0
303 1 0 0 1 0 0 0 0 0
304 1 0 0 0 0 0 0 0 0
305 1 0 0 0 0 0 0 0 0
315 1 0 0 0 0 0 0 0 0
316 1 0 0 0 0 0 0 0 0
318 1 0 0 0 0 0 0 0 0
319 1 0 0 0 0 0 1 0 0
320 1 0 0 0 0 0 0 0 0
330 1 0 0 0 0 0 0 0 0
331 1 0 0 0 0 0 0 0 0
333 1 1 1 0 0 0 0 0 0
334 1 0 0 0 0 0 0 0 0
335 1 0 0 0 0 0 0 0 0
344 1 0 0 0 0 0 0 0 0
345 1 0 0 0 0 0 0 0 0
346 1 0 0 0 0 0 0 0 0
347 4 0 0 1 1 1 0 0 0
670 1 1 1 1 0 0 0 0 0
671 1 0 0 1 0 0 0 0 0
672 1 0 0 0 0 0 1 0 0
673 1 0 0 0 0 0 1 0 0
675 1 1 1 0 0 0 0 0 0
682 1 0 0 1 0 0 0 0 0
fl=./string/../sysdeps/x86_64/multiarch/../multiarch/strlen-sse2.S
fn=strlen
57 47 1 1 0 0 0 0 0 0
101 47 0 0 0 0 0 0 0 0
102 47 0 0 0 0 0 0 0 0
103 47 0 0 0 0 0 0 0 0
104 47 0 0 0 0 0 0 0 0
105 47 0 0 0 0 0 0 0 0
106 47 0 0 0 0 0 0 0 0
107 47 0 0 0 0 0 0 0 0
109 47 0 0 0 0 0 0 0 0
111 47 0 0 0 0 0 0 0 0
142 46 0 0 46 7 7 0 0 0
143 46 0 0 0 0 0 0 0 0
144 46 0 0 0 0 0 0 0 0
145 46 0 0 0 0 0 0 0 0
146 46 0 0 0 0 0 0 0 0
147 23 0 0 0 0 0 0 0 0
149 23 0 0 23 0 0 0 0 0
153 23 1 1 0 0 0 0 0 0
154 23 0 0 23 0 0 0 0 0
155 23 0 0 23 0 0 0 0 0
156 23 0 0 23 0 0 0 0 0
157 23 0 0 0 0 0 0 0 0
158 23 0 0 0 0 0 0 0 0
159 23 0 0 0 0 0 0 0 0
160 23 0 0 0 0 0 0 0 0
161 23 0 0 0 0 0 0 0 0
162 23 0 0 0 0 0 0 0 0
163 23 0 0 0 0 0 0 0 0
164 23 0 0 0 0 0 0 0 0
169 174 0 0 18 0 0 0 0 0
173 1 1 1 0 0 0 0 0 0
174 14 1 1 4 1 1 0 0 0
175 8 0 0 1 0 0 0 0 0
243 5 1 1 5 0 0 0 0 0
244 5 0 0 5 0 0 0 0 0
245 5 0 0 5 0 0 0 0 0
246 5 0 0 5 0 0 0 0 0
247 5 0 0 0 0 0 0 0 0
248 5 0 0 0 0 0 0 0 0
249 5 0 0 0 0 0 0 0 0
250 5 0 0 0 0 0 0 0 0
252 3 0 0 0 0 0 0 0 0
254 3 0 0 3 0 0 0 0 0
255 3 0 0 3 0 0 0 0 0
256 3 0 0 3 0 0 0 0 0
257 3 0 0 3 0 0 0 0 0
258 3 0 0 0 0 0 0 0 0
259 3 0 0 0 0 0 0 0 0
260 3 0 0 0 0 0 0 0 0
261 3 0 0 0 0 0 0 0 0
266 2 1 1 0 0 0 0 0 0
268 5 0 0 0 0 0 0 0 0
269 70 0 0 20 0 0 0 0 0
271 5 0 0 0 0 0 0 0 0
272 5 0 0 0 0 0 0 0 0
273 5 0 0 0 0 0 0 0 0
275 5 0 0 5 0 0 0 0 0
fl=./string/../sysdeps/x86_64/multiarch/ifunc-avx2.h
fn=memrchr
38 8 0 0 0 0 0 0 0 0
40 6 0 0 4 2 0 0 0 0
fn=rindex
38 8 0 0 0 0 0 0 0 0
40 6 0 0 4 1 0 0 0 0
fn=strchrnul
38 4 0 0 0 0 0 0 0 0
40 3 0 0 2 0 0 0 0 0
fn=strlen
38 8 0 0 0 0 0 0 0 0
40 6 0 0 4 1 0 0 0 0
fn=strnlen
38 8 0 0 0 0 0 0 0 0
40 6 0 0 4 1 0 0 0 0
fl=./string/../sysdeps/x86_64/multiarch/ifunc-evex.h
fn=memchr
37 8 0 0 0 0 0 0 0 0
38 6 2 1 4 2 0 0 0 0
fn=rawmemchr
37 4 0 0 0 0 0 0 0 0
38 3 0 0 2 2 0 0 0 0
fl=./string/../sysdeps/x86_64/multiarch/ifunc-memcmp.h
fn=bcmp
34 15 3 1 6 4 0 0 0 0
fl=./string/../sysdeps/x86_64/multiarch/ifunc-memmove.h
fn=memcpy@@GLIBC_2.14
56 4 0 0 0 0 0 0 0 0
57 6 0 0 4 0 0 0 0 0
60 6 2 1 2 0 0 0 0 0
61 4 2 1 0 0 0 0 0 0
74 4 0 0 0 0 0 0 0 0
103 4 0 0 2 1 0 0 0 0
108 6 2 1 0 0 0 0 0 0
113 8 0 0 0 0 0 0 0 0
fn=memmove
56 4 0 0 0 0 0 0 0 0
57 6 0 0 4 0 0 0 0 0
60 6 0 0 2 0 0 0 0 0
61 4 1 1 0 0 0 0 0 0
74 4 0 0 0 0 0 0 0 0
103 4 1 1 2 0 0 0 0 0
108 6 1 1 0 0 0 0 0 0
113 8 0 0 0 0 0 0 0 0
fn=mempcpy
56 2 0 0 0 0 0 0 0 0
57 3 0 0 2 0 0 0 0 0
60 3 1 1 1 0 0 0 0 0
61 2 1 1 0 0 0 0 0 0
74 2 0 0 0 0 0 0 0 0
103 2 0 0 1 0 0 0 0 0
108 3 1 1 0 0 0 0 0 0
113 4 0 0 0 0 0 0 0 0
fl=./string/../sysdeps/x86_64/multiarch/ifunc-memset.h
fn=memset
54 10 0 0 4 1 0 0 0 0
57 6 0 0 2 0 0 0 0 0
58 4 1 1 0 0 0 0 0 0
64 4 1 1 0 0 0 0 0 0
73 4 0 0 0 0 0 0 0 0
103 8 0 0 0 0 0 0 0 0
fl=./string/../sysdeps/x86_64/multiarch/ifunc-sse4_2.h
fn=strcspn
36 5 0 0 2 0 0 0 0 0
fn=strpbrk
36 5 1 1 2 1 0 0 0 0
fn=strspn
36 5 1 1 2 0 0 0 0 0
fl=./string/../sysdeps/x86_64/multiarch/ifunc-strcasecmp.h
fn=strcasecmp
36 4 0 0 0 0 0 0 0 0
37 2 0 0 2 0 0 0 0 0
53 3 0 0 1 0 0 0 0 0
56 3 1 1 1 0 0 0 0 0
fn=strcasecmp_l
36 4 0 0 0 0 0 0 0 0
37 2 1 1 2 0 0 0 0 0
53 3 0 0 1 0 0 0 0 0
56 3 0 0 1 0 0 0 0 0
fn=strncasecmp
36 4 0 0 0 0 0 0 0 0
37 2 0 0 2 0 0 0 0 0
53 3 0 0 1 0 0 0 0 0
56 3 1 1 1 0 0 0 0 0
fn=strncasecmp_l
36 4 0 0 0 0 0 0 0 0
37 2 1 1 2 0 0 0 0 0
53 3 0 0 1 0 0 0 0 0
56 3 0 0 1 0 0 0 0 0
fl=./string/../sysdeps/x86_64/multiarch/ifunc-strcpy.h
fn=stpcpy
38 4 0 0 2 0 0 0 0 0
39 3 0 0 1 0 0 0 0 0
54 4 0 0 0 0 0 0 0 0
fn=strcat
38 4 0 0 2 0 0 0 0 0
39 3 1 1 1 0 0 0 0 0
54 4 0 0 0 0 0 0 0 0
fn=strcpy
38 4 0 0 2 0 0 0 0 0
39 3 1 1 1 0 0 0 0 0
54 4 0 0 0 0 0 0 0 0
fl=./string/../sysdeps/x86_64/multiarch/ifunc-strncpy.h
fn=stpncpy
35 5 1 1 2 0 0 0 0 0
fn=strncpy
35 10 0 0 4 2 0 0 0 0
fl=./string/../sysdeps/x86_64/multiarch/memchr-sse2.S
fn=__memchr_sse2
40 922 404 1 0 0 0 0 0 0
41 922 0 0 0 0 0 0 0 0
42 922 0 0 0 0 0 0 0 0
52 922 0 0 0 0 0 0 0 0
53 922 0 0 0 0 0 0 0 0
54 922 0 0 0 0 0 0 0 0
55 919 0 0 0 0 0 0 0 0
58 919 0 0 0 0 0 0 0 0
59 919 0 0 0 0 0 0 0 0
61 919 0 0 0 0 0 0 0 0
62 919 0 0 0 0 0 0 0 0
64 772 0 0 772 1 0 0 0 0
65 772 0 0 0 0 0 0 0 0
66 772 256 1 0 0 0 0 0 0
67 772 0 0 0 0 0 0 0 0
69 772 0 0 0 0 0 0 0 0
70 542 0 0 0 0 0 0 0 0
71 542 0 0 0 0 0 0 0 0
72 489 0 0 0 0 0 0 0 0
73 489 0 0 0 0 0 0 0 0
74 489 0 0 0 0 0 0 0 0
78 489 0 0 0 0 0 0 0 0
79 489 0 0 0 0 0 0 0 0
80 489 0 0 0 0 0 0 0 0
81 254 0 0 0 0 0 0 0 0
85 147 28 0 0 0 0 0 0 0
86 147 0 0 0 0 0 0 0 0
87 147 0 0 147 0 0 0 0 0
89 147 0 0 0 0 0 0 0 0
91 147 102 1 0 0 0 0 0 0
93 147 0 0 0 0 0 0 0 0
94 147 0 0 0 0 0 0 0 0
95 147 0 0 0 0 0 0 0 0
97 22 0 0 0 0 0 0 0 0
103 22 0 0 0 0 0 0 0 0
105 22 0 0 0 0 0 0 0 0
106 22 0 0 0 0 0 0 0 0
107 22 0 0 0 0 0 0 0 0
108 22 0 0 22 0 0 0 0 0
115 125 0 0 0 0 0 0 0 0
116 125 0 0 0 0 0 0 0 0
120 125 0 0 0 0 0 0 0 0
121 125 0 0 0 0 0 0 0 0
122 121 0 0 0 0 0 0 0 0
123 121 0 0 0 0 0 0 0 0
124 167 0 0 0 0 0 0 0 0
128 300 146 1 300 4 0 0 0 0
129 300 0 0 0 0 0 0 0 0
130 300 0 0 0 0 0 0 0 0
131 300 0 0 0 0 0 0 0 0
132 300 0 0 0 0 0 0 0 0
134 287 0 0 287 0 0 0 0 0
135 287 0 0 0 0 0 0 0 0
136 287 0 0 0 0 0 0 0 0
137 287 0 0 0 0 0 0 0 0
138 287 0 0 0 0 0 0 0 0
140 231 0 0 231 5 0 0 0 0
141 231 0 0 0 0 0 0 0 0
142 231 0 0 0 0 0 0 0 0
143 231 0 0 0 0 0 0 0 0
144 231 0 0 0 0 0 0 0 0
146 203 140 1 203 0 0 0 0 0
147 203 0 0 0 0 0 0 0 0
148 203 0 0 0 0 0 0 0 0
149 203 0 0 0 0 0 0 0 0
150 203 0 0 0 0 0 0 0 0
151 203 0 0 0 0 0 0 0 0
153 200 0 0 0 0 0 0 0 0
154 200 0 0 0 0 0 0 0 0
156 143 0 0 0 0 0 0 0 0
157 143 0 0 0 0 0 0 0 0
159 108 0 0 108 0 0 0 0 0
160 108 0 0 0 0 0 0 0 0
161 108 0 0 0 0 0 0 0 0
162 108 0 0 0 0 0 0 0 0
163 108 0 0 0 0 0 0 0 0
165 103 90 1 103 0 0 0 0 0
166 103 0 0 0 0 0 0 0 0
167 103 0 0 0 0 0 0 0 0
168 103 0 0 0 0 0 0 0 0
169 103 0 0 0 0 0 0 0 0
171 103 0 0 103 4 0 0 0 0
172 103 0 0 0 0 0 0 0 0
173 103 0 0 0 0 0 0 0 0
174 103 0 0 0 0 0 0 0 0
175 103 0 0 0 0 0 0 0 0
177 100 0 0 100 0 0 0 0 0
178 100 0 0 0 0 0 0 0 0
179 100 0 0 0 0 0 0 0 0
181 100 0 0 0 0 0 0 0 0
182 100 0 0 0 0 0 0 0 0
183 100 82 0 0 0 0 0 0 0
185 98 0 0 0 0 0 0 0 0
186 98 0 0 0 0 0 0 0 0
187 98 0 0 0 0 0 0 0 0
191 196 0 0 0 0 0 0 0 0
195 840 47 1 0 0 0 0 0 0
196 840 0 0 0 0 0 0 0 0
197 693 0 0 693 81 0 0 0 0
198 693 0 0 693 0 0 0 0 0
199 693 0 0 693 0 0 0 0 0
200 693 0 0 693 0 0 0 0 0
202 693 0 0 0 0 0 0 0 0
203 693 0 0 0 0 0 0 0 0
204 693 0 0 0 0 0 0 0 0
205 693 0 0 0 0 0 0 0 0
207 693 118 1 0 0 0 0 0 0
208 693 0 0 0 0 0 0 0 0
209 693 0 0 0 0 0 0 0 0
210 693 0 0 0 0 0 0 0 0
212 693 0 0 0 0 0 0 0 0
214 693 0 0 0 0 0 0 0 0
215 693 0 0 0 0 0 0 0 0
217 8 0 0 0 0 0 0 0 0
219 8 0 0 0 0 0 0 0 0
220 8 0 0 0 0 0 0 0 0
221 8 0 0 0 0 0 0 0 0
223 7 0 0 0 0 0 0 0 0
224 7 0 0 0 0 0 0 0 0
225 7 0 0 0 0 0 0 0 0
227 5 0 0 5 0 0 0 0 0
228 5 0 0 0 0 0 0 0 0
230 5 0 0 5 0 0 0 0 0
231 5 2 1 0 0 0 0 0 0
232 5 0 0 0 0 0 0 0 0
233 5 0 0 0 0 0 0 0 0
235 1 0 0 0 0 0 0 0 0
236 1 0 0 0 0 0 0 0 0
237 1 0 0 0 0 0 0 0 0
238 1 0 0 1 0 0 0 0 0
242 492 292 0 0 0 0 0 0 0
243 492 0 0 0 0 0 0 0 0
245 179 0 0 179 7 0 0 0 0
246 179 0 0 0 0 0 0 0 0
247 179 0 0 0 0 0 0 0 0
248 179 0 0 0 0 0 0 0 0
249 179 0 0 0 0 0 0 0 0
251 170 0 0 170 1 0 0 0 0
252 170 148 1 0 0 0 0 0 0
253 170 0 0 0 0 0 0 0 0
254 170 0 0 0 0 0 0 0 0
255 170 0 0 0 0 0 0 0 0
257 169 0 0 169 3 0 0 0 0
258 169 0 0 0 0 0 0 0 0
259 169 0 0 0 0 0 0 0 0
260 169 0 0 0 0 0 0 0 0
261 169 0 0 0 0 0 0 0 0
262 157 0 0 0 0 0 0 0 0
263 157 0 0 0 0 0 0 0 0
265 88 0 0 88 0 0 0 0 0
266 88 0 0 0 0 0 0 0 0
267 88 0 0 0 0 0 0 0 0
268 88 0 0 0 0 0 0 0 0
269 80 0 0 0 0 0 0 0 0
270 80 0 0 80 0 0 0 0 0
274 313 184 1 0 0 0 0 0 0
275 313 0 0 313 5 0 0 0 0
276 313 0 0 0 0 0 0 0 0
277 313 0 0 0 0 0 0 0 0
278 313 0 0 0 0 0 0 0 0
279 313 0 0 0 0 0 0 0 0
280 264 0 0 0 0 0 0 0 0
281 264 0 0 0 0 0 0 0 0
283 132 0 0 132 4 0 0 0 0
284 132 0 0 0 0 0 0 0 0
285 132 0 0 0 0 0 0 0 0
286 132 0 0 0 0 0 0 0 0
287 110 0 0 0 0 0 0 0 0
288 110 0 0 110 0 0 0 0 0
292 5 4 0 0 0 0 0 0 0
293 5 0 0 0 0 0 0 0 0
294 5 0 0 5 0 0 0 0 0
298 28 3 0 0 0 0 0 0 0
299 28 0 0 0 0 0 0 0 0
300 28 0 0 28 0 0 0 0 0
304 59 16 0 0 0 0 0 0 0
305 59 0 0 0 0 0 0 0 0
306 59 0 0 59 0 0 0 0 0
310 35 11 1 0 0 0 0 0 0
311 35 0 0 0 0 0 0 0 0
312 35 0 0 35 0 0 0 0 0
316 279 112 0 0 0 0 0 0 0
322 279 0 0 0 0 0 0 0 0
324 279 0 0 0 0 0 0 0 0
325 220 0 0 0 0 0 0 0 0
326 220 0 0 220 0 0 0 0 0
330 22 9 0 0 0 0 0 0 0
336 22 0 0 0 0 0 0 0 0
338 22 0 0 0 0 0 0 0 0
339 4 0 0 0 0 0 0 0 0
340 4 0 0 4 0 0 0 0 0
344 12 7 0 0 0 0 0 0 0
350 12 0 0 0 0 0 0 0 0
352 12 0 0 0 0 0 0 0 0
358 8 7 0 0 0 0 0 0 0
364 8 0 0 0 0 0 0 0 0
366 8 0 0 0 0 0 0 0 0
372 358 223 1 0 0 0 0 0 0
373 358 0 0 358 0 0 0 0 0
fl=./string/../sysdeps/x86_64/multiarch/memchr.c
fn=memchr
29 4 2 1 2 0 0 0 0 0
fl=./string/../sysdeps/x86_64/multiarch/memcmp-sse2.S
fn=__memcmp_sse2
59 45380 3179 2 0 0 0 0 0 0
71 45380 0 0 0 0 0 0 0 0
72 45380 0 0 0 0 0 0 0 0
94 41029 0 0 0 0 0 0 0 0
95 41029 0 0 0 0 0 0 0 0
97 32473 0 0 0 0 0 0 0 0
98 32473 0 0 0 0 0 0 0 0
111 19364 0 0 19364 999 2 0 0 0
112 19364 0 0 19364 18 0 0 0 0
113 19364 0 0 0 0 0 0 0 0
114 19364 0 0 0 0 0 0 0 0
115 19364 0 0 19364 0 0 0 0 0
116 19364 0 0 19364 0 0 0 0 0
117 19364 0 0 0 0 0 0 0 0
118 19364 0 0 0 0 0 0 0 0
120 19364 0 0 0 0 0 0 0 0
121 19364 0 0 0 0 0 0 0 0
122 14105 0 0 0 0 0 0 0 0
123 14105 0 0 14105 0 0 0 0 0
140 8556 1226 3 8556 139 3 0 0 0
141 8556 0 0 8556 183 0 0 0 0
143 8556 0 0 0 0 0 0 0 0
144 8556 0 0 0 0 0 0 0 0
146 6298 0 0 6298 213 0 0 0 0
147 6298 0 0 6298 76 0 0 0 0
149 6298 0 0 0 0 0 0 0 0
150 6298 0 0 0 0 0 0 0 0
151 5998 0 0 0 0 0 0 0 0
154 5998 0 0 5998 0 0 0 0 0
159 8298 234 0 0 0 0 0 0 0
168 8298 0 0 8298 359 2 0 0 0
169 8298 0 0 8298 158 0 0 0 0
170 8298 0 0 0 0 0 0 0 0
172 8298 0 0 8298 0 0 0 0 0
197 7817 232 0 0 0 0 0 0 0
198 7817 0 0 0 0 0 0 0 0
199 7817 0 0 0 0 0 0 0 0
200 7817 0 0 0 0 0 0 0 0
201 7817 0 0 0 0 0 0 0 0
202 7817 0 0 7817 0 0 0 0 0
215 13109 1823 0 0 0 0 0 0 0
216 13109 0 0 0 0 0 0 0 0
218 4811 0 0 4811 164 2 0 0 0
219 4811 0 0 4811 1 0 0 0 0
229 4811 0 0 0 0 0 0 0 0
230 4811 0 0 0 0 0 0 0 0
234 4811 0 0 0 0 0 0 0 0
235 4811 0 0 0 0 0 0 0 0
240 4811 0 0 4811 0 0 0 0 0
241 4811 0 0 4811 0 0 0 0 0
242 4811 0 0 0 0 0 0 0 0
243 4811 0 0 0 0 0 0 0 0
245 4811 0 0 4811 0 0 0 0 0
255 4351 382 2 0 0 0 0 0 0
257 4351 0 0 4351 94 1 0 0 0
258 4351 0 0 4351 240 1 0 0 0
259 4351 0 0 0 0 0 0 0 0
260 4351 0 0 0 0 0 0 0 0
261 4351 0 0 0 0 0 0 0 0
262 4351 0 0 0 0 0 0 0 0
269 3571 0 0 0 0 0 0 0 0
271 3571 0 0 0 0 0 0 0 0
273 3149 274 2 3149 56 4 0 0 0
274 3149 0 0 3149 85 0 0 0 0
275 3149 0 0 0 0 0 0 0 0
276 3149 0 0 0 0 0 0 0 0
277 3149 0 0 0 0 0 0 0 0
281 3149 0 0 0 0 0 0 0 0
289 2393 0 0 2393 0 0 0 0 0
300 756 0 0 0 0 0 0 0 0
321 756 0 0 0 0 0 0 0 0
322 756 0 0 756 0 0 0 0 0
323 756 0 0 756 0 0 0 0 0
324 756 0 0 0 0 0 0 0 0
326 756 0 0 756 0 0 0 0 0
330 780 17 0 0 0 0 0 0 0
331 780 0 0 780 0 0 0 0 0
332 780 0 0 780 0 0 0 0 0
333 780 0 0 0 0 0 0 0 0
334 780 0 0 780 0 0 0 0 0
341 422 210 1 422 19 0 0 0 0
342 422 0 0 422 58 0 0 0 0
343 422 0 0 0 0 0 0 0 0
344 422 0 0 0 0 0 0 0 0
345 422 0 0 0 0 0 0 0 0
346 422 0 0 0 0 0 0 0 0
348 410 0 0 0 0 0 0 0 0
349 410 0 0 0 0 0 0 0 0
351 264 0 0 0 0 0 0 0 0
352 264 0 0 0 0 0 0 0 0
358 264 0 0 264 181 0 0 0 0
359 264 0 0 264 179 0 0 0 0
360 264 0 0 0 0 0 0 0 0
361 264 0 0 264 18 0 0 0 0
362 264 0 0 264 10 0 0 0 0
363 264 0 0 0 0 0 0 0 0
364 264 192 1 0 0 0 0 0 0
366 264 0 0 0 0 0 0 0 0
367 264 0 0 0 0 0 0 0 0
368 264 0 0 0 0 0 0 0 0
370 264 0 0 0 0 0 0 0 0
371 264 0 0 0 0 0 0 0 0
373 68 0 0 68 19 0 0 0 0
374 68 0 0 68 11 0 0 0 0
375 68 0 0 0 0 0 0 0 0
376 68 0 0 68 6 0 0 0 0
377 68 0 0 68 6 0 0 0 0
378 68 0 0 0 0 0 0 0 0
379 68 0 0 0 0 0 0 0 0
381 68 0 0 0 0 0 0 0 0
382 68 0 0 0 0 0 0 0 0
387 136 0 0 0 0 0 0 0 0
391 410 212 1 410 5 0 0 0 0
392 410 0 0 410 9 0 0 0 0
393 410 0 0 0 0 0 0 0 0
394 410 0 0 410 11 0 0 0 0
395 410 0 0 410 19 0 0 0 0
396 410 0 0 0 0 0 0 0 0
397 410 0 0 0 0 0 0 0 0
398 410 0 0 0 0 0 0 0 0
399 410 0 0 0 0 0 0 0 0
407 410 0 0 0 0 0 0 0 0
408 410 0 0 410 0 0 0 0 0
460 12 2 1 0 0 0 0 0 0
470 12 0 0 12 0 0 0 0 0
471 12 0 0 12 0 0 0 0 0
472 12 0 0 0 0 0 0 0 0
474 12 0 0 12 0 0 0 0 0
fl=./string/../sysdeps/x86_64/multiarch/memcmp.c
fn=bcmp
29 9 6 2 3 0 0 0 0 0
fl=./string/../sysdeps/x86_64/multiarch/memcmpeq.c
fn=memcpy@@GLIBC_2.14
29 2 2 1 0 0 0 0 0 0
fl=./string/../sysdeps/x86_64/multiarch/memcpy.c
fn=memcpy@@GLIBC_2.14
29 2 0 0 2 0 0 0 0 0
fl=./string/../sysdeps/x86_64/multiarch/memmove-vec-unaligned-erms.S
fn=???
206 8 0 0 0 0 0 0 0 0
fn=__memcpy_chk_sse2_unaligned
204 8 0 0 0 0 0 0 0 0
205 8 0 0 0 0 0 0 0 0
206 8 0 0 0 0 0 0 0 0
fn=__memcpy_sse2_unaligned_erms
308 163434 12267 2 0 0 0 0 0 0
309 163434 0 0 0 0 0 0 0 0
311 77641 0 0 0 0 0 0 0 0
315 77641 0 0 0 0 0 0 0 0
316 52773 0 0 0 0 0 0 0 0
317 52773 0 0 0 0 0 0 0 0
318 36370 586 1 36370 670 29 0 0 0
319 36370 0 0 0 0 0 0 0 0
320 27035 0 0 27035 42 17 0 0 0
321 27035 0 0 0 0 0 27035 12 2
323 36370 0 0 0 0 0 36370 7 0
325 52773 53 0 52773 0 0 0 0 0
331 24868 578 0 24868 244 84 0 0 0
332 24868 0 0 24868 0 0 0 0 0
333 24868 0 0 0 0 0 24868 21 3
334 24868 0 0 0 0 0 24868 0 0
335 24868 0 0 24868 0 0 0 0 0
364 85793 967 1 85793 247 92 0 0 0
365 85793 0 0 85793 0 0 0 0 0
366 85793 0 0 0 0 0 85793 918 4
367 85793 0 0 0 0 0 85793 14 1
368 85793 0 0 85793 0 0 0 0 0
375 57972 10113 0 57972 560 256 0 0 0
376 57972 0 0 57972 0 0 0 0 0
377 57972 0 0 0 0 0 57972 10261 24
378 57972 0 0 0 0 0 57972 11989 147
379 57972 0 0 0 0 0 57972 3038 6
380 57972 0 0 0 0 0 57972 0 0
381 57972 0 0 57972 0 0 0 0 0
392 188326 24242 1 0 0 0 0 0 0
393 188326 0 0 0 0 0 0 0 0
395 135956 0 0 135956 2094 532 0 0 0
396 135956 0 0 0 0 0 0 0 0
397 135956 0 0 0 0 0 0 0 0
399 77984 0 0 77984 571 214 0 0 0
400 77984 0 0 77984 539 248 0 0 0
401 77984 0 0 77984 1371 383 0 0 0
402 77984 17872 1 77984 0 0 0 0 0
403 77984 0 0 77984 0 0 0 0 0
404 77984 0 0 77984 0 0 0 0 0
405 77984 0 0 0 0 0 77984 27831 414
406 77984 0 0 0 0 0 77984 12980 1198
407 77984 0 0 0 0 0 77984 6371 198
408 77984 0 0 0 0 0 77984 6563 186
409 77984 0 0 0 0 0 77984 22775 63
410 77984 0 0 0 0 0 77984 0 0
411 77984 0 0 0 0 0 77984 0 0
412 77984 0 0 0 0 0 77984 0 0
413 77984 0 0 77984 0 0 0 0 0
417 52370 4296 1 0 0 0 0 0 0
418 52370 0 0 0 0 0 0 0 0
422 52370 0 0 0 0 0 0 0 0
424 52370 0 0 0 0 0 0 0 0
428 51608 5182 2 51608 7166 1 0 0 0
429 51608 0 0 0 0 0 0 0 0
440 51608 0 0 0 0 0 0 0 0
443 51608 0 0 0 0 0 0 0 0
445 51608 0 0 0 0 0 0 0 0
447 51608 0 0 0 0 0 0 0 0
451 51608 0 0 0 0 0 0 0 0
452 51608 0 0 0 0 0 0 0 0
461 48370 0 0 48370 5825 1113 0 0 0
462 48370 0 0 48370 1880 286 0 0 0
464 48370 0 0 0 0 0 0 0 0
466 48370 0 0 0 0 0 0 0 0
467 48370 0 0 48370 2115 278 0 0 0
468 48370 0 0 48370 4225 276 0 0 0
471 48370 5041 2 0 0 0 0 0 0
473 48370 0 0 0 0 0 0 0 0
475 48370 0 0 0 0 0 0 0 0
477 96740 0 0 0 0 0 0 0 0
483 474984 0 0 474984 75388 1323 0 0 0
484 474984 0 0 474984 78581 1550 0 0 0
485 474984 0 0 474984 59515 1331 0 0 0
486 474984 0 0 474984 64732 973 0 0 0
487 474984 0 0 0 0 0 0 0 0
488 474984 0 0 0 0 0 474984 69474 8922
489 474984 0 0 0 0 0 474984 176105 15594
490 474984 0 0 0 0 0 474984 76303 14652
491 474984 0 0 0 0 0 474984 49217 6011
492 474984 0 0 0 0 0 0 0 0
493 474984 0 0 0 0 0 0 0 0
494 474984 0 0 0 0 0 0 0 0
496 48370 0 0 0 0 0 48370 14070 683
497 48370 4884 2 0 0 0 48370 0 0
498 48370 0 0 0 0 0 48370 0 0
499 48370 0 0 0 0 0 48370 0 0
501 48370 0 0 0 0 0 48370 2308 0
505 48370 0 0 48370 95 0 0 0 0
511 762 0 0 0 0 0 0 0 0
512 762 0 0 0 0 0 0 0 0
518 4000 449 0 4000 337 21 0 0 0
519 4000 0 0 4000 188 22 0 0 0
521 4000 0 0 0 0 0 0 0 0
522 4000 0 0 4000 139 16 0 0 0
523 4000 0 0 4000 461 81 0 0 0
525 4000 0 0 0 0 0 0 0 0
527 4000 0 0 0 0 0 0 0 0
529 8000 0 0 0 0 0 0 0 0
535 38471 839 1 38471 4386 48 0 0 0
536 38471 0 0 38471 10827 71 0 0 0
537 38471 0 0 38471 5168 87 0 0 0
538 38471 0 0 38471 2392 95 0 0 0
539 38471 0 0 0 0 0 0 0 0
540 38471 0 0 0 0 0 38471 6929 925
541 38471 0 0 0 0 0 38471 13252 4034
542 38471 0 0 0 0 0 38471 4627 803
543 38471 0 0 0 0 0 38471 4399 586
544 38471 0 0 0 0 0 0 0 0
545 38471 0 0 0 0 0 0 0 0
546 38471 0 0 0 0 0 0 0 0
548 4000 0 0 0 0 0 4000 537 21
549 4000 0 0 0 0 0 4000 0 0
550 4000 0 0 0 0 0 4000 0 0
551 4000 0 0 0 0 0 4000 0 0
553 4000 0 0 0 0 0 4000 265 19
554 4000 832 1 4000 7 0 0 0 0
fn=__mempcpy_sse2_unaligned
197 665 0 0 0 0 0 0 0 0
198 665 0 0 0 0 0 0 0 0
199 665 0 0 0 0 0 0 0 0
200 665 0 0 0 0 0 0 0 0
fn=memcpy
210 43 2 2 0 0 0 0 0 0
211 43 0 0 0 0 0 0 0 0
217 96 0 0 0 0 0 0 0 0
218 96 0 0 0 0 0 0 0 0
220 53 0 0 53 1 0 0 0 0
221 53 0 0 0 0 0 0 0 0
222 53 0 0 0 0 0 0 0 0
224 26 0 0 26 0 0 0 0 0
225 26 0 0 0 0 0 26 7 7
226 26 1 0 0 0 0 26 1 1
228 26 0 0 26 0 0 0 0 0
308 43 1 1 0 0 0 0 0 0
309 43 0 0 0 0 0 0 0 0
311 15 0 0 0 0 0 0 0 0
315 15 0 0 0 0 0 0 0 0
316 15 0 0 0 0 0 0 0 0
317 15 0 0 0 0 0 0 0 0
318 2 0 0 2 1 1 0 0 0
319 2 0 0 0 0 0 0 0 0
323 2 0 0 0 0 0 2 1 1
325 15 0 0 15 0 0 0 0 0
364 28 1 1 28 0 0 0 0 0
365 28 0 0 28 0 0 0 0 0
366 28 0 0 0 0 0 28 7 7
367 28 0 0 0 0 0 28 1 1
368 28 0 0 28 0 0 0 0 0
375 12 0 0 12 0 0 0 0 0
376 12 0 0 12 0 0 0 0 0
377 12 0 0 0 0 0 12 2 2
378 12 0 0 0 0 0 12 2 2
379 12 0 0 0 0 0 12 2 2
380 12 0 0 0 0 0 12 0 0
381 12 0 0 12 0 0 0 0 0
392 27 1 1 0 0 0 0 0 0
393 27 0 0 0 0 0 0 0 0
395 27 0 0 27 0 0 0 0 0
396 27 2 2 0 0 0 0 0 0
397 27 0 0 0 0 0 0 0 0
399 15 0 0 15 0 0 0 0 0
400 15 0 0 15 0 0 0 0 0
401 15 0 0 15 0 0 0 0 0
402 15 0 0 15 0 0 0 0 0
403 15 0 0 15 0 0 0 0 0
404 15 0 0 15 0 0 0 0 0
405 15 0 0 0 0 0 15 4 4
406 15 0 0 0 0 0 15 1 1
407 15 0 0 0 0 0 15 2 2
408 15 0 0 0 0 0 15 1 1
409 15 0 0 0 0 0 15 4 4
410 15 0 0 0 0 0 15 0 0
411 15 0 0 0 0 0 15 0 0
412 15 2 2 0 0 0 15 0 0
413 15 0 0 15 0 0 0 0 0
fn=memcpy@GLIBC_2.2.5
210 422880 11350 2 0 0 0 0 0 0
211 422880 0 0 0 0 0 0 0 0
217 423545 0 0 0 0 0 0 0 0
218 423545 1612 2 0 0 0 0 0 0
220 260111 0 0 260111 7813 1025 0 0 0
221 260111 0 0 0 0 0 0 0 0
222 260111 0 0 0 0 0 0 0 0
224 71785 0 0 71785 457 109 0 0 0
225 71785 0 0 0 0 0 71785 3775 9
226 71785 0 0 0 0 0 71785 2617 5
230 71785 0 0 71785 0 0 0 0 0
fn=mempcpy
197 53 0 0 0 0 0 0 0 0
198 53 0 0 0 0 0 0 0 0
199 53 0 0 0 0 0 0 0 0
200 53 0 0 0 0 0 0 0 0
fl=./string/../sysdeps/x86_64/multiarch/memmove.c
fn=memmove
29 4 1 1 2 0 0 0 0 0
fl=./string/../sysdeps/x86_64/multiarch/mempcpy.c
fn=mempcpy
33 2 1 1 1 0 0 0 0 0
fl=./string/../sysdeps/x86_64/multiarch/memrchr-sse2.S
fn=__memrchr_sse2
34 442 351 1 0 0 0 0 0 0
39 442 0 0 0 0 0 0 0 0
42 442 0 0 0 0 0 0 0 0
44 442 0 0 0 0 0 0 0 0
45 442 0 0 0 0 0 0 0 0
46 442 0 0 0 0 0 0 0 0
49 442 0 0 0 0 0 0 0 0
50 442 0 0 0 0 0 0 0 0
60 442 0 0 442 83 0 0 0 0
61 442 0 0 0 0 0 0 0 0
62 442 0 0 0 0 0 0 0 0
64 442 0 0 0 0 0 0 0 0
65 442 0 0 0 0 0 0 0 0
69 29 0 0 0 0 0 0 0 0
70 29 0 0 0 0 0 0 0 0
73 24 0 0 0 0 0 0 0 0
74 24 0 0 0 0 0 0 0 0
77 24 0 0 0 0 0 0 0 0
79 29 0 0 29 0 0 0 0 0
83 412 0 0 0 0 0 0 0 0
84 412 0 0 0 0 0 0 0 0
85 412 0 0 412 0 0 0 0 0
95 416 351 1 0 0 0 0 0 0
96 416 0 0 0 0 0 0 0 0
99 6 0 0 0 0 0 0 0 0
100 6 0 0 0 0 0 0 0 0
102 6 0 0 0 0 0 0 0 0
107 6 0 0 6 0 0 0 0 0
108 6 0 0 0 0 0 0 0 0
109 6 0 0 0 0 0 0 0 0
110 6 0 0 0 0 0 0 0 0
112 6 0 0 0 0 0 0 0 0
113 6 0 0 0 0 0 0 0 0
115 3 0 0 0 0 0 0 0 0
116 3 0 0 0 0 0 0 0 0
175 1 0 0 0 0 0 0 0 0
176 1 0 0 0 0 0 0 0 0
177 1 0 0 1 0 0 0 0 0
181 3 3 2 0 0 0 0 0 0
182 3 0 0 0 0 0 0 0 0
184 1 0 0 1 0 0 0 0 0
185 1 0 0 0 0 0 0 0 0
186 1 0 0 0 0 0 0 0 0
187 1 0 0 0 0 0 0 0 0
188 1 0 0 0 0 0 0 0 0
fl=./string/../sysdeps/x86_64/multiarch/memrchr.c
fn=memrchr
29 6 2 1 2 0 0 0 0 0
fl=./string/../sysdeps/x86_64/multiarch/memset-vec-unaligned-erms.S
fn=???
128 1 0 0 0 0 0 0 0 0
fn=__memset_chk_sse2_unaligned
126 1 1 1 0 0 0 0 0 0
127 1 0 0 0 0 0 0 0 0
128 1 0 0 0 0 0 0 0 0
fn=__memset_sse2_unaligned
132 332267 1101 2 0 0 0 0 0 0
133 1661335 0 0 0 0 0 0 0 0
138 332267 0 0 0 0 0 0 0 0
139 332267 0 0 0 0 0 0 0 0
142 271772 2 0 0 0 0 0 0 0
143 271772 0 0 0 0 0 0 0 0
145 148663 0 0 0 0 0 148663 14408 839
146 148663 0 0 0 0 0 148663 0 0
147 148663 0 0 148663 0 0 0 0 0
fn=__memset_sse2_unaligned_erms
181 67913 14024 1 0 0 0 67913 1938 14
182 67913 0 0 0 0 0 67913 2135 16
184 67913 0 0 67913 0 0 0 0 0
244 123109 13188 3 0 0 0 123109 15895 2574
245 123109 0 0 0 0 0 123109 21635 1315
257 123109 0 0 0 0 0 0 0 0
260 123109 0 0 0 0 0 0 0 0
261 123109 0 0 0 0 0 0 0 0
273 55196 0 0 0 0 0 55196 11011 1750
274 55196 0 0 0 0 0 55196 2759 1110
287 55196 0 0 0 0 0 0 0 0
288 55196 0 0 0 0 0 0 0 0
290 55196 0 0 0 0 0 0 0 0
293 16825 0 0 0 0 0 0 0 0
296 33650 0 0 0 0 0 0 0 0
299 109999 677 1 0 0 0 109999 32348 3910
300 109999 0 0 0 0 0 109999 24441 9805
301 109999 0 0 0 0 0 109999 19938 4196
302 109999 0 0 0 0 0 109999 19445 4434
303 109999 0 0 0 0 0 0 0 0
304 109999 0 0 0 0 0 0 0 0
305 109999 0 0 0 0 0 0 0 0
308 55196 12632 1 0 0 0 55196 350 85
309 55196 0 0 0 0 0 55196 770 34
310 55196 0 0 0 0 0 55196 670 29
311 55196 0 0 0 0 0 55196 12127 63
316 55196 0 0 55196 6 0 0 0 0
350 60497 7415 2 0 0 0 0 0 0
352 60497 0 0 0 0 0 0 0 0
353 60497 0 0 0 0 0 0 0 0
354 1543 0 0 0 0 0 0 0 0
355 1543 0 0 0 0 0 0 0 0
356 1400 0 0 0 0 0 0 0 0
357 1400 0 0 0 0 0 0 0 0
358 1318 0 0 0 0 0 0 0 0
359 91 0 0 0 0 0 91 1 0
361 1318 0 0 1318 0 0 0 0 0
392 58954 0 0 0 0 0 58954 328 10
393 58954 0 0 0 0 0 58954 4332 0
395 58954 0 0 58954 0 0 0 0 0
406 143 0 0 0 0 0 143 0 0
407 143 0 0 0 0 0 143 1 0
409 143 0 0 143 0 0 0 0 0
420 82 0 0 0 0 0 82 0 0
421 82 0 0 0 0 0 82 0 0
423 82 0 0 82 0 0 0 0 0
fn=__wmemset_sse2_unaligned
114 2 2 0 0 0 0 0 0 0
115 2 0 0 0 0 0 0 0 0
116 6 0 0 0 0 0 0 0 0
118 2 0 0 0 0 0 0 0 0
119 2 0 0 0 0 0 0 0 0
121 2 0 0 0 0 0 0 0 0
fl=./string/../sysdeps/x86_64/multiarch/memset.c
fn=memset
29 4 1 1 2 0 0 0 0 0
fl=./string/../sysdeps/x86_64/multiarch/rawmemchr-sse2.S
fn=__rawmemchr_sse2
31 110 103 1 0 0 0 0 0 0
32 110 0 0 0 0 0 0 0 0
33 110 0 0 0 0 0 0 0 0
35 110 0 0 0 0 0 0 0 0
36 110 0 0 0 0 0 0 0 0
38 110 0 0 0 0 0 0 0 0
39 110 0 0 0 0 0 0 0 0
41 110 0 0 0 0 0 0 0 0
42 110 0 0 0 0 0 0 0 0
44 91 0 0 91 0 0 0 0 0
45 91 0 0 0 0 0 0 0 0
47 91 0 0 0 0 0 0 0 0
48 91 0 0 0 0 0 0 0 0
50 91 0 0 0 0 0 0 0 0
51 21 0 0 0 0 0 0 0 0
52 21 0 0 0 0 0 0 0 0
53 21 21 1 0 0 0 0 0 0
57 19 17 0 0 0 0 0 0 0
58 19 0 0 0 0 0 0 0 0
59 19 0 0 19 0 0 0 0 0
61 19 0 0 0 0 0 0 0 0
63 19 0 0 0 0 0 0 0 0
65 19 0 0 0 0 0 0 0 0
66 19 0 0 0 0 0 0 0 0
67 19 0 0 0 0 0 0 0 0
69 19 0 0 0 0 0 0 0 0
71 19 0 0 0 0 0 0 0 0
72 19 0 0 0 0 0 0 0 0
73 19 0 0 19 0 0 0 0 0
81 21 21 1 21 0 0 0 0 0
82 21 0 0 0 0 0 0 0 0
83 21 0 0 0 0 0 0 0 0
84 21 0 0 0 0 0 0 0 0
85 21 0 0 0 0 0 0 0 0
87 21 0 0 21 0 0 0 0 0
88 21 0 0 0 0 0 0 0 0
89 21 0 0 0 0 0 0 0 0
90 21 0 0 0 0 0 0 0 0
91 21 0 0 0 0 0 0 0 0
93 21 0 0 21 0 0 0 0 0
94 21 21 1 0 0 0 0 0 0
95 21 0 0 0 0 0 0 0 0
96 21 0 0 0 0 0 0 0 0
97 21 0 0 0 0 0 0 0 0
99 18 0 0 18 0 0 0 0 0
100 18 0 0 0 0 0 0 0 0
101 18 0 0 0 0 0 0 0 0
102 18 0 0 0 0 0 0 0 0
103 18 0 0 0 0 0 0 0 0
104 18 0 0 0 0 0 0 0 0
106 14 0 0 0 0 0 0 0 0
107 14 0 0 0 0 0 0 0 0
109 9 0 0 9 0 0 0 0 0
110 9 0 0 0 0 0 0 0 0
111 9 0 0 0 0 0 0 0 0
112 9 0 0 0 0 0 0 0 0
113 9 9 1 0 0 0 0 0 0
115 8 0 0 8 0 0 0 0 0
116 8 0 0 0 0 0 0 0 0
117 8 0 0 0 0 0 0 0 0
118 8 0 0 0 0 0 0 0 0
119 8 0 0 0 0 0 0 0 0
121 2 0 0 2 0 0 0 0 0
122 2 0 0 0 0 0 0 0 0
123 2 0 0 0 0 0 0 0 0
124 2 0 0 0 0 0 0 0 0
125 2 0 0 0 0 0 0 0 0
127 1 0 0 1 0 0 0 0 0
128 1 0 0 0 0 0 0 0 0
129 1 0 0 0 0 0 0 0 0
131 1 0 0 0 0 0 0 0 0
132 1 1 0 0 0 0 0 0 0
133 1 0 0 0 0 0 0 0 0
139 7 5 1 7 0 0 0 0 0
140 7 0 0 7 0 0 0 0 0
141 7 0 0 7 0 0 0 0 0
142 7 0 0 7 0 0 0 0 0
144 7 0 0 0 0 0 0 0 0
145 7 0 0 0 0 0 0 0 0
146 7 0 0 0 0 0 0 0 0
147 7 0 0 0 0 0 0 0 0
149 7 0 0 0 0 0 0 0 0
150 7 0 0 0 0 0 0 0 0
151 7 0 0 0 0 0 0 0 0
152 7 5 1 0 0 0 0 0 0
154 7 0 0 0 0 0 0 0 0
156 7 0 0 0 0 0 0 0 0
157 7 0 0 0 0 0 0 0 0
159 5 0 0 0 0 0 0 0 0
161 5 0 0 0 0 0 0 0 0
162 5 0 0 0 0 0 0 0 0
163 5 0 0 0 0 0 0 0 0
165 4 0 0 0 0 0 0 0 0
166 4 0 0 0 0 0 0 0 0
167 4 0 0 0 0 0 0 0 0
169 4 0 0 4 0 0 0 0 0
170 4 0 0 0 0 0 0 0 0
172 4 0 0 4 0 0 0 0 0
173 4 0 0 0 0 0 0 0 0
174 4 0 0 0 0 0 0 0 0
175 4 0 0 0 0 0 0 0 0
177 2 0 0 0 0 0 0 0 0
178 2 0 0 0 0 0 0 0 0
179 2 2 0 0 0 0 0 0 0
180 2 0 0 2 0 0 0 0 0
184 5 5 0 0 0 0 0 0 0
185 5 0 0 0 0 0 0 0 0
186 5 0 0 5 0 0 0 0 0
190 72 69 1 0 0 0 0 0 0
191 72 0 0 0 0 0 0 0 0
192 72 0 0 72 0 0 0 0 0
196 6 6 0 0 0 0 0 0 0
197 6 0 0 0 0 0 0 0 0
198 6 0 0 6 0 0 0 0 0
202 6 6 1 0 0 0 0 0 0
203 6 0 0 0 0 0 0 0 0
204 6 0 0 6 0 0 0 0 0
fl=./string/../sysdeps/x86_64/multiarch/rawmemchr.c
fn=rawmemchr
31 2 1 1 1 0 0 0 0 0
fl=./string/../sysdeps/x86_64/multiarch/stpcpy.c
fn=stpcpy
33 2 1 1 1 0 0 0 0 0
fl=./string/../sysdeps/x86_64/multiarch/stpncpy.c
fn=stpncpy
31 2 1 1 1 0 0 0 0 0
fl=./string/../sysdeps/x86_64/multiarch/strcasecmp.c
fn=strcasecmp
31 3 1 1 1 0 0 0 0 0
fl=./string/../sysdeps/x86_64/multiarch/strcasecmp_l.c
fn=strcasecmp_l
31 3 1 1 1 0 0 0 0 0
fl=./string/../sysdeps/x86_64/multiarch/strcat.c
fn=strcat
29 2 1 1 1 0 0 0 0 0
fl=./string/../sysdeps/x86_64/multiarch/strchr-sse2.S
fn=__strchr_sse2
32 25788 13156 2 0 0 0 0 0 0
33 25788 0 0 0 0 0 0 0 0
34 25788 0 0 0 0 0 0 0 0
35 25788 0 0 0 0 0 0 0 0
36 25788 12511 2 0 0 0 0 0 0
37 25788 0 0 0 0 0 0 0 0
38 25788 0 0 0 0 0 0 0 0
39 25788 0 0 0 0 0 0 0 0
40 25788 0 0 0 0 0 0 0 0
41 25771 0 0 25771 12676 2 0 0 0
42 25771 0 0 0 0 0 0 0 0
43 25771 0 0 0 0 0 0 0 0
44 25771 0 0 0 0 0 0 0 0
45 25771 0 0 0 0 0 0 0 0
46 25771 0 0 0 0 0 0 0 0
47 25771 0 0 0 0 0 0 0 0
48 25771 0 0 0 0 0 0 0 0
49 25771 0 0 0 0 0 0 0 0
50 25387 0 0 0 0 0 0 0 0
54 25387 0 0 0 0 0 0 0 0
55 25387 12235 2 0 0 0 0 0 0
56 25387 0 0 25387 0 0 0 0 0
57 25387 0 0 0 0 0 0 0 0
59 25387 0 0 25387 0 0 0 0 0
63 384 216 0 384 33 1 0 0 0
64 384 0 0 0 0 0 0 0 0
65 384 0 0 0 0 0 0 0 0
66 384 0 0 0 0 0 0 0 0
67 384 0 0 0 0 0 0 0 0
68 384 0 0 0 0 0 0 0 0
69 384 0 0 384 41 2 0 0 0
70 384 0 0 0 0 0 0 0 0
71 384 0 0 0 0 0 0 0 0
72 384 0 0 0 0 0 0 0 0
73 384 0 0 0 0 0 0 0 0
74 384 245 1 0 0 0 0 0 0
75 384 0 0 0 0 0 0 0 0
76 384 0 0 384 37 1 0 0 0
77 384 0 0 0 0 0 0 0 0
78 384 0 0 0 0 0 0 0 0
79 384 0 0 0 0 0 0 0 0
80 384 0 0 0 0 0 0 0 0
81 384 0 0 0 0 0 0 0 0
82 384 0 0 0 0 0 0 0 0
83 384 0 0 0 0 0 0 0 0
84 384 0 0 0 0 0 0 0 0
85 384 0 0 0 0 0 0 0 0
86 610 1 0 0 0 0 0 0 0
91 113 103 1 0 0 0 0 0 0
92 113 0 0 0 0 0 0 0 0
95 370 0 0 0 0 0 0 0 0
96 370 0 0 370 79 0 0 0 0
97 370 0 0 370 0 0 0 0 0
98 370 0 0 370 0 0 0 0 0
99 370 0 0 0 0 0 0 0 0
100 370 0 0 370 0 0 0 0 0
101 370 0 0 0 0 0 0 0 0
102 370 0 0 0 0 0 0 0 0
103 370 0 0 370 0 0 0 0 0
104 370 0 0 0 0 0 0 0 0
105 370 0 0 370 0 0 0 0 0
106 370 0 0 370 0 0 0 0 0
107 370 103 1 0 0 0 0 0 0
108 370 0 0 370 0 0 0 0 0
109 370 0 0 0 0 0 0 0 0
110 370 0 0 0 0 0 0 0 0
111 370 0 0 0 0 0 0 0 0
112 370 0 0 0 0 0 0 0 0
114 370 0 0 0 0 0 0 0 0
115 370 0 0 0 0 0 0 0 0
117 113 0 0 113 0 0 0 0 0
118 113 0 0 0 0 0 0 0 0
119 113 0 0 0 0 0 0 0 0
120 113 0 0 0 0 0 0 0 0
121 113 0 0 0 0 0 0 0 0
122 113 0 0 0 0 0 0 0 0
123 113 0 0 0 0 0 0 0 0
124 113 0 0 0 0 0 0 0 0
126 113 0 0 0 0 0 0 0 0
127 113 67 0 0 0 0 0 0 0
128 113 0 0 0 0 0 0 0 0
129 113 0 0 0 0 0 0 0 0
130 113 0 0 0 0 0 0 0 0
131 113 0 0 0 0 0 0 0 0
132 113 0 0 0 0 0 0 0 0
133 113 0 0 0 0 0 0 0 0
134 113 0 0 0 0 0 0 0 0
135 113 0 0 0 0 0 0 0 0
138 401 178 1 0 0 0 0 0 0
142 401 0 0 0 0 0 0 0 0
143 401 0 0 0 0 0 0 0 0
144 401 0 0 401 0 0 0 0 0
145 401 0 0 0 0 0 0 0 0
147 401 0 0 401 0 0 0 0 0
151 17 13 1 0 0 0 0 0 0
152 17 0 0 0 0 0 0 0 0
153 17 0 0 0 0 0 0 0 0
154 17 0 0 0 0 0 0 0 0
155 17 0 0 17 0 0 0 0 0
156 17 0 0 0 0 0 0 0 0
157 17 0 0 0 0 0 0 0 0
158 17 0 0 0 0 0 0 0 0
159 17 0 0 0 0 0 0 0 0
160 17 0 0 0 0 0 0 0 0
161 17 0 0 17 0 0 0 0 0
162 17 0 0 0 0 0 0 0 0
163 17 0 0 0 0 0 0 0 0
164 17 0 0 0 0 0 0 0 0
165 17 0 0 0 0 0 0 0 0
166 17 13 1 0 0 0 0 0 0
167 17 0 0 17 0 0 0 0 0
168 17 0 0 0 0 0 0 0 0
169 17 0 0 0 0 0 0 0 0
170 17 0 0 0 0 0 0 0 0
171 17 0 0 0 0 0 0 0 0
172 17 0 0 0 0 0 0 0 0
173 17 0 0 0 0 0 0 0 0
174 17 0 0 17 0 0 0 0 0
175 17 0 0 0 0 0 0 0 0
176 17 0 0 0 0 0 0 0 0
177 17 0 0 0 0 0 0 0 0
178 17 0 0 0 0 0 0 0 0
179 17 0 0 0 0 0 0 0 0
180 17 0 0 0 0 0 0 0 0
181 17 0 0 0 0 0 0 0 0
182 17 13 0 0 0 0 0 0 0
183 17 0 0 0 0 0 0 0 0
184 17 0 0 0 0 0 0 0 0
185 17 0 0 0 0 0 0 0 0
186 17 0 0 0 0 0 0 0 0
187 17 0 0 0 0 0 0 0 0
188 17 0 0 0 0 0 0 0 0
189 4 0 0 0 0 0 0 0 0
fn=__strchrnul_sse2
32 13 2 1 0 0 0 0 0 0
33 13 0 0 0 0 0 0 0 0
34 13 0 0 0 0 0 0 0 0
35 13 0 0 0 0 0 0 0 0
36 13 0 0 0 0 0 0 0 0
37 13 0 0 0 0 0 0 0 0
38 13 0 0 0 0 0 0 0 0
39 13 3 2 0 0 0 0 0 0
40 13 0 0 0 0 0 0 0 0
41 11 0 0 11 2 2 0 0 0
42 11 0 0 0 0 0 0 0 0
43 11 0 0 0 0 0 0 0 0
44 11 0 0 0 0 0 0 0 0
45 11 0 0 0 0 0 0 0 0
46 11 0 0 0 0 0 0 0 0
47 11 0 0 0 0 0 0 0 0
48 11 0 0 0 0 0 0 0 0
49 11 0 0 0 0 0 0 0 0
50 11 0 0 0 0 0 0 0 0
52 11 0 0 0 0 0 0 0 0
59 11 0 0 11 0 0 0 0 0
138 2 0 0 0 0 0 0 0 0
140 2 0 0 0 0 0 0 0 0
147 2 0 0 2 0 0 0 0 0
151 2 1 1 0 0 0 0 0 0
152 2 0 0 0 0 0 0 0 0
153 2 0 0 0 0 0 0 0 0
154 2 0 0 0 0 0 0 0 0
155 2 0 0 2 1 1 0 0 0
156 2 0 0 0 0 0 0 0 0
157 2 0 0 0 0 0 0 0 0
158 2 0 0 0 0 0 0 0 0
159 2 0 0 0 0 0 0 0 0
160 2 0 0 0 0 0 0 0 0
161 2 0 0 2 0 0 0 0 0
162 2 1 1 0 0 0 0 0 0
163 2 0 0 0 0 0 0 0 0
164 2 0 0 0 0 0 0 0 0
165 2 0 0 0 0 0 0 0 0
166 2 0 0 0 0 0 0 0 0
167 2 0 0 2 0 0 0 0 0
168 2 0 0 0 0 0 0 0 0
169 2 0 0 0 0 0 0 0 0
170 2 0 0 0 0 0 0 0 0
171 2 0 0 0 0 0 0 0 0
172 2 0 0 0 0 0 0 0 0
173 2 0 0 0 0 0 0 0 0
174 2 0 0 2 0 0 0 0 0
175 2 0 0 0 0 0 0 0 0
176 2 0 0 0 0 0 0 0 0
177 2 0 0 0 0 0 0 0 0
178 2 1 1 0 0 0 0 0 0
179 2 0 0 0 0 0 0 0 0
180 2 0 0 0 0 0 0 0 0
181 2 0 0 0 0 0 0 0 0
182 2 0 0 0 0 0 0 0 0
183 2 0 0 0 0 0 0 0 0
184 2 0 0 0 0 0 0 0 0
185 2 0 0 0 0 0 0 0 0
186 2 0 0 0 0 0 0 0 0
187 2 0 0 0 0 0 0 0 0
188 2 0 0 0 0 0 0 0 0
fl=./string/../sysdeps/x86_64/multiarch/strchr.c
fn=index
42 8 0 0 0 0 0 0 0 0
43 4 0 0 4 2 0 0 0 0
44 6 2 1 2 0 0 0 0 0
59 8 0 0 0 0 0 0 0 0
65 4 2 1 2 0 0 0 0 0
fl=./string/../sysdeps/x86_64/multiarch/strchrnul.c
fn=strchrnul
31 3 1 1 1 0 0 0 0 0
fl=./string/../sysdeps/x86_64/multiarch/strcmp-sse4_2.S
fn=__strcmp_sse42
108 6087 521 2 0 0 0 0 0 0
144 6087 0 0 0 0 0 0 0 0
145 6087 0 0 0 0 0 0 0 0
147 6087 0 0 0 0 0 0 0 0
148 6087 0 0 0 0 0 0 0 0
169 6087 0 0 0 0 0 0 0 0
170 6087 0 0 0 0 0 0 0 0
171 6087 0 0 0 0 0 0 0 0
172 6087 0 0 0 0 0 0 0 0
173 3674 0 0 3674 285 50 0 0 0
174 3674 0 0 3674 1133 13 0 0 0
192 3674 0 0 0 0 0 0 0 0
193 3674 0 0 0 0 0 0 0 0
194 3674 0 0 0 0 0 0 0 0
195 3674 0 0 0 0 0 0 0 0
196 3674 0 0 0 0 0 0 0 0
197 3674 0 0 0 0 0 0 0 0
198 3674 438 1 0 0 0 0 0 0
203 215 0 0 0 0 0 0 0 0
204 430 0 0 0 0 0 0 0 0
213 2628 91 1 0 0 0 0 0 0
214 2628 0 0 0 0 0 0 0 0
215 2628 0 0 0 0 0 0 0 0
216 2628 0 0 0 0 0 0 0 0
217 2628 0 0 0 0 0 0 0 0
218 2628 0 0 0 0 0 0 0 0
219 2628 0 0 0 0 0 0 0 0
220 2628 0 0 0 0 0 0 0 0
221 2628 0 0 0 0 0 0 0 0
222 2374 0 0 0 0 0 0 0 0
223 1429 0 0 0 0 0 0 0 0
224 1429 0 0 0 0 0 0 0 0
225 1429 0 0 0 0 0 0 0 0
227 2374 0 0 2374 725 17 0 0 0
228 2374 0 0 2374 174 15 0 0 0
229 2374 242 1 0 0 0 0 0 0
230 2374 0 0 0 0 0 0 0 0
231 2374 0 0 0 0 0 0 0 0
232 2374 0 0 2374 231 1 0 0 0
233 2374 0 0 0 0 0 0 0 0
234 2374 0 0 0 0 0 0 0 0
235 2374 0 0 0 0 0 0 0 0
245 254 144 1 254 24 3 0 0 0
246 254 0 0 0 0 0 0 0 0
248 254 0 0 254 1 0 0 0 0
254 254 0 0 0 0 0 0 0 0
255 254 0 0 0 0 0 0 0 0
256 254 0 0 0 0 0 0 0 0
257 254 0 0 0 0 0 0 0 0
258 254 0 0 0 0 0 0 0 0
263 254 203 2 0 0 0 0 0 0
265 20 0 0 0 0 0 0 0 0
266 20 0 0 0 0 0 0 0 0
272 60 0 0 0 0 0 0 0 0
275 20 0 0 20 1 0 0 0 0
277 20 0 0 20 0 0 0 0 0
283 20 0 0 0 0 0 0 0 0
284 20 0 0 0 0 0 0 0 0
309 20 13 1 0 0 0 0 0 0
314 8 0 0 0 0 0 0 0 0
315 8 0 0 8 0 0 0 0 0
316 8 0 0 8 0 0 0 0 0
322 8 0 0 0 0 0 0 0 0
323 8 0 0 8 0 0 0 0 0
334 10 10 0 0 0 0 0 0 0
336 10 0 0 0 0 0 0 0 0
337 10 0 0 0 0 0 0 0 0
338 10 10 1 0 0 0 0 0 0
339 10 0 0 0 0 0 0 0 0
340 10 0 0 0 0 0 0 0 0
341 10 0 0 0 0 0 0 0 0
342 10 0 0 0 0 0 0 0 0
422 9 3 1 0 0 0 0 0 0
424 9 0 0 0 0 0 0 0 0
425 9 0 0 0 0 0 0 0 0
426 9 0 0 0 0 0 0 0 0
427 9 0 0 0 0 0 0 0 0
428 9 0 0 0 0 0 0 0 0
429 9 0 0 0 0 0 0 0 0
430 9 0 0 0 0 0 0 0 0
431 5 0 0 5 0 0 0 0 0
434 5 0 0 0 0 0 0 0 0
435 5 0 0 0 0 0 0 0 0
441 5 0 0 0 0 0 0 0 0
442 5 0 0 0 0 0 0 0 0
443 5 1 1 0 0 0 0 0 0
444 10 0 0 0 0 0 0 0 0
448 5 0 0 0 0 0 0 0 0
449 5 0 0 0 0 0 0 0 0
452 5 0 0 5 0 0 0 0 0
453 5 0 0 5 0 0 0 0 0
455 5 0 0 5 0 0 0 0 0
461 5 0 0 0 0 0 0 0 0
510 4 1 1 0 0 0 0 0 0
512 4 0 0 0 0 0 0 0 0
513 4 0 0 0 0 0 0 0 0
514 4 0 0 0 0 0 0 0 0
515 4 0 0 0 0 0 0 0 0
516 4 0 0 0 0 0 0 0 0
517 4 0 0 0 0 0 0 0 0
518 4 0 0 0 0 0 0 0 0
519 4 0 0 4 0 0 0 0 0
523 4 0 0 0 0 0 0 0 0
524 4 1 1 0 0 0 0 0 0
530 4 0 0 0 0 0 0 0 0
531 4 0 0 0 0 0 0 0 0
532 4 0 0 0 0 0 0 0 0
533 4 0 0 0 0 0 0 0 0
536 4 0 0 0 0 0 0 0 0
537 4 0 0 0 0 0 0 0 0
540 4 0 0 4 0 0 0 0 0
541 4 0 0 4 0 0 0 0 0
543 4 0 0 4 0 0 0 0 0
549 4 0 0 0 0 0 0 0 0
598 23 11 1 0 0 0 0 0 0
600 23 0 0 0 0 0 0 0 0
601 23 0 0 0 0 0 0 0 0
602 23 0 0 0 0 0 0 0 0
603 23 0 0 0 0 0 0 0 0
604 23 0 0 0 0 0 0 0 0
605 23 0 0 0 0 0 0 0 0
606 23 0 0 0 0 0 0 0 0
607 12 0 0 12 0 0 0 0 0
611 12 0 0 0 0 0 0 0 0
612 12 1 1 0 0 0 0 0 0
618 12 0 0 0 0 0 0 0 0
619 12 0 0 0 0 0 0 0 0
620 12 0 0 0 0 0 0 0 0
621 24 0 0 0 0 0 0 0 0
625 12 0 0 0 0 0 0 0 0
626 12 0 0 0 0 0 0 0 0
629 12 0 0 12 2 2 0 0 0
630 12 0 0 12 0 0 0 0 0
632 12 0 0 12 0 0 0 0 0
638 12 0 0 0 0 0 0 0 0
687 73 62 2 0 0 0 0 0 0
689 73 0 0 0 0 0 0 0 0
690 73 0 0 0 0 0 0 0 0
691 73 0 0 0 0 0 0 0 0
692 73 0 0 0 0 0 0 0 0
693 73 0 0 0 0 0 0 0 0
694 73 0 0 0 0 0 0 0 0
695 73 0 0 0 0 0 0 0 0
696 11 1 1 11 0 0 0 0 0
700 11 0 0 0 0 0 0 0 0
701 11 0 0 0 0 0 0 0 0
707 11 0 0 0 0 0 0 0 0
708 11 0 0 0 0 0 0 0 0
709 11 0 0 0 0 0 0 0 0
710 22 0 0 0 0 0 0 0 0
714 11 0 0 0 0 0 0 0 0
715 11 0 0 0 0 0 0 0 0
718 11 0 0 11 0 0 0 0 0
719 11 1 1 11 0 0 0 0 0
721 11 0 0 11 0 0 0 0 0
727 11 0 0 0 0 0 0 0 0
733 1 0 0 0 0 0 0 0 0
734 1 0 0 0 0 0 0 0 0
735 1 0 0 0 0 0 0 0 0
737 1 0 0 1 0 0 0 0 0
739 1 0 0 1 0 0 0 0 0
741 1 0 0 1 0 0 0 0 0
747 1 0 0 0 0 0 0 0 0
777 21 5 2 0 0 0 0 0 0
779 21 0 0 0 0 0 0 0 0
780 21 0 0 0 0 0 0 0 0
781 21 5 2 0 0 0 0 0 0
782 21 0 0 0 0 0 0 0 0
783 21 0 0 0 0 0 0 0 0
784 21 0 0 0 0 0 0 0 0
785 21 0 0 0 0 0 0 0 0
786 8 0 0 8 0 0 0 0 0
790 8 0 0 0 0 0 0 0 0
791 8 0 0 0 0 0 0 0 0
797 8 0 0 0 0 0 0 0 0
798 8 0 0 0 0 0 0 0 0
799 8 0 0 0 0 0 0 0 0
800 16 0 0 0 0 0 0 0 0
804 8 1 1 0 0 0 0 0 0
805 8 0 0 0 0 0 0 0 0
808 8 0 0 8 1 1 0 0 0
809 8 0 0 8 0 0 0 0 0
811 8 0 0 8 0 0 0 0 0
817 8 0 0 0 0 0 0 0 0
823 1 0 0 0 0 0 0 0 0
824 1 0 0 0 0 0 0 0 0
825 1 0 0 0 0 0 0 0 0
827 1 0 0 1 0 0 0 0 0
828 1 0 0 1 0 0 0 0 0
830 1 0 0 1 0 0 0 0 0
836 1 1 1 0 0 0 0 0 0
866 40 27 1 0 0 0 0 0 0
868 40 0 0 0 0 0 0 0 0
869 40 0 0 0 0 0 0 0 0
870 40 0 0 0 0 0 0 0 0
871 40 0 0 0 0 0 0 0 0
872 40 0 0 0 0 0 0 0 0
873 40 0 0 0 0 0 0 0 0
874 40 0 0 0 0 0 0 0 0
875 8 0 0 8 0 0 0 0 0
879 8 0 0 0 0 0 0 0 0
880 8 0 0 0 0 0 0 0 0
886 8 0 0 0 0 0 0 0 0
887 8 0 0 0 0 0 0 0 0
888 8 1 1 0 0 0 0 0 0
889 16 0 0 0 0 0 0 0 0
893 8 0 0 0 0 0 0 0 0
894 8 0 0 0 0 0 0 0 0
897 8 0 0 8 0 0 0 0 0
898 8 0 0 8 0 0 0 0 0
900 8 0 0 8 1 1 0 0 0
906 8 0 0 0 0 0 0 0 0
912 1 0 0 0 0 0 0 0 0
913 1 0 0 0 0 0 0 0 0
914 1 0 0 0 0 0 0 0 0
916 1 0 0 1 0 0 0 0 0
917 1 1 1 1 0 0 0 0 0
919 1 0 0 1 0 0 0 0 0
925 1 0 0 0 0 0 0 0 0
955 96 31 1 0 0 0 0 0 0
957 96 0 0 0 0 0 0 0 0
958 96 0 0 0 0 0 0 0 0
959 96 0 0 0 0 0 0 0 0
960 96 0 0 0 0 0 0 0 0
961 96 0 0 0 0 0 0 0 0
962 96 0 0 0 0 0 0 0 0
963 96 0 0 0 0 0 0 0 0
964 7 0 0 7 0 0 0 0 0
968 7 0 0 0 0 0 0 0 0
969 7 1 1 0 0 0 0 0 0
975 7 0 0 0 0 0 0 0 0
976 7 0 0 0 0 0 0 0 0
977 7 0 0 0 0 0 0 0 0
978 14 0 0 0 0 0 0 0 0
982 7 0 0 0 0 0 0 0 0
983 7 0 0 0 0 0 0 0 0
986 7 0 0 7 0 0 0 0 0
987 7 0 0 7 0 0 0 0 0
989 7 0 0 7 0 0 0 0 0
995 7 0 0 0 0 0 0 0 0
1044 189 141 1 0 0 0 0 0 0
1046 189 0 0 0 0 0 0 0 0
1047 189 0 0 0 0 0 0 0 0
1048 189 0 0 0 0 0 0 0 0
1049 189 0 0 0 0 0 0 0 0
1050 189 0 0 0 0 0 0 0 0
1051 189 0 0 0 0 0 0 0 0
1052 189 0 0 0 0 0 0 0 0
1053 22 9 1 22 0 0 0 0 0
1057 22 0 0 0 0 0 0 0 0
1058 22 0 0 0 0 0 0 0 0
1064 22 0 0 0 0 0 0 0 0
1065 22 0 0 0 0 0 0 0 0
1066 22 0 0 0 0 0 0 0 0
1067 44 0 0 0 0 0 0 0 0
1071 22 0 0 0 0 0 0 0 0
1072 22 0 0 0 0 0 0 0 0
1075 22 0 0 22 3 2 0 0 0
1077 22 9 1 22 0 0 0 0 0
1079 22 0 0 22 5 0 0 0 0
1085 22 0 0 0 0 0 0 0 0
1091 1 0 0 0 0 0 0 0 0
1092 1 0 0 0 0 0 0 0 0
1093 1 0 0 0 0 0 0 0 0
1095 1 0 0 1 0 0 0 0 0
1096 1 0 0 1 0 0 0 0 0
1098 1 0 0 1 0 0 0 0 0
1104 1 0 0 0 0 0 0 0 0
1134 360 155 1 0 0 0 0 0 0
1136 360 0 0 0 0 0 0 0 0
1137 360 0 0 0 0 0 0 0 0
1138 360 149 1 0 0 0 0 0 0
1139 360 0 0 0 0 0 0 0 0
1140 360 0 0 0 0 0 0 0 0
1141 360 0 0 0 0 0 0 0 0
1142 360 0 0 0 0 0 0 0 0
1143 10 0 0 10 0 0 0 0 0
1147 10 0 0 0 0 0 0 0 0
1148 10 0 0 0 0 0 0 0 0
1154 10 0 0 0 0 0 0 0 0
1155 10 0 0 0 0 0 0 0 0
1156 10 0 0 0 0 0 0 0 0
1157 20 0 0 0 0 0 0 0 0
1161 10 1 1 0 0 0 0 0 0
1162 10 0 0 0 0 0 0 0 0
1165 10 0 0 10 0 0 0 0 0
1166 10 0 0 10 0 0 0 0 0
1168 10 0 0 10 0 0 0 0 0
1174 10 0 0 0 0 0 0 0 0
1223 212 142 1 0 0 0 0 0 0
1225 212 0 0 0 0 0 0 0 0
1226 212 0 0 0 0 0 0 0 0
1227 212 0 0 0 0 0 0 0 0
1228 212 0 0 0 0 0 0 0 0
1229 212 0 0 0 0 0 0 0 0
1230 212 0 0 0 0 0 0 0 0
1231 212 0 0 0 0 0 0 0 0
1232 14 0 0 14 0 0 0 0 0
1236 14 0 0 0 0 0 0 0 0
1237 14 0 0 0 0 0 0 0 0
1243 14 0 0 0 0 0 0 0 0
1244 14 0 0 0 0 0 0 0 0
1245 14 2 1 0 0 0 0 0 0
1246 28 0 0 0 0 0 0 0 0
1250 14 0 0 0 0 0 0 0 0
1251 14 0 0 0 0 0 0 0 0
1254 14 0 0 14 0 0 0 0 0
1255 14 0 0 14 0 0 0 0 0
1257 14 0 0 14 0 0 0 0 0
1263 14 0 0 0 0 0 0 0 0
1312 549 159 1 0 0 0 0 0 0
1314 549 0 0 0 0 0 0 0 0
1315 549 0 0 0 0 0 0 0 0
1316 549 0 0 0 0 0 0 0 0
1317 549 0 0 0 0 0 0 0 0
1318 549 0 0 0 0 0 0 0 0
1319 549 0 0 0 0 0 0 0 0
1320 549 0 0 0 0 0 0 0 0
1321 32 0 0 32 0 0 0 0 0
1325 32 0 0 0 0 0 0 0 0
1326 32 18 1 0 0 0 0 0 0
1332 32 0 0 0 0 0 0 0 0
1333 32 0 0 0 0 0 0 0 0
1334 32 0 0 0 0 0 0 0 0
1335 64 0 0 0 0 0 0 0 0
1339 32 0 0 0 0 0 0 0 0
1340 32 0 0 0 0 0 0 0 0
1343 32 0 0 32 0 0 0 0 0
1344 32 0 0 32 0 0 0 0 0
1346 32 0 0 32 17 0 0 0 0
1352 32 0 0 0 0 0 0 0 0
1358 2 1 1 0 0 0 0 0 0
1359 2 0 0 0 0 0 0 0 0
1360 2 0 0 0 0 0 0 0 0
1362 2 0 0 2 0 0 0 0 0
1363 2 0 0 2 0 0 0 0 0
1365 2 0 0 2 0 0 0 0 0
1371 2 0 0 0 0 0 0 0 0
1401 395 162 1 0 0 0 0 0 0
1403 395 0 0 0 0 0 0 0 0
1404 395 0 0 0 0 0 0 0 0
1405 395 0 0 0 0 0 0 0 0
1406 395 0 0 0 0 0 0 0 0
1407 395 0 0 0 0 0 0 0 0
1408 395 0 0 0 0 0 0 0 0
1409 395 0 0 0 0 0 0 0 0
1410 18 4 2 18 0 0 0 0 0
1414 18 0 0 0 0 0 0 0 0
1415 18 0 0 0 0 0 0 0 0
1421 18 0 0 0 0 0 0 0 0
1422 18 0 0 0 0 0 0 0 0
1423 18 0 0 0 0 0 0 0 0
1425 36 0 0 0 0 0 0 0 0
1429 18 0 0 0 0 0 0 0 0
1430 18 0 0 0 0 0 0 0 0
1433 18 0 0 18 2 2 0 0 0
1434 18 4 2 18 0 0 0 0 0
1436 18 0 0 18 2 1 0 0 0
1442 18 0 0 0 0 0 0 0 0
1448 1 0 0 0 0 0 0 0 0
1449 1 0 0 0 0 0 0 0 0
1450 1 0 0 0 0 0 0 0 0
1452 1 0 0 1 0 0 0 0 0
1453 1 0 0 1 0 0 0 0 0
1455 1 0 0 1 0 0 0 0 0
1461 1 0 0 0 0 0 0 0 0
1491 126 49 1 0 0 0 0 0 0
1493 126 0 0 0 0 0 0 0 0
1494 126 0 0 0 0 0 0 0 0
1495 126 49 1 0 0 0 0 0 0
1496 126 0 0 0 0 0 0 0 0
1497 126 0 0 0 0 0 0 0 0
1498 126 0 0 0 0 0 0 0 0
1499 126 0 0 0 0 0 0 0 0
1500 16 0 0 16 0 0 0 0 0
1504 16 0 0 0 0 0 0 0 0
1505 16 0 0 0 0 0 0 0 0
1511 16 0 0 0 0 0 0 0 0
1512 16 0 0 0 0 0 0 0 0
1513 16 0 0 0 0 0 0 0 0
1515 32 0 0 0 0 0 0 0 0
1519 16 1 1 0 0 0 0 0 0
1520 16 0 0 0 0 0 0 0 0
1523 16 0 0 16 1 1 0 0 0
1524 16 0 0 16 0 0 0 0 0
1526 16 0 0 16 0 0 0 0 0
1532 16 0 0 0 0 0 0 0 0
1581 267 150 1 0 0 0 0 0 0
1583 267 0 0 0 0 0 0 0 0
1584 267 0 0 0 0 0 0 0 0
1585 267 0 0 0 0 0 0 0 0
1586 267 0 0 0 0 0 0 0 0
1587 267 0 0 0 0 0 0 0 0
1588 267 0 0 0 0 0 0 0 0
1589 267 0 0 0 0 0 0 0 0
1591 8 0 0 8 0 0 0 0 0
1595 8 0 0 0 0 0 0 0 0
1596 8 0 0 0 0 0 0 0 0
1602 8 0 0 0 0 0 0 0 0
1603 8 0 0 0 0 0 0 0 0
1605 8 1 1 0 0 0 0 0 0
1607 16 0 0 0 0 0 0 0 0
1611 8 0 0 0 0 0 0 0 0
1612 8 0 0 0 0 0 0 0 0
1615 8 0 0 8 1 1 0 0 0
1616 8 0 0 8 0 0 0 0 0
1618 8 0 0 8 0 0 0 0 0
1624 8 0 0 0 0 0 0 0 0
1674 175 0 0 0 0 0 0 0 0
1679 167 0 0 0 0 0 0 0 0
1680 167 0 0 0 0 0 0 0 0
1681 167 0 0 167 0 0 0 0 0
1682 167 0 0 167 0 0 0 0 0
1683 167 0 0 0 0 0 0 0 0
1684 167 0 0 0 0 0 0 0 0
1685 86 0 0 0 0 0 0 0 0
1693 167 0 0 0 0 0 0 0 0
1694 167 0 0 167 0 0 0 0 0
1697 2433 431 2 0 0 0 0 0 0
1698 2433 0 0 0 0 0 0 0 0
1699 2433 0 0 0 0 0 0 0 0
1700 2433 0 0 0 0 0 0 0 0
1701 2682 0 0 0 0 0 0 0 0
1706 5892 624 2 0 0 0 0 0 0
1712 5892 0 0 5892 0 0 0 0 0
1713 5892 0 0 5892 0 0 0 0 0
1721 5892 0 0 0 0 0 0 0 0
1722 5892 0 0 5892 0 0 0 0 0
1725 20 0 0 0 0 0 0 0 0
1726 20 0 0 20 0 0 0 0 0
fn=__strncmp_sse42
108 8823 139 2 0 0 0 0 0 0
138 8823 0 0 0 0 0 0 0 0
139 8823 0 0 0 0 0 0 0 0
140 8823 138 2 0 0 0 0 0 0
141 8823 0 0 0 0 0 0 0 0
142 8823 0 0 0 0 0 0 0 0
144 8823 0 0 0 0 0 0 0 0
145 8823 0 0 0 0 0 0 0 0
147 8823 0 0 0 0 0 0 0 0
148 8823 0 0 0 0 0 0 0 0
169 8823 0 0 0 0 0 0 0 0
170 8823 0 0 0 0 0 0 0 0
171 8823 0 0 0 0 0 0 0 0
172 8823 0 0 0 0 0 0 0 0
173 5253 0 0 5253 1706 52 0 0 0
174 5253 0 0 5253 39 0 0 0 0
192 5253 0 0 0 0 0 0 0 0
193 5253 0 0 0 0 0 0 0 0
194 5253 0 0 0 0 0 0 0 0
195 5253 0 0 0 0 0 0 0 0
196 5253 0 0 0 0 0 0 0 0
197 5253 73 2 0 0 0 0 0 0
198 5253 0 0 0 0 0 0 0 0
200 4 0 0 0 0 0 0 0 0
201 4 0 0 0 0 0 0 0 0
203 4 0 0 0 0 0 0 0 0
204 8 0 0 0 0 0 0 0 0
213 3574 62 0 0 0 0 0 0 0
214 3574 0 0 0 0 0 0 0 0
215 3574 0 0 0 0 0 0 0 0
216 3574 0 0 0 0 0 0 0 0
217 3574 0 0 0 0 0 0 0 0
218 3574 0 0 0 0 0 0 0 0
219 3574 0 0 0 0 0 0 0 0
220 3574 0 0 0 0 0 0 0 0
221 3574 0 0 0 0 0 0 0 0
222 3336 0 0 0 0 0 0 0 0
223 1636 80 1 0 0 0 0 0 0
224 1636 0 0 0 0 0 0 0 0
225 1636 0 0 0 0 0 0 0 0
227 3336 22 1 3336 322 13 0 0 0
228 3336 0 0 3336 481 5 0 0 0
229 3336 0 0 0 0 0 0 0 0
230 3336 0 0 0 0 0 0 0 0
231 3336 0 0 0 0 0 0 0 0
232 3336 0 0 3336 215 2 0 0 0
233 3336 0 0 0 0 0 0 0 0
234 3336 0 0 0 0 0 0 0 0
235 3336 0 0 0 0 0 0 0 0
245 238 0 0 238 1 0 0 0 0
246 238 0 0 0 0 0 0 0 0
248 238 0 0 238 68 0 0 0 0
254 238 0 0 0 0 0 0 0 0
255 238 86 1 0 0 0 0 0 0
256 238 0 0 0 0 0 0 0 0
257 238 0 0 0 0 0 0 0 0
258 238 0 0 0 0 0 0 0 0
263 238 0 0 0 0 0 0 0 0
264 6 0 0 0 0 0 0 0 0
265 1 0 0 0 0 0 0 0 0
266 1 0 0 0 0 0 0 0 0
272 2 0 0 0 0 0 0 0 0
275 1 1 1 1 0 0 0 0 0
277 1 0 0 1 0 0 0 0 0
283 1 0 0 0 0 0 0 0 0
284 1 0 0 0 0 0 0 0 0
309 1 1 0 0 0 0 0 0 0
311 1 0 0 0 0 0 0 0 0
312 1 0 0 0 0 0 0 0 0
334 5 3 1 0 0 0 0 0 0
336 5 0 0 0 0 0 0 0 0
337 5 0 0 0 0 0 0 0 0
338 5 0 0 0 0 0 0 0 0
339 5 0 0 0 0 0 0 0 0
340 5 0 0 0 0 0 0 0 0
341 5 0 0 0 0 0 0 0 0
342 5 0 0 0 0 0 0 0 0
343 1 1 1 1 0 0 0 0 0
344 6 0 0 0 0 0 0 0 0
346 1 0 0 0 0 0 0 0 0
347 1 0 0 0 0 0 0 0 0
353 1 0 0 0 0 0 0 0 0
354 1 0 0 0 0 0 0 0 0
355 1 0 0 0 0 0 0 0 0
356 1 0 0 0 0 0 0 0 0
360 1 1 1 0 0 0 0 0 0
361 1 0 0 0 0 0 0 0 0
364 1 0 0 1 0 0 0 0 0
365 1 0 0 1 0 0 0 0 0
367 1 0 0 1 0 0 0 0 0
373 1 0 0 0 0 0 0 0 0
375 1 0 0 0 0 0 0 0 0
376 1 0 0 0 0 0 0 0 0
379 1 0 0 0 0 0 0 0 0
380 1 0 0 0 0 0 0 0 0
381 1 0 0 0 0 0 0 0 0
383 1 0 0 1 1 1 0 0 0
384 1 1 1 1 0 0 0 0 0
386 1 0 0 1 0 0 0 0 0
392 1 0 0 0 0 0 0 0 0
422 24 22 1 0 0 0 0 0 0
424 24 0 0 0 0 0 0 0 0
425 24 0 0 0 0 0 0 0 0
426 24 0 0 0 0 0 0 0 0
427 24 0 0 0 0 0 0 0 0
428 24 0 0 0 0 0 0 0 0
429 24 0 0 0 0 0 0 0 0
430 24 0 0 0 0 0 0 0 0
510 71 65 1 0 0 0 0 0 0
512 71 0 0 0 0 0 0 0 0
513 71 0 0 0 0 0 0 0 0
514 71 0 0 0 0 0 0 0 0
515 71 0 0 0 0 0 0 0 0
516 71 0 0 0 0 0 0 0 0
517 71 0 0 0 0 0 0 0 0
518 71 0 0 0 0 0 0 0 0
519 2 0 0 2 0 0 0 0 0
521 12 0 0 0 0 0 0 0 0
523 2 1 1 0 0 0 0 0 0
524 2 0 0 0 0 0 0 0 0
530 2 0 0 0 0 0 0 0 0
531 2 0 0 0 0 0 0 0 0
532 2 0 0 0 0 0 0 0 0
533 2 0 0 0 0 0 0 0 0
536 2 0 0 0 0 0 0 0 0
537 2 0 0 0 0 0 0 0 0
540 2 0 0 2 0 0 0 0 0
541 2 0 0 2 0 0 0 0 0
543 2 0 0 2 0 0 0 0 0
549 2 0 0 0 0 0 0 0 0
598 69 58 1 0 0 0 0 0 0
600 69 0 0 0 0 0 0 0 0
601 69 0 0 0 0 0 0 0 0
602 69 57 1 0 0 0 0 0 0
603 69 0 0 0 0 0 0 0 0
604 69 0 0 0 0 0 0 0 0
605 69 0 0 0 0 0 0 0 0
606 69 0 0 0 0 0 0 0 0
607 7 0 0 7 0 0 0 0 0
609 42 0 0 0 0 0 0 0 0
611 7 0 0 0 0 0 0 0 0
612 7 0 0 0 0 0 0 0 0
618 7 0 0 0 0 0 0 0 0
619 7 4 1 0 0 0 0 0 0
620 7 0 0 0 0 0 0 0 0
621 7 0 0 0 0 0 0 0 0
625 7 0 0 0 0 0 0 0 0
626 7 0 0 0 0 0 0 0 0
629 7 0 0 7 1 0 0 0 0
630 7 0 0 7 0 0 0 0 0
632 7 0 0 7 0 0 0 0 0
638 7 0 0 0 0 0 0 0 0
687 110 69 1 0 0 0 0 0 0
689 110 0 0 0 0 0 0 0 0
690 110 0 0 0 0 0 0 0 0
691 110 0 0 0 0 0 0 0 0
692 110 0 0 0 0 0 0 0 0
693 110 0 0 0 0 0 0 0 0
694 110 0 0 0 0 0 0 0 0
695 110 0 0 0 0 0 0 0 0
696 2 1 1 2 0 0 0 0 0
698 12 0 0 0 0 0 0 0 0
700 2 0 0 0 0 0 0 0 0
701 2 0 0 0 0 0 0 0 0
707 2 0 0 0 0 0 0 0 0
708 2 0 0 0 0 0 0 0 0
709 2 0 0 0 0 0 0 0 0
710 2 0 0 0 0 0 0 0 0
714 2 2 1 0 0 0 0 0 0
715 2 0 0 0 0 0 0 0 0
718 2 0 0 2 0 0 0 0 0
719 2 0 0 2 0 0 0 0 0
721 2 0 0 2 1 1 0 0 0
727 2 0 0 0 0 0 0 0 0
777 131 53 1 0 0 0 0 0 0
779 131 0 0 0 0 0 0 0 0
780 131 0 0 0 0 0 0 0 0
781 131 0 0 0 0 0 0 0 0
782 131 0 0 0 0 0 0 0 0
783 131 0 0 0 0 0 0 0 0
784 131 0 0 0 0 0 0 0 0
785 131 0 0 0 0 0 0 0 0
786 18 0 0 18 0 0 0 0 0
788 108 9 2 0 0 0 0 0 0
790 18 0 0 0 0 0 0 0 0
791 18 0 0 0 0 0 0 0 0
797 18 0 0 0 0 0 0 0 0
798 18 0 0 0 0 0 0 0 0
799 18 0 0 0 0 0 0 0 0
800 18 0 0 0 0 0 0 0 0
804 18 0 0 0 0 0 0 0 0
805 18 0 0 0 0 0 0 0 0
808 18 0 0 18 6 1 0 0 0
809 18 10 2 18 0 0 0 0 0
811 18 0 0 18 1 1 0 0 0
817 18 0 0 0 0 0 0 0 0
866 157 88 1 0 0 0 0 0 0
868 157 0 0 0 0 0 0 0 0
869 157 0 0 0 0 0 0 0 0
870 157 0 0 0 0 0 0 0 0
871 157 0 0 0 0 0 0 0 0
872 157 0 0 0 0 0 0 0 0
873 157 0 0 0 0 0 0 0 0
874 157 0 0 0 0 0 0 0 0
875 13 0 0 13 0 0 0 0 0
877 77 0 0 0 0 0 0 0 0
879 12 7 1 0 0 0 0 0 0
880 12 0 0 0 0 0 0 0 0
886 12 0 0 0 0 0 0 0 0
887 12 0 0 0 0 0 0 0 0
888 12 0 0 0 0 0 0 0 0
889 12 0 0 0 0 0 0 0 0
893 12 0 0 0 0 0 0 0 0
894 12 0 0 0 0 0 0 0 0
897 12 0 0 12 0 0 0 0 0
898 12 0 0 12 0 0 0 0 0
900 12 0 0 12 0 0 0 0 0
906 12 0 0 0 0 0 0 0 0
955 213 152 1 0 0 0 0 0 0
957 213 0 0 0 0 0 0 0 0
958 213 0 0 0 0 0 0 0 0
959 213 132 1 0 0 0 0 0 0
960 213 0 0 0 0 0 0 0 0
961 213 0 0 0 0 0 0 0 0
962 213 0 0 0 0 0 0 0 0
963 213 0 0 0 0 0 0 0 0
1044 262 151 1 0 0 0 0 0 0
1046 262 0 0 0 0 0 0 0 0
1047 262 0 0 0 0 0 0 0 0
1048 262 0 0 0 0 0 0 0 0
1049 262 0 0 0 0 0 0 0 0
1050 262 0 0 0 0 0 0 0 0
1051 262 0 0 0 0 0 0 0 0
1052 262 0 0 0 0 0 0 0 0
1053 4 3 1 4 0 0 0 0 0
1055 24 0 0 0 0 0 0 0 0
1057 4 0 0 0 0 0 0 0 0
1058 4 0 0 0 0 0 0 0 0
1064 4 0 0 0 0 0 0 0 0
1065 4 0 0 0 0 0 0 0 0
1066 4 0 0 0 0 0 0 0 0
1067 4 0 0 0 0 0 0 0 0
1071 4 3 1 0 0 0 0 0 0
1072 4 0 0 0 0 0 0 0 0
1075 4 0 0 4 0 0 0 0 0
1077 4 0 0 4 0 0 0 0 0
1079 4 0 0 4 0 0 0 0 0
1085 4 0 0 0 0 0 0 0 0
1134 301 145 1 0 0 0 0 0 0
1136 301 0 0 0 0 0 0 0 0
1137 301 0 0 0 0 0 0 0 0
1138 301 0 0 0 0 0 0 0 0
1139 301 0 0 0 0 0 0 0 0
1140 301 0 0 0 0 0 0 0 0
1141 301 0 0 0 0 0 0 0 0
1142 301 0 0 0 0 0 0 0 0
1143 11 0 0 11 0 0 0 0 0
1145 65 3 2 0 0 0 0 0 0
1147 10 0 0 0 0 0 0 0 0
1148 10 0 0 0 0 0 0 0 0
1154 10 0 0 0 0 0 0 0 0
1155 10 0 0 0 0 0 0 0 0
1156 10 0 0 0 0 0 0 0 0
1157 10 0 0 0 0 0 0 0 0
1161 10 0 0 0 0 0 0 0 0
1162 10 0 0 0 0 0 0 0 0
1165 10 0 0 10 0 0 0 0 0
1166 10 3 2 10 0 0 0 0 0
1168 10 0 0 10 0 0 0 0 0
1174 10 0 0 0 0 0 0 0 0
1223 331 152 1 0 0 0 0 0 0
1225 331 0 0 0 0 0 0 0 0
1226 331 0 0 0 0 0 0 0 0
1227 331 0 0 0 0 0 0 0 0
1228 331 0 0 0 0 0 0 0 0
1229 331 0 0 0 0 0 0 0 0
1230 331 0 0 0 0 0 0 0 0
1231 331 0 0 0 0 0 0 0 0
1232 6 0 0 6 0 0 0 0 0
1234 36 0 0 0 0 0 0 0 0
1236 6 2 1 0 0 0 0 0 0
1237 6 0 0 0 0 0 0 0 0
1243 6 0 0 0 0 0 0 0 0
1244 6 0 0 0 0 0 0 0 0
1245 6 0 0 0 0 0 0 0 0
1246 6 0 0 0 0 0 0 0 0
1250 6 0 0 0 0 0 0 0 0
1251 6 0 0 0 0 0 0 0 0
1254 6 0 0 6 0 0 0 0 0
1255 6 0 0 6 0 0 0 0 0
1257 6 0 0 6 0 0 0 0 0
1263 6 0 0 0 0 0 0 0 0
1312 409 131 1 0 0 0 0 0 0
1314 409 0 0 0 0 0 0 0 0
1315 409 0 0 0 0 0 0 0 0
1316 409 129 1 0 0 0 0 0 0
1317 409 0 0 0 0 0 0 0 0
1318 409 0 0 0 0 0 0 0 0
1319 409 0 0 0 0 0 0 0 0
1320 409 0 0 0 0 0 0 0 0
1321 14 0 0 14 0 0 0 0 0
1323 84 0 0 0 0 0 0 0 0
1325 14 0 0 0 0 0 0 0 0
1326 14 0 0 0 0 0 0 0 0
1332 14 0 0 0 0 0 0 0 0
1333 14 4 1 0 0 0 0 0 0
1334 14 0 0 0 0 0 0 0 0
1335 14 0 0 0 0 0 0 0 0
1339 14 0 0 0 0 0 0 0 0
1340 14 0 0 0 0 0 0 0 0
1343 14 0 0 14 1 0 0 0 0
1344 14 0 0 14 0 0 0 0 0
1346 14 0 0 14 0 0 0 0 0
1352 14 0 0 0 0 0 0 0 0
1401 384 158 1 0 0 0 0 0 0
1403 384 0 0 0 0 0 0 0 0
1404 384 0 0 0 0 0 0 0 0
1405 384 0 0 0 0 0 0 0 0
1406 384 0 0 0 0 0 0 0 0
1407 384 0 0 0 0 0 0 0 0
1408 384 0 0 0 0 0 0 0 0
1409 384 0 0 0 0 0 0 0 0
1410 11 11 2 11 0 0 0 0 0
1412 66 0 0 0 0 0 0 0 0
1414 11 0 0 0 0 0 0 0 0
1415 11 0 0 0 0 0 0 0 0
1421 11 0 0 0 0 0 0 0 0
1422 11 0 0 0 0 0 0 0 0
1423 11 0 0 0 0 0 0 0 0
1425 11 0 0 0 0 0 0 0 0
1429 11 11 2 0 0 0 0 0 0
1430 11 0 0 0 0 0 0 0 0
1433 11 0 0 11 6 2 0 0 0
1434 11 0 0 11 0 0 0 0 0
1436 11 0 0 11 0 0 0 0 0
1442 11 0 0 0 0 0 0 0 0
1491 441 95 2 0 0 0 0 0 0
1493 441 0 0 0 0 0 0 0 0
1494 441 0 0 0 0 0 0 0 0
1495 441 0 0 0 0 0 0 0 0
1496 441 0 0 0 0 0 0 0 0
1497 441 0 0 0 0 0 0 0 0
1498 441 0 0 0 0 0 0 0 0
1499 441 0 0 0 0 0 0 0 0
1500 5 0 0 5 0 0 0 0 0
1502 28 5 2 0 0 0 0 0 0
1504 3 0 0 0 0 0 0 0 0
1505 3 0 0 0 0 0 0 0 0
1511 3 0 0 0 0 0 0 0 0
1512 3 0 0 0 0 0 0 0 0
1513 3 0 0 0 0 0 0 0 0
1515 3 0 0 0 0 0 0 0 0
1519 3 0 0 0 0 0 0 0 0
1520 3 0 0 0 0 0 0 0 0
1523 3 0 0 3 0 0 0 0 0
1524 3 3 2 3 0 0 0 0 0
1526 3 0 0 3 0 0 0 0 0
1532 3 0 0 0 0 0 0 0 0
1581 428 140 1 0 0 0 0 0 0
1583 428 0 0 0 0 0 0 0 0
1584 428 0 0 0 0 0 0 0 0
1585 428 0 0 0 0 0 0 0 0
1586 428 0 0 0 0 0 0 0 0
1587 428 0 0 0 0 0 0 0 0
1588 428 0 0 0 0 0 0 0 0
1589 428 0 0 0 0 0 0 0 0
1591 20 0 0 20 0 0 0 0 0
1593 120 0 0 0 0 0 0 0 0
1595 20 20 2 0 0 0 0 0 0
1596 20 0 0 0 0 0 0 0 0
1602 20 0 0 0 0 0 0 0 0
1603 20 0 0 0 0 0 0 0 0
1605 20 0 0 0 0 0 0 0 0
1607 20 0 0 0 0 0 0 0 0
1611 20 0 0 0 0 0 0 0 0
1612 20 0 0 0 0 0 0 0 0
1615 20 0 0 20 12 0 0 0 0
1616 20 0 0 20 0 0 0 0 0
1618 20 0 0 20 0 0 0 0 0
1624 20 0 0 0 0 0 0 0 0
1674 110 49 1 0 0 0 0 0 0
1676 110 0 0 0 0 0 0 0 0
1677 110 0 0 0 0 0 0 0 0
1679 32 0 0 0 0 0 0 0 0
1680 32 0 0 0 0 0 0 0 0
1681 32 0 0 32 0 0 0 0 0
1682 32 0 0 32 0 0 0 0 0
1683 32 0 0 0 0 0 0 0 0
1684 32 0 0 0 0 0 0 0 0
1685 11 0 0 0 0 0 0 0 0
1693 32 0 0 0 0 0 0 0 0
1694 32 0 0 32 0 0 0 0 0
1697 3459 56 0 0 0 0 0 0 0
1698 3459 0 0 0 0 0 0 0 0
1699 3459 0 0 0 0 0 0 0 0
1700 3459 0 0 0 0 0 0 0 0
1701 1610 0 0 0 0 0 0 0 0
1706 8708 65 2 0 0 0 0 0 0
1709 8708 0 0 0 0 0 0 0 0
1710 8708 0 0 0 0 0 0 0 0
1712 8262 0 0 8262 0 0 0 0 0
1713 8262 0 0 8262 0 0 0 0 0
1721 8262 0 0 0 0 0 0 0 0
1722 8262 0 0 8262 0 0 0 0 0
1725 529 7 0 0 0 0 0 0 0
1726 529 0 0 529 0 0 0 0 0
fl=./string/../sysdeps/x86_64/multiarch/strcmp.c
fn=strcmp
47 8 1 1 0 0 0 0 0 0
48 4 0 0 4 0 0 0 0 0
49 6 0 0 2 0 0 0 0 0
64 6 0 0 2 0 0 0 0 0
67 4 0 0 0 0 0 0 0 0
79 4 1 1 2 0 0 0 0 0
fl=./string/../sysdeps/x86_64/multiarch/strcpy-sse2-unaligned.S
fn=__stpcpy_sse2_unaligned
45 144 98 1 0 0 0 0 0 0
51 144 0 0 0 0 0 0 0 0
58 144 0 0 0 0 0 0 0 0
59 144 0 0 0 0 0 0 0 0
60 144 0 0 0 0 0 0 0 0
62 129 0 0 0 0 0 0 0 0
63 129 0 0 0 0 0 0 0 0
64 129 0 0 0 0 0 0 0 0
65 129 0 0 0 0 0 0 0 0
67 129 0 0 129 0 0 0 0 0
68 129 0 0 0 0 0 0 0 0
69 129 0 0 0 0 0 0 0 0
83 129 0 0 0 0 0 0 0 0
84 129 0 0 0 0 0 0 0 0
86 8 0 0 8 2 2 0 0 0
87 8 1 1 0 0 0 0 0 0
94 8 0 0 0 0 0 0 0 0
95 8 0 0 0 0 0 0 0 0
301 15 1 1 0 0 0 0 0 0
302 15 0 0 15 0 0 0 0 0
303 15 0 0 15 0 0 0 0 0
304 15 0 0 0 0 0 0 0 0
305 15 0 0 0 0 0 0 0 0
315 15 0 0 0 0 0 0 0 0
316 15 0 0 0 0 0 0 0 0
351 121 65 0 0 0 0 0 0 0
352 121 0 0 0 0 0 0 0 0
353 484 0 0 121 61 1 0 0 0
363 15 1 1 0 0 0 0 0 0
364 60 0 0 15 1 1 0 0 0
368 8 1 1 0 0 0 0 0 0
369 8 0 0 0 0 0 0 0 0
370 8 0 0 0 0 0 0 0 0
371 8 0 0 0 0 0 0 0 0
372 32 0 0 8 0 0 0 0 0
551 22 1 1 22 0 0 0 0 0
552 22 0 0 0 0 0 22 0 0
554 22 0 0 0 0 0 0 0 0
561 22 0 0 22 0 0 0 0 0
641 4 0 0 4 0 0 0 0 0
642 4 0 0 0 0 0 4 0 0
644 4 0 0 0 0 0 0 0 0
651 4 0 0 4 0 0 0 0 0
655 4 1 1 4 0 0 0 0 0
656 4 0 0 0 0 0 4 0 0
657 4 0 0 0 0 0 4 0 0
659 4 0 0 0 0 0 0 0 0
666 4 0 0 4 0 0 0 0 0
686 6 1 1 6 0 0 0 0 0
687 6 0 0 6 0 0 0 0 0
688 6 0 0 0 0 0 6 2 2
689 6 0 0 0 0 0 6 0 0
691 6 0 0 0 0 0 0 0 0
698 6 0 0 6 0 0 0 0 0
702 102 98 1 102 0 0 0 0 0
703 102 0 0 102 0 0 0 0 0
704 102 0 0 0 0 0 102 0 0
705 102 0 0 0 0 0 102 0 0
707 102 0 0 0 0 0 0 0 0
714 102 0 0 102 0 0 0 0 0
718 2 0 0 2 0 0 0 0 0
719 2 0 0 2 0 0 0 0 0
720 2 0 0 0 0 0 2 0 0
721 2 0 0 0 0 0 2 0 0
723 2 0 0 0 0 0 0 0 0
730 2 0 0 2 0 0 0 0 0
750 2 2 1 2 0 0 0 0 0
751 2 0 0 2 0 0 0 0 0
752 2 0 0 0 0 0 2 0 0
753 2 0 0 0 0 0 2 0 0
755 2 0 0 0 0 0 0 0 0
762 2 0 0 2 0 0 0 0 0
795 2 1 1 2 0 0 0 0 0
796 2 0 0 2 0 0 0 0 0
797 2 0 0 0 0 0 2 0 0
798 2 0 0 0 0 0 2 0 0
800 2 0 0 0 0 0 0 0 0
807 2 0 0 2 0 0 0 0 0
fn=__strncpy_sse2_unaligned
45 5748 1482 2 0 0 0 0 0 0
47 5748 0 0 0 0 0 0 0 0
48 5748 0 0 0 0 0 0 0 0
49 5748 0 0 0 0 0 0 0 0
51 5262 0 0 0 0 0 0 0 0
53 5262 0 0 0 0 0 0 0 0
58 5262 0 0 0 0 0 0 0 0
59 5262 0 0 0 0 0 0 0 0
60 5262 0 0 0 0 0 0 0 0
62 795 0 0 0 0 0 0 0 0
63 795 0 0 0 0 0 0 0 0
64 795 0 0 0 0 0 0 0 0
65 795 425 1 0 0 0 0 0 0
67 795 0 0 795 186 0 0 0 0
68 795 0 0 0 0 0 0 0 0
69 795 0 0 0 0 0 0 0 0
77 795 0 0 0 0 0 0 0 0
78 795 0 0 0 0 0 0 0 0
79 795 0 0 0 0 0 0 0 0
81 795 0 0 0 0 0 0 0 0
83 767 0 0 0 0 0 0 0 0
84 767 0 0 0 0 0 0 0 0
86 92 0 0 92 0 0 0 0 0
87 92 0 0 0 0 0 0 0 0
90 92 0 0 0 0 0 0 0 0
91 92 0 0 0 0 0 0 0 0
92 92 22 1 0 0 0 0 0 0
94 92 0 0 0 0 0 0 0 0
95 92 0 0 0 0 0 0 0 0
97 92 0 0 92 0 0 0 0 0
98 276 0 0 0 0 0 92 0 0
103 200 22 0 0 0 0 0 0 0
105 200 0 0 0 0 0 0 0 0
106 200 0 0 0 0 0 0 0 0
107 200 0 0 0 0 0 0 0 0
109 200 0 0 0 0 0 0 0 0
110 200 0 0 200 0 0 0 0 0
111 200 0 0 200 0 0 0 0 0
112 200 25 1 0 0 0 200 37 2
113 200 0 0 0 0 0 0 0 0
114 200 0 0 0 0 0 0 0 0
115 200 0 0 0 0 0 0 0 0
117 200 0 0 0 0 0 0 0 0
118 200 0 0 0 0 0 0 0 0
120 182 0 0 0 0 0 0 0 0
122 182 0 0 0 0 0 0 0 0
127 182 0 0 182 0 0 0 0 0
128 182 0 0 0 0 0 182 9 0
129 182 0 0 0 0 0 0 0 0
130 182 0 0 0 0 0 0 0 0
131 182 0 0 0 0 0 0 0 0
133 182 0 0 0 0 0 0 0 0
134 182 24 1 0 0 0 0 0 0
136 178 0 0 0 0 0 0 0 0
138 178 0 0 0 0 0 0 0 0
143 178 0 0 178 0 0 0 0 0
144 178 0 0 0 0 0 178 19 3
145 178 0 0 0 0 0 0 0 0
146 178 0 0 0 0 0 0 0 0
147 178 0 0 0 0 0 0 0 0
149 178 0 0 0 0 0 0 0 0
150 178 0 0 0 0 0 0 0 0
152 142 0 0 0 0 0 0 0 0
154 142 0 0 0 0 0 0 0 0
159 142 0 0 142 0 0 0 0 0
160 142 0 0 0 0 0 142 8 0
161 142 12 1 0 0 0 0 0 0
162 142 0 0 0 0 0 0 0 0
163 142 0 0 0 0 0 0 0 0
165 142 0 0 0 0 0 0 0 0
166 142 0 0 0 0 0 0 0 0
168 128 0 0 0 0 0 0 0 0
170 128 0 0 0 0 0 0 0 0
175 128 0 0 128 0 0 0 0 0
176 128 0 0 0 0 0 128 29 2
177 128 0 0 0 0 0 0 0 0
178 128 0 0 0 0 0 0 0 0
179 128 0 0 0 0 0 0 0 0
181 128 0 0 0 0 0 0 0 0
182 128 0 0 0 0 0 0 0 0
184 120 0 0 0 0 0 0 0 0
186 120 9 1 0 0 0 0 0 0
191 120 0 0 120 0 0 0 0 0
192 120 0 0 0 0 0 120 4 0
193 120 0 0 0 0 0 0 0 0
194 120 0 0 0 0 0 0 0 0
195 120 0 0 0 0 0 0 0 0
197 120 0 0 0 0 0 0 0 0
198 120 0 0 0 0 0 0 0 0
200 108 0 0 0 0 0 0 0 0
202 108 0 0 0 0 0 0 0 0
207 108 0 0 0 0 0 108 8 0
208 108 0 0 0 0 0 0 0 0
209 108 0 0 0 0 0 0 0 0
210 108 0 0 0 0 0 0 0 0
211 108 28 1 0 0 0 0 0 0
212 108 0 0 0 0 0 0 0 0
214 108 0 0 0 0 0 0 0 0
217 108 0 0 108 0 0 0 0 0
218 108 0 0 0 0 0 0 0 0
219 108 0 0 108 0 0 0 0 0
220 108 0 0 108 0 0 0 0 0
221 108 0 0 0 0 0 0 0 0
222 108 0 0 108 0 0 0 0 0
223 108 0 0 0 0 0 0 0 0
224 108 0 0 0 0 0 0 0 0
225 108 0 0 0 0 0 0 0 0
226 108 0 0 0 0 0 0 0 0
227 108 0 0 0 0 0 0 0 0
229 108 0 0 0 0 0 0 0 0
230 108 0 0 0 0 0 0 0 0
232 78 22 1 0 0 0 0 0 0
233 78 0 0 0 0 0 0 0 0
236 230 0 0 0 0 0 0 0 0
237 230 0 0 0 0 0 0 0 0
238 230 0 0 0 0 0 230 14 0
239 230 0 0 230 0 0 0 0 0
240 230 0 0 0 0 0 0 0 0
241 230 0 0 0 0 0 230 24 0
242 230 0 0 230 0 0 0 0 0
243 230 0 0 0 0 0 0 0 0
244 230 0 0 230 0 0 0 0 0
245 230 0 0 0 0 0 230 22 0
246 230 0 0 0 0 0 0 0 0
247 230 0 0 0 0 0 230 27 0
248 230 0 0 230 0 0 0 0 0
249 230 0 0 0 0 0 0 0 0
250 230 8 1 0 0 0 0 0 0
251 230 0 0 0 0 0 0 0 0
252 230 0 0 0 0 0 0 0 0
254 230 0 0 0 0 0 0 0 0
255 230 0 0 0 0 0 0 0 0
257 152 0 0 0 0 0 0 0 0
258 152 0 0 0 0 0 0 0 0
301 4467 1032 2 0 0 0 0 0 0
302 4467 0 0 4467 354 1 0 0 0
303 4467 0 0 4467 0 0 0 0 0
304 4467 0 0 0 0 0 0 0 0
305 4467 0 0 0 0 0 0 0 0
311 4467 0 0 0 0 0 0 0 0
313 4467 0 0 0 0 0 0 0 0
315 3814 0 0 0 0 0 0 0 0
316 3814 0 0 0 0 0 0 0 0
318 110 0 0 0 0 0 0 0 0
319 110 0 0 0 0 0 110 0 0
320 110 0 0 0 0 0 0 0 0
326 110 0 0 0 0 0 0 0 0
328 110 0 0 0 0 0 0 0 0
330 108 0 0 0 0 0 0 0 0
331 108 0 0 0 0 0 0 0 0
333 108 31 0 0 0 0 0 0 0
334 108 0 0 0 0 0 0 0 0
335 108 0 0 0 0 0 0 0 0
351 675 181 0 0 0 0 0 0 0
352 675 0 0 0 0 0 0 0 0
353 2700 0 0 675 196 0 0 0 0
363 3704 459 2 0 0 0 0 0 0
364 14816 614 2 3704 297 1 0 0 0
459 192 47 1 48 47 2 0 0 0
465 138 22 0 0 0 0 0 0 0
466 138 0 0 0 0 0 0 0 0
467 138 0 0 0 0 0 0 0 0
468 138 0 0 0 0 0 0 0 0
469 138 0 0 0 0 0 0 0 0
470 138 0 0 0 0 0 0 0 0
471 552 50 0 138 19 0 0 0 0
484 28 14 1 0 0 0 0 0 0
485 28 0 0 0 0 0 0 0 0
486 28 0 0 0 0 0 0 0 0
487 28 14 0 0 0 0 0 0 0
488 56 0 0 14 14 0 0 0 0
491 653 545 2 0 0 0 0 0 0
492 653 0 0 0 0 0 0 0 0
493 653 0 0 0 0 0 0 0 0
494 2476 0 0 619 536 3 0 0 0
500 138 22 1 0 0 0 0 0 0
501 138 0 0 0 0 0 0 0 0
517 28 13 0 0 0 0 0 0 0
518 28 0 0 0 0 0 0 0 0
524 2 1 0 0 0 0 0 0 0
525 2 0 0 0 0 0 0 0 0
526 2 0 0 0 0 0 0 0 0
528 655 546 2 0 0 0 0 0 0
529 655 537 2 0 0 0 0 0 0
530 8 0 0 2 1 0 0 0 0
580 4 3 1 4 0 0 0 0 0
581 4 0 0 0 0 0 4 0 0
586 4 0 0 0 0 0 0 0 0
587 4 0 0 0 0 0 0 0 0
588 4 0 0 0 0 0 0 0 0
590 2 0 0 2 0 0 0 0 0
594 433 112 0 433 0 0 0 0 0
595 433 0 0 0 0 0 433 0 0
596 433 0 0 0 0 0 433 0 0
601 433 0 0 0 0 0 0 0 0
602 433 0 0 0 0 0 0 0 0
603 433 0 0 0 0 0 0 0 0
605 9 0 0 9 0 0 0 0 0
609 258 257 1 258 0 0 0 0 0
610 258 0 0 258 0 0 0 0 0
611 258 0 0 0 0 0 258 0 0
612 258 0 0 0 0 0 258 0 0
617 258 0 0 0 0 0 0 0 0
618 258 0 0 0 0 0 0 0 0
619 258 0 0 0 0 0 0 0 0
621 7 0 0 7 0 0 0 0 0
625 2 2 0 2 0 0 0 0 0
626 2 0 0 2 0 0 0 0 0
627 2 0 0 0 0 0 2 0 0
628 2 0 0 0 0 0 2 0 0
633 2 0 0 0 0 0 0 0 0
634 2 0 0 0 0 0 0 0 0
635 2 0 0 0 0 0 0 0 0
637 2 0 0 2 0 0 0 0 0
641 12 12 0 12 0 0 0 0 0
642 12 0 0 0 0 0 12 0 0
647 12 0 0 0 0 0 0 0 0
648 12 0 0 0 0 0 0 0 0
649 12 0 0 0 0 0 0 0 0
651 12 0 0 12 0 0 0 0 0
655 943 248 1 943 0 0 0 0 0
656 943 0 0 0 0 0 943 3 0
657 943 0 0 0 0 0 943 0 0
662 943 0 0 0 0 0 0 0 0
663 943 0 0 0 0 0 0 0 0
664 943 0 0 0 0 0 0 0 0
666 5 0 0 5 0 0 0 0 0
670 6 5 1 6 0 0 0 0 0
671 6 0 0 6 0 0 0 0 0
672 6 0 0 0 0 0 6 2 0
673 6 0 0 0 0 0 6 0 0
678 6 0 0 0 0 0 0 0 0
679 6 0 0 0 0 0 0 0 0
680 6 0 0 0 0 0 0 0 0
682 6 0 0 6 0 0 0 0 0
686 2767 341 1 2767 0 0 0 0 0
687 2767 0 0 2767 0 0 0 0 0
688 2767 0 0 0 0 0 2767 0 0
689 2767 0 0 0 0 0 2767 0 0
694 2767 0 0 0 0 0 0 0 0
695 2767 0 0 0 0 0 0 0 0
696 2767 0 0 0 0 0 0 0 0
698 1 0 0 1 0 0 0 0 0
702 1 1 0 1 0 0 0 0 0
703 1 0 0 1 0 0 0 0 0
704 1 0 0 0 0 0 1 0 0
705 1 0 0 0 0 0 1 0 0
710 1 0 0 0 0 0 0 0 0
711 1 0 0 0 0 0 0 0 0
712 1 0 0 0 0 0 0 0 0
714 1 0 0 1 0 0 0 0 0
718 1 1 1 1 0 0 0 0 0
719 1 0 0 1 0 0 0 0 0
720 1 0 0 0 0 0 1 0 0
721 1 0 0 0 0 0 1 0 0
726 1 0 0 0 0 0 0 0 0
727 1 0 0 0 0 0 0 0 0
728 1 0 0 0 0 0 0 0 0
730 1 0 0 1 0 0 0 0 0
1056 59 12 2 59 0 0 0 0 0
1057 59 0 0 0 0 0 59 0 0
1065 59 0 0 59 0 0 0 0 0
1069 79 43 0 79 0 0 0 0 0
1070 79 0 0 0 0 0 79 0 0
1078 79 0 0 79 0 0 0 0 0
1082 409 403 2 409 0 0 0 0 0
1083 409 0 0 409 0 0 0 0 0
1084 409 0 0 0 0 0 409 0 0
1085 409 0 0 0 0 0 409 0 0
1093 409 0 0 409 0 0 0 0 0
1097 105 70 0 105 0 0 0 0 0
1098 105 0 0 0 0 0 105 1 0
1106 105 0 0 105 0 0 0 0 0
1110 7 7 0 7 0 0 0 0 0
1111 7 0 0 7 0 0 0 0 0
1112 7 0 0 0 0 0 7 0 0
1113 7 0 0 0 0 0 7 0 0
1121 7 0 0 7 0 0 0 0 0
1125 2 2 0 2 0 0 0 0 0
1126 2 0 0 2 0 0 0 0 0
1127 2 0 0 0 0 0 2 0 0
1128 2 0 0 0 0 0 2 0 0
1136 2 0 0 2 0 0 0 0 0
1140 12 12 0 12 0 0 0 0 0
1141 12 0 0 12 0 0 0 0 0
1142 12 0 0 0 0 0 12 0 0
1143 12 0 0 0 0 0 12 0 0
1151 12 0 0 12 0 0 0 0 0
1155 45 6 1 45 0 0 0 0 0
1156 45 0 0 0 0 0 45 3 0
1164 45 0 0 45 0 0 0 0 0
1168 6 5 0 6 0 0 0 0 0
1169 6 0 0 6 0 0 0 0 0
1170 6 0 0 0 0 0 6 0 0
1171 6 0 0 0 0 0 6 0 0
1179 6 0 0 6 0 0 0 0 0
1183 23 5 0 23 0 0 0 0 0
1184 23 0 0 23 0 0 0 0 0
1185 23 0 0 0 0 0 23 0 0
1186 23 0 0 0 0 0 23 0 0
1194 23 0 0 23 0 0 0 0 0
1198 5 3 0 5 0 0 0 0 0
1199 5 0 0 5 0 0 0 0 0
1200 5 0 0 0 0 0 5 0 0
1201 5 0 0 0 0 0 5 0 0
1209 5 0 0 5 0 0 0 0 0
1213 1 1 1 1 0 0 0 0 0
1214 1 0 0 1 0 0 0 0 0
1215 1 0 0 0 0 0 1 0 0
1216 1 0 0 0 0 0 1 0 0
1224 1 0 0 1 0 0 0 0 0
1228 4 2 0 4 0 0 0 0 0
1229 4 0 0 4 0 0 0 0 0
1230 4 0 0 0 0 0 4 0 0
1231 4 0 0 0 0 0 4 0 0
1239 4 0 0 4 0 0 0 0 0
1243 68 7 1 68 0 0 0 0 0
1244 68 0 0 68 0 0 0 0 0
1245 68 0 0 0 0 0 68 3 0
1246 68 0 0 0 0 0 68 2 0
1254 68 0 0 68 0 0 0 0 0
1258 8 4 0 8 0 0 0 0 0
1259 8 0 0 8 0 0 0 0 0
1260 8 0 0 0 0 0 8 0 0
1261 8 0 0 0 0 0 8 0 0
1269 8 0 0 8 0 0 0 0 0
1273 2 1 0 2 0 0 0 0 0
1274 2 0 0 0 0 0 2 0 0
1282 2 0 0 2 0 0 0 0 0
1556 4379 730 2 0 0 0 4379 0 0
1557 4379 0 0 4379 0 0 0 0 0
1576 2 1 1 0 0 0 2 0 0
1577 2 0 0 0 0 0 2 0 0
1578 2 0 0 2 0 0 0 0 0
1659 4381 539 2 0 0 0 0 0 0
1660 4381 0 0 0 0 0 0 0 0
1661 4381 0 0 0 0 0 0 0 0
1662 4381 0 0 0 0 0 0 0 0
1664 4379 0 0 0 0 0 4379 0 0
1665 4379 0 0 0 0 0 0 0 0
1667 4379 0 0 0 0 0 0 0 0
1668 4379 0 0 0 0 0 0 0 0
1669 4379 597 2 0 0 0 0 0 0
1670 4379 0 0 0 0 0 0 0 0
1671 4379 0 0 0 0 0 0 0 0
1672 4379 0 0 0 0 0 0 0 0
1684 4379 0 0 0 0 0 0 0 0
1685 4379 0 0 0 0 0 0 0 0
1686 1613 0 0 0 0 0 1613 0 0
1687 1613 0 0 0 0 0 1613 0 0
1688 1613 0 0 0 0 0 0 0 0
1689 1613 0 0 0 0 0 0 0 0
1690 1613 387 0 0 0 0 0 0 0
1696 2766 426 2 0 0 0 0 0 0
1697 2766 0 0 0 0 0 0 0 0
1698 2766 0 0 0 0 0 2766 0 0
1699 2766 0 0 0 0 0 0 0 0
1700 11064 0 0 2766 295 2 0 0 0
1703 1615 1 0 0 0 0 0 0 0
1704 6460 522 1 1615 161 0 0 0 0
1711 108 16 0 0 0 0 0 0 0
1712 108 0 0 0 0 0 0 0 0
1739 108 9 1 0 0 0 0 0 0
1740 108 0 0 0 0 0 0 0 0
1741 108 0 0 0 0 0 0 0 0
1742 108 0 0 0 0 0 0 0 0
1743 108 54 1 0 0 0 0 0 0
1744 94 0 0 0 0 0 0 0 0
1746 94 0 0 0 0 0 0 0 0
1750 94 0 0 0 0 0 0 0 0
1751 94 0 0 0 0 0 0 0 0
1752 94 0 0 0 0 0 94 4 0
1753 94 0 0 0 0 0 0 0 0
1754 94 0 0 0 0 0 0 0 0
1755 94 0 0 0 0 0 0 0 0
1756 92 0 0 0 0 0 0 0 0
1758 92 0 0 0 0 0 0 0 0
1763 92 0 0 0 0 0 0 0 0
1764 92 0 0 0 0 0 0 0 0
1765 92 0 0 0 0 0 92 14 0
1766 92 46 1 0 0 0 0 0 0
1767 92 0 0 0 0 0 0 0 0
1768 92 0 0 0 0 0 0 0 0
1769 62 0 0 0 0 0 0 0 0
1771 62 0 0 0 0 0 0 0 0
1776 62 0 0 0 0 0 0 0 0
1777 62 0 0 0 0 0 0 0 0
1778 62 0 0 0 0 0 62 6 0
1779 62 0 0 0 0 0 0 0 0
1780 62 0 0 0 0 0 0 0 0
1781 62 0 0 0 0 0 0 0 0
1782 62 0 0 0 0 0 0 0 0
1783 62 0 0 0 0 0 0 0 0
1784 248 31 0 62 3 0 0 0 0
1789 486 470 1 0 0 0 0 0 0
1791 486 0 0 486 0 0 0 0 0
fl=./string/../sysdeps/x86_64/multiarch/strcpy.c
fn=strcpy
29 2 1 1 1 0 0 0 0 0
fl=./string/../sysdeps/x86_64/multiarch/strcspn.c
fn=strcspn
29 2 1 1 1 0 0 0 0 0
fl=./string/../sysdeps/x86_64/multiarch/strlen-sse2.S
fn=__strlen_sse2
57 49729 3200 2 0 0 0 0 0 0
101 49729 0 0 0 0 0 0 0 0
102 49729 0 0 0 0 0 0 0 0
103 49729 0 0 0 0 0 0 0 0
104 49729 0 0 0 0 0 0 0 0
105 49729 0 0 0 0 0 0 0 0
106 49729 0 0 0 0 0 0 0 0
107 49729 0 0 0 0 0 0 0 0
109 49729 0 0 0 0 0 0 0 0
111 49729 0 0 0 0 0 0 0 0
142 49459 0 0 49459 16417 1223 0 0 0
143 49459 3088 2 0 0 0 0 0 0
144 49459 0 0 0 0 0 0 0 0
145 49459 0 0 0 0 0 0 0 0
146 49459 0 0 0 0 0 0 0 0
147 41871 0 0 0 0 0 0 0 0
149 41871 0 0 41871 0 0 0 0 0
153 7588 0 0 0 0 0 0 0 0
154 7588 0 0 7588 45 38 0 0 0
155 7588 0 0 7588 778 143 0 0 0
156 7588 0 0 7588 950 284 0 0 0
157 7588 0 0 0 0 0 0 0 0
158 7588 0 0 0 0 0 0 0 0
159 7588 0 0 0 0 0 0 0 0
160 7588 0 0 0 0 0 0 0 0
161 7588 0 0 0 0 0 0 0 0
162 7588 0 0 0 0 0 0 0 0
163 7588 0 0 0 0 0 0 0 0
164 7588 0 0 0 0 0 0 0 0
169 56844 1252 3 5658 0 0 0 0 0
173 270 49 0 0 0 0 0 0 0
174 3780 110 1 1080 15 9 0 0 0
175 2050 0 0 215 0 0 0 0 0
190 55 25 0 0 0 0 0 0 0
191 55 0 0 0 0 0 0 0 0
192 110 0 0 0 0 0 0 0 0
243 4083 980 1 4083 1112 553 0 0 0
244 4083 0 0 4083 0 0 0 0 0
245 4083 0 0 4083 0 0 0 0 0
246 4083 0 0 4083 0 0 0 0 0
247 4083 0 0 0 0 0 0 0 0
248 4083 0 0 0 0 0 0 0 0
249 4083 0 0 0 0 0 0 0 0
250 4083 0 0 0 0 0 0 0 0
252 2939 0 0 0 0 0 0 0 0
254 2939 0 0 2939 1193 581 0 0 0
255 2939 0 0 2939 0 0 0 0 0
256 2939 557 1 2939 0 0 0 0 0
257 2939 0 0 2939 0 0 0 0 0
258 2939 0 0 0 0 0 0 0 0
259 2939 0 0 0 0 0 0 0 0
260 2939 0 0 0 0 0 0 0 0
261 2939 0 0 0 0 0 0 0 0
262 2098 0 0 0 0 0 0 0 0
266 1144 432 0 0 0 0 0 0 0
268 1985 0 0 0 0 0 0 0 0
269 27790 1137 1 7940 0 0 0 0 0
271 1985 0 0 0 0 0 0 0 0
272 1985 0 0 0 0 0 0 0 0
273 1985 0 0 0 0 0 0 0 0
275 1985 0 0 1985 0 0 0 0 0
fn=__strnlen_sse2
57 455 103 1 0 0 0 0 0 0
78 455 0 0 0 0 0 0 0 0
79 455 0 0 0 0 0 0 0 0
95 455 0 0 0 0 0 0 0 0
96 455 0 0 0 0 0 0 0 0
97 455 0 0 0 0 0 0 0 0
98 455 0 0 0 0 0 0 0 0
101 455 0 0 0 0 0 0 0 0
102 455 103 1 0 0 0 0 0 0
103 455 0 0 0 0 0 0 0 0
104 455 0 0 0 0 0 0 0 0
105 455 0 0 0 0 0 0 0 0
106 455 0 0 0 0 0 0 0 0
107 455 0 0 0 0 0 0 0 0
109 455 0 0 0 0 0 0 0 0
111 455 0 0 0 0 0 0 0 0
138 452 0 0 0 0 0 0 0 0
139 6328 103 1 1808 161 159 0 0 0
169 3188 4 1 3 0 0 0 0 0
173 3 2 0 0 0 0 0 0 0
174 42 0 0 12 0 0 0 0 0
175 24 0 0 0 0 0 0 0 0
180 448 102 1 896 0 0 448 53 0
181 448 0 0 0 0 0 0 0 0
182 448 0 0 0 0 0 0 0 0
183 448 0 0 0 0 0 0 0 0
184 448 99 1 0 0 0 0 0 0
186 448 0 0 448 0 0 0 0 0
190 1 0 0 0 0 0 0 0 0
191 1 0 0 0 0 0 0 0 0
192 2 0 0 0 0 0 0 0 0
197 9 2 0 0 0 0 0 0 0
198 9 0 0 0 0 0 0 0 0
199 9 0 0 0 0 0 0 0 0
201 5 0 0 5 0 0 0 0 0
202 5 0 0 5 0 0 0 0 0
203 5 0 0 5 0 0 0 0 0
204 5 0 0 5 0 0 0 0 0
205 5 0 0 0 0 0 0 0 0
206 5 1 1 0 0 0 0 0 0
207 5 0 0 0 0 0 0 0 0
208 5 0 0 0 0 0 0 0 0
209 5 0 0 0 0 0 0 0 0
213 4 2 0 0 0 0 0 0 0
214 4 0 0 0 0 0 0 0 0
215 4 0 0 0 0 0 0 0 0
216 56 3 1 16 0 0 0 0 0
219 4 0 0 8 0 0 4 0 0
220 4 0 0 0 0 0 0 0 0
221 4 0 0 0 0 0 0 0 0
222 4 0 0 0 0 0 0 0 0
224 4 0 0 4 0 0 0 0 0
fl=./string/../sysdeps/x86_64/multiarch/strlen.c
fn=strlen
29 6 1 1 2 0 0 0 0 0
fl=./string/../sysdeps/x86_64/multiarch/strncase.c
fn=strncasecmp
31 3 1 1 1 0 0 0 0 0
fl=./string/../sysdeps/x86_64/multiarch/strncase_l.c
fn=strncasecmp_l
31 3 1 1 1 0 0 0 0 0
fl=./string/../sysdeps/x86_64/multiarch/strncmp.c
fn=strncmp
43 8 0 0 0 0 0 0 0 0
44 4 2 1 4 0 0 0 0 0
60 6 0 0 2 1 0 0 0 0
61 6 0 0 2 0 0 0 0 0
67 6 2 1 2 0 0 0 0 0
fl=./string/../sysdeps/x86_64/multiarch/strncpy.c
fn=strncpy
29 4 4 2 2 0 0 0 0 0
fl=./string/../sysdeps/x86_64/multiarch/strnlen.c
fn=strnlen
31 6 1 1 2 0 0 0 0 0
fl=./string/../sysdeps/x86_64/multiarch/strpbrk.c
fn=strpbrk
29 2 1 1 1 0 0 0 0 0
fl=./string/../sysdeps/x86_64/multiarch/strrchr-sse2.S
fn=__strrchr_sse2
45 668 56 1 0 0 0 0 0 0
46 668 0 0 0 0 0 0 0 0
47 668 0 0 0 0 0 0 0 0
48 668 0 0 0 0 0 0 0 0
50 668 0 0 0 0 0 0 0 0
51 668 0 0 0 0 0 0 0 0
53 668 0 0 0 0 0 0 0 0
54 668 0 0 0 0 0 0 0 0
55 668 0 0 0 0 0 0 0 0
58 668 0 0 668 223 129 0 0 0
59 668 0 0 0 0 0 0 0 0
60 668 0 0 0 0 0 0 0 0
61 668 0 0 0 0 0 0 0 0
62 668 0 0 0 0 0 0 0 0
63 668 0 0 0 0 0 0 0 0
65 256 26 1 0 0 0 0 0 0
66 256 0 0 0 0 0 0 0 0
67 256 0 0 0 0 0 0 0 0
68 256 0 0 0 0 0 0 0 0
69 256 0 0 0 0 0 0 0 0
70 256 0 0 0 0 0 0 0 0
71 168 0 0 0 0 0 0 0 0
72 168 0 0 0 0 0 0 0 0
80 281 0 0 281 0 0 0 0 0
86 326 29 0 0 0 0 0 0 0
87 326 0 0 0 0 0 0 0 0
88 326 0 0 0 0 0 0 0 0
89 326 0 0 0 0 0 0 0 0
90 301 0 0 0 0 0 0 0 0
91 301 0 0 0 0 0 0 0 0
95 301 0 0 301 0 0 0 0 0
99 349 44 1 0 0 0 0 0 0
100 349 0 0 0 0 0 0 0 0
101 349 0 0 0 0 0 0 0 0
102 349 0 0 0 0 0 0 0 0
103 349 0 0 0 0 0 0 0 0
104 349 0 0 0 0 0 0 0 0
105 35 0 0 0 0 0 0 0 0
106 35 0 0 0 0 0 0 0 0
110 35 0 0 35 0 0 0 0 0
114 60 9 0 0 0 0 0 0 0
115 60 0 0 0 0 0 0 0 0
116 60 0 0 0 0 0 0 0 0
117 60 0 0 0 0 0 0 0 0
118 48 0 0 0 0 0 0 0 0
119 48 0 0 0 0 0 0 0 0
123 48 0 0 48 0 0 0 0 0
127 60 0 0 0 0 0 0 0 0
128 60 0 0 0 0 0 0 0 0
129 60 0 0 0 0 0 0 0 0
130 60 0 0 0 0 0 0 0 0
131 60 0 0 0 0 0 0 0 0
132 60 0 0 0 0 0 0 0 0
143 412 43 1 0 0 0 0 0 0
144 412 0 0 0 0 0 0 0 0
146 412 0 0 412 8 1 0 0 0
147 412 0 0 0 0 0 0 0 0
148 412 0 0 0 0 0 0 0 0
149 412 0 0 0 0 0 0 0 0
150 412 0 0 0 0 0 0 0 0
151 412 0 0 0 0 0 0 0 0
153 63 0 0 63 4 3 0 0 0
154 63 21 1 0 0 0 0 0 0
155 63 0 0 0 0 0 0 0 0
156 63 0 0 0 0 0 0 0 0
157 63 0 0 0 0 0 0 0 0
158 63 0 0 0 0 0 0 0 0
160 3 0 0 0 0 0 0 0 0
162 3 0 0 0 0 0 0 0 0
163 6 0 0 0 0 0 0 0 0
167 3 0 0 3 0 0 0 0 0
168 3 0 0 3 0 0 0 0 0
180 3 0 0 0 0 0 0 0 0
181 3 0 0 0 0 0 0 0 0
184 3 0 0 0 0 0 0 0 0
185 3 0 0 0 0 0 0 0 0
186 3 0 0 0 0 0 0 0 0
187 3 0 0 0 0 0 0 0 0
188 3 2 1 0 0 0 0 0 0
190 3 0 0 0 0 0 0 0 0
191 3 0 0 0 0 0 0 0 0
193 3 0 0 0 0 0 0 0 0
194 3 0 0 0 0 0 0 0 0
196 3 0 0 0 0 0 0 0 0
199 3 0 0 0 0 0 0 0 0
200 3 0 0 0 0 0 0 0 0
203 3 0 0 0 0 0 0 0 0
204 3 0 0 0 0 0 0 0 0
207 3 0 0 0 0 0 0 0 0
208 3 0 0 0 0 0 0 0 0
211 2 0 0 0 0 0 0 0 0
212 2 0 0 0 0 0 0 0 0
213 2 0 0 0 0 0 0 0 0
214 2 0 0 0 0 0 0 0 0
215 2 0 0 0 0 0 0 0 0
216 2 0 0 0 0 0 0 0 0
221 2 0 0 0 0 0 0 0 0
222 2 0 0 0 0 0 0 0 0
224 2 0 0 0 0 0 0 0 0
225 2 0 0 0 0 0 0 0 0
229 2 0 0 2 0 0 0 0 0
233 3 2 1 0 0 0 0 0 0
234 3 0 0 0 0 0 0 0 0
235 3 0 0 0 0 0 0 0 0
236 3 0 0 0 0 0 0 0 0
237 3 0 0 0 0 0 0 0 0
243 3 0 0 0 0 0 0 0 0
244 3 0 0 0 0 0 0 0 0
245 3 0 0 0 0 0 0 0 0
246 3 0 0 0 0 0 0 0 0
248 3 0 0 0 0 0 0 0 0
249 3 0 0 0 0 0 0 0 0
250 3 0 0 0 0 0 0 0 0
251 3 0 0 0 0 0 0 0 0
252 1 0 0 0 0 0 0 0 0
253 1 0 0 0 0 0 0 0 0
257 1 0 0 1 0 0 0 0 0
354 4 3 1 0 0 0 0 0 0
355 4 0 0 0 0 0 0 0 0
356 4 0 0 4 2 1 0 0 0
357 4 0 0 0 0 0 0 0 0
358 4 0 0 0 0 0 0 0 0
359 4 0 0 0 0 0 0 0 0
360 4 0 0 0 0 0 0 0 0
361 4 0 0 0 0 0 0 0 0
362 4 0 0 0 0 0 0 0 0
363 4 4 2 0 0 0 0 0 0
fl=./string/../sysdeps/x86_64/multiarch/strrchr.c
fn=rindex
28 6 1 0 2 0 0 0 0 0
fl=./string/../sysdeps/x86_64/multiarch/strspn.c
fn=strspn
29 2 1 1 1 0 0 0 0 0
fl=./string/./string/memmem.c
fn=memmem
55 26 1 1 2 0 0 14 0 0
59 8 2 1 0 0 0 0 0 0
61 4 0 0 0 0 0 0 0 0
65 4 0 0 0 0 0 0 0 0
68 6 0 0 0 0 0 0 0 0
70 4 0 0 0 0 0 0 0 0
75 2 1 1 0 0 0 0 0 0
79 4 0 0 0 0 0 0 0 0
84 2 0 0 0 0 0 0 0 0
85 2 0 0 0 0 0 0 0 0
88 26 4 2 0 0 0 0 0 0
89 28 0 0 8 0 0 4 0 0
92 18 1 1 6 0 0 2 0 0
93 2 0 0 0 0 0 2 0 0
95 10 0 0 0 0 0 0 0 0
100 6 1 1 0 0 0 0 0 0
101 36 0 0 18 0 0 0 0 0
103 24 0 0 0 0 0 0 0 0
107 2 0 0 0 0 0 0 0 0
108 4 0 0 0 0 0 0 0 0
119 2 0 0 0 0 0 0 0 0
126 22 0 0 18 0 0 0 0 0
fl=./string/./string/strdup.c
fn=strdup
40 78 3 2 0 0 0 39 0 0
41 26 0 0 0 0 0 13 0 0
42 8 0 0 0 0 0 4 0 0
44 26 1 1 0 0 0 0 0 0
47 36 0 0 0 0 0 0 0 0
48 43 0 0 39 0 0 0 0 0
fl=./string/./string/strerror.c
fn=strerror
23 96 94 1 0 0 0 0 0 0
24 288 0 0 192 50 0 0 0 0
fl=./string/./string/strerror_l.c
fn=strerror_l
28 384 0 0 0 0 0 96 0 0
29 480 0 0 0 0 0 96 0 0
30 192 0 0 0 0 0 96 0 0
38 1056 0 0 0 0 0 576 0 0
39 192 54 1 192 0 0 0 0 0
40 96 0 0 0 0 0 96 0 0
41 192 0 0 0 0 0 0 0 0
59 96 54 1 0 0 0 96 0 0
61 864 0 0 672 0 0 0 0 0
fl=./termios/../sysdeps/unix/sysv/linux/tcgetattr.c
fn=tcgetattr
34 1088 270 2 136 0 0 272 0 0
38 1496 135 1 136 0 0 136 0 0
77 816 135 1 544 0 0 0 0 0
fl=./time/../bits/byteswap.h
fn=__tzfile_read
52 40 3 3 20 0 0 0 0 0
73 484 1 1 242 0 0 0 0 0
fl=./time/../include/alloc_buffer.h
fn=__tzfile_read
129 5 1 1 2 0 0 0 0 0
fl=./time/../include/stdio.h
fn=__tzfile_read
341 206 3 3 107 0 0 33 0 0
fl=./time/../string/bits/string_fortified.h
fn=__tzstring_len
29 33 0 0 0 0 0 4 0 0
fl=./time/../sysdeps/unix/sysv/linux/dl-vdso.h
fn=time
40 2 0 0 2 2 0 0 0 0
41 2 0 0 0 0 0 0 0 0
fl=./time/../sysdeps/unix/sysv/linux/time.c
fn=time
38 3 2 2 1 0 0 0 0 0
fn=time_syscall
31 1 1 1 0 0 0 0 0 0
32 4 0 0 0 0 0 0 0 0
33 1 0 0 1 0 0 0 0 0
fl=./time/./time/localtime.c
fn=localtime_r
29 4 1 1 0 0 0 0 0 0
30 6 0 0 2 0 0 0 0 0
fl=./time/./time/offtime.c
fn=__offtime
30 20 1 1 0 0 0 12 0 0
34 14 1 1 0 0 0 0 0 0
35 4 0 0 0 0 0 0 0 0
37 4 0 0 0 0 0 0 0 0
42 4 1 1 0 0 0 0 0 0
47 16 1 1 0 0 0 2 0 0
48 4 0 0 0 0 0 0 0 0
49 10 0 0 0 0 0 2 0 0
50 12 1 1 0 0 0 2 0 0
52 26 0 0 0 0 0 2 0 0
54 4 0 0 0 0 0 0 0 0
55 2 0 0 0 0 0 0 0 0
60 34 3 3 0 0 0 0 0 0
63 30 2 2 0 0 0 0 0 0
66 12 0 0 0 0 0 0 0 0
67 78 3 3 0 0 0 0 0 0
68 78 1 1 0 0 0 0 0 0
69 2 0 0 0 0 0 0 0 0
71 4 0 0 0 0 0 2 0 0
72 8 0 0 0 0 0 0 0 0
78 2 1 1 0 0 0 2 0 0
79 6 0 0 0 0 0 0 0 0
80 88 2 2 18 1 1 0 0 0
82 2 0 0 0 0 0 0 0 0
83 2 0 0 0 0 0 2 0 0
84 4 0 0 0 0 0 2 0 0
85 2 0 0 0 0 0 0 0 0
86 14 0 0 14 0 0 0 0 0
fl=./time/./time/tzfile.c
fn=__tzfile_compute
586 26 2 2 0 0 0 16 0 0
589 4 0 0 0 0 0 0 0 0
591 6 0 0 2 0 0 2 0 0
594 12 0 0 6 0 0 0 0 0
624 6 1 1 2 0 0 0 0 0
660 2 0 0 0 0 0 0 0 0
661 2 0 0 0 0 0 0 0 0
668 10 0 0 0 0 0 0 0 0
669 4 0 0 0 0 0 0 0 0
671 6 1 1 0 0 0 0 0 0
672 6 0 0 2 0 0 0 0 0
674 8 1 1 2 0 0 0 0 0
677 4 0 0 2 0 0 0 0 0
681 2 0 0 0 0 0 0 0 0
711 2 0 0 2 0 0 0 0 0
712 26 3 3 10 0 0 6 0 0
714 6 0 0 2 0 0 0 0 0
717 8 1 1 4 0 0 0 0 0
718 2 0 0 2 0 0 0 0 0
720 4 0 0 2 0 0 0 0 0
722 12 0 0 4 0 0 6 0 0
724 10 1 1 2 0 0 0 0 0
731 6 0 0 2 0 0 0 0 0
734 8 0 0 8 0 0 0 0 0
737 12 1 1 4 0 0 0 0 0
738 6 1 1 4 0 0 2 0 0
739 8 0 0 4 0 0 2 0 0
741 4 0 0 0 0 0 0 0 0
748 4 1 1 2 0 0 0 0 0
751 6 0 0 4 0 0 2 0 0
752 14 0 0 6 0 0 2 0 0
753 4 1 1 2 0 0 2 0 0
754 4 0 0 2 0 0 2 0 0
758 10 0 0 2 0 0 2 0 0
759 4 0 0 0 0 0 2 0 0
762 4 0 0 2 0 0 0 0 0
764 4 1 1 0 0 0 0 0 0
766 2 0 0 2 0 0 0 0 0
783 16 0 0 14 0 0 0 0 0
fn=__tzfile_read
107 14 1 1 1 0 0 7 0 0
114 1 0 0 1 0 0 0 0 0
116 1 0 0 0 0 0 1 1 0
121 1 1 1 0 0 0 1 0 0
123 2 0 0 0 0 0 0 0 0
126 4 0 0 1 0 0 0 0 0
135 4 0 0 2 2 0 0 0 0
145 2 1 1 0 0 0 0 0 0
159 2 1 1 0 0 0 0 0 0
167 4 1 1 0 0 0 1 0 0
168 2 0 0 0 0 0 0 0 0
172 7 0 0 0 0 0 2 0 0
175 2 1 1 1 1 1 1 0 0
176 1 1 1 0 0 0 1 0 0
179 2 0 0 1 0 0 1 1 1
180 2 0 0 1 0 0 1 0 0
181 2 0 0 1 0 0 1 0 0
184 4 0 0 1 0 0 1 0 0
187 14 1 1 2 0 0 2 0 0
189 4 0 0 2 0 0 0 0 0
192 4 0 0 0 0 0 2 0 0
193 4 0 0 0 0 0 2 0 0
194 4 0 0 0 0 0 2 0 0
195 4 0 0 0 0 0 2 0 0
196 2 0 0 0 0 0 0 0 0
197 2 0 0 0 0 0 0 0 0
199 10 0 0 0 0 0 0 0 0
202 6 1 1 1 0 0 0 0 0
208 7 1 1 0 0 0 0 0 0
209 2 0 0 0 0 0 0 0 0
214 5 0 0 0 0 0 1 0 0
225 4 1 1 1 0 0 2 0 0
226 5 0 0 1 0 0 0 0 0
227 2 0 0 1 0 0 0 0 0
228 3 0 0 1 0 0 0 0 0
229 2 0 0 1 0 0 0 0 0
231 1 0 0 0 0 0 0 0 0
234 6 1 1 1 0 0 0 0 0
235 3 0 0 0 0 0 0 0 0
237 1 0 0 0 0 0 0 0 0
238 2 0 0 0 0 0 0 0 0
241 5 1 1 0 0 0 0 0 0
243 1 0 0 0 0 0 0 0 0
244 5 0 0 0 0 0 2 0 0
274 6 1 1 1 0 0 1 0 0
276 3 0 0 0 0 0 1 0 0
280 3 0 0 0 0 0 2 0 0
281 2 0 0 0 0 0 0 0 0
283 2 0 0 0 0 0 2 0 0
288 6 0 0 0 0 0 2 0 0
289 6 1 1 1 0 0 2 0 0
290 6 0 0 1 0 0 2 0 0
291 6 1 1 1 0 0 2 0 0
292 6 1 1 1 0 0 2 0 0
293 4 0 0 2 0 0 0 0 0
294 8 1 1 2 0 0 2 0 0
297 2 0 0 0 0 0 0 0 0
299 3 0 0 1 0 0 1 0 0
302 8 1 1 4 0 0 1 0 0
305 7 1 1 2 0 0 1 0 0
311 731 0 0 2 0 0 0 0 0
312 726 1 1 242 0 0 0 0 0
315 4 0 0 1 0 0 0 0 0
323 1 0 0 1 0 0 0 0 0
329 728 0 0 0 0 0 0 0 0
330 242 0 0 0 0 0 242 0 0
333 25 0 0 9 0 0 0 0 0
337 64 0 0 0 0 0 16 0 0
342 16 0 0 0 0 0 0 0 0
344 24 0 0 8 0 0 8 1 1
346 24 0 0 8 0 0 0 0 0
349 16 0 0 8 0 0 8 0 0
350 8 0 0 0 0 0 8 0 0
353 10 1 1 3 0 0 2 0 0
356 2 0 0 1 0 0 0 0 0
372 28 1 1 1 0 0 0 0 0
377 24 0 0 8 0 0 8 0 0
379 4 1 1 1 0 0 0 0 0
382 28 0 0 0 0 0 0 0 0
387 16 0 0 0 0 0 8 0 0
389 4 1 1 1 0 0 0 0 0
393 2 0 0 1 0 0 0 0 0
395 2 1 1 1 0 0 0 0 0
397 2 0 0 0 0 0 0 0 0
398 9 1 1 2 0 0 1 0 0
402 3 1 1 2 0 0 1 0 0
406 4 0 0 1 0 0 0 0 0
409 2 1 1 0 0 0 1 0 0
412 28 0 0 9 0 0 0 0 0
413 48 0 0 24 0 0 8 0 0
419 3 0 0 1 0 0 1 0 0
421 7 1 1 1 0 0 0 0 0
423 4 0 0 2 0 0 0 0 0
424 8 0 0 6 0 0 0 0 0
426 4 0 0 2 0 0 0 0 0
430 8 1 1 4 0 0 4 0 0
432 11 0 0 2 0 0 0 0 0
436 2 0 0 1 0 0 0 0 0
443 2 0 0 1 0 0 0 0 0
444 2 1 1 1 0 0 0 0 0
446 2 0 0 0 0 0 1 0 0
447 3 0 0 1 0 0 0 0 0
449 1 1 1 1 0 0 0 0 0
452 2 1 1 0 0 0 1 0 0
456 2 0 0 0 0 0 0 0 0
458 9 1 1 3 0 0 0 0 0
460 2 0 0 1 0 0 1 0 0
461 5 0 0 0 0 0 0 0 0
465 1 0 0 0 0 0 0 0 0
470 15 1 1 0 0 0 1 0 0
471 3 0 0 2 0 0 0 0 0
474 2 0 0 1 1 0 1 0 0
475 5 0 0 2 0 0 1 0 0
478 1 0 0 0 0 0 1 0 0
479 2 1 1 1 0 0 1 0 0
480 1 0 0 0 0 0 0 0 0
488 11 1 1 9 0 0 0 0 0
fl=./time/./time/tzset.c
fn=__tz_convert
568 28 2 2 2 0 0 12 0 0
572 6 0 0 2 1 1 0 0 0
577 16 1 1 0 0 0 2 0 0
579 6 0 0 2 0 0 0 0 0
580 14 0 0 0 0 0 2 0 0
592 8 1 1 4 0 0 0 0 0
594 4 0 0 0 0 0 0 0 0
596 4 0 0 0 0 0 0 0 0
603 14 0 0 4 0 0 2 0 0
604 4 0 0 4 0 0 0 0 0
610 22 1 1 16 0 0 0 0 0
fn=__tzstring
120 84 1 1 0 0 0 28 0 0
121 56 1 1 0 0 0 14 0 0
122 28 0 0 28 0 0 0 0 0
fn=__tzstring_len
83 140 1 1 0 0 0 84 0 0
89 105 2 2 35 0 0 0 0 0
90 93 0 0 31 0 0 0 0 0
92 113 0 0 0 0 0 0 0 0
93 168 0 0 0 0 0 28 0 0
98 19 1 1 0 0 0 7 0 0
99 11 1 1 3 0 0 0 0 0
102 4 0 0 0 0 0 4 0 0
103 4 0 0 0 0 0 4 0 0
104 4 0 0 0 0 0 0 0 0
105 4 0 0 0 0 0 4 0 0
108 3 0 0 0 0 0 3 0 0
110 2 0 0 0 0 0 1 0 0
113 126 0 0 98 0 0 0 0 0
fn=tzset_internal
368 4 0 0 0 0 0 3 0 0
372 8 1 1 2 1 1 0 0 0
374 1 0 0 0 0 0 1 0 0
377 3 1 1 0 0 0 1 0 0
378 2 0 0 0 0 0 0 0 0
389 1 0 0 1 0 0 0 0 0
397 1 0 0 0 0 0 1 1 1
398 1 0 0 0 0 0 1 0 0
401 2 2 2 1 0 0 1 0 0
402 4 0 0 0 0 0 2 0 0
405 4 0 0 0 0 0 1 0 0
406 3 0 0 1 0 0 0 0 0
424 4 1 1 4 0 0 0 0 0
fl=./wcsmbs/../sysdeps/x86_64/multiarch/ifunc-avx2.h
fn=wcschr
38 12 2 1 0 0 0 0 0 0
40 9 0 0 6 0 0 0 0 0
fn=wcscmp
38 8 0 0 0 0 0 0 0 0
40 6 0 0 4 0 0 0 0 0
fl=./wcsmbs/../sysdeps/x86_64/multiarch/ifunc-evex.h
fn=wmemchr
37 8 0 0 0 0 0 0 0 0
38 6 1 1 4 0 0 0 0 0
fl=./wcsmbs/../sysdeps/x86_64/multiarch/ifunc-memcmp.h
fn=wmemcmp
34 5 1 1 2 0 0 0 0 0
fl=./wcsmbs/../sysdeps/x86_64/multiarch/ifunc-wcs.h
fn=wcpncpy
39 4 1 1 0 0 0 0 0 0
40 3 0 0 2 0 0 0 0 0
fn=wcscat
39 4 0 0 0 0 0 0 0 0
40 3 0 0 2 0 0 0 0 0
fn=wcsncpy
39 8 0 0 0 0 0 0 0 0
40 6 0 0 4 1 0 0 0 0
fl=./wcsmbs/../sysdeps/x86_64/multiarch/ifunc-wcslen.h
fn=wcslen
40 8 0 0 0 0 0 0 0 0
41 4 0 0 4 0 0 0 0 0
57 8 2 1 2 1 0 0 0 0
fn=wcsnlen
40 4 0 0 0 0 0 0 0 0
41 2 1 1 2 0 0 0 0 0
57 4 0 0 1 0 0 0 0 0
fl=./wcsmbs/../sysdeps/x86_64/multiarch/ifunc-wmemset.h
fn=wmemset
36 10 0 0 4 0 0 0 0 0
fl=./wcsmbs/../sysdeps/x86_64/multiarch/strlen-sse2.S
fn=__wcslen_sse4_1
57 4285 37 1 0 0 0 0 0 0
101 4285 0 0 0 0 0 0 0 0
102 4285 0 0 0 0 0 0 0 0
103 4285 0 0 0 0 0 0 0 0
104 4285 0 0 0 0 0 0 0 0
105 4285 0 0 0 0 0 0 0 0
106 4285 0 0 0 0 0 0 0 0
107 4285 0 0 0 0 0 0 0 0
109 4285 0 0 0 0 0 0 0 0
111 4285 0 0 0 0 0 0 0 0
142 4285 0 0 4285 48 0 0 0 0
143 4285 39 1 0 0 0 0 0 0
144 4285 0 0 0 0 0 0 0 0
145 4285 0 0 0 0 0 0 0 0
146 4285 0 0 0 0 0 0 0 0
147 3965 0 0 0 0 0 0 0 0
148 3965 0 0 0 0 0 0 0 0
149 3965 0 0 3965 0 0 0 0 0
153 320 0 0 0 0 0 0 0 0
154 320 0 0 320 12 0 0 0 0
155 320 0 0 320 13 1 0 0 0
156 320 0 0 320 16 1 0 0 0
157 320 0 0 0 0 0 0 0 0
158 320 0 0 0 0 0 0 0 0
159 320 0 0 0 0 0 0 0 0
160 320 0 0 0 0 0 0 0 0
161 320 0 0 0 0 0 0 0 0
162 320 0 0 0 0 0 0 0 0
163 320 39 1 0 0 0 0 0 0
164 320 0 0 0 0 0 0 0 0
169 2259 0 0 113 0 0 0 0 0
243 523 26 1 523 21 0 0 0 0
244 523 0 0 523 0 0 0 0 0
245 523 0 0 523 0 0 0 0 0
246 523 0 0 523 0 0 0 0 0
247 523 0 0 0 0 0 0 0 0
248 523 0 0 0 0 0 0 0 0
249 523 0 0 0 0 0 0 0 0
250 523 0 0 0 0 0 0 0 0
252 417 0 0 0 0 0 0 0 0
254 417 0 0 417 18 0 0 0 0
255 417 23 1 417 0 0 0 0 0
256 417 0 0 417 0 0 0 0 0
257 417 0 0 417 0 0 0 0 0
258 417 0 0 0 0 0 0 0 0
259 417 0 0 0 0 0 0 0 0
260 417 0 0 0 0 0 0 0 0
261 417 0 0 0 0 0 0 0 0
262 316 0 0 0 0 0 0 0 0
266 106 1 0 0 0 0 0 0 0
268 207 0 0 0 0 0 0 0 0
269 2898 26 1 828 0 0 0 0 0
271 207 0 0 0 0 0 0 0 0
272 207 0 0 0 0 0 0 0 0
273 207 0 0 0 0 0 0 0 0
274 207 0 0 0 0 0 0 0 0
275 207 0 0 207 0 0 0 0 0
fn=__wcsnlen_sse4_1
57 3902 0 0 0 0 0 0 0 0
78 3902 0 0 0 0 0 0 0 0
79 3902 0 0 0 0 0 0 0 0
88 3902 0 0 0 0 0 0 0 0
89 3902 27 1 0 0 0 0 0 0
90 3902 0 0 0 0 0 0 0 0
91 3902 0 0 0 0 0 0 0 0
95 3902 0 0 0 0 0 0 0 0
96 3902 0 0 0 0 0 0 0 0
97 3902 0 0 0 0 0 0 0 0
98 3902 0 0 0 0 0 0 0 0
101 3902 0 0 0 0 0 0 0 0
102 3902 0 0 0 0 0 0 0 0
103 3902 0 0 0 0 0 0 0 0
104 3902 0 0 0 0 0 0 0 0
105 3902 0 0 0 0 0 0 0 0
106 3902 0 0 0 0 0 0 0 0
107 3902 0 0 0 0 0 0 0 0
109 3902 0 0 0 0 0 0 0 0
111 3902 24 1 0 0 0 0 0 0
138 3902 0 0 0 0 0 0 0 0
139 54628 0 0 15608 2 1 0 0 0
169 47450 24 1 3355 0 0 0 0 0
180 545 24 1 1090 0 0 545 13 1
181 545 0 0 0 0 0 0 0 0
182 545 0 0 0 0 0 0 0 0
183 545 0 0 0 0 0 0 0 0
184 545 0 0 0 0 0 0 0 0
185 545 0 0 0 0 0 0 0 0
186 545 0 0 545 0 0 0 0 0
197 8 2 1 0 0 0 0 0 0
198 8 0 0 0 0 0 0 0 0
199 8 0 0 0 0 0 0 0 0
201 8 0 0 8 0 0 0 0 0
202 8 0 0 8 0 0 0 0 0
203 8 0 0 8 0 0 0 0 0
204 8 0 0 8 0 0 0 0 0
205 8 0 0 0 0 0 0 0 0
206 8 0 0 0 0 0 0 0 0
207 8 0 0 0 0 0 0 0 0
208 8 0 0 0 0 0 0 0 0
209 6 0 0 0 0 0 0 0 0
228 2 2 1 0 0 0 0 0 0
229 28 2 1 8 0 0 0 0 0
231 2 0 0 0 0 0 0 0 0
232 2 0 0 0 0 0 0 0 0
233 2 0 0 0 0 0 0 0 0
234 2 0 0 0 0 0 0 0 0
235 2 0 0 2 0 0 0 0 0
fl=./wcsmbs/../sysdeps/x86_64/multiarch/wcpcpy.c
fn=wcpncpy
31 1 1 1 0 0 0 0 0 0
fl=./wcsmbs/../sysdeps/x86_64/multiarch/wcpncpy.c
fn=wcpncpy
31 1 0 0 1 0 0 0 0 0
fl=./wcsmbs/../sysdeps/x86_64/multiarch/wcscat.c
fn=wcscat
31 2 1 1 1 0 0 0 0 0
fn=wcschr
31 3 2 1 0 0 0 0 0 0
fl=./wcsmbs/../sysdeps/x86_64/multiarch/wcschr-sse2.S
fn=__wcschr_sse2
32 15 4 1 0 0 0 0 0 0
34 15 0 0 0 0 0 0 0 0
35 15 0 0 0 0 0 0 0 0
36 15 0 0 0 0 0 0 0 0
37 15 0 0 0 0 0 0 0 0
38 15 0 0 0 0 0 0 0 0
40 15 0 0 0 0 0 0 0 0
41 15 0 0 0 0 0 0 0 0
42 15 0 0 0 0 0 0 0 0
44 14 0 0 14 1 1 0 0 0
45 14 0 0 0 0 0 0 0 0
46 14 0 0 0 0 0 0 0 0
47 14 4 1 0 0 0 0 0 0
48 14 0 0 0 0 0 0 0 0
49 14 0 0 0 0 0 0 0 0
50 14 0 0 0 0 0 0 0 0
51 14 0 0 0 0 0 0 0 0
53 13 0 0 0 0 0 0 0 0
55 13 0 0 13 0 0 0 0 0
56 13 0 0 0 0 0 0 0 0
57 13 0 0 0 0 0 0 0 0
58 13 0 0 0 0 0 0 0 0
59 13 0 0 0 0 0 0 0 0
60 13 0 0 0 0 0 0 0 0
61 13 0 0 0 0 0 0 0 0
62 13 0 0 0 0 0 0 0 0
64 13 0 0 0 0 0 0 0 0
67 1 0 0 0 0 0 0 0 0
68 1 1 1 0 0 0 0 0 0
69 1 0 0 1 0 0 0 0 0
70 1 0 0 0 0 0 0 0 0
71 1 0 0 0 0 0 0 0 0
72 1 0 0 0 0 0 0 0 0
73 1 0 0 0 0 0 0 0 0
75 1 0 0 0 0 0 0 0 0
76 1 0 0 0 0 0 0 0 0
77 1 0 0 0 0 0 0 0 0
78 1 0 0 0 0 0 0 0 0
94 1 0 0 0 0 0 0 0 0
95 1 0 0 0 0 0 0 0 0
96 1 0 0 0 0 0 0 0 0
98 3 0 0 0 0 0 0 0 0
103 47 4 1 47 0 0 0 0 0
104 47 0 0 0 0 0 0 0 0
105 47 0 0 0 0 0 0 0 0
106 47 0 0 0 0 0 0 0 0
107 47 0 0 0 0 0 0 0 0
108 47 0 0 0 0 0 0 0 0
109 47 0 0 0 0 0 0 0 0
110 47 0 0 0 0 0 0 0 0
112 42 3 1 42 0 0 0 0 0
113 42 0 0 0 0 0 0 0 0
114 42 0 0 0 0 0 0 0 0
115 42 0 0 0 0 0 0 0 0
116 42 0 0 0 0 0 0 0 0
117 42 0 0 0 0 0 0 0 0
118 42 0 0 0 0 0 0 0 0
119 42 0 0 0 0 0 0 0 0
121 39 0 0 39 0 0 0 0 0
122 39 0 0 0 0 0 0 0 0
123 39 0 0 0 0 0 0 0 0
124 39 0 0 0 0 0 0 0 0
125 39 0 0 0 0 0 0 0 0
126 39 0 0 0 0 0 0 0 0
127 39 0 0 0 0 0 0 0 0
128 39 0 0 0 0 0 0 0 0
130 38 0 0 38 0 0 0 0 0
131 38 0 0 0 0 0 0 0 0
132 38 3 0 0 0 0 0 0 0
133 38 0 0 0 0 0 0 0 0
134 38 0 0 0 0 0 0 0 0
135 38 0 0 0 0 0 0 0 0
136 38 0 0 0 0 0 0 0 0
137 38 0 0 0 0 0 0 0 0
138 33 0 0 0 0 0 0 0 0
142 15 1 1 0 0 0 0 0 0
143 15 0 0 0 0 0 0 0 0
144 15 0 0 0 0 0 0 0 0
145 14 0 0 0 0 0 0 0 0
146 14 0 0 0 0 0 0 0 0
147 14 0 0 0 0 0 0 0 0
148 7 0 0 0 0 0 0 0 0
149 7 0 0 0 0 0 0 0 0
150 7 0 0 0 0 0 0 0 0
152 14 0 0 0 0 0 0 0 0
153 14 2 0 0 0 0 0 0 0
154 14 0 0 14 0 0 0 0 0
158 1 0 0 0 0 0 0 0 0
159 1 0 0 1 0 0 0 0 0
fl=./wcsmbs/../sysdeps/x86_64/multiarch/wcschr.c
fn=wcschr
31 6 0 0 3 0 0 0 0 0
fl=./wcsmbs/../sysdeps/x86_64/multiarch/wcscmp-sse2.S
fn=__wcscmp_sse2
33 713 27 1 0 0 0 0 0 0
37 713 0 0 0 0 0 0 0 0
38 713 0 0 0 0 0 0 0 0
39 713 0 0 0 0 0 0 0 0
40 713 0 0 0 0 0 0 0 0
41 713 0 0 0 0 0 0 0 0
42 713 0 0 0 0 0 0 0 0
43 713 0 0 0 0 0 0 0 0
44 713 0 0 0 0 0 0 0 0
45 713 0 0 0 0 0 0 0 0
204 713 28 1 0 0 0 0 0 0
205 713 0 0 0 0 0 0 0 0
206 710 0 0 0 0 0 0 0 0
207 710 0 0 0 0 0 0 0 0
208 356 0 0 0 0 0 0 0 0
209 356 0 0 0 0 0 0 0 0
210 356 0 0 0 0 0 0 0 0
211 358 0 0 0 0 0 0 0 0
215 352 0 0 352 0 0 0 0 0
216 352 0 0 352 0 0 0 0 0
217 352 0 0 0 0 0 0 0 0
218 352 0 0 0 0 0 0 0 0
219 352 25 1 0 0 0 0 0 0
221 352 0 0 352 1 1 0 0 0
222 352 0 0 0 0 0 0 0 0
224 351 0 0 351 0 0 0 0 0
225 351 0 0 351 0 0 0 0 0
226 351 0 0 0 0 0 0 0 0
228 351 0 0 351 0 0 0 0 0
229 351 0 0 351 21 0 0 0 0
230 351 0 0 0 0 0 0 0 0
232 351 0 0 351 0 0 0 0 0
233 351 0 0 351 0 0 0 0 0
234 351 0 0 0 0 0 0 0 0
236 351 0 0 351 0 0 0 0 0
237 351 0 0 0 0 0 0 0 0
238 351 0 0 351 0 0 0 0 0
239 351 0 0 0 0 0 0 0 0
240 351 23 1 0 0 0 0 0 0
241 351 0 0 0 0 0 0 0 0
242 351 0 0 0 0 0 0 0 0
244 351 0 0 351 0 0 0 0 0
245 351 0 0 0 0 0 0 0 0
246 351 0 0 351 1 0 0 0 0
247 351 0 0 0 0 0 0 0 0
248 351 0 0 0 0 0 0 0 0
249 351 0 0 0 0 0 0 0 0
250 351 0 0 0 0 0 0 0 0
432 3 1 1 3 0 0 0 0 0
433 3 0 0 0 0 0 0 0 0
434 3 0 0 3 1 1 0 0 0
435 3 0 0 0 0 0 0 0 0
436 3 0 0 0 0 0 0 0 0
437 3 0 0 0 0 0 0 0 0
438 3 0 0 0 0 0 0 0 0
470 355 18 1 355 1 0 0 0 0
471 355 0 0 0 0 0 0 0 0
472 355 0 0 355 1 0 0 0 0
473 355 0 0 0 0 0 0 0 0
474 355 21 1 0 0 0 0 0 0
475 355 0 0 0 0 0 0 0 0
476 355 0 0 0 0 0 0 0 0
478 351 0 0 0 0 0 0 0 0
479 351 0 0 0 0 0 0 0 0
480 351 0 0 0 0 0 0 0 0
506 354 24 1 354 20 0 0 0 0
507 354 0 0 0 0 0 0 0 0
508 354 0 0 354 11 0 0 0 0
509 354 0 0 0 0 0 0 0 0
510 354 22 1 0 0 0 0 0 0
511 354 0 0 0 0 0 0 0 0
512 354 0 0 0 0 0 0 0 0
804 361 27 1 0 0 0 0 0 0
805 361 0 0 0 0 0 0 0 0
806 361 0 0 0 0 0 0 0 0
807 360 0 0 0 0 0 0 0 0
808 360 0 0 0 0 0 0 0 0
816 360 28 1 360 0 0 0 0 0
817 360 0 0 360 0 0 0 0 0
818 360 0 0 0 0 0 0 0 0
823 1 1 0 0 0 0 0 0 0
824 1 0 0 0 0 0 0 0 0
825 1 0 0 1 0 0 0 0 0
826 1 0 0 1 0 0 0 0 0
827 1 0 0 0 0 0 0 0 0
828 1 0 0 1 0 0 0 0 0
874 351 26 1 0 0 0 0 0 0
875 351 0 0 0 0 0 0 0 0
876 351 0 0 0 0 0 0 0 0
893 351 25 1 0 0 0 0 0 0
894 351 0 0 0 0 0 0 0 0
902 351 0 0 351 0 0 0 0 0
903 351 0 0 351 0 0 0 0 0
904 351 0 0 0 0 0 0 0 0
905 351 0 0 351 0 0 0 0 0
944 361 25 1 0 0 0 0 0 0
945 361 0 0 0 0 0 0 0 0
949 361 0 0 361 0 0 0 0 0
fl=./wcsmbs/../sysdeps/x86_64/multiarch/wcscmp.c
fn=wcscmp
30 6 2 1 2 0 0 0 0 0
fl=./wcsmbs/../sysdeps/x86_64/multiarch/wcscpy-ssse3.S
fn=__wcscpy_ssse3
33 40 3 1 0 0 0 0 0 0
35 40 0 0 0 0 0 0 0 0
36 40 0 0 0 0 0 0 0 0
38 40 0 0 40 0 0 0 0 0
39 40 0 0 0 0 0 0 0 0
40 40 0 0 40 0 0 0 0 0
41 40 0 0 0 0 0 0 0 0
42 40 0 0 40 0 0 0 0 0
43 40 0 0 0 0 0 0 0 0
44 40 0 0 40 0 0 0 0 0
45 40 0 0 0 0 0 0 0 0
47 40 0 0 0 0 0 0 0 0
48 40 0 0 0 0 0 0 0 0
50 40 0 0 0 0 0 0 0 0
51 40 0 0 40 0 0 0 0 0
52 40 4 1 0 0 0 40 2 0
54 40 0 0 40 0 0 0 0 0
55 40 0 0 40 0 0 0 0 0
56 40 0 0 0 0 0 40 0 0
58 40 0 0 0 0 0 0 0 0
59 40 0 0 0 0 0 0 0 0
61 40 0 0 0 0 0 0 0 0
62 40 0 0 0 0 0 0 0 0
64 39 0 0 0 0 0 0 0 0
65 39 0 0 0 0 0 0 0 0
66 39 0 0 0 0 0 0 0 0
67 39 0 0 0 0 0 0 0 0
68 39 0 0 0 0 0 0 0 0
69 39 0 0 0 0 0 0 0 0
70 39 0 0 0 0 0 0 0 0
71 39 0 0 0 0 0 0 0 0
75 39 0 0 0 0 0 0 0 0
77 19 0 0 0 0 0 0 0 0
78 19 0 0 0 0 0 0 0 0
79 12 0 0 0 0 0 0 0 0
80 12 0 0 0 0 0 0 0 0
81 5 0 0 0 0 0 0 0 0
84 20 5 1 20 0 0 0 0 0
85 20 0 0 20 0 0 0 0 0
86 20 0 0 0 0 0 20 5 0
87 20 0 0 0 0 0 0 0 0
88 20 0 0 0 0 0 0 0 0
89 20 0 0 0 0 0 0 0 0
91 20 0 0 0 0 0 0 0 0
92 20 0 0 0 0 0 0 0 0
94 20 0 0 20 0 0 0 0 0
95 20 0 0 0 0 0 20 1 0
96 20 17 1 0 0 0 0 0 0
97 20 0 0 0 0 0 0 0 0
98 20 0 0 0 0 0 0 0 0
100 20 0 0 0 0 0 0 0 0
101 20 0 0 0 0 0 0 0 0
103 19 0 0 19 0 0 0 0 0
104 19 0 0 0 0 0 19 4 1
105 19 0 0 0 0 0 0 0 0
106 19 0 0 0 0 0 0 0 0
107 19 0 0 0 0 0 0 0 0
109 19 0 0 0 0 0 0 0 0
110 19 0 0 0 0 0 0 0 0
112 19 0 0 19 0 0 0 0 0
113 19 0 0 0 0 0 19 0 0
114 19 0 0 0 0 0 0 0 0
115 19 15 1 0 0 0 0 0 0
116 19 0 0 0 0 0 0 0 0
118 19 0 0 0 0 0 0 0 0
119 19 0 0 0 0 0 0 0 0
121 18 0 0 18 0 0 0 0 0
122 18 0 0 0 0 0 18 7 0
123 18 0 0 0 0 0 0 0 0
124 18 0 0 0 0 0 0 0 0
125 18 0 0 0 0 0 0 0 0
127 18 0 0 0 0 0 0 0 0
128 18 0 0 0 0 0 0 0 0
130 17 0 0 17 0 0 0 0 0
131 17 0 0 0 0 0 17 1 0
132 17 0 0 0 0 0 0 0 0
133 17 0 0 0 0 0 0 0 0
134 17 0 0 0 0 0 0 0 0
136 17 6 1 0 0 0 0 0 0
137 17 0 0 0 0 0 0 0 0
139 16 0 0 0 0 0 16 5 1
140 16 0 0 0 0 0 0 0 0
141 16 0 0 0 0 0 0 0 0
142 16 0 0 0 0 0 0 0 0
143 16 0 0 0 0 0 0 0 0
144 16 0 0 0 0 0 0 0 0
146 32 0 0 0 0 0 0 0 0
150 52 0 0 52 0 0 0 0 0
151 52 0 0 0 0 0 0 0 0
152 52 0 0 52 0 0 0 0 0
153 52 0 0 52 0 0 0 0 0
154 52 4 1 0 0 0 0 0 0
155 52 0 0 52 0 0 0 0 0
156 52 0 0 0 0 0 0 0 0
157 52 0 0 0 0 0 0 0 0
158 52 0 0 0 0 0 0 0 0
159 52 0 0 0 0 0 0 0 0
160 52 0 0 0 0 0 0 0 0
161 52 0 0 0 0 0 0 0 0
162 52 0 0 0 0 0 0 0 0
163 52 0 0 0 0 0 0 0 0
164 52 0 0 0 0 0 0 0 0
165 36 0 0 0 0 0 36 3 0
166 36 0 0 0 0 0 36 8 0
167 36 0 0 0 0 0 36 6 0
168 36 0 0 0 0 0 36 2 0
169 36 0 0 0 0 0 0 0 0
172 16 0 0 0 0 0 0 0 0
173 16 0 0 0 0 0 0 0 0
174 16 4 1 0 0 0 0 0 0
175 16 0 0 0 0 0 0 0 0
177 10 0 0 0 0 0 0 0 0
179 10 0 0 0 0 0 0 0 0
180 10 0 0 0 0 0 10 2 0
181 10 0 0 0 0 0 0 0 0
182 10 0 0 0 0 0 0 0 0
183 10 0 0 0 0 0 0 0 0
185 7 0 0 0 0 0 0 0 0
187 7 0 0 0 0 0 0 0 0
188 7 0 0 0 0 0 7 0 0
189 7 0 0 0 0 0 0 0 0
190 7 0 0 0 0 0 0 0 0
191 7 0 0 0 0 0 0 0 0
207 7 3 1 7 0 0 0 0 0
208 7 0 0 7 0 0 0 0 0
210 11 0 0 0 0 0 0 0 0
211 11 0 0 0 0 0 0 0 0
212 11 0 0 0 0 0 0 0 0
214 11 0 0 0 0 0 0 0 0
215 11 0 0 0 0 0 0 0 0
217 11 2 1 0 0 0 0 0 0
218 11 0 0 0 0 0 11 1 0
219 11 0 0 11 0 0 0 0 0
221 11 0 0 0 0 0 0 0 0
222 11 0 0 0 0 0 0 0 0
223 11 0 0 0 0 0 0 0 0
224 11 0 0 0 0 0 0 0 0
225 11 0 0 0 0 0 0 0 0
227 11 0 0 0 0 0 0 0 0
228 11 0 0 0 0 0 0 0 0
230 8 0 0 0 0 0 0 0 0
231 8 0 0 0 0 0 8 1 0
232 8 0 0 8 0 0 0 0 0
234 8 0 0 0 0 0 0 0 0
235 8 0 0 0 0 0 0 0 0
236 8 0 0 0 0 0 0 0 0
237 8 0 0 0 0 0 0 0 0
238 8 1 1 0 0 0 0 0 0
240 8 0 0 0 0 0 0 0 0
241 8 0 0 0 0 0 0 0 0
243 6 0 0 0 0 0 0 0 0
244 6 0 0 0 0 0 6 0 0
245 6 0 0 6 0 0 0 0 0
247 6 0 0 0 0 0 0 0 0
248 6 0 0 0 0 0 0 0 0
249 6 0 0 0 0 0 0 0 0
250 6 0 0 0 0 0 0 0 0
252 6 0 0 0 0 0 0 0 0
253 6 0 0 0 0 0 0 0 0
255 4 0 0 0 0 0 0 0 0
256 4 0 0 0 0 0 4 0 0
257 4 0 0 0 0 0 0 0 0
258 4 1 1 0 0 0 0 0 0
260 4 0 0 0 0 0 0 0 0
261 4 0 0 0 0 0 0 0 0
262 4 0 0 0 0 0 0 0 0
263 4 0 0 0 0 0 0 0 0
264 4 0 0 0 0 0 0 0 0
266 8 0 0 4 0 0 0 0 0
270 4 0 0 4 0 0 0 0 0
271 4 0 0 4 0 0 0 0 0
272 4 0 0 0 0 0 0 0 0
273 4 0 0 4 0 0 0 0 0
274 4 0 0 0 0 0 0 0 0
275 4 0 0 4 0 0 0 0 0
276 4 0 0 0 0 0 0 0 0
277 4 0 0 0 0 0 0 0 0
278 4 1 1 0 0 0 0 0 0
279 4 0 0 0 0 0 0 0 0
280 4 0 0 0 0 0 0 0 0
281 4 0 0 0 0 0 0 0 0
282 4 0 0 0 0 0 0 0 0
283 4 0 0 0 0 0 0 0 0
284 4 0 0 0 0 0 0 0 0
285 4 0 0 0 0 0 0 0 0
299 7 1 1 7 0 0 0 0 0
300 7 0 0 0 0 0 0 0 0
301 7 0 0 0 0 0 7 0 0
302 7 0 0 0 0 0 0 0 0
306 7 0 0 7 0 0 0 0 0
307 7 0 0 7 0 0 0 0 0
309 8 0 0 0 0 0 0 0 0
310 8 0 0 0 0 0 0 0 0
311 8 0 0 0 0 0 0 0 0
313 8 0 0 0 0 0 0 0 0
314 8 0 0 0 0 0 0 0 0
316 7 5 1 0 0 0 0 0 0
317 7 0 0 0 0 0 7 0 0
318 7 0 0 7 0 0 0 0 0
320 7 0 0 0 0 0 0 0 0
321 7 0 0 0 0 0 0 0 0
322 7 0 0 0 0 0 0 0 0
323 7 0 0 0 0 0 0 0 0
324 7 0 0 0 0 0 0 0 0
326 7 0 0 0 0 0 0 0 0
327 7 0 0 0 0 0 0 0 0
329 7 0 0 0 0 0 0 0 0
330 7 0 0 0 0 0 7 2 0
331 7 0 0 7 0 0 0 0 0
333 7 0 0 0 0 0 0 0 0
334 7 0 0 0 0 0 0 0 0
335 7 0 0 0 0 0 0 0 0
336 7 0 0 0 0 0 0 0 0
337 7 5 1 0 0 0 0 0 0
339 7 0 0 0 0 0 0 0 0
340 7 0 0 0 0 0 0 0 0
342 6 0 0 0 0 0 0 0 0
343 6 0 0 0 0 0 6 0 0
344 6 0 0 6 0 0 0 0 0
346 6 0 0 0 0 0 0 0 0
347 6 0 0 0 0 0 0 0 0
348 6 0 0 0 0 0 0 0 0
349 6 0 0 0 0 0 0 0 0
351 6 0 0 0 0 0 0 0 0
352 6 0 0 0 0 0 0 0 0
354 1 0 0 0 0 0 0 0 0
355 1 0 0 0 0 0 1 1 0
356 1 0 0 0 0 0 0 0 0
357 1 1 1 0 0 0 0 0 0
359 1 0 0 0 0 0 0 0 0
360 1 0 0 0 0 0 0 0 0
361 1 0 0 0 0 0 0 0 0
362 1 0 0 0 0 0 0 0 0
363 1 0 0 0 0 0 0 0 0
365 2 0 0 1 0 0 0 0 0
369 1 0 0 1 0 0 0 0 0
370 1 0 0 1 0 0 0 0 0
371 1 0 0 0 0 0 0 0 0
372 1 0 0 1 0 0 0 0 0
373 1 0 0 0 0 0 0 0 0
374 1 0 0 1 0 0 0 0 0
375 1 0 0 0 0 0 0 0 0
376 1 0 0 0 0 0 0 0 0
377 1 1 1 0 0 0 0 0 0
378 1 0 0 0 0 0 0 0 0
379 1 0 0 0 0 0 0 0 0
380 1 0 0 0 0 0 0 0 0
381 1 0 0 0 0 0 0 0 0
382 1 0 0 0 0 0 0 0 0
383 1 0 0 0 0 0 0 0 0
384 1 0 0 0 0 0 0 0 0
398 7 6 0 7 0 0 0 0 0
399 7 0 0 0 0 0 0 0 0
400 7 0 0 0 0 0 7 0 0
401 7 0 0 0 0 0 0 0 0
405 5 5 1 5 0 0 0 0 0
406 5 0 0 5 0 0 0 0 0
408 7 0 0 0 0 0 0 0 0
409 7 0 0 0 0 0 0 0 0
410 7 0 0 0 0 0 0 0 0
412 7 0 0 0 0 0 0 0 0
413 7 0 0 0 0 0 0 0 0
415 5 4 1 0 0 0 0 0 0
416 5 0 0 0 0 0 5 0 0
417 5 0 0 5 0 0 0 0 0
419 5 0 0 0 0 0 0 0 0
420 5 0 0 0 0 0 0 0 0
421 5 0 0 0 0 0 0 0 0
422 5 0 0 0 0 0 0 0 0
423 5 0 0 0 0 0 0 0 0
425 5 0 0 0 0 0 0 0 0
426 5 0 0 0 0 0 0 0 0
428 4 0 0 0 0 0 0 0 0
429 4 0 0 0 0 0 4 2 0
430 4 0 0 4 0 0 0 0 0
432 4 0 0 0 0 0 0 0 0
433 4 0 0 0 0 0 0 0 0
434 4 0 0 0 0 0 0 0 0
435 4 0 0 0 0 0 0 0 0
436 4 3 1 0 0 0 0 0 0
438 4 0 0 0 0 0 0 0 0
439 4 0 0 0 0 0 0 0 0
441 4 0 0 0 0 0 0 0 0
442 4 0 0 0 0 0 4 0 0
443 4 0 0 4 0 0 0 0 0
445 4 0 0 0 0 0 0 0 0
446 4 0 0 0 0 0 0 0 0
447 4 0 0 0 0 0 0 0 0
448 4 0 0 0 0 0 0 0 0
450 4 0 0 0 0 0 0 0 0
451 4 0 0 0 0 0 0 0 0
453 2 0 0 0 0 0 0 0 0
454 2 0 0 0 0 0 2 0 0
455 2 0 0 0 0 0 0 0 0
456 2 2 1 0 0 0 0 0 0
458 2 0 0 0 0 0 0 0 0
459 2 0 0 0 0 0 0 0 0
460 2 0 0 0 0 0 0 0 0
461 2 0 0 0 0 0 0 0 0
462 2 0 0 0 0 0 0 0 0
464 4 0 0 2 0 0 0 0 0
468 12 0 0 12 0 0 0 0 0
469 12 0 0 12 0 0 0 0 0
470 12 0 0 0 0 0 0 0 0
471 12 0 0 12 0 0 0 0 0
472 12 0 0 0 0 0 0 0 0
473 12 0 0 12 0 0 0 0 0
474 12 0 0 0 0 0 0 0 0
475 12 0 0 0 0 0 0 0 0
476 12 2 1 0 0 0 0 0 0
477 12 0 0 0 0 0 0 0 0
478 12 0 0 0 0 0 0 0 0
479 12 0 0 0 0 0 0 0 0
480 12 0 0 0 0 0 0 0 0
481 12 0 0 0 0 0 0 0 0
482 12 0 0 0 0 0 0 0 0
483 12 0 0 0 0 0 0 0 0
484 10 0 0 0 0 0 0 0 0
485 10 0 0 0 0 0 0 0 0
486 10 0 0 0 0 0 0 0 0
487 10 0 0 0 0 0 0 0 0
488 10 0 0 0 0 0 10 8 0
489 10 0 0 0 0 0 10 0 0
490 10 0 0 0 0 0 10 0 0
491 10 0 0 0 0 0 10 0 0
492 10 0 0 0 0 0 0 0 0
493 10 0 0 0 0 0 0 0 0
496 5 0 0 5 0 0 0 0 0
497 5 0 0 0 0 0 0 0 0
498 5 0 0 0 0 0 5 1 0
499 5 0 0 0 0 0 0 0 0
503 40 7 1 0 0 0 0 0 0
504 40 0 0 0 0 0 0 0 0
506 40 0 0 0 0 0 0 0 0
507 40 0 0 0 0 0 0 0 0
508 23 0 0 0 0 0 0 0 0
509 23 0 0 0 0 0 0 0 0
511 17 0 0 17 0 0 0 0 0
512 17 0 0 0 0 0 17 1 0
513 17 0 0 0 0 0 0 0 0
514 17 0 0 17 0 0 0 0 0
518 17 4 0 0 0 0 0 0 0
519 17 0 0 0 0 0 0 0 0
521 3 0 0 3 0 0 0 0 0
522 3 0 0 0 0 0 3 2 0
523 3 0 0 3 0 0 0 0 0
524 3 0 0 0 0 0 3 0 0
525 3 0 0 0 0 0 0 0 0
526 3 0 0 3 0 0 0 0 0
530 6 3 1 6 0 0 0 0 0
531 6 0 0 0 0 0 6 0 0
532 6 0 0 0 0 0 0 0 0
533 6 0 0 6 0 0 0 0 0
544 14 4 1 14 0 0 0 0 0
545 14 0 0 0 0 0 14 1 0
546 14 0 0 14 0 0 0 0 0
547 14 0 0 0 0 0 14 0 0
548 14 0 0 0 0 0 0 0 0
549 14 0 0 14 0 0 0 0 0
fl=./wcsmbs/../sysdeps/x86_64/multiarch/wcscpy.c
fn=wcscpy
42 8 0 0 0 0 0 0 0 0
43 4 2 1 4 0 0 0 0 0
54 8 0 0 2 1 0 0 0 0
60 4 2 1 2 0 0 0 0 0
fl=./wcsmbs/../sysdeps/x86_64/multiarch/wcslen.c
fn=wcslen
29 4 2 1 2 0 0 0 0 0
fl=./wcsmbs/../sysdeps/x86_64/multiarch/wcsncpy.c
fn=wcsncpy
31 4 2 1 2 0 0 0 0 0
fl=./wcsmbs/../sysdeps/x86_64/multiarch/wcsnlen.c
fn=wcsnlen
30 2 1 1 1 0 0 0 0 0
fl=./wcsmbs/../sysdeps/x86_64/multiarch/wmemchr.c
fn=wmemchr
31 4 1 1 2 0 0 0 0 0
fl=./wcsmbs/../sysdeps/x86_64/multiarch/wmemcmp.c
fn=wmemcmp
29 3 2 2 1 0 0 0 0 0
fl=./wcsmbs/../sysdeps/x86_64/multiarch/wmemset.c
fn=wmemset
31 4 2 2 2 0 0 0 0 0
fl=./wcsmbs/../wcsmbs/wcsncpy.c
fn=__wcsncpy_generic
27 20 4 2 0 0 0 10 0 0
28 8 0 0 0 0 0 2 0 0
29 4 0 0 0 0 0 0 0 0
30 10 0 0 0 0 0 2 0 0
31 8 2 1 0 0 0 0 0 0
32 10 0 0 10 0 0 0 0 0
fl=./wcsmbs/./wcsmbs/mbsrtowcs.c
fn=mbsrtowcs
27 900 99 1 0 0 0 0 0 0
28 5400 102 1 1800 4 0 0 0 0
fl=./wcsmbs/./wcsmbs/mbsrtowcs_l.c
fn=__mbsrtowcs_l
41 13500 0 0 900 0 0 8100 46 0
51 900 0 0 0 0 0 900 1 0
52 900 0 0 0 0 0 900 0 0
53 900 0 0 0 0 0 900 46 0
56 900 100 1 900 52 0 0 0 0
59 900 0 0 900 69 0 0 0 0
60 900 0 0 900 0 0 0 0 0
61 1800 0 0 900 72 0 0 0 0
65 1800 100 1 900 0 0 0 0 0
69 2700 0 0 1800 0 0 900 8 0
70 2250 202 2 0 0 0 900 1 0
72 1350 0 0 900 0 0 450 0 0
73 900 0 0 0 0 0 450 0 0
75 900 0 0 0 0 0 0 0 0
76 3150 104 1 0 0 0 1350 0 0
79 458 0 0 0 0 0 458 0 0
81 5496 106 1 1374 0 0 1832 34 0
84 2290 0 0 458 0 0 0 0 0
86 1832 0 0 916 0 0 0 0 0
88 900 0 0 0 0 0 0 0 0
91 1351 100 2 450 0 0 1 0 0
104 1350 0 0 450 0 0 450 0 0
105 900 0 0 0 0 0 450 0 0
109 2700 102 1 0 0 0 900 0 0
113 1350 0 0 0 0 0 450 0 0
115 5400 99 1 900 0 0 1800 0 0
117 2700 0 0 900 0 0 0 0 0
120 1350 0 0 450 0 0 0 0 0
122 900 0 0 450 0 0 0 0 0
125 450 0 0 450 0 0 0 0 0
129 900 99 1 450 0 0 450 0 0
131 2700 0 0 450 0 0 0 0 0
135 900 0 0 0 0 0 0 0 0
136 1350 0 0 450 0 0 0 0 0
138 900 0 0 0 0 0 0 0 0
139 1800 0 0 900 0 0 0 0 0
140 900 0 0 450 0 0 450 0 0
141 900 102 1 0 0 0 0 0 0
160 10800 0 0 8100 0 0 0 0 0
fl=./wcsmbs/./wcsmbs/wcsmbsload.c
fn=__wcsmbs_load_conv
91 19 1 1 3 0 0 3 0 0
111 6 0 0 2 0 0 0 0 0
115 2 0 0 2 0 0 0 0 0
119 2 0 0 0 0 0 2 0 0
152 13 1 1 1 0 0 7 0 0
153 1 1 1 1 0 0 0 0 0
156 3 0 0 0 0 0 1 0 0
160 2 0 0 1 0 0 0 0 0
169 4 0 0 0 0 0 1 0 0
170 2 0 0 0 0 0 0 0 0
174 1 0 0 1 0 0 0 0 0
181 132 8 8 21 5 4 9 0 0
187 1 0 0 0 0 0 1 0 0
189 2 1 1 0 0 0 0 0 0
190 1 0 0 0 0 0 1 0 0
196 2 0 0 0 0 0 0 0 0
207 1 0 0 0 0 0 1 0 0
210 2 1 1 0 0 0 1 0 0
211 11 0 0 9 0 0 0 0 0
fl=./wcsmbs/./wcsmbs/wcsmbsload.h
fn=__mbsrtowcs_l
69 900 0 0 900 70 0 0 0 0
70 2700 101 1 900 52 0 0 0 0
71 1 0 0 0 0 0 1 0 0
72 3 0 0 2 0 0 0 0 0
fl=./wcsmbs/./wcsmbs/wcsrtombs.c
fn=wcsrtombs
38 116925 40 2 7795 0 0 54565 9 1
47 7795 0 0 0 0 0 7795 6 1
48 7795 0 0 0 0 0 7795 0 0
49 31180 24 1 0 0 0 7795 3 1
52 23385 0 0 23385 32 0 0 0 0
55 7795 0 0 7795 28 0 0 0 0
56 7795 0 0 7795 16 0 0 0 0
57 15590 0 0 7795 19 0 0 0 0
61 15590 0 0 0 0 0 0 0 0
65 31165 58 1 11690 0 0 7790 16 1
66 3895 0 0 0 0 0 3895 0 0
69 11685 0 0 7790 0 0 3895 0 0
70 7790 0 0 0 0 0 3895 0 0
73 35055 38 1 0 0 0 15580 0 0
77 3895 0 0 0 0 0 3895 0 0
79 42845 29 1 11685 0 0 15580 2 0
84 15580 0 0 3895 0 0 0 0 0
86 15580 0 0 7790 0 0 0 0 0
88 7790 0 0 0 0 0 0 0 0
91 7790 25 1 3895 0 0 0 0 0
93 7790 0 0 0 0 0 0 0 0
101 27300 23 1 3900 0 0 11700 0 0
104 3900 0 0 0 0 0 3900 0 0
105 7800 0 0 0 0 0 3900 0 0
107 46800 33 1 3900 0 0 15600 0 0
112 11700 0 0 3900 0 0 0 0 0
116 15600 0 0 7800 0 0 0 0 0
117 7800 1 1 3900 0 0 0 0 0
119 7800 4 1 0 0 0 0 0 0
120 15600 0 0 7800 0 0 0 0 0
121 3900 0 0 0 0 0 3900 0 0
122 7800 0 0 0 0 0 0 0 0
141 85745 29 0 70155 0 0 0 0 0
fl=./wcsmbs/./wcsmbs/wmemcpy.c
fn=wmemcpy
24 2 2 0 0 0 0 0 0 0
25 4 0 0 0 0 0 0 0 0
fl=./wcsmbs/./wcsmbsload.h
fn=wcsrtombs
69 7795 0 0 7795 28 0 0 0 0
70 23385 0 0 7795 13 0 0 0 0
fl=???
fn=(below main)
0 11 1 1 1 0 0 3 0 0
fn=???
0 1119606 82971 203 1097909 89418 47 219 2 1
fn=AttributeError_dealloc
0 5328 342 3 1800 13 0 1176 4 0
fn=AttributeError_init
0 9856 459 4 2112 33 0 1760 0 0
fn=BaseException_clear
0 30253 2223 3 10153 16 0 4403 0 0
fn=BaseException_dealloc
0 101219 3622 20 32268 123 2 16480 18 0
fn=BaseException_get_args
0 3515 502 0 1506 0 0 1 0 0
fn=BaseException_get_tb
0 16 1 1 6 0 0 2 0 0
fn=BaseException_init
0 30372 2161 4 6100 0 0 6036 0 0
fn=BaseException_new
0 41925 1253 3 7720 368 0 14905 47 0
fn=BaseException_traverse
0 152 4 4 40 0 0 20 0 0
fn=Dialect_clear
0 36 1 1 9 2 0 5 0 0
fn=Dialect_dealloc
0 60 1 1 18 1 0 21 0 0
fn=Dialect_traverse
0 624 4 3 144 0 0 120 0 0
fn=ImportError_clear
0 938 62 3 250 0 0 157 0 0
fn=ImportError_dealloc
0 527 31 1 217 0 0 155 1 0
fn=ImportError_init
0 2579 152 5 622 26 0 496 0 0
fn=InsertThousandsGrouping_fill.llvm.9504702192703139781
0 5154 15 9 1064 0 0 732 1 0
fn=InsertThousandsGrouping_fill.llvm.9504702192703139781.warm
0 72 5 5 12 0 0 7 0 0
fn=MarkupIterator_next
0 72109 82 12 8328 11 0 9131 9 0
fn=MarkupIterator_next.warm
0 871 23 3 0 0 0 0 0 0
fn=MemoryError_dealloc
0 448 2 2 192 0 0 128 0 0
fn=OPENSSL_cpuid_setup
0 80 6 6 8 1 1 15 2 2
fn=OPENSSL_cpuid_setup.cold
0 39 4 4 1 0 0 0 0 0
fn=OSError_clear
0 3423 130 2 858 0 0 624 0 0
fn=OSError_dealloc
0 1683 53 1 693 1 0 495 1 0
fn=OSError_init
0 1584 192 2 495 0 0 693 0 0
fn=OSError_new
0 9078 658 7 2137 127 0 2076 0 0
fn=PyArg_ParseTuple
0 19575 2103 3 3132 5 0 6264 181 2
fn=PyArg_ParseTupleAndKeywords
0 657411 24075 2 73491 107 0 146982 13686 0
fn=PyArg_ParseTupleAndKeywords.warm
0 8016 1002 1 2004 0 0 0 0 0
fn=PyArg_UnpackTuple
0 4073568 38459 4 856236 40 0 643803 19864 0
fn=PyArg_ValidateKeywordArguments
0 19 2 2 9 0 0 5 0 0
fn=PyByteArray_FromStringAndSize
0 13500 85 4 3450 0 0 3950 42 7
fn=PyByteArray_Resize
0 6726 355 4 1824 194 1 1254 43 4
fn=PyBytes_FromObject
0 5275 192 9 876 0 0 853 16 0
fn=PyBytes_FromObject.warm
0 4 1 1 2 0 0 1 0 0
fn=PyBytes_FromString
0 936 68 3 192 19 0 240 10 3
fn=PyBytes_FromStringAndSize
0 69903 3152 4 11256 360 6 13964 662 43
fn=PyCMethod_New
0 281114 9901 10 72889 2082 15 63236 926 305
fn=PyCMethod_New.warm
0 3 1 1 0 0 0 2 0 0
fn=PyCapsule_GetPointer
0 44 2 2 10 0 0 4 0 0
fn=PyCapsule_New
0 66 6 3 20 4 0 24 0 0
fn=PyCell_Set
0 23 2 2 6 0 0 4 0 0
fn=PyClassMethod_New
0 98 6 1 21 0 0 28 0 0
fn=PyCodec_LookupError
0 240 2 2 72 8 0 48 0 0
fn=PyCompile_OpcodeStackEffectWithJump
0 128724 719 5 29673 1647 32 16715 0 0
fn=PyConfig_Clear
0 954 75 35 640 35 7 314 0 0
fn=PyConfig_SetBytesArgv
0 28 2 2 6 1 0 10 0 0
fn=PyContextVar_New
0 21 1 1 4 0 0 6 0 0
fn=PyDescr_NewClassMethod
0 2278 42 3 539 0 0 649 0 0
fn=PyDescr_NewGetSet
0 34202 759 3 8041 0 0 10079 0 0
fn=PyDescr_NewMember
0 22752 146 3 5616 42 34 6372 0 0
fn=PyDescr_NewMethod
0 62188 105 4 14594 123 3 17332 0 0
fn=PyDescr_NewWrapper
0 64744 200 2 15420 1 0 20807 0 0
fn=PyDict_Clear
0 34985 36 6 13064 777 0 8980 0 0
fn=PyDict_Contains
0 570564 13639 16 140796 5183 2 57448 7 0
fn=PyDict_Contains.cold
0 2611 244 5 325 0 0 0 0 0
fn=PyDict_Contains.warm
0 650 67 4 197 1 0 84 0 0
fn=PyDict_Copy
0 107419 3707 13 36881 1198 1 25675 394 0
fn=PyDict_Copy.warm
0 8 2 2 0 0 0 2 0 0
fn=PyDict_DelItem
0 37511 609 4 10900 0 0 7559 1 0
fn=PyDict_GetItem
0 21252 235 2 9108 77 0 4554 0 0
fn=PyDict_GetItemWithError
0 2676479 28972 39 782966 35971 78 300470 1930 7
fn=PyDict_Keys
0 134831 420 4 40156 2377 0 5453 4 0
fn=PyDict_MergeFromSeq2
0 8431 105 7 2266 0 0 939 0 0
fn=PyDict_New
0 18135 1164 3 5482 246 0 6281 222 0
fn=PyDict_SetDefault
0 3212594 14817 33 933205 61522 56 391843 3452 4
fn=PyDict_SetItem
0 9895301 122974 91 3034160 41403 406 1296370 16944 403
fn=PyDict_SetItem.warm
0 347 9 4 44 0 0 46 0 0
fn=PyDict_SetItemString
0 2288 18 2 704 0 0 616 1 0
fn=PyErr_CheckSignals
0 323901 16777 4 111690 11381 1 55845 19 0
fn=PyErr_Clear
0 39 3 1 15 0 0 6 0 0
fn=PyErr_Format
0 11178 573 6 1758 1 0 3468 284 0
fn=PyErr_GivenExceptionMatches
0 98905 3920 8 31082 1369 6 4812 0 0
fn=PyErr_GivenExceptionMatches.warm
0 2307 165 4 465 0 0 369 0 0
fn=PyErr_NewException
0 2774 72 8 502 36 0 585 2 0
fn=PyErr_NewExceptionWithDoc
0 88 7 6 20 0 0 22 0 0
fn=PyErr_SetFromErrnoWithFilenameObjects
0 8283 414 5 1470 0 0 1887 0 0
fn=PyEval_EvalCode
0 16171 1065 6 3191 720 15 3408 0 0
fn=PyEval_EvalCode.warm
0 2 1 0 1 1 0 0 0 0
fn=PyEval_RestoreThread
0 68 4 2 16 0 0 20 0 0
fn=PyEval_SaveThread
0 52 2 1 20 0 0 12 0 0
fn=PyFile_NewStdPrinter
0 32 3 2 12 2 0 9 0 0
fn=PyFile_OpenCodeObject
0 4096 256 2 896 134 0 768 0 0
fn=PyFile_WriteObject
0 116 4 4 24 1 0 23 0 0
fn=PyFloat_AsDouble
0 40059 522 5 13353 4 0 0 0 0
fn=PyFloat_FromDouble
0 106320 11 4 47251 24 0 23627 21 0
fn=PyFloat_FromString
0 347 18 3 72 0 0 89 0 0
fn=PyFloat_GetInfo
0 140 13 13 41 2 1 49 0 0
fn=PyFloat_Unpack8
0 1606 15 1 438 35 10 0 0 0
fn=PyGC_Collect
0 45 4 4 14 2 1 11 0 0
fn=PyImport_AddModuleObject
0 80 4 2 22 2 0 16 0 0
fn=PyImport_GetModule
0 69 5 5 18 0 0 17 1 1
fn=PyImport_Import
0 30437 1892 8 8050 398 0 6147 52 0
fn=PyImport_Import.warm
0 374 22 3 45 3 0 64 2 0
fn=PyImport_ImportFrozenModuleObject
0 97 7 6 20 2 0 18 0 0
fn=PyImport_ImportModule
0 200 17 2 50 7 0 50 0 0
fn=PyImport_ImportModuleLevelObject
0 205373 8540 25 44660 4837 13 25128 135 1
fn=PyImport_ImportModuleLevelObject.warm
0 8166 597 12 1318 94 1 987 0 0
fn=PyInit__abc
0 21 2 2 7 1 0 6 0 0
fn=PyInit__ast
0 2 1 1 0 0 0 0 0 0
fn=PyInit__bisect
0 2 1 0 0 0 0 0 0 0
fn=PyInit__bz2
0 2 1 0 0 0 0 0 0 0
fn=PyInit__codecs
0 21 2 2 7 1 1 6 0 0
fn=PyInit__collections
0 21 2 2 7 1 0 6 0 0
fn=PyInit__csv
0 2 1 1 0 0 0 0 0 0
fn=PyInit__datetime
0 14 2 2 2 1 0 3 0 0
fn=PyInit__decimal
0 670 33 25 112 30 9 128 21 7
fn=PyInit__decimal.warm
0 380 31 20 51 7 3 81 6 3
fn=PyInit__functools
0 21 2 2 7 2 1 6 0 0
fn=PyInit__heapq
0 2 1 0 0 0 0 0 0 0
fn=PyInit__imp
0 21 2 2 7 2 1 6 0 0
fn=PyInit__io
0 21 2 2 7 1 1 6 0 0
fn=PyInit__json
0 21 2 2 7 1 0 6 0 0
fn=PyInit__locale
0 21 2 2 7 2 2 6 0 0
fn=PyInit__lzma
0 2 1 0 0 0 0 0 0 0
fn=PyInit__opcode
0 2 1 1 0 0 0 0 0 0
fn=PyInit__operator
0 21 2 2 7 2 2 6 0 0
fn=PyInit__random
0 2 1 1 0 0 0 0 0 0
fn=PyInit__sha2
0 2 1 0 0 0 0 0 0 0
fn=PyInit__signal
0 21 2 2 7 2 1 6 0 0
fn=PyInit__socket
0 2 1 1 0 0 0 0 0 0
fn=PyInit__sre
0 21 2 2 7 1 0 6 0 0
fn=PyInit__stat
0 21 2 2 7 1 1 6 0 0
fn=PyInit__statistics
0 2 1 0 0 0 0 0 0 0
fn=PyInit__string
0 2 1 0 0 0 0 0 0 0
fn=PyInit__struct
0 2 1 0 0 0 0 0 0 0
fn=PyInit__thread
0 21 2 2 7 1 1 6 0 0
fn=PyInit__tokenize
0 2 1 1 0 0 0 0 0 0
fn=PyInit__typing
0 2 1 1 0 0 0 0 0 0
fn=PyInit__weakref
0 21 2 2 7 1 1 6 0 0
fn=PyInit_array
0 2 1 0 0 0 0 0 0 0
fn=PyInit_binascii
0 2 1 0 0 0 0 0 0 0
fn=PyInit_errno
0 21 2 1 7 1 1 6 0 0
fn=PyInit_itertools
0 21 2 2 7 1 1 6 0 0
fn=PyInit_math
0 2 1 1 0 0 0 0 0 0
fn=PyInit_posix
0 21 2 2 7 1 1 6 0 0
fn=PyInit_select
0 2 1 1 0 0 0 0 0 0
fn=PyInit_time
0 21 2 2 7 2 1 6 0 0
fn=PyInit_zlib
0 2 1 0 0 0 0 0 0 0
fn=PyInterpreterState_Delete
0 1674 10 10 561 518 121 15 0 0
fn=PyInterpreterState_Get
0 45 6 2 20 0 0 5 0 0
fn=PyInterpreterState_New
0 14429 11 11 14 5 1 12335 1548 1546
fn=PyList_Append
0 797525 24103 7 306596 739 24 204517 11591 176
fn=PyList_Insert
0 3 1 1 2 2 0 0 0 0
fn=PyList_New
0 46087 1724 4 13724 413 0 12021 210 0
fn=PyList_SetItem
0 68 3 1 32 0 0 8 0 0
fn=PyLong_AsDouble
0 1137663 54613 8 385520 14232 0 173863 8979 0
fn=PyLong_AsDouble.cold
0 29293 19529 1 0 0 0 0 0 0
fn=PyLong_AsLong
0 226376 942 6 60948 243 0 17414 2 0
fn=PyLong_AsLong.warm
0 72 5 5 9 1 0 6 0 0
fn=PyLong_AsLongAndOverflow
0 9500 846 2 3000 0 0 2000 0 0
fn=PyLong_AsLongAndOverflow.cold
0 19000 846 2 1000 0 0 0 0 0
fn=PyLong_AsSsize_t
0 49680 3524 2 15525 591 0 0 0 0
fn=PyLong_AsUnsignedLong
0 42256 109 3 12421 355 0 224 0 0
fn=PyLong_FromDouble
0 40898 1042 11 12027 19 0 9711 7 0
fn=PyLong_FromLong
0 112228 2210 6 21967 62 0 19783 247 0
fn=PyLong_FromLongLong
0 93911 2063 5 14963 0 0 19775 264 1
fn=PyLong_FromSsize_t
0 324 13 4 57 1 0 62 0 0
fn=PyLong_FromString
0 266696 1748 33 38912 356 2 10021 42 0
fn=PyLong_FromString.warm
0 179 27 2 1 1 1 4 3 2
fn=PyLong_FromUnicodeObject
0 6994 65 2 1448 0 0 1547 4 0
fn=PyLong_FromUnsignedLongLong
0 39812 1291 4 8608 0 0 8608 179 0
fn=PyLong_GetInfo
0 47 4 4 13 0 0 18 0 0
fn=PyMapping_GetItemString
0 29 2 2 6 0 0 7 0 0
fn=PyMarshal_Init
0 21 2 2 7 1 1 6 0 0
fn=PyMarshal_ReadObjectFromString
0 53 4 4 15 1 0 18 0 0
fn=PyMem_Malloc
0 6 1 1 2 0 0 0 0 0
fn=PyMem_RawFree
0 9580 3 2 4790 8 0 0 0 0
fn=PyMem_RawMalloc
0 14346 4 1 4782 0 0 0 0 0
fn=PyMem_SetAllocator
0 27 2 2 8 0 0 8 0 0
fn=PyMember_GetOne
0 98075 2820 8 28695 1543 2 6500 48 0
fn=PyMember_GetOne.warm
0 399 133 1 266 0 0 0 0 0
fn=PyMember_SetOne
0 15650 269 5 5083 193 3 2691 0 0
fn=PyMember_SetOne.warm
0 18 2 1 3 0 0 3 1 0
fn=PyMemoryView_FromBuffer
0 550 32 6 165 0 0 209 6 1
fn=PyMemoryView_FromObjectAndFlags.llvm.10799086579308954786
0 7440 480 4 1920 120 0 1680 0 0
fn=PyMethod_New
0 1816 108 6 529 6 0 482 3 0
fn=PyMethod_New.cold
0 46 18 1 0 0 0 0 0 0
fn=PyModuleDef_Init
0 520 40 2 160 23 20 160 0 0
fn=PyModule_AddIntConstant
0 10572 11 0 2460 3 0 2540 0 0
fn=PyModule_AddObject
0 195 9 1 45 0 0 45 0 0
fn=PyModule_AddObjectRef
0 35000 206 2 11000 48 0 7000 0 0
fn=PyModule_AddStringConstant
0 96 6 2 20 0 0 24 0 0
fn=PyModule_AddType
0 923 47 3 228 14 10 160 0 0
fn=PyModule_Create2
0 36 2 1 10 1 0 6 0 0
fn=PyModule_ExecDef
0 2494 191 4 794 104 0 370 0 0
fn=PyModule_FromDefAndSpec2
0 5207 320 8 1065 176 84 698 0 0
fn=PyModule_FromDefAndSpec2.cold
0 80 40 1 0 0 0 0 0 0
fn=PyModule_GetDef
0 14 4 0 8 0 0 2 0 0
fn=PyModule_GetDict
0 7 1 1 4 0 0 1 0 0
fn=PyModule_GetFilenameObject
0 38 3 3 10 1 0 7 0 0
fn=PyModule_GetNameObject
0 1052 92 2 423 1 0 103 0 0
fn=PyModule_GetState
0 245 18 3 140 4 0 35 0 0
fn=PyModule_NewObject
0 3012 201 5 739 1 0 957 13 0
fn=PyNumber_Add
0 305068 14304 11 84880 4886 4 34065 1 0
fn=PyNumber_Add.warm
0 2004 503 1 0 0 0 0 0 0
fn=PyNumber_And
0 84965 1003 2 22689 356 0 15033 0 0
fn=PyNumber_And.warm
0 2646 225 3 574 313 0 93 0 0
fn=PyNumber_AsOff_t
0 2620 131 1 655 0 0 655 0 0
fn=PyNumber_AsSsize_t
0 175260 2375 6 52664 189 0 21798 1 0
fn=PyNumber_FloorDivide
0 206 9 4 54 6 1 36 0 0
fn=PyNumber_InPlaceAdd
0 139492 9939 1 39152 0 0 40136 81 0
fn=PyNumber_InPlaceAdd.warm
0 4332 261 2 1854 293 0 0 0 0
fn=PyNumber_InPlaceAnd
0 264 13 1 0 0 0 0 0 0
fn=PyNumber_InPlaceLshift
0 3362 60 2 984 61 0 492 0 0
fn=PyNumber_InPlaceOr
0 640 124 1 0 0 0 0 0 0
fn=PyNumber_InPlaceSubtract
0 16 4 0 0 0 0 0 0 0
fn=PyNumber_InPlaceXor
0 36 4 0 0 0 0 0 0 0
fn=PyNumber_Index
0 13150 405 4 4374 11 0 2215 0 0
fn=PyNumber_Lshift
0 102 6 2 27 4 0 18 0 0
fn=PyNumber_Multiply
0 1573708 56567 12 363063 54124 1 162223 0 0
fn=PyNumber_Or
0 8170 233 3 2156 52 2 1428 0 0
fn=PyNumber_Or.warm
0 10 2 1 1 1 0 1 0 0
fn=PyNumber_Remainder
0 16983 96 3 4330 48 0 1842 0 0
fn=PyNumber_Rshift
0 884 52 2 234 3 0 156 0 0
fn=PyNumber_Subtract
0 210 41 1 0 0 0 0 0 0
fn=PyNumber_ToBase
0 6400 2 2 1536 0 0 1536 0 0
fn=PyNumber_TrueDivide
0 3069515 44238 5 804045 23636 4 485682 0 0
fn=PyNumber_TrueDivide.warm
0 97680 9767 1 9768 3 1 9768 0 0
fn=PyNumber_Xor
0 102 34 0 0 0 0 0 0 0
fn=PyOS_FSPath
0 12640 138 0 5914 3 0 3348 0 0
fn=PyOS_FSPath.warm
0 25 3 2 5 0 0 4 0 0
fn=PyOS_double_to_string
0 95182 7654 37 17591 1010 5 16448 4 0
fn=PyOS_setsig
0 17 1 1 3 0 0 5 0 0
fn=PyOS_snprintf
0 58 3 3 6 0 0 20 0 0
fn=PyOS_string_to_double
0 609 29 6 151 10 0 103 5 0
fn=PyOS_string_to_double.warm
0 16 12 2 0 0 0 0 0 0
fn=PyObject_Bytes
0 4706 134 1 1532 0 0 766 0 0
fn=PyObject_Call
0 34526 2020 3 12985 896 0 6110 8 0
fn=PyObject_CallFunction
0 7634 581 2 694 20 0 2776 75 0
fn=PyObject_CallFunctionObjArgs
0 6314 271 2 574 47 0 2583 46 0
fn=PyObject_CallMethod
0 3625 205 5 722 48 0 829 0 0
fn=PyObject_CallMethodObjArgs
0 10481 865 3 1784 296 3 2899 3 0
fn=PyObject_CallOneArg
0 170793 8112 15 61654 2297 16 38095 155 0
fn=PyObject_CallOneArg.warm
0 1275 124 5 275 0 0 175 0 0
fn=PyObject_ClearWeakRefs
0 26843 30 10 11191 582 2 5987 0 0
fn=PyObject_DelItem
0 360 4 1 96 0 0 24 0 0
fn=PyObject_Dir
0 142 8 4 38 7 0 22 0 0
fn=PyObject_Free
0 1198865 52 0 479546 6 0 0 0 0
fn=PyObject_GC_Del
0 1073960 37852 5 365304 1880 9 34687 0 0
fn=PyObject_GC_Track
0 7500 1000 2 3500 0 0 2000 0 0
fn=PyObject_GC_UnTrack
0 39 1 1 15 4 0 9 3 0
fn=PyObject_GenericGetAttr
0 98652531 160551 49 33057949 1395964 333 11134788 3779 10
fn=PyObject_GenericGetAttr.warm
0 6202 239 14 1538 89 0 574 0 0
fn=PyObject_GenericGetDict
0 7626 392 5 2459 10 0 1560 12 0
fn=PyObject_GenericSetAttr
0 32140412 62065 45 10258392 191027 80 3457296 11703 19
fn=PyObject_GenericSetAttr.warm
0 1639 73 1 298 0 0 447 0 0
fn=PyObject_GetAttr
0 97656 2368 9 37206 711 9 18564 6 0
fn=PyObject_GetAttr.warm
0 345 22 1 23 0 0 46 0 0
fn=PyObject_GetAttrString
0 910 24 2 210 11 0 210 0 0
fn=PyObject_GetItem
0 34559 476 2 9714 285 0 4857 0 0
fn=PyObject_GetIter
0 196224 21238 5 73584 3907 4 24528 0 0
fn=PyObject_Hash
0 99 5 1 36 6 0 27 0 0
fn=PyObject_IS_GC
0 5 0 0 3 0 0 0 0 0
fn=PyObject_IsTrue
0 62 4 1 11 0 0 0 0 0
fn=PyObject_LengthHint
0 28669 1810 10 8969 962 9 4976 3 0
fn=PyObject_Repr
0 25264 185 4 8676 60 4 3374 1 0
fn=PyObject_RichCompare
0 2127767 21774 4 643530 0 0 346514 0 0
fn=PyObject_RichCompareBool
0 2970108 33771 15 796347 3214 0 373379 276 0
fn=PyObject_SelfIter
0 13110 438 1 4370 0 0 2185 0 0
fn=PyObject_SetAttr
0 135455 2153 8 47490 1137 3 27579 5 0
fn=PyObject_SetAttr.warm
0 66 6 1 18 0 0 12 0 0
fn=PyObject_SetAttrString
0 102 2 2 30 0 0 21 0 0
fn=PyObject_SetItem
0 8760 112 2 2190 60 4 1314 0 0
fn=PyObject_Str
0 385597 22676 6 109890 28 0 66379 6 0
fn=PyObject_Type
0 7 2 2 3 1 0 0 0 0
fn=PyObject_Vectorcall
0 3816 174 7 1567 169 1 838 4 0
fn=PyObject_VectorcallDict
0 18 3 1 3 0 0 0 0 0
fn=PyObject_VectorcallMethod
0 42 4 3 10 0 0 9 0 0
fn=PyRun_StringFlags
0 6072 436 4 1686 395 0 1262 0 0
fn=PySeqIter_New
0 280 24 3 96 0 0 72 0 0
fn=PySequence_Concat
0 666 29 1 185 56 0 111 0 0
fn=PySequence_DelItem
0 2223 186 2 702 193 0 351 0 0
fn=PySequence_Fast
0 60292 864 2 10002 6 0 6619 0 0
fn=PySequence_Fast.warm
0 9030 430 11 2517 237 1 1889 33 0
fn=PySequence_List
0 6114 512 4 1858 132 0 1594 52 0
fn=PySequence_Tuple
0 33436 1775 6 10468 169 0 9412 1 0
fn=PySet_Add
0 89691 1024 14 21245 149 0 12217 7 0
fn=PySet_Clear
0 3234 125 5 707 38 1 756 5 0
fn=PySet_Contains
0 102218 397 7 27999 46 1 12054 0 0
fn=PySet_Discard
0 19601 77 2 6125 1 0 2452 1 0
fn=PySet_Discard.warm
0 60 2 1 5 2 0 5 0 0
fn=PySlice_New
0 663 31 3 221 5 0 182 3 0
fn=PySlice_Unpack
0 175466 4562 17 53857 950 0 20387 72 0
fn=PyStructSequence_New
0 29888 1447 3 4784 571 0 5980 0 0
fn=PyStructSequence_New.warm
0 84 10 2 36 2 0 0 0 0
fn=PySymtable_Lookup
0 12537 441 5 2985 45 0 2786 11 0
fn=PySys_Audit
0 24477 1881 4 7164 1093 0 7761 144 0
fn=PyThreadState_Clear
0 57 4 3 22 2 2 5 0 0
fn=PyThread_GetInfo
0 44 3 3 4 0 0 10 0 0
fn=PyThread_acquire_lock_timed
0 76723 2253 12 9921 0 0 9921 196 0
fn=PyThread_allocate_lock
0 9216 640 2 2560 7 1 1536 0 0
fn=PyThread_allocate_lock.warm
0 13 2 2 1 1 1 5 0 0
fn=PyTuple_GetSlice
0 6464 405 6 1975 28 0 1182 1 0
fn=PyTuple_New
0 1182726 12876 13 330810 10428 2 232922 2984 1566
fn=PyTuple_Pack
0 206120 6267 21 57099 3575 143 56822 251 0
fn=PyType_FromModuleAndSpec
0 24 3 0 0 0 0 0 0 0
fn=PyType_GenericAlloc
0 3341723 107092 20 1021911 19178 25 687636 692 32
fn=PyType_GenericAlloc.warm
0 45 15 1 0 0 0 30 0 0
fn=PyType_GenericNew
0 2199 45 0 733 101 0 0 0 0
fn=PyType_GetModuleByDef
0 8048 1006 2 4024 2005 0 503 0 0
fn=PyType_GetSlot
0 24 1 1 8 2 0 0 0 0
fn=PyType_IsSubtype
0 76 4 1 20 3 0 0 0 0
fn=PyType_Modified
0 36393 2506 10 12366 1748 99 5578 380 58
fn=PyUnicode_Append
0 5608 340 8 1070 4 0 489 0 0
fn=PyUnicode_AsEncodedString
0 12834 223 13 2228 211 0 958 0 0
fn=PyUnicode_AsEncodedString.warm
0 18 2 1 8 0 0 0 0 0
fn=PyUnicode_AsUTF8AndSize
0 95284 2756 6 28684 731 1 16896 147 0
fn=PyUnicode_AsUTF8AndSize.warm
0 71 7 7 12 1 0 9 1 0
fn=PyUnicode_AsWideCharString
0 25802 211 6 8446 50 0 7816 229 45
fn=PyUnicode_Compare
0 7320 480 4 1320 131 0 480 0 0
fn=PyUnicode_Concat
0 469490 6352 21 76902 524 2 59099 542 28
fn=PyUnicode_Contains
0 219722 863 5 45823 126 0 11059 0 0
fn=PyUnicode_Contains.warm
0 23 4 3 0 0 0 1 0 0
fn=PyUnicode_Decode
0 3755 112 11 655 67 0 347 2 0
fn=PyUnicode_DecodeASCII
0 4276 15 11 590 0 0 588 0 0
fn=PyUnicode_DecodeFSDefault
0 7 1 1 1 0 0 2 0 0
fn=PyUnicode_DecodeFSDefaultAndSize
0 109624 179 7 19915 3 1 13712 114 14
fn=PyUnicode_DecodeUTF8
0 812627 1361 8 135819 30 14 158465 1479 30
fn=PyUnicode_DecodeUTF8.warm
0 22597 116 21 1520 119 3 3458 155 0
fn=PyUnicode_DecodeUTF8Stateful
0 136371 2521 18 20235 12 2 22015 487 22
fn=PyUnicode_DecodeUTF8Stateful.cold
0 2 1 1 0 0 0 0 0 0
fn=PyUnicode_DecodeUTF8Stateful.warm
0 22329 23 23 863 95 28 4514 161 160
fn=PyUnicode_FSConverter
0 6175 396 4 1834 2 0 1313 0 0
fn=PyUnicode_FSDecoder
0 581 21 3 112 7 0 35 1 0
fn=PyUnicode_FindChar
0 2320 50 5 370 0 0 214 0 0
fn=PyUnicode_Format
0 95757 840 43 17915 114 3 13974 5 0
fn=PyUnicode_Format.warm
0 935 7 7 141 0 0 171 0 0
fn=PyUnicode_FromEncodedObject
0 69 0 0 18 1 0 9 0 0
fn=PyUnicode_FromFormat
0 1080 109 2 60 0 0 540 2 0
fn=PyUnicode_FromFormatV
0 164844 3234 34 24710 637 7 8877 632 0
fn=PyUnicode_FromFormatV.cold
0 448 203 2 0 0 0 0 0 0
fn=PyUnicode_FromKindAndData
0 1952 3 1 0 0 0 890 0 0
fn=PyUnicode_FromKindAndData.warm
0 2063 9 6 922 0 0 26 0 0
fn=PyUnicode_FromOrdinal
0 17 1 1 4 0 0 3 0 0
fn=PyUnicode_FromString
0 1402874 13608 23 197130 128 1 207168 2677 650
fn=PyUnicode_FromString.warm
0 300 11 11 38 0 0 30 0 0
fn=PyUnicode_FromWideChar
0 122037 705 7 21724 0 0 11997 7 2
fn=PyUnicode_FromWideChar.warm
0 96 2 1 40 0 0 0 0 0
fn=PyUnicode_GetLength
0 30 3 1 24 0 0 0 0 0
fn=PyUnicode_InternFromString
0 1272 8 1 530 0 0 424 0 0
fn=PyUnicode_New
0 163950 2970 12 30029 8 0 38214 1833 167
fn=PyUnicode_Partition
0 9860 466 10 2686 19 0 1296 0 0
fn=PyUnicode_READ_CHAR
0 108 6 2 18 2 0 0 0 0
fn=PyUnicode_RPartition
0 129606 4513 8 27861 756 0 14103 9 0
fn=PyUnicode_RichCompare
0 299986 1455 10 82707 2163 3 25417 2 0
fn=PyUnicode_Splitlines
0 7502 64 8 1542 24 3 164 3 0
fn=PyUnicode_Substring
0 203947 3136 7 41850 36 0 35470 328 8
fn=PyWeakref_NewRef
0 112984 3312 15 25288 982 142 22995 197 11
fn=Py_BuildValue
0 12732 375 5 1964 355 11 1836 0 0
fn=Py_CompileStringObject
0 658 35 5 140 8 0 140 0 0
fn=Py_DecodeLocale
0 608 10 2 156 5 0 108 0 0
fn=Py_FinalizeEx
0 101 12 10 28 9 6 39 4 1
fn=Py_GenericAlias
0 286 18 3 73 3 0 66 0 0
fn=Py_InitializeFromConfig
0 230 22 19 42 7 2 71 5 1
fn=Py_RunMain
0 138 14 13 42 9 4 31 2 1
fn=Py_XDECREF
0 9 3 1 3 0 0 0 0 0
fn=StopIteration_dealloc
0 13581 1005 1 4527 0 0 3018 0 0
fn=StopIteration_init
0 15593 1005 2 5030 0 0 2515 0 0
fn=StopIteration_traverse
0 40 1 1 8 0 0 8 0 0
fn=Struct___init__
0 6006 18 18 959 18 1 214 15 0
fn=_PyAST_Fini
0 2266 201 201 551 267 70 432 0 0
fn=_PyAST_FunctionDef
0 4802 144 5 1822 0 0 1826 123 14
fn=_PyAST_FunctionDef.warm
0 62 6 3 8 0 0 16 0 0
fn=_PyAST_Optimize
0 2868 157 2 902 0 0 656 0 0
fn=_PyArena_AddPyObject
0 37579 403 6 11671 21 0 6268 117 3
fn=_PyArena_New
0 4756 335 4 1394 18 0 1640 38 1
fn=_PyArg_ParseTupleAndKeywords_SizeT
0 5713 436 3 683 9 0 1242 51 0
fn=_PyArg_ParseTuple_SizeT
0 109475 1005 4 17516 121 0 35032 250 2
fn=_PyArg_UnpackKeywords
0 7248 419 22 1535 58 5 911 12 0
fn=_PyArg_UnpackKeywordsWithVararg
0 2079 86 22 416 7 1 324 0 0
fn=_PyArg_UnpackKeywordsWithVararg.warm
0 1051 24 5 183 0 0 87 0 0
fn=_PyArg_UnpackStack
0 20510 729 9 2930 0 0 3516 54 0
fn=_PyArg_UnpackStack.warm
0 4088 286 1 1168 0 0 584 0 0
fn=_PyArgv_AsWstrList
0 292 3 3 88 4 1 80 0 0
fn=_PyAssemble_MakeCodeObject
0 680752 9255 78 143013 678 0 52245 442 22
fn=_PyAssemble_MakeCodeObject.warm
0 36 6 2 0 0 0 3 0 0
fn=_PyBuiltin_Init
0 640 44 43 169 1 0 134 0 0
fn=_PyBuiltins_AddExceptions
0 1522 7 6 479 20 0 280 2 0
fn=_PyBytesWriter_Finish
0 1286 98 8 244 23 0 236 1 0
fn=_PyBytesWriter_Finish.warm
0 28 4 4 8 0 0 6 0 0
fn=_PyBytesWriter_Resize
0 156 12 8 45 3 1 42 2 1
fn=_PyBytes_Resize
0 47732 1004 7 14336 204 0 10670 108 3
fn=_PyCfgBuilder_UseLabel
0 6636 258 2 1979 0 0 1679 0 0
fn=_PyCfg_OptimizeCodeUnit
0 971076 15129 126 217171 292 4 51106 107 0
fn=_PyCfg_ResolveJumps
0 193488 1589 11 35737 228 3 5494 0 0
fn=_PyCfg_Stackdepth
0 138963 1262 11 35495 0 0 13076 0 0
fn=_PyCode_ConstantKey
0 117036 753 6 16504 255 0 14432 5 0
fn=_PyCode_ConstantKey.warm
0 12020 168 12 1532 185 0 712 0 0
fn=_PyCode_GetVarnames
0 914 24 11 282 69 0 86 1 0
fn=_PyCode_New
0 7319122 5682 20 1159857 5047 0 302987 12528 7766
fn=_PyCode_New.warm
0 2387 96 1 0 0 0 32 0 0
fn=_PyCode_Validate
0 563272 2363 9 199653 1159 0 4629 0 0
fn=_PyCodecInfo_GetIncrementalDecoder
0 129 9 6 24 3 1 24 0 0
fn=_PyCodecInfo_GetIncrementalEncoder
0 86 6 2 16 1 0 16 0 0
fn=_PyCodecRegistry_Init.llvm.3917056810285595903
0 478 13 12 134 1 0 84 2 0
fn=_PyCodec_DecodeInternal.llvm.3917056810285595903
0 568 32 4 152 8 0 120 0 0
fn=_PyCodec_Lookup
0 3072 92 12 594 47 1 334 0 0
fn=_PyCodec_Lookup.warm
0 110 10 5 40 8 0 7 0 0
fn=_PyCodec_LookupTextEncoding
0 494 40 6 104 1 0 91 0 0
fn=_PyCompile_ConstCacheMergeOne
0 45071 394 3 9709 33 0 9938 0 0
fn=_PyCompile_EnsureArrayLargeEnough
0 1273 42 1 536 0 0 402 0 0
fn=_PyConfig_AsDict
0 1236 82 82 238 8 0 191 1 0
fn=_PyConfig_Copy
0 939 66 42 270 7 0 228 3 0
fn=_PyConfig_FromDict
0 562 39 39 51 0 0 70 1 0
fn=_PyConfig_InitPathConfig
0 1189 41 37 240 11 0 184 7 0
fn=_PyConfig_Read
0 821 67 67 280 6 6 158 0 0
fn=_PyConfig_Read.cold
0 4 2 2 0 0 0 0 0 0
fn=_PyConfig_Write
0 153 11 11 37 0 0 42 1 1
fn=_PyContext_Init
0 51 4 4 17 3 0 9 1 0
fn=_PyDictKeys_StringLookup
0 249907 2800 5 69356 5815 30 27954 32 0
fn=_PyDictKeys_StringLookup.warm
0 76 3 3 14 0 0 8 0 0
fn=_PyDictView_New
0 248 8 3 80 1 0 64 0 0
fn=_PyDict_DelItemIf
0 17415 1075 5 4300 1 0 2795 0 0
fn=_PyDict_DelItem_KnownHash
0 115996 2234 6 35324 451 0 25252 23 0
fn=_PyDict_DelItem_KnownHash.warm
0 432 8 2 48 0 0 72 0 0
fn=_PyDict_Fini
0 14850 12 3 5620 776 33 1605 0 0
fn=_PyDict_FromItems
0 112549 7051 5 26842 3459 1 21166 1116 0
fn=_PyDict_FromItems.warm
0 1840 118 9 300 6 0 520 12 0
fn=_PyDict_FromKeys
0 11812 437 6 3196 84 0 1766 0 0
fn=_PyDict_GetItem_KnownHash
0 1378736 10404 27 386985 25556 211 171122 590 1
fn=_PyDict_GetItem_KnownHash.warm
0 5213 283 7 909 134 0 200 2 0
fn=_PyDict_Pop_KnownHash
0 15030 915 4 3984 57 0 2981 0 0
fn=_PyDict_SetItem_KnownHash
0 2980 128 2 1043 21 0 149 0 0
fn=_PyDict_SetItem_KnownHash.cold
0 102 43 1 0 0 0 51 0 0
fn=_PyDict_SetItem_Take2
0 258428 752 71 74275 528 6 31190 65 7
fn=_PyDict_SetItem_Take2.warm
0 3 2 2 1 0 0 0 0 0
fn=_PyErr_ChainStackItem
0 775 50 5 310 0 0 217 0 0
fn=_PyErr_Clear
0 364 17 1 112 1 1 56 0 0
fn=_PyErr_SetImportErrorSubclassWithNameFrom.llvm.13280232741218167654
0 144 10 10 37 2 0 33 1 0
fn=_PyErr_SetObject
0 215282 10130 17 55395 4427 6 22444 30 1
fn=_PyEvalFramePushAndInit.llvm.14798314073197351364
0 107370 3737 22 27907 1269 4 16207 217 3
fn=_PyEval_EvalFrameDefault
0 531603019 3970135 1554 159259161 6479961 7301 73524188 451344 22597
fn=_PyEval_EvalFrameDefault.cold
0 62818 7289 7 23035 1 0 19459 0 0
fn=_PyEval_EvalFrameDefault.warm
0 1151557 75203 265 488535 3239 6 264721 19 1
fn=_PyEval_GetFrameLocals
0 108 12 2 48 0 0 6 0 0
fn=_PyEval_SliceIndex
0 21123 481 3 6633 31 0 2856 30 0
fn=_PyEval_Vector
0 76919 3511 6 19299 915 0 16229 433 2
fn=_PyEval_Vector.warm
0 34 3 3 7 1 0 8 1 1
fn=_PyExc_InitGlobalObjects
0 287 16 16 84 0 0 67 2 0
fn=_PyExc_InitState
0 205 17 17 65 3 3 33 0 0
fn=_PyFaulthandler_Fini
0 19 3 3 8 1 1 4 0 0
fn=_PyFaulthandler_Init
0 21 3 3 3 0 0 12 2 2
fn=_PyFloat_FormatAdvancedWriter
0 17886 1506 6 2168 0 0 2710 2 0
fn=_PyFrame_ClearExceptCode
0 21969885 54726 11 6449953 103736 33 1899573 1509 0
fn=_PyFrame_ClearExceptCode.warm
0 24 4 1 8 0 0 4 0 0
fn=_PyFrame_GetLocals
0 3334 158 11 1044 72 0 454 6 0
fn=_PyFrame_LocalsToFast
0 498 40 2 240 20 0 158 0 0
fn=_PyFrame_LocalsToFast.warm
0 72 4 2 22 2 0 2 0 0
fn=_PyFrame_New_NoTrack
0 1178 114 7 323 2 0 266 14 5
fn=_PyFunction_FromConstructor
0 18420 1278 6 5326 385 1 5639 268 24
fn=_PyFunction_FromConstructor.warm
0 32 7 0 0 0 0 16 0 0
fn=_PyFunction_Vectorcall
0 6628983 176904 27 1582221 97386 48 1102818 3689 23
fn=_PyFunction_Vectorcall.warm
0 21778 2710 4 6295 291 0 6802 266 0
fn=_PyFuture_FromAST
0 2412 164 2 866 10 0 542 0 0
fn=_PyGC_DumpShutdownStats
0 18 2 2 7 2 0 3 0 0
fn=_PyGC_Fini
0 60 5 5 22 6 1 15 2 0
fn=_PyGC_Init
0 68 5 5 18 4 1 21 1 1
fn=_PyGen_Finalize
0 150282 11105 5 43032 31 3 21516 0 0
fn=_PyGen_Finalize.cold
0 66 28 3 0 0 0 0 0 0
fn=_PyGen_Finalize.warm
0 6 2 1 2 0 0 0 0 0
fn=_PyIOBase_check_readable
0 6681 393 3 1179 0 0 1048 0 0
fn=_PyIOBase_check_writable
0 102 8 4 18 0 0 16 0 0
fn=_PyIO_find_line_ending
0 32875 7 7 8089 352 0 1384 0 0
fn=_PyImport_AcquireLock
0 32352 511 1 8088 582 0 8088 10 0
fn=_PyImport_AcquireLock.warm
0 5 1 1 0 0 0 2 0 0
fn=_PyImport_ClearCore
0 61 2 2 19 5 0 10 0 0
fn=_PyImport_ClearModulesByIndex
0 1286 4 4 384 22 4 10 0 0
fn=_PyImport_Fini
0 232 7 7 78 12 8 32 0 0
fn=_PyImport_Fini2
0 31 4 4 12 1 1 14 1 0
fn=_PyImport_FiniCore
0 32 3 3 7 3 1 8 0 0
fn=_PyImport_FixupBuiltin
0 84 4 2 16 0 0 16 0 0
fn=_PyImport_FixupExtensionObject
0 60 4 2 10 0 0 14 0 0
fn=_PyImport_GetBuiltinModuleNames
0 1938 3 3 214 27 0 310 0 0
fn=_PyImport_GetModuleAttrString
0 6283 394 3 1177 117 0 1440 0 0
fn=_PyImport_Init
0 371 6 6 120 28 27 23 0 0
fn=_PyImport_InitCore
0 173 13 10 35 4 0 35 1 0
fn=_PyImport_InitExternal
0 67 6 4 14 4 0 13 1 0
fn=_PyIncrementalNewlineDecoder_decode
0 393 34 19 84 5 0 52 1 0
fn=_PyIncrementalNewlineDecoder_decode.cold
0 196 4 2 46 0 0 0 0 0
fn=_PyLong_Add
0 201633 4537 19 35502 4 0 26159 167 2
fn=_PyLong_AsByteArray
0 178 12 12 18 0 0 20 0 0
fn=_PyLong_AsInt
0 7343 620 3 1802 7 0 905 0 0
fn=_PyLong_Format
0 48950 23 10 5466 5 0 5438 4 0
fn=_PyLong_Format.warm
0 10 2 1 0 0 0 2 0 0
fn=_PyLong_FormatAdvancedWriter
0 5216 13 11 1120 3 0 928 0 0
fn=_PyLong_FormatAdvancedWriter.warm
0 192 2 2 64 0 0 0 0 0
fn=_PyLong_Frexp
0 3573746 82941 9 615153 46353 1 380809 3 0
fn=_PyLong_FromByteArray
0 59275 1562 11 6503 0 0 4866 1 0
fn=_PyLong_FromBytes
0 4600 20 1 1000 0 0 1000 0 0
fn=_PyLong_FromSTwoDigits.llvm.16785204152912487848
0 2119 201 6 458 0 0 380 3 0
fn=_PyLong_New
0 47154 1176 3 9756 5 0 9756 75 0
fn=_PyLong_Subtract
0 1372 80 7 374 0 0 230 0 0
fn=_PyMem_ArenaAlloc
0 196 14 1 28 0 0 28 0 0
fn=_PyMem_ArenaFree
0 18 2 1 0 0 0 0 0 0
fn=_PyMem_RawCalloc
0 8274 2 1 0 0 0 0 0 0
fn=_PyMem_RawFree
0 21344 499 1 0 0 0 0 0 0
fn=_PyMem_RawMalloc
0 37528 2595 2 0 0 0 0 0 0
fn=_PyMem_RawRealloc
0 26885 3414 3 0 0 0 0 0 0
fn=_PyMem_RawWcsdup
0 42 4 2 8 0 0 10 0 0
fn=_PyMem_SetDefaultAllocator
0 36 3 3 8 0 0 13 1 0
fn=_PyModuleSpec_IsInitializing
0 29 2 2 4 0 0 2 0 0
fn=_PyModule_Add
0 78 2 1 18 0 0 18 0 0
fn=_PyModule_ClearDict
0 348855 11 11 82778 5535 681 3312 2 0
fn=_PyModule_CreateInitialized
0 479 28 6 99 18 11 97 1 0
fn=_PyModule_CreateInitialized.cold
0 10 4 1 0 0 0 0 0 0
fn=_PyNamespace_New
0 137 12 4 34 3 0 41 0 0
fn=_PyNumber_Index
0 31373 1676 2 10369 153 0 266 0 0
fn=_PyNumber_PowerNoMod
0 62150 2099 3 15280 551 0 6168 0 0
fn=_PyODict_SetItem_KnownHash
0 4480 16 4 1232 0 0 1320 13 0
fn=_PyOS_GetOpt
0 222 5 5 51 1 1 48 0 0
fn=_PyObjectDict_SetItem
0 20421 1062 3 7565 189 0 3790 0 0
fn=_PyObject_Call
0 72 6 6 27 3 1 15 0 0
fn=_PyObject_CallFunctionVa.llvm.18397689215175225355
0 99056 2176 13 21097 1753 10 14649 85 0
fn=_PyObject_CallFunctionVa.llvm.18397689215175225355.warm
0 426 89 2 265 0 0 134 0 0
fn=_PyObject_CallFunction_SizeT
0 8756 271 2 796 23 0 3184 1 0
fn=_PyObject_CallMethod
0 270 15 4 48 2 0 72 0 0
fn=_PyObject_CallMethod_SizeT
0 70 5 5 14 2 0 16 0 0
fn=_PyObject_CallNoArgs.llvm.6655508213601744725
0 26 3 2 9 1 0 4 0 0
fn=_PyObject_Call_Prepend
0 7980 291 3 2100 96 0 1540 6 0
fn=_PyObject_Calloc
0 507766 4273 11 177076 8582 0 92710 1778 1639
fn=_PyObject_ClearManagedDict
0 11559 35 29 3740 450 17 1712 0 0
fn=_PyObject_FastCallDictTstate
0 71402 2331 3 22235 897 0 12829 24 0
fn=_PyObject_FastCallDictTstate.warm
0 2689 110 8 675 20 0 378 18 0
fn=_PyObject_Free
0 42822184 6651 15 9683791 318335 409 4938576 7939 459
fn=_PyObject_Free.warm
0 794 28 11 202 6 2 236 43 1
fn=_PyObject_GC_New
0 466100 8459 8 140193 7506 36 82827 925 208
fn=_PyObject_GC_NewVar
0 120226 5513 15 32474 1054 3 22559 595 48
fn=_PyObject_GenericGetAttrWithDict
0 275752 5580 18 89571 4738 15 31960 159 0
fn=_PyObject_GenericSetAttrWithDict
0 66407 2624 6 18737 551 0 10157 30 0
fn=_PyObject_GetInstanceAttribute
0 3295 142 4 1068 94 0 419 0 0
fn=_PyObject_GetMethod
0 251407 4503 44 83654 7043 58 34700 139 0
fn=_PyObject_GetMethod.warm
0 6747 275 20 1676 161 7 994 35 0
fn=_PyObject_IsAbstract
0 20812 174 2 3636 17 0 2998 0 0
fn=_PyObject_LookupAttr
0 1027564 25512 52 336482 21252 28 127189 1063 4
fn=_PyObject_LookupAttr.cold
0 164 4 4 40 1 0 24 0 0
fn=_PyObject_LookupAttr.warm
0 402 25 3 48 3 0 126 0 0
fn=_PyObject_LookupSpecial
0 322403 5581 20 113152 8736 11 36680 116 0
fn=_PyObject_MakeTpCall
0 115012 7576 12 34072 2380 2 22042 40 0
fn=_PyObject_MakeTpCall.warm
0 4366 345 7 1058 6 0 696 18 0
fn=_PyObject_Malloc
0 33369521 7596 13 13436668 325368 62 6812696 250014 146050
fn=_PyObject_Malloc.warm
0 1212 93 13 286 26 9 289 28 14
fn=_PyObject_Realloc
0 8519529 117555 32 2517887 115112 6 1192339 22164 7551
fn=_PyObject_Realloc.cold
0 192 16 8 48 6 0 46 3 1
fn=_PyObject_Realloc.warm
0 4186 406 11 670 217 0 1233 136 125
fn=_PyObject_StoreInstanceAttribute
0 25184518 111579 21 7390252 129397 4 4262855 2329 6
fn=_PyObject_StoreInstanceAttribute.warm
0 379 24 1 62 0 0 0 0 0
fn=_PyObject_VectorcallTstate.llvm.18397689215175225355
0 130867 3218 10 34966 2947 11 20213 15 0
fn=_PyPathConfig_ClearGlobal
0 59 8 8 33 1 1 28 1 0
fn=_PyPathConfig_ComputeSysPath0
0 34 2 2 7 3 0 8 2 1
fn=_PyPathConfig_ReadGlobal
0 74 4 2 24 4 2 12 2 0
fn=_PyPathConfig_UpdateGlobal
0 524 42 20 158 5 0 136 2 0
fn=_PyPegen_Parser_Free
0 68274 246 2 42538 508 0 8688 0 0
fn=_PyPegen_Parser_New
0 6232 410 5 1558 0 0 2706 97 10
fn=_PyPegen_check_fstring_conversion
0 3434 44 2 1717 0 0 808 17 0
fn=_PyPegen_collect_call_seqs
0 5502 326 3 1998 0 0 1877 97 16
fn=_PyPegen_collect_call_seqs.warm
0 52 4 2 4 0 0 12 1 0
fn=_PyPegen_concatenate_strings
0 18123 463 24 4876 0 0 1866 16 0
fn=_PyPegen_constant_from_string
0 7280 69 5 2660 0 0 1680 105 8
fn=_PyPegen_constant_from_token
0 5224 67 4 1880 0 0 1228 74 0
fn=_PyPegen_constant_from_token.warm
0 126 14 2 14 0 0 42 0 0
fn=_PyPegen_decode_string
0 1747 54 0 0 0 0 0 0 0
fn=_PyPegen_decode_string.warm
0 5188 16 8 402 2 0 398 9 4
fn=_PyPegen_empty_arguments
0 3562 234 12 1352 0 0 936 69 0
fn=_PyPegen_expect_soft_keyword
0 7644 362 4 3072 0 0 893 0 0
fn=_PyPegen_expect_token
0 2463935 1486 11 1259572 1886 10 592001 1941 44
fn=_PyPegen_expect_token.warm
0 77085 631 5 31640 0 0 11985 373 36
fn=_PyPegen_fill_token
0 322017 2743 14 103822 950 11 57570 1164 26
fn=_PyPegen_formatted_value
0 7777 209 5 2323 0 0 1717 82 0
fn=_PyPegen_joined_str
0 13560 242 16 3355 113 0 1874 82 0
fn=_PyPegen_joined_str.warm
0 814 66 3 484 8 0 154 17 0
fn=_PyPegen_make_arguments
0 20603 915 16 6026 3 0 3709 196 14
fn=_PyPegen_make_module
0 1944 162 6 810 0 0 594 18 0
fn=_PyPegen_name_default_pair
0 7012 22 3 2647 0 0 1897 49 21
fn=_PyPegen_name_token
0 832237 1565 11 358002 640 2 179818 6819 907
fn=_PyPegen_name_token.warm
0 32126 974 7 8028 0 0 4966 153 2
fn=_PyPegen_number_token
0 12614 113 1 2968 0 0 2968 23 0
fn=_PyPegen_parse
0 5224 595 9 1514 59 0 1372 8 4
fn=_PyPegen_parse_string
0 8507 184 6 2089 28 0 1400 59 0
fn=_PyPegen_run_parser
0 1066 147 1 328 16 0 328 0 0
fn=_PyPegen_run_parser_from_string
0 5672 392 4 738 136 0 909 0 0
fn=_PyPegen_seq_flatten
0 12668 252 5 4120 74 0 1055 0 0
fn=_PyPegen_seq_flatten.warm
0 26 2 1 6 0 0 2 0 0
fn=_PyPegen_seq_insert_in_front
0 5954 93 2 2384 0 0 1014 0 0
fn=_PyPegen_set_expr_context
0 6930 52 2 2703 0 0 1691 125 50
fn=_PyPegen_set_expr_context.warm
0 20 2 2 2 0 0 6 0 0
fn=_PyPegen_update_memo
0 624 24 3 272 0 0 176 4 0
fn=_PyPreCmdline_Read
0 149 10 9 36 1 1 41 2 1
fn=_PyPreConfig_Read
0 308 20 20 109 4 1 75 1 0
fn=_PyPreConfig_Read.cold
0 4 1 1 0 0 0 0 0 0
fn=_PyPreConfig_Write
0 64 5 5 14 1 0 18 2 1
fn=_PyRuntimeState_Fini
0 232 15 13 73 2 1 65 0 0
fn=_PyRuntimeState_Init
0 139 12 12 36 7 7 61 4 4
fn=_PyST_GetScope
0 3541 136 2 1129 64 0 642 0 0
fn=_PySignal_Fini
0 1597 5 5 399 19 17 141 0 0
fn=_PySignal_Init
0 115 15 14 5 2 0 80 18 16
fn=_PySlice_FromIndices
0 456 21 2 108 0 0 96 0 0
fn=_PySlice_GetLongIndices
0 14193 611 5 3420 2 0 2394 0 0
fn=_PyStack_UnpackDict
0 78961 2663 8 21494 75 0 9436 92 0
fn=_PyStaticCode_Fini
0 842847 5 5 97420 2996 2242 68155 1059 884
fn=_PyStaticCode_Init
0 994397 8 8 145522 7803 6130 21340 181 181
fn=_PyStaticType_ClearWeakRefs
0 4343 7 7 1758 45 0 825 8 0
fn=_PyStaticType_Dealloc
0 18984 8 8 8458 271 184 3569 137 93
fn=_PyStaticType_Dealloc.warm
0 3375 3 3 641 186 0 9 0 0
fn=_PyStructSequence_InitBuiltinWithFlags
0 2170 57 15 379 45 27 533 78 58
fn=_PyStructSequence_InitBuiltinWithFlags.cold
0 24 6 1 0 0 0 0 0 0
fn=_PyStructSequence_NewType
0 2506 75 12 397 20 17 645 36 12
fn=_PySymtable_Build
0 17907 1296 17 4080 260 1 5574 217 1
fn=_PySys_Audit
0 4144 516 4 259 0 0 1813 21 0
fn=_PySys_ClearAttrString
0 392 4 3 126 3 1 98 0 0
fn=_PySys_ClearAuditHooks
0 30 2 1 9 3 0 6 0 0
fn=_PySys_Create
0 992 68 64 166 6 0 210 4 1
fn=_PySys_FiniTypes
0 100 9 9 38 14 10 21 2 0
fn=_PySys_GetRequiredAttr
0 29 2 2 11 3 2 6 0 0
fn=_PySys_GetRequiredAttrString
0 82 6 3 24 2 0 20 0 0
fn=_PySys_ReadPreinitWarnOptions
0 58 5 5 17 0 0 22 0 0
fn=_PySys_ReadPreinitXOptions
0 58 4 4 17 0 0 22 0 0
fn=_PySys_UpdateConfig
0 760 40 40 204 7 0 140 1 0
fn=_PyThreadState_Bind
0 40 3 3 15 1 0 11 0 0
fn=_PyThreadState_DeleteExcept
0 36 2 2 12 1 0 9 0 0
fn=_PyThreadState_PushFrame
0 9768 399 1 2220 27 0 1776 31 0
fn=_PyToken_OneChar
0 12824 240 2 4274 202 3 0 0 0
fn=_PyToken_OneChar.warm
0 4 2 1 2 0 0 0 0 0
fn=_PyToken_TwoChars
0 14545 93 2 4203 520 6 0 0 0
fn=_PyTokenizer_Free
0 4695 410 5 1804 136 0 581 0 0
fn=_PyTokenizer_FromUTF8
0 6396 574 7 738 0 0 4100 0 0
fn=_PyTokenizer_Get
0 245255 567 18 77943 33 0 49433 306 1
fn=_PyTokenizer_Get.warm
0 1048 86 9 354 0 0 356 0 0
fn=_PyTraceMalloc_Fini
0 515 6 6 159 18 17 20 0 0
fn=_PyTraceMalloc_Init
0 172 15 15 25 5 2 74 6 6
fn=_PyTraceMalloc_Stop
0 26 2 1 10 3 1 6 0 0
fn=_PyTuple_FromArray
0 133060 8481 10 42057 1837 3 28840 345 25
fn=_PyTuple_FromArraySteal
0 173998 4989 4 67323 2191 0 43474 165 12
fn=_PyTuple_FromArraySteal.warm
0 9 3 1 0 0 0 0 0 0
fn=_PyTuple_Resize
0 18312 1055 9 4468 20 0 2441 0 0
fn=_PyType_AllocNoTrack
0 21800 1267 5 6136 302 0 4080 2 0
fn=_PyType_CalculateMetaclass
0 13124 879 2 4613 560 0 1176 0 0
fn=_PyType_FromMetaclass_impl.llvm.13679223780078999484
0 85890 1141 36 17097 831 404 7931 1 0
fn=_PyType_FromMetaclass_impl.llvm.13679223780078999484.cold
0 11 2 2 1 0 0 4 0 0
fn=_PyType_GetDocFromInternalDoc
0 682 57 3 88 0 0 115 0 0
fn=_PyType_GetSubclasses
0 2208 132 5 837 45 2 530 8 0
fn=_PyType_Lookup
0 265131 4407 16 95554 6297 21 29983 297 6
fn=_PyTypes_InitTypes
0 3242 4 4 672 190 160 785 123 107
fn=_PyUnicodeWriter_Dealloc
0 20 2 1 8 0 0 0 0 0
fn=_PyUnicodeWriter_Finish
0 61613 2373 12 13259 5 0 6931 0 0
fn=_PyUnicodeWriter_PrepareInternal
0 92555 1968 21 18446 14 0 16368 615 14
fn=_PyUnicodeWriter_PrepareInternal.warm
0 7624 46 9 2483 0 0 2467 76 60
fn=_PyUnicodeWriter_WriteASCIIString
0 22008 2014 6 4192 3 3 4716 0 0
fn=_PyUnicodeWriter_WriteStr
0 59819 1171 11 11988 23 0 5222 2 0
fn=_PyUnicodeWriter_WriteSubstring
0 31428 150 6 5668 0 0 3268 3 0
fn=_PyUnicode_ClearInterned
0 16 1 1 4 0 0 5 0 0
fn=_PyUnicode_ClearInterned.warm
0 398776 8 8 122228 14477 4842 11837 3 0
fn=_PyUnicode_DecodeUnicodeEscapeInternal2
0 6740 24 12 1846 2 1 1138 4 0
fn=_PyUnicode_EqualToASCIIString
0 230 2 1 80 0 0 60 0 0
fn=_PyUnicode_ExactDealloc
0 16 2 2 5 0 0 1 0 0
fn=_PyUnicode_FormatAdvancedWriter
0 3133 10 2 1141 0 0 1002 0 0
fn=_PyUnicode_FormatAdvancedWriter.warm
0 744 14 14 136 1 0 44 0 0
fn=_PyUnicode_FormatLong
0 31264 8 8 5616 2 1 3264 0 0
fn=_PyUnicode_FromASCII
0 110604 3847 8 21822 30 0 26074 351 5
fn=_PyUnicode_FromUCS1
0 60 8 1 15 0 0 10 0 0
fn=_PyUnicode_FromUCS1.warm
0 496 22 6 57 1 0 52 3 0
fn=_PyUnicode_FromUCS4.llvm.9504702192703139781
0 76043 19 13 11855 525 0 8432 199 192
fn=_PyUnicode_InitEncodings
0 77 6 5 20 3 0 20 1 0
fn=_PyUnicode_InitGlobalObjects
0 4653 6 5 1029 0 0 540 2 2
fn=_PyUnicode_InitGlobalObjects.warm
0 12 1 1 7 1 0 2 1 0
fn=_PyUnicode_InitInternDict
0 40 2 2 10 2 1 14 2 1
fn=_PyUnicode_InitStaticStrings.llvm.9504702192703139781
0 7033 583 583 2814 2 0 1407 0 0
fn=_PyUnicode_InitTypes
0 92 7 7 19 4 4 26 5 3
fn=_PyUnicode_InsertThousandsGrouping
0 6194 8 8 1250 4 4 1242 0 0
fn=_PyUnicode_InsertThousandsGrouping.warm
0 345 11 11 33 0 0 30 0 0
fn=_PyUnicode_InternImmortal
0 3019961 2372 11 905090 16036 263 570071 202 0
fn=_PyUnicode_InternImmortal.warm
0 4 1 1 0 0 0 1 0 0
fn=_PyUnicode_InternMortal
0 513142 2341 6 190470 2811 5 105269 83 0
fn=_PyUnicode_JoinArray
0 457536 8825 57 105726 525 3 35846 83 0
fn=_PyUnicode_JoinArray.cold
0 46 2 2 0 0 0 0 0 0
fn=_PyUnicode_JoinArray.warm
0 8837 9 9 2676 6 1 2628 77 0
fn=_PyUnicode_TransformDecimalAndSpaceToASCII
0 4258 179 1 1512 6 0 856 2 0
fn=_PyUnicode_TranslateCharmap
0 9971 62 17 1820 5 0 2106 4 0
fn=_PyUnicode_XStrip
0 249972 3538 11 42229 389 0 30287 38 0
fn=_PyVectorcall_Call.llvm.18397689215175225355
0 6796 360 9 1890 36 0 1268 0 0
fn=_PyWarnings_Init
0 21 2 1 7 2 1 6 0 0
fn=_PyWarnings_InitState
0 176 14 14 50 6 2 39 1 0
fn=_PyWideStringList_AsList
0 258 1 1 94 1 0 52 0 0
fn=_PyWideStringList_Copy
0 2521 10 5 748 7 0 520 1 1
fn=_Py_ADJUST_ERANGE1
0 15045 1002 1 4012 0 0 3009 0 0
fn=_Py_BaseObject_RichCompare
0 2736 185 1 684 112 0 228 0 0
fn=_Py_BuildValue_SizeT
0 209 22 4 11 0 0 99 0 0
fn=_Py_CheckFunctionResult
0 442 34 1 170 0 0 102 0 0
fn=_Py_ClearArgcArgv
0 98 4 4 59 1 0 23 0 0
fn=_Py_ClearStandardStreamEncoding
0 79 10 10 24 2 1 26 0 0
fn=_Py_CreateMonitoringObject
0 1015 21 21 196 4 3 159 0 0
fn=_Py_DecodeLocaleEx
0 9878 136 1 3184 2 0 2954 0 0
fn=_Py_Deepfreeze_Fini
0 1546 121 121 1 0 0 772 0 0
fn=_Py_Deepfreeze_Init
0 3088 217 217 0 0 0 772 0 0
fn=_Py_EncodeLocaleEx
0 96 21 1 24 19 0 0 0 0
fn=_Py_EncodeLocaleEx.cold
0 144 23 1 24 16 0 0 0 0
fn=_Py_EncodeUTF8Ex
0 516 9 5 82 0 0 90 0 0
fn=_Py_GetErrorHandler
0 2112 147 2 288 0 0 480 0 0
fn=_Py_HashDouble
0 420 32 8 48 16 2 8 0 0
fn=_Py_HashPointer
0 7535 451 1 1507 0 0 0 0 0
fn=_Py_HashRandomization_Init
0 42 2 2 7 0 0 11 0 0
fn=_Py_Instrument
0 155 24 2 93 8 5 0 0 0
fn=_Py_IsLocaleCoercionTarget
0 10 1 1 2 0 0 2 0 0
fn=_Py_IsLocaleCoercionTarget.cold
0 15 1 1 0 0 0 2 0 0
fn=_Py_MakeCoro
0 1899637 116446 12 597744 34450 0 405295 12869 44
fn=_Py_MakeCoro.cold
0 1876 934 1 0 0 0 938 0 0
fn=_Py_MakeCoro.warm
0 42855 1050 8 42 1 0 48 1 0
fn=_Py_MakeShimCode
0 106 8 6 22 2 1 33 0 0
fn=_Py_Mangle
0 6045 173 4 1778 12 0 1099 0 0
fn=_Py_MaybeMangle
0 83304 525 3 31239 546 0 24297 24 0
fn=_Py_PreInitializeFromConfig
0 1320 3 1 396 3 0 462 2 0
fn=_Py_PreInitializeFromPyArgv
0 51 4 3 16 1 0 17 1 0
fn=_Py_SetFileSystemEncoding
0 65 4 4 14 0 0 15 0 0
fn=_Py_SourceAsString
0 2542 164 2 738 0 0 574 1 0
fn=_Py_Specialize_BinarySubscr
0 9135 452 6 1964 97 1 1789 7 0
fn=_Py_Specialize_LoadAttr
0 284944 8145 20 76486 4019 14 51078 211 4
fn=_Py_Specialize_StoreAttr
0 52461 2014 8 12588 142 0 8825 43 0
fn=_Py_VaBuildStack_SizeT
0 28525 671 3 4860 0 0 7082 115 0
fn=_Py_VaBuildStack_SizeT.warm
0 48 4 1 12 0 0 6 0 0
fn=_Py_abspath
0 45 3 3 10 0 0 11 1 1
fn=_Py_asdl_arg_seq_new
0 110944 681 5 25416 0 0 20808 0 0
fn=_Py_asdl_int_seq_new
0 2352 135 4 637 0 0 539 0 0
fn=_Py_bytes_find
0 8184 111 1 2232 0 0 2232 0 0
fn=_Py_bytes_maketrans
0 148 6 6 74 5 4 54 7 7
fn=_Py_clear_generic_types
0 64 5 5 14 8 2 13 0 0
fn=_Py_convert_optional_to_ssize_t
0 116 8 4 34 7 0 20 1 0
fn=_Py_dg_dtoa
0 170830 14703 139 27907 3523 12 22123 516 3
fn=_Py_dg_dtoa.cold
0 32 5 5 2 0 0 4 1 1
fn=_Py_dg_dtoa.warm
0 36 4 4 5 0 0 7 1 1
fn=_Py_dg_strtod
0 474 48 14 69 0 0 66 1 0
fn=_Py_dict_lookup
0 382476 7384 27 107126 6379 600 58966 345 2
fn=_Py_fstat
0 21 1 1 4 0 0 6 0 0
fn=_Py_get__collections_abc_toplevel
0 5 1 0 2 1 0 0 0 0
fn=_Py_get__sitebuiltins_toplevel
0 5 1 0 2 1 0 0 0 0
fn=_Py_get_abc_toplevel
0 5 1 0 2 1 0 0 0 0
fn=_Py_get_codecs_toplevel
0 5 1 0 2 1 0 0 0 0
fn=_Py_get_env_flag
0 98 1 1 21 0 0 28 0 0
fn=_Py_get_genericpath_toplevel
0 5 1 0 2 1 0 0 0 0
fn=_Py_get_importlib__bootstrap_external_toplevel
0 5 2 1 2 1 0 0 0 0
fn=_Py_get_importlib__bootstrap_toplevel
0 5 1 1 2 1 0 0 0 0
fn=_Py_get_importlib_machinery_toplevel
0 5 1 0 2 1 0 0 0 0
fn=_Py_get_importlib_util_toplevel
0 5 1 0 2 1 0 0 0 0
fn=_Py_get_io_toplevel
0 5 1 1 2 1 1 0 0 0
fn=_Py_get_ntpath_toplevel
0 5 1 1 2 1 0 0 0 0
fn=_Py_get_os_toplevel
0 5 1 1 2 1 0 0 0 0
fn=_Py_get_posixpath_toplevel
0 5 1 0 2 1 0 0 0 0
fn=_Py_get_runpy_toplevel
0 5 1 1 2 1 0 0 0 0
fn=_Py_get_site_toplevel
0 5 1 1 2 1 0 0 0 0
fn=_Py_get_stat_toplevel
0 5 1 0 2 1 0 0 0 0
fn=_Py_get_zipimport_toplevel
0 5 1 0 2 1 0 0 0 0
fn=_Py_hashtable_get_entry_generic
0 1082316 1434 4 365578 47018 280 219898 547 1
fn=_Py_hashtable_set
0 200850 22 8 51496 5468 3 41578 7 0
fn=_Py_initialize_generic
0 67 11 5 3 1 0 15 2 2
fn=_Py_make_parameters
0 92 6 3 24 3 0 18 0 0
fn=_Py_make_typealias
0 7 1 1 3 0 0 0 0 0
fn=_Py_make_typevar
0 70 1 0 10 0 0 25 0 0
fn=_Py_module_getattro
0 11374 1467 3 0 0 0 0 0 0
fn=_Py_module_getattro_impl
0 701260 11375 44 234465 16156 86 84621 493 3
fn=_Py_module_getattro_impl.cold
0 820 209 3 0 0 0 0 0 0
fn=_Py_open_impl.llvm.9628032256191913418
0 95 7 4 16 1 0 21 1 0
fn=_Py_read
0 14355 528 4 3393 0 0 4437 2 0
fn=_Py_set_function_type_params
0 42 2 1 12 0 0 9 0 0
fn=_Py_slot_tp_getattr_hook
0 15621 161 2 3582 126 0 3256 18 0
fn=_Py_slot_tp_getattr_hook.warm
0 293 35 3 76 0 0 61 0 0
fn=_Py_slot_tp_getattro
0 27 2 1 3 0 0 9 0 0
fn=_Py_string_to_number_with_underscores
0 232 12 2 48 0 0 64 0 0
fn=_Py_subscript_generic
0 48 4 1 8 2 0 14 0 0
fn=_Py_type_getattro
0 7717417 80204 21 2696829 95492 91 835482 18670 14
fn=_Py_type_getattro.warm
0 45499 1611 9 13490 612 2 4520 109 0
fn=_Py_type_getattro_impl
0 152563 6870 8 52763 4918 21 17410 141 0
fn=_Py_type_getattro_impl.warm
0 78644 2469 16 27171 1061 5 11343 265 12
fn=_Py_union_type_or
0 958 43 15 203 7 0 144 0 0
fn=_Py_wfopen
0 318 11 5 50 3 0 48 0 0
fn=_Py_wgetcwd
0 32 2 2 7 1 0 7 2 2
fn=_Py_wreadlink
0 126 3 3 30 3 0 21 1 1
fn=_Py_wreadlink.cold
0 20 2 2 4 0 0 4 1 1
fn=_Py_write
0 55 3 3 13 0 0 17 0 0
fn=_Py_wstat
0 455 14 3 104 4 0 78 0 0
fn=__do_global_dtors_aux
0 8 1 1 3 1 0 3 0 0
fn=__libc_csu_init
0 47 2 2 10 1 1 10 0 0
fn=_abc__abc_init
0 76415 2093 19 20727 723 0 9442 0 0
fn=_abc__abc_init.cold
0 3 1 1 2 1 0 1 0 0
fn=_abc__abc_init.warm
0 25 5 1 0 0 0 10 0 0
fn=_abc__abc_instancecheck
0 76 5 5 21 3 0 13 1 0
fn=_abc__abc_instancecheck.warm
0 34 4 3 7 0 0 7 0 0
fn=_abc__abc_register
0 3751 133 5 1272 19 0 642 0 0
fn=_abc__abc_subclasscheck
0 17304 587 25 4184 191 6 2100 23 0
fn=_abc__abc_subclasscheck.cold
0 44 26 2 0 0 0 0 0 0
fn=_abcmodule_exec
0 20 1 1 4 0 0 6 0 0
fn=_abcmodule_traverse
0 156 6 3 36 12 0 24 0 0
fn=_add_errcode
0 6120 3 3 1088 0 0 1360 0 0
fn=_add_methods_to_object
0 31537 154 4 7376 360 346 4501 0 0
fn=_add_to_weak_set
0 7124 146 4 1017 27 0 1716 0 0
fn=_buffered_init
0 11571 399 2 1064 1 0 1064 0 0
fn=_buffered_init.warm
0 30 4 1 10 0 0 6 0 0
fn=_buffered_raw_tell
0 7029 268 2 1459 131 0 1326 0 0
fn=_bufferedreader_raw_read
0 188 14 8 33 1 0 49 0 0
fn=_bufferedwriter_flush_unlocked
0 129 7 5 39 0 0 34 0 0
fn=_bufferedwriter_raw_write
0 107 7 7 21 1 1 30 0 0
fn=_bz2_clear
0 42 2 2 14 2 0 6 0 0
fn=_bz2_exec
0 46 3 3 4 0 0 10 0 0
fn=_bz2_free
0 1 1 1 0 0 0 0 0 0
fn=_bz2_traverse
0 224 8 6 64 8 0 40 0 0
fn=_call_dialect
0 30 3 1 6 0 0 9 0 0
fn=_codecs_lookup_error
0 126 2 2 30 0 0 24 0 0
fn=_codecs_register
0 22 2 2 9 2 0 4 0 0
fn=_codecs_utf_8_decode
0 1132 84 14 263 8 0 175 0 0
fn=_codecs_utf_8_decode.warm
0 56 8 1 0 0 0 8 0 0
fn=_csv_clear
0 87 4 4 22 6 0 15 0 0
fn=_csv_free
0 1 0 0 0 0 0 0 0 0
fn=_csv_state_from_type
0 36 5 2 6 0 0 9 0 0
fn=_csv_traverse
0 384 8 6 72 14 4 72 0 0
fn=_datetime_exec
0 555 36 36 52 7 2 145 6 4
fn=_destroy
0 120 4 4 25 9 0 20 1 0
fn=_fini
0 2 1 1 1 0 0 0 0 0
fn=_float_div_mod
0 82 6 3 14 1 0 18 0 0
fn=_float_div_mod.cold
0 4 2 1 0 0 0 0 0 0
fn=_functools_clear
0 65 3 2 20 7 0 11 0 0
fn=_functools_exec
0 113 7 7 19 4 0 19 0 0
fn=_functools_free
0 1 0 0 0 0 0 0 0 0
fn=_functools_traverse
0 468 12 6 108 24 0 84 0 0
fn=_heapq_heappop
0 110152 10780 1 31472 0 0 0 0 0
fn=_heapq_heappush
0 361974 24712 2 110166 9930 0 47214 0 0
fn=_imp__fix_co_filename
0 2880 240 2 1200 46 0 480 0 0
fn=_imp_acquire_lock
0 7077 493 1 4044 0 0 2022 15 0
fn=_imp_create_builtin
0 1807 125 3 492 18 0 370 0 0
fn=_imp_exec_builtin
0 861 78 1 246 14 0 164 0 0
fn=_imp_extension_suffixes
0 198 8 4 42 4 0 40 0 0
fn=_imp_find_frozen
0 5103 451 4 1079 1 0 628 0 0
fn=_imp_get_frozen_object
0 752 64 3 192 3 0 192 0 0
fn=_imp_is_builtin
0 285961 743 4 54231 4574 0 19589 0 0
fn=_imp_is_frozen
0 14 2 1 3 0 0 1 0 0
fn=_imp_is_frozen_package
0 18 2 1 5 0 0 2 0 0
fn=_imp_release_lock
0 29319 2160 3 10110 208 0 7077 0 0
fn=_init
0 7 1 1 2 1 0 1 0 0
fn=_io_BufferedReader___init__
0 12183 786 6 3144 131 0 2358 0 0
fn=_io_BufferedWriter___init__
0 190 12 6 48 2 0 40 0 0
fn=_io_BufferedWriter_write
0 169 15 15 45 2 1 31 1 0
fn=_io_FileIO___init__
0 33113 2263 20 6911 441 1 5571 136 0
fn=_io_FileIO___init__.warm
0 21 6 2 0 0 0 0 0 0
fn=_io_FileIO_close
0 11998 920 11 2905 10 0 2639 0 0
fn=_io_FileIO_fileno
0 81 27 1 27 0 0 0 0 0
fn=_io_FileIO_isatty
0 5168 403 3 1496 0 0 1360 0 0
fn=_io_FileIO_readable
0 938 131 1 402 0 0 0 0 0
fn=_io_FileIO_readall
0 129 129 1 0 0 0 0 0 0
fn=_io_FileIO_readall_impl
0 14964 1032 7 2967 2 0 2967 62 15
fn=_io_FileIO_readinto
0 186 12 8 42 1 0 28 1 0
fn=_io_FileIO_seekable
0 100 10 3 40 0 0 25 0 0
fn=_io_FileIO_tell
0 7057 401 3 1467 1 0 1731 0 0
fn=_io_FileIO_writable
0 28 4 1 12 0 0 0 0 0
fn=_io_FileIO_write
0 121 9 9 25 1 1 20 0 0
fn=_io_IncrementalNewlineDecoder___init__
0 160 9 6 42 1 0 26 0 0
fn=_io_IncrementalNewlineDecoder___init__.cold
0 7 1 1 0 0 0 0 0 0
fn=_io_StringIO___init__
0 232 10 10 60 11 2 46 2 0
fn=_io_StringIO___init__.cold
0 51 8 8 6 1 0 7 0 0
fn=_io_StringIO_read
0 102 8 4 24 2 0 14 0 0
fn=_io_StringIO_seek
0 184 6 3 40 1 0 32 0 0
fn=_io_StringIO_truncate
0 85 6 3 22 0 0 17 0 0
fn=_io_StringIO_write
0 27 2 2 11 1 0 6 0 0
fn=_io_StringIO_write.warm
0 33 3 3 4 1 0 6 1 0
fn=_io_TextIOWrapper___init__
0 1774 130 55 345 12 1 306 0 0
fn=_io_TextIOWrapper_close
0 612 34 24 118 0 0 93 0 0
fn=_io_TextIOWrapper_fileno
0 999 81 2 243 0 0 162 0 0
fn=_io_TextIOWrapper_flush
0 413 20 15 119 6 0 70 0 0
fn=_io_TextIOWrapper_read
0 121 9 8 34 3 0 19 0 0
fn=_io_TextIOWrapper_write
0 282 18 18 90 4 4 40 0 0
fn=_io__Buffered__dealloc_warn
0 132 6 3 27 1 0 21 0 0
fn=_io__Buffered_close
0 19684 1320 20 4256 7 2 4123 0 0
fn=_io__Buffered_fileno
0 945 81 2 216 27 1 162 0 0
fn=_io__Buffered_flush
0 294 12 8 90 3 2 60 0 0
fn=_io__Buffered_read
0 17415 1548 12 4644 1 0 2838 0 0
fn=_io__Buffered_read1
0 222 16 9 50 2 0 48 1 1
fn=_io__Buffered_readable
0 105 9 6 24 0 0 18 0 0
fn=_io__Buffered_seekable
0 175 15 6 40 0 0 30 0 0
fn=_io__Buffered_simple_flush
0 4690 262 4 1072 0 0 804 0 0
fn=_io__Buffered_writable
0 70 6 3 16 0 0 12 0 0
fn=_io__IOBase_close
0 9576 528 8 1995 0 0 1862 0 0
fn=_io__IOBase_flush
0 4005 4 1 801 0 0 534 0 0
fn=_io__IOBase_readable
0 4 1 1 2 0 0 0 0 0
fn=_io__IOBase_readlines
0 120 8 4 36 10 0 34 4 0
fn=_io__IOBase_writable
0 6 3 0 3 0 0 0 0 0
fn=_io_open
0 48094 3115 43 8853 1107 3 6553 1 0
fn=_io_open_code
0 1920 254 1 640 1 0 256 0 0
fn=_io_text_encoding
0 50 2 2 10 0 0 8 0 0
fn=_json_exec
0 56 5 3 7 0 0 11 0 0
fn=_list_clear
0 8515 9 9 2103 504 1 1055 0 0
fn=_locale_exec
0 1226 7 7 181 17 15 190 1 0
fn=_loop0_85_rule
0 26882 349 7 5600 5 0 4858 20 0
fn=_loop1_119_rule
0 13731 322 5 4378 0 0 3184 0 0
fn=_odict_get_index
0 7808 65 11 2384 7 0 1780 0 0
fn=_posix_clear
0 167 7 7 46 14 0 27 0 0
fn=_posix_free
0 1 1 0 0 0 0 0 0 0
fn=_posix_traverse
0 1140 30 15 204 24 6 180 0 0
fn=_pystat_fromstructstat
0 86080 5060 11 17754 606 0 22596 177 0
fn=_random_Random_random
0 226403 5 4 49219 804 1 29527 181 0
fn=_random_Random_random.warm
0 92741 58 6 20625 299 0 6864 0 0
fn=_random_Random_seed
0 48 2 1 12 0 0 12 0 0
fn=_random_clear
0 38 2 1 14 3 0 6 0 0
fn=_random_exec
0 54 3 2 9 0 0 12 0 0
fn=_random_free
0 1 0 0 0 0 0 0 0 0
fn=_random_traverse
0 156 6 3 36 12 0 24 0 0
fn=_select_clear
0 52 2 2 15 4 0 9 0 0
fn=_select_exec
0 161 11 11 5 1 0 39 0 0
fn=_select_free
0 1 1 1 0 0 0 0 0 0
fn=_select_traverse
0 304 8 6 80 8 3 48 0 0
fn=_set_char
0 81 9 3 15 0 0 18 0 0
fn=_set_char_or_none
0 117 6 2 21 0 0 24 0 0
fn=_set_int
0 60 3 1 12 0 0 15 0 0
fn=_set_str
0 74 9 3 21 0 0 17 0 0
fn=_sha2_clear
0 11 1 1 4 1 0 2 0 0
fn=_sha2_clear.warm
0 52 3 1 14 5 0 8 0 0
fn=_sha2_free
0 1 1 0 0 0 0 0 0 0
fn=_sha2_traverse
0 468 12 6 108 24 3 84 0 0
fn=_signal_module_clear
0 25 2 2 7 3 0 5 0 0
fn=_signal_module_free
0 10 1 1 5 0 0 1 0 0
fn=_signal_module_traverse
0 200 8 6 56 8 0 40 0 0
fn=_sre_SRE_Pattern_findall
0 416 11 11 89 0 0 94 0 0
fn=_sre_SRE_Pattern_match
0 91315 1461 24 21255 459 1 20256 71 2
fn=_sre_SRE_Pattern_match.warm
0 554 111 1 0 0 0 0 0 0
fn=_sre_SRE_Pattern_sub
0 1366 85 3 385 33 0 210 0 0
fn=_sre_SRE_Pattern_sub.warm
0 646 68 2 68 0 0 68 0 0
fn=_sre_ascii_iscased
0 116 2 1 24 2 0 16 0 0
fn=_sre_ascii_tolower
0 6016 13 4 1152 43 0 512 0 0
fn=_sre_compile
0 32439 449 12 6558 145 0 6109 171 37
fn=_sre_unicode_iscased
0 747 39 3 166 29 0 34 0 0
fn=_sre_unicode_tolower
0 130 4 2 20 5 0 10 0 0
fn=_stringio_readline
0 7996 7 4 2436 1 0 1740 0 0
fn=_structmodule_clear
0 69 3 3 20 3 0 11 0 0
fn=_structmodule_exec
0 588 5 5 117 24 23 34 3 3
fn=_structmodule_free
0 1 1 1 0 0 0 0 0 0
fn=_structmodule_traverse
0 320 8 6 72 7 0 54 0 0
fn=_textiowrapper_fix_encoder_state
0 59 10 4 25 0 0 12 0 0
fn=_textiowrapper_readline
0 725 10 8 139 0 0 99 0 0
fn=_textiowrapper_readline.warm
0 52 6 4 8 0 0 6 0 0
fn=_textiowrapper_set_decoder
0 382 25 12 76 0 0 62 0 0
fn=_textiowrapper_set_encoder
0 431 28 12 84 4 1 67 0 0
fn=_textiowrapper_writeflush
0 266 8 4 112 1 1 84 0 0
fn=_textiowrapper_writeflush.warm
0 151 10 10 41 8 0 22 1 1
fn=_tmp_262_rule
0 16161 408 4 3595 1 0 4362 0 0
fn=_typing__idfunc
0 15 2 2 6 0 0 0 0 0
fn=_typing_exec
0 54 4 4 10 2 2 11 0 0
fn=_validate_charset
0 2935 68 2 486 59 3 0 0 0
fn=_validate_inner
0 22677 444 19 3595 105 5 1807 6 0
fn=_weakref__remove_dead_weakref
0 3655 215 1 1290 1 0 430 0 0
fn=abc_data_dealloc
0 3394 10 4 1194 151 0 759 0 0
fn=abc_data_traverse
0 34252 50 6 9392 0 0 5260 0 0
fn=acquire_timed
0 22727 1599 8 3496 0 0 4370 64 0
fn=add_all_subclasses
0 33 2 2 9 0 0 8 0 0
fn=add_ast_fields
0 29 2 2 7 1 0 4 0 0
fn=add_attributes
0 1247 46 3 299 28 3 307 0 0
fn=add_subclass
0 90188 4500 9 19684 634 1 19258 214 0
fn=addop_binary
0 440 30 3 130 10 1 130 0 0
fn=analyze_block
0 209840 4100 57 50199 371 0 33911 136 0
fn=analyze_descriptor.llvm.376768788688223897
0 180497 4886 9 51202 2597 9 45395 66 0
fn=any_find_slice
0 22904 1885 9 3030 29 0 1754 0 0
fn=anylib_find
0 528 9 1 165 0 0 33 0 0
fn=args_rule
0 22680 1546 15 6829 1 0 4542 1 0
fn=args_rule.warm
0 184 14 7 58 2 0 24 1 1
fn=arguments_rule
0 23156 631 6 8663 8 0 3009 58 10
fn=array_clear
0 11 1 1 4 1 0 2 0 0
fn=array_clear.warm
0 72 4 4 22 7 0 8 0 0
fn=array_free
0 1 1 1 0 0 0 0 0 0
fn=array_modexec
0 118 8 8 12 1 0 30 1 0
fn=array_traverse
0 224 4 0 64 16 2 40 0 0
fn=as_ucs4.llvm.9504702192703139781
0 70 6 3 14 3 0 10 0 0
fn=as_ucs4.llvm.9504702192703139781.warm
0 21696 4 2 3096 300 0 3096 773 460
fn=ascii_upper_or_lower
0 64773 317 6 18862 45 2 12864 27 1
fn=ascii_upper_or_lower.cold
0 20 1 1 10 2 0 0 0 0
fn=ascii_upper_or_lower.warm
0 4 2 2 1 0 0 0 0 0
fn=asciilib_find
0 5518 42 6 1537 0 0 539 1 0
fn=assemble_emit_exception_table_entry
0 436 16 8 88 0 0 66 0 0
fn=assign_version_tag.llvm.13679223780078999484
0 148884 5856 10 36570 850 5 26128 65 0
fn=assign_version_tag.llvm.13679223780078999484.warm
0 144 17 1 24 17 0 24 0 0
fn=assignment_expression_rule
0 57980 200 3 18042 11 0 12186 12 0
fn=ast_dealloc
0 960 3 3 352 23 0 256 0 0
fn=ast_traverse
0 5376 8 6 1536 0 0 1024 0 0
fn=astfold_arguments
0 15972 296 6 4305 765 0 975 3 0
fn=astfold_body.llvm.8369496230942388996
0 10027 162 3 2438 56 0 1357 4 0
fn=astfold_expr.llvm.8369496230942388996
0 108016 689 21 33801 2939 4 17399 24 0
fn=astfold_stmt.llvm.8369496230942388996
0 17415 314 14 5215 379 4 3208 3 0
fn=astmodule_exec
0 782 58 57 130 39 0 131 0 0
fn=atexit_callfuncs.llvm.2698433402251132605
0 4 1 1 2 1 0 0 0 0
fn=atom_rule
0 211422 1189 10 66780 46 0 48942 245 1
fn=atom_rule.warm
0 4344 220 18 1008 0 0 864 17 0
fn=attrgetter_dealloc
0 42 3 3 14 4 0 11 1 0
fn=attrgetter_new
0 214 9 9 47 3 0 23 0 0
fn=attrgetter_traverse
0 208 8 6 48 0 0 40 0 0
fn=augassign_rule
0 7440 426 11 1260 0 0 1920 0 0
fn=best_base
0 33386 1773 4 10012 675 7 5464 76 0
fn=binary_iop.llvm.11163701328291538456
0 34962 501 3 10836 332 0 7904 0 0
fn=binary_iop1.llvm.11163701328291538456
0 634094 29835 4 188342 23417 0 59958 87 0
fn=binary_op.llvm.11163701328291538456
0 4446 153 4 1244 73 3 848 0 0
fn=binascii_clear
0 36 2 2 10 4 0 8 0 0
fn=binascii_exec
0 51 5 3 9 1 0 12 2 0
fn=binascii_free
0 1 0 0 0 0 0 0 0 0
fn=binascii_traverse
0 224 8 6 64 8 3 40 0 0
fn=bisect_clear
0 12 1 1 4 2 0 3 0 0
fn=bisect_free
0 1 1 1 0 0 0 0 0 0
fn=bisect_modexec
0 12 1 1 2 0 0 4 0 0
fn=bitwise_and_rule
0 571359 787 9 208437 73 0 79449 1170 87
fn=bitwise_and_rule.warm
0 18 2 2 2 0 0 6 0 0
fn=bitwise_or_rule
0 595353 1000 9 218332 62 0 81182 1180 88
fn=bitwise_or_rule.warm
0 72 8 3 8 0 0 24 1 1
fn=bitwise_xor_rule
0 550567 848 9 205491 74 0 75351 1217 97
fn=bitwise_xor_rule.warm
0 57 6 2 9 0 0 18 1 1
fn=block_rule
0 11244 427 7 4026 255 0 2532 62 4
fn=bool_repr
0 33 2 1 6 1 0 0 0 0
fn=bool_vectorcall
0 3710 323 3 456 6 0 284 0 0
fn=bool_vectorcall.warm
0 80 5 1 20 3 0 10 0 0
fn=bounded_lru_cache_wrapper
0 7625 495 10 2332 401 0 1804 79 0
fn=buffered_closed_get
0 1380 143 3 552 2 1 0 0 0
fn=buffered_dealloc
0 12088 785 11 4111 82 0 3053 14 0
fn=buffered_traverse
0 1024 14 6 224 34 6 192 0 0
fn=build_string
0 44350 259 30 8297 23 0 4737 54 0
fn=build_string.warm
0 203 6 3 35 4 0 28 0 0
fn=builtin___build_class__
0 94783 6866 16 25217 1548 0 15011 31 0
fn=builtin___build_class__.warm
0 1238 84 8 364 4 0 224 0 0
fn=builtin___import__
0 15938 1019 5 3246 110 1 1470 82 0
fn=builtin___import__.warm
0 107 17 2 0 0 0 12 0 0
fn=builtin_abs
0 32 2 1 8 0 0 2 0 0
fn=builtin_all
0 1147 35 5 245 0 0 185 0 0
fn=builtin_all.warm
0 56 1 1 28 0 0 14 0 0
fn=builtin_any
0 5521 75 3 407 0 0 1027 0 0
fn=builtin_any.warm
0 2497 46 2 1307 0 0 230 0 0
fn=builtin_callable
0 864 65 1 324 49 0 0 0 0
fn=builtin_chr
0 9240 15 5 1760 2 0 660 0 0
fn=builtin_compile
0 924 90 12 189 16 1 133 0 0
fn=builtin_delattr
0 1170 57 1 360 0 0 180 0 0
fn=builtin_dir
0 40 2 1 6 2 0 8 0 0
fn=builtin_eval
0 1659 168 6 378 23 0 189 0 0
fn=builtin_exec
0 21286 1845 14 4860 721 5 2083 0 0
fn=builtin_exec.warm
0 162 18 3 48 4 0 6 0 0
fn=builtin_getattr
0 72655 1224 6 21948 36 0 10627 2 0
fn=builtin_globals
0 504 21 2 240 8 0 24 0 0
fn=builtin_hasattr
0 37670 1637 2 10943 1 0 5127 424 0
fn=builtin_hash
0 2331 131 8 360 20 0 359 8 0
fn=builtin_id
0 550 42 4 99 8 0 121 6 0
fn=builtin_isinstance
0 1980 69 1 660 0 0 264 3 0
fn=builtin_issubclass
0 2325 101 1 775 0 0 310 0 0
fn=builtin_iter
0 208 4 2 48 0 0 48 0 0
fn=builtin_len
0 3980 143 8 1092 91 2 846 1 0
fn=builtin_max
0 85464 10280 2 0 0 0 0 0 0
fn=builtin_min
0 10508 1112 0 0 0 0 0 0 0
fn=builtin_next
0 346324 3568 4 94452 12451 0 62968 0 0
fn=builtin_ord
0 10240 317 3 2240 8 0 960 0 0
fn=builtin_print
0 117 10 10 21 1 0 19 0 0
fn=builtin_repr
0 246 14 1 0 0 0 0 0 0
fn=builtin_round
0 70000 4500 5 20000 526 0 7000 0 0
fn=builtin_setattr
0 11886 221 1 4245 0 0 1698 0 0
fn=builtin_sorted
0 3113 168 23 856 115 6 518 14 0
fn=builtin_sorted.warm
0 8 1 1 0 0 0 1 0 0
fn=builtin_sum
0 8799696 117965 19 1091668 2080 1 863277 388 0
fn=builtin_sum.cold
0 6461 846 2 500 0 0 923 0 0
fn=builtin_vars
0 572 33 2 88 0 0 88 1 0
fn=bytearray___init__
0 7905 563 6 1947 8 0 1032 0 0
fn=bytearray_ass_subscript
0 84231 187 4 24066 5 0 10696 0 0
fn=bytearray_ass_subscript.cold
0 2674 72 1 0 0 0 0 0 0
fn=bytearray_dealloc
0 4743 100 1 2553 0 0 729 0 0
fn=bytearray_find
0 2232 108 1 744 0 0 0 0 0
fn=bytearray_iter
0 30 3 3 9 0 0 9 0 0
fn=bytearray_length
0 104 27 0 104 0 0 0 0 0
fn=bytearray_subscript
0 39250 214 10 15575 25 0 7850 63 30
fn=bytearray_translate
0 26650 190 8 13400 41 0 6700 81 24
fn=bytearrayiter_dealloc
0 48 3 3 17 0 0 7 0 0
fn=bytes_buffer_getbuffer
0 8539 492 6 1274 179 2 2351 122 0
fn=bytes_concat
0 879 41 12 240 4 0 125 8 0
fn=bytes_decode
0 918 61 9 195 2 0 104 4 0
fn=bytes_decode.warm
0 75 8 4 20 0 0 10 0 0
fn=bytes_hash
0 17410 125 2 6486 96 0 1664 0 0
fn=bytes_iter
0 179 12 2 60 4 0 53 1 0
fn=bytes_length
0 960 38 0 960 0 0 0 0 0
fn=bytes_maketrans
0 240 8 8 54 0 0 38 0 0
fn=bytes_new
0 52 5 5 14 2 0 7 0 0
fn=bytes_new.warm
0 2 1 1 0 0 0 0 0 0
fn=bytes_richcompare
0 5500 372 3 1500 121 0 500 0 0
fn=bytes_subscript
0 47700 1099 9 8202 123 0 6747 16 0
fn=cache_struct_converter
0 226 3 3 55 1 0 47 0 0
fn=calc_number_widths
0 4862 15 12 1313 0 0 1000 0 0
fn=calc_number_widths.warm
0 378 3 3 131 1 1 50 0 0
fn=calcsize
0 180 2 2 55 1 0 50 0 0
fn=call_typing_args_kwargs
0 4570 288 6 969 161 0 1049 0 0
fn=call_typing_func_object
0 294 21 2 49 5 0 70 0 0
fn=can_optimize_super_call
0 6844 46 1 3007 341 0 2105 15 0
fn=can_optimize_super_call.warm
0 576 60 8 204 45 0 24 0 0
fn=capsule_dealloc
0 1196 118 2 476 6 0 121 0 0
fn=cell_clear
0 127 2 2 35 9 0 24 0 0
fn=cell_dealloc
0 69074 2676 14 22885 823 5 8363 140 1
fn=cell_traverse
0 65498 34 3 8636 614 67 8632 0 0
fn=cfg_to_instr_sequence
0 126762 821 7 34260 0 0 19200 0 0
fn=cfg_to_instr_sequence.warm
0 33 3 3 4 0 0 7 0 0
fn=cfunc_noargs
0 96 1 1 18 6 0 14 0 0
fn=cfunction_call
0 652027 23862 4 233770 12391 3 103896 1 0
fn=cfunction_vectorcall_FASTCALL.llvm.1389210256044623945
0 48605 426 2 17672 996 4 10311 11 0
fn=cfunction_vectorcall_FASTCALL.llvm.1389210256044623945.warm
0 8 2 1 0 0 0 0 0 0
fn=cfunction_vectorcall_FASTCALL_KEYWORDS.llvm.1389210256044623945
0 56124 1549 6 20214 1846 9 6738 0 0
fn=cfunction_vectorcall_NOARGS.llvm.1389210256044623945
0 210777 5649 6 68890 2194 3 27556 47 0
fn=cfunction_vectorcall_O.llvm.1389210256044623945
0 50431 1906 7 20868 399 6 8695 4 0
fn=chain_dealloc
0 303 11 3 102 12 0 68 3 0
fn=chain_new
0 195 15 3 60 23 1 35 0 0
fn=chain_next
0 799 27 4 253 9 0 148 1 0
fn=charmaptranslate_lookup
0 4719 15 4 1133 1 0 1004 0 0
fn=check_compare
0 2212 72 3 717 94 0 329 12 0
fn=check_force_ascii.llvm.9628032256191913418
0 54 2 2 10 0 0 10 0 0
fn=check_force_ascii.llvm.9628032256191913418.cold
0 4 2 1 0 0 0 0 0 0
fn=check_null_or_callable
0 110 0 0 34 1 0 30 0 0
fn=check_set_special_type_attr
0 16 2 2 3 0 0 2 0 0
fn=classmethod_get
0 55975 1742 2 18923 2340 3 1840 0 0
fn=clear_tp_subclasses
0 168 2 2 64 0 0 16 0 0
fn=clone_combined_dict_keys.llvm.12822448453316641776
0 279967 3631 18 78132 4616 276 17726 22 0
fn=cm_clear
0 88 4 4 28 5 0 19 0 0
fn=cm_dealloc
0 4507 12 6 1632 366 0 854 7 0
fn=cm_descr_get
0 16170 530 1 4410 1644 0 0 0 0
fn=cm_get___isabstractmethod__
0 715 38 1 165 6 0 110 0 0
fn=cm_init
0 4398 178 2 966 0 0 948 0 0
fn=cm_traverse
0 40258 64 6 8604 315 25 7102 0 0
fn=cmp_base
0 312 16 2 96 0 0 72 0 0
fn=cmp_constdefs
0 1701 2 0 1134 47 46 0 0 0
fn=code_dealloc
0 552432 1363 25 180192 29360 20480 87446 7 0
fn=code_dealloc.warm
0 117 11 3 14 3 0 39 0 0
fn=code_getvarnames
0 4 4 2 0 0 0 0 0 0
fn=code_hash
0 638530 1092 8 121415 236 0 9900 20 0
fn=codegen_addop_i
0 5148 124 2 1573 0 0 1716 2 0
fn=codegen_addop_j
0 1872 52 2 572 0 0 624 0 0
fn=codegen_addop_noarg.llvm.1838710423278835948
0 16272 384 2 4520 0 0 5424 100 0
fn=collections_exec
0 178 14 11 28 5 0 27 2 0
fn=collections_traverse
0 552 12 6 120 22 4 96 0 0
fn=compatible_for_assignment
0 39 4 4 10 0 0 7 0 0
fn=compatible_with_tp_base
0 16 3 3 8 0 0 0 0 0
fn=compiler_add_const
0 6075 243 3 1547 24 0 1192 0 0
fn=compiler_addcompare
0 1826 120 7 621 44 2 574 0 0
fn=compiler_addop_load_const
0 46107 958 6 10569 185 0 10149 141 0
fn=compiler_addop_name
0 43529 342 7 9008 0 0 8143 2 0
fn=compiler_addop_name.warm
0 48 12 2 0 0 0 0 0 0
fn=compiler_addop_o
0 54331 360 4 12841 0 0 15568 53 0
fn=compiler_addop_o.warm
0 32 2 2 2 0 0 3 0 0
fn=compiler_body.llvm.1838710423278835948
0 3492 312 5 1142 116 0 544 0 0
fn=compiler_call_helper
0 5741 229 7 1239 85 0 1074 0 0
fn=compiler_call_simple_kw_helper
0 142 10 5 38 0 0 34 0 0
fn=compiler_check_debug_args
0 9451 158 4 3148 723 0 117 0 0
fn=compiler_codegen.llvm.1838710423278835948
0 2704 287 3 574 57 0 574 0 0
fn=compiler_enter_scope.llvm.1838710423278835948
0 59345 2047 28 15169 521 0 14734 471 0
fn=compiler_exit_scope.llvm.1838710423278835948
0 9340 447 4 3570 227 0 2423 0 0
fn=compiler_free.llvm.1838710423278835948
0 6028 334 4 2214 208 0 998 0 0
fn=compiler_function
0 30164 965 21 9697 577 0 3793 0 0
fn=compiler_jump_if
0 3398 120 6 924 125 2 496 0 0
fn=compiler_make_closure
0 8563 451 8 2315 33 0 2081 120 0
fn=compiler_nameop
0 114243 1818 15 32604 225 1 15716 79 0
fn=compiler_try_except
0 672 48 24 152 2 0 120 0 0
fn=compiler_unit_free.llvm.1838710423278835948
0 22502 1539 8 7878 279 0 5339 0 0
fn=compiler_unwind_fblock_stack
0 1344 74 1 588 8 0 336 0 0
fn=compiler_visit_argannotation
0 7256 68 3 2020 102 0 1030 0 0
fn=compiler_visit_expr.llvm.1838710423278835948
0 117382 1412 50 38585 2113 4 17022 71 0
fn=compiler_visit_expr.llvm.1838710423278835948.warm
0 40 4 4 11 0 0 4 0 0
fn=compiler_visit_kwonlydefaults
0 585 69 1 234 0 0 0 0 0
fn=compiler_visit_stmt.llvm.1838710423278835948
0 17998 865 23 5464 702 6 2786 0 0
fn=compiler_visit_stmt.llvm.1838710423278835948.cold
0 252 74 1 0 0 0 0 0 0
fn=compound_stmt_rule
0 83170 3162 50 18223 195 0 21268 129 6
fn=config_dict_get_int
0 2220 3 3 481 1 0 370 2 0
fn=config_dict_get_wstr
0 1575 6 6 370 7 0 335 0 0
fn=config_dict_get_wstrlist
0 1296 8 8 341 14 0 233 0 0
fn=config_get_codec_name
0 202 9 6 46 3 0 44 0 0
fn=config_get_env_dup
0 100 2 2 24 0 0 36 0 0
fn=config_init_env_warnoptions
0 37 3 3 11 0 0 12 0 0
fn=config_init_hash_seed
0 26 0 0 6 0 0 10 0 0
fn=config_init_import.llvm.17942910402485820182
0 64 7 3 22 1 0 22 3 0
fn=config_read_env_vars
0 134 9 9 27 0 0 31 0 0
fn=conjunction_rule
0 237229 970 8 92054 27 0 51458 862 105
fn=conjunction_rule.warm
0 105 16 4 16 0 0 20 0 0
fn=contains_typevartuple
0 42 2 1 14 2 0 8 0 0
fn=context_init
0 174 4 4 42 0 0 72 0 0
fn=context_new
0 160 5 4 45 2 0 43 2 2
fn=context_new.warm
0 6 1 1 3 1 1 2 0 0
fn=context_setattrs
0 123 10 10 30 0 0 21 0 0
fn=contextvar_generate_hash
0 22 2 2 3 0 0 4 0 0
fn=contextvar_new
0 41 3 3 7 0 0 12 0 0
fn=convertitem.llvm.11509138324930172611
0 51562 4374 7 18900 35 1 12660 52 0
fn=count_dealloc
0 108 9 3 39 10 1 24 0 0
fn=count_next
0 888842 72867 4 172090 0 0 187314 904 0
fn=count_traverse
0 616 15 5 154 0 0 110 0 0
fn=countformat.llvm.4859233971528862624
0 82040 498 1 11584 682 5 888 0 0
fn=crc32_set_func
0 17 1 1 1 0 0 1 1 1
fn=crc64_set_func
0 17 1 1 1 0 0 1 0 0
fn=create_builtin
0 32488 170 4 5658 580 0 3289 0 0
fn=create_builtin.warm
0 84 6 3 26 8 0 6 2 0
fn=create_gil.llvm.7660091261208025340
0 26 2 2 4 0 0 7 0 0
fn=create_stdio
0 638 39 13 84 10 0 117 3 0
fn=create_stdio.cold
0 6 3 1 0 0 0 0 0 0
fn=csv_exec
0 132 9 9 8 2 0 33 0 0
fn=csv_register_dialect
0 171 15 4 42 5 0 33 0 0
fn=date_new
0 640 6 2 180 0 0 140 0 0
fn=date_toordinal
0 35 2 2 5 1 0 0 0 0
fn=datetime_alloc
0 54 2 2 18 1 0 12 0 0
fn=datetime_destructor
0 8 1 1 3 0 0 2 0 0
fn=decode_current_locale.llvm.9628032256191913418
0 65812 259 4 11194 29 0 6298 0 0
fn=decode_to_dict
0 392 7 4 108 3 1 83 0 0
fn=decorators_rule
0 6240 192 5 1920 0 0 1536 0 0
fn=deduce_unreachable
0 1038 91 6 151 16 0 460 17 0
fn=deduce_unreachable.warm
0 4675135 275 21 1330935 349999 45936 639018 206 1
fn=defdict_dealloc
0 379 5 2 137 6 0 100 0 0
fn=defdict_init
0 950 35 5 288 19 0 169 0 0
fn=defdict_missing
0 1706 102 3 385 98 0 279 1 0
fn=defdict_tp_clear
0 60 1 1 30 5 0 10 0 0
fn=defdict_tp_clear.cold
0 40 1 1 10 0 0 10 0 0
fn=defdict_traverse
0 2800 12 4 600 68 21 500 0 0
fn=delitem_common.llvm.12822448453316641776
0 198481 4396 13 56034 688 0 32597 1 0
fn=deque_append
0 26011 2000 2 10000 500 0 7004 927 0
fn=deque_append_internal
0 3629 2 2 1382 0 0 1038 22 8
fn=deque_append_internal.cold
0 30 2 2 2 0 0 8 0 0
fn=deque_clear
0 16 3 2 8 0 0 0 0 0
fn=deque_dealloc
0 236 12 8 92 17 0 55 2 1
fn=deque_extend
0 1955 4 2 8 1 0 364 0 0
fn=deque_extend.warm
0 14 2 1 10 0 0 0 0 0
fn=deque_init
0 104 8 2 28 4 0 24 0 0
fn=deque_item
0 9894 1072 1 4074 1394 0 1164 0 0
fn=deque_iter
0 16500 1000 2 5500 991 0 6000 478 0
fn=deque_len
0 35112 13232 0 35112 3146 0 0 0 0
fn=deque_new
0 128 12 2 28 0 0 56 0 0
fn=deque_popleft
0 23460 1417 2 10557 251 0 5865 0 0
fn=deque_popleft.cold
0 176 58 2 6 0 0 68 1 0
fn=deque_traverse
0 630 12 8 216 18 7 144 0 0
fn=dequeiter_clear
0 6500 500 1 1500 0 0 1000 0 0
fn=dequeiter_dealloc
0 15500 1000 2 4500 0 0 4500 494 0
fn=dequeiter_next
0 7300 1000 2 3508 145 0 336 0 0
fn=deregister_tm_clones
0 4 0 0 1 0 0 0 0 0
fn=descr_dealloc
0 163034 89 8 57012 2445 1 14394 141 0
fn=descr_traverse
0 612776 0 0 79628 1328 56 79628 0 0
fn=dialect_new
0 975 81 27 216 0 0 203 0 0
fn=dict___contains__
0 1222 16 2 329 0 0 188 0 0
fn=dict_add_o
0 7001 330 3 1695 0 0 1665 0 0
fn=dict_ass_sub
0 5674 130 0 662 0 0 922 0 0
fn=dict_ass_sub.warm
0 2340 206 1 780 41 0 0 0 0
fn=dict_dealloc
0 3455201 62421 53 1045714 51029 14825 410059 2663 26
fn=dict_fromkeys
0 882 75 1 89 0 0 0 0 0
fn=dict_get
0 214150 9097 30 53610 3292 19 22921 202 0
fn=dict_get.warm
0 24 2 1 12 0 0 0 0 0
fn=dict_init
0 936 38 2 168 0 0 168 7 0
fn=dict_iter.llvm.12822448453316641776
0 5735 289 2 1665 1 0 2035 23 0
fn=dict_length
0 1304 274 2 1304 0 0 0 0 0
fn=dict_merge.llvm.12822448453316641776
0 32767 996 29 8033 102 2 4089 0 0
fn=dict_merge.llvm.12822448453316641776.warm
0 6 1 1 3 0 0 2 0 0
fn=dict_new
0 800 46 2 256 9 0 224 1 0
fn=dict_pop
0 8940 555 3 2519 79 0 1540 0 0
fn=dict_popitem
0 156 18 6 48 3 0 36 0 0
fn=dict_setdefault
0 3959 137 1 1267 0 0 882 0 0
fn=dict_subscript
0 153592 3411 27 42039 3164 8 18341 30 0
fn=dict_subscript.warm
0 1751 79 19 395 20 0 217 1 0
fn=dict_tp_clear
0 1175 9 3 470 5 0 470 0 0
fn=dict_traverse
0 3609328 263 21 434196 83356 24550 335668 32 0
fn=dict_update
0 4405 210 2 580 0 0 695 0 0
fn=dict_update.warm
0 12 1 1 2 0 0 2 0 0
fn=dict_update_arg
0 3572 411 3 1055 1 0 689 0 0
fn=dict_vectorcall
0 8308 480 3 1964 183 0 2122 0 0
fn=dict_vectorcall.warm
0 594 27 1 189 0 0 54 0 0
fn=dictbytype
0 54576 530 7 13146 85 0 10795 167 0
fn=dictitems_iter
0 11040 915 8 2640 0 0 3600 31 0
fn=dictitems_new
0 7440 675 6 2400 26 0 1920 25 0
fn=dictiter_dealloc
0 35390 1671 8 12236 53 0 4283 5 0
fn=dictiter_iternextitem
0 269320 2331 13 95793 3101 7 41146 0 0
fn=dictiter_iternextkey
0 77547 885 8 25191 541 1 8621 0 0
fn=dictiter_iternextvalue
0 27704 86 3 8904 227 0 3030 0 0
fn=dictiter_iternextvalue.warm
0 842 1 1 140 0 0 0 0 0
fn=dictiter_len
0 3510 390 2 1365 0 0 585 0 0
fn=dictkeys_decref.llvm.12822448453316641776
0 468403 282 8 126384 34530 1765 27487 17 0
fn=dictkeys_iter
0 2541 154 2 770 0 0 847 9 0
fn=dictkeys_new
0 2418 156 2 780 3 0 624 8 0
fn=dictresize.llvm.12822448453316641776
0 1815066 51085 36 416034 26191 13 203503 3656 818
fn=dictresize.llvm.12822448453316641776.cold
0 2852 60 3 628 0 0 203 0 0
fn=dictvalues_iter
0 9273 84 3 2810 0 0 3091 3 0
fn=dictvalues_new
0 8742 52 3 2820 1 0 2256 1 0
fn=dictview_dealloc
0 28709 1208 8 9614 2 0 3895 1 0
fn=dictview_len
0 30 6 0 18 0 0 0 0 0
fn=disjunction_rule
0 235935 752 8 91566 44 0 51154 800 97
fn=disjunction_rule.warm
0 1285 121 10 457 1 0 231 11 0
fn=divrem1
0 549 6 6 48 0 0 47 2 0
fn=do_argstrip
0 43061 1762 5 9186 24 3 3020 0 0
fn=do_argstrip.warm
0 8 4 1 0 0 0 0 0 0
fn=do_mkvalue.llvm.4859233971528862624
0 208920 3947 21 66115 1256 7 38331 116 0
fn=do_mkvalue.llvm.4859233971528862624.warm
0 21324 596 8 4227 2 0 3138 6 0
fn=do_string_format
0 1428 8 1 238 2 0 595 0 0
fn=dotted_as_name_rule
0 816 56 7 288 0 0 144 4 0
fn=dotted_name_rule
0 1600 34 5 488 0 0 360 0 0
fn=double_starred_kvpair_rule
0 1728 36 2 528 0 0 480 0 0
fn=drop_gil.llvm.7660091261208025340
0 107168 1142 9 21983 417 2 27479 175 0
fn=elif_stmt_rule
0 1368 72 5 456 0 0 288 0 0
fn=else_block_rule
0 714 54 4 222 0 0 160 0 0
fn=encode_current_locale.llvm.9628032256191913418
0 139295 167 5 8420 0 0 16390 3 2
fn=encode_current_locale.llvm.9628032256191913418.cold
0 15400 31 1 0 0 0 0 0 0
fn=enum_dealloc
0 2169 133 6 736 32 0 368 2 0
fn=enum_new_impl
0 2025 101 6 298 36 1 643 1 0
fn=enum_next
0 266580 208 16 72316 143 0 48867 4 0
fn=enumerate_vectorcall
0 822 93 4 172 0 0 141 1 0
fn=enumerate_vectorcall.warm
0 265 36 8 74 7 1 0 0 0
fn=env_to_dict
0 216 5 5 52 0 0 53 0 0
fn=errno_exec
0 982 63 62 7 0 0 142 0 0
fn=except_block_rule
0 366 20 9 108 0 0 70 0 0
fn=exec_code_in_module
0 22 3 1 4 0 0 5 0 0
fn=expression_rule
0 195219 665 7 76214 409 0 42026 764 106
fn=expression_rule.warm
0 306 26 6 56 0 0 72 3 2
fn=expressions_rule
0 2940 196 7 868 7 0 644 2 0
fn=factor_rule
0 488610 2758 16 183030 71 0 75500 1893 205
fn=factor_rule.warm
0 84 8 4 8 0 0 24 1 1
fn=faulthandler_disable.llvm.6463670448734997959
0 8 3 3 4 1 1 1 0 0
fn=fileio_dealloc
0 8428 528 8 3077 96 0 2006 18 0
fn=fileio_dealloc_warn
0 18 2 1 9 0 0 0 0 0
fn=fileio_new
0 1876 267 1 536 0 0 804 0 0
fn=fileio_traverse
0 800 7 3 192 0 0 160 0 0
fn=fill_number
0 3400 11 8 1300 0 0 650 0 0
fn=fill_number.warm
0 2162 14 12 376 0 0 162 0 0
fn=fill_time
0 211524 4534 10 58104 2226 0 48420 757 0
fn=filter_dealloc
0 60 4 4 21 1 0 11 1 0
fn=filter_next
0 109 6 5 18 1 0 11 0 0
fn=filter_vectorcall
0 35 3 3 8 1 1 7 0 0
fn=finalize_interp_clear.llvm.17409484234675140496
0 1294 19 18 329 91 75 286 1 0
fn=finalize_interp_clear.llvm.17409484234675140496.warm
0 59991 12 12 12149 2605 563 13185 1028 1010
fn=finalize_iterator
0 28 2 1 10 0 0 4 0 0
fn=finalize_iterator.cold
0 10 1 0 4 0 0 2 0 0
fn=finalize_modules.llvm.17409484234675140496
0 16758 29 29 3916 748 185 1326 0 0
fn=finalize_modules.llvm.17409484234675140496.warm
0 46 4 4 19 7 0 11 0 0
fn=finally_block_rule
0 104 6 2 32 0 0 24 0 0
fn=find_ann.llvm.1838710423278835948
0 2628 112 4 746 22 1 474 0 0
fn=find_frozen
0 47339 1053 8 7385 3281 40 6426 3 0
fn=find_internal.llvm.13623251158506191672
0 30520 450 5 5580 0 0 4464 0 0
fn=fix_up_extension.llvm.4544646981347616587
0 881 43 15 220 15 0 146 6 0
fn=float___format__
0 12466 1008 4 2168 0 0 3794 1 0
fn=float___round__
0 24000 2000 2 7000 259 0 7000 0 0
fn=float___round__.warm
0 1000 13 1 0 0 0 0 0 0
fn=float___trunc___impl
0 7682 612 7 1718 245 1 1588 0 0
fn=float_abs
0 40 2 2 20 1 0 8 0 0
fn=float_add
0 407473 57004 10 164965 6995 0 67672 339 0
fn=float_add.warm
0 325299 24174 2 84077 1726 0 24022 0 0
fn=float_bool
0 30 2 1 12 3 0 0 0 0
fn=float_dealloc
0 5320095 38948 6 2297040 1059 1 726015 0 0
fn=float_div
0 2903645 54047 8 1111390 12506 2 457154 954 0
fn=float_div.warm
0 75486 6306 1 0 0 0 0 0 0
fn=float_floor_div
0 84 10 5 32 2 0 20 2 0
fn=float_floor_div.cold
0 4 2 1 0 0 0 0 0 0
fn=float_from_string_inner.llvm.1744512156746163663
0 433 24 4 126 37 0 56 5 0
fn=float_hash
0 8 4 1 4 1 0 0 0 0
fn=float_mul
0 1199867 55787 17 410827 23893 1 151675 1620 0
fn=float_mul.warm
0 21060 5350 1 0 0 0 0 0 0
fn=float_neg
0 43668 507 2 21334 542 0 9970 25 0
fn=float_new_impl
0 64 0 0 8 0 0 0 0 0
fn=float_pow
0 92250 1070 12 24065 3 1 15044 0 0
fn=float_pow.warm
0 2004 506 3 0 0 0 0 0 0
fn=float_repr
0 676 3 2 156 9 0 182 0 0
fn=float_richcompare
0 8042539 34006 8 2320108 69097 5 1248052 2261 0
fn=float_sub
0 1308 58 4 497 33 1 183 4 0
fn=float_sub.warm
0 175 10 3 72 0 0 54 0 0
fn=float_vectorcall
0 128 12 2 32 0 0 24 0 0
fn=flush_std_files.llvm.17409484234675140496
0 283 21 21 60 14 2 36 0 0
fn=fold_iter
0 2608 84 7 696 114 0 416 2 0
fn=format_float_internal.llvm.12512253103730487364
0 43744 3011 12 10246 1 0 8112 502 0
fn=format_float_internal.llvm.12512253103730487364.cold
0 4 2 1 0 0 0 0 0 0
fn=format_float_internal.llvm.12512253103730487364.warm
0 2646 14 8 546 3 2 324 0 0
fn=frame_dealloc
0 175159 8912 24 52012 296 1 21897 0 0
fn=frame_dummy
0 1 0 0 0 0 0 0 0 0
fn=frozenset_hash
0 19692 84 4 2376 3 0 60 0 0
fn=frozenset_vectorcall
0 1028 43 2 165 12 0 256 0 0
fn=frozenset_vectorcall.warm
0 19 3 3 1 1 0 7 0 0
fn=fstring_replacement_field_rule
0 22364 251 10 7072 0 0 5094 0 0
fn=fstring_replacement_field_rule.warm
0 2121 82 3 202 0 0 404 0 0
fn=func_clear
0 631177 13451 26 179502 11124 61 95616 784 32
fn=func_clear.warm
0 6027 1448 3 76 1 0 2009 0 0
fn=func_dealloc
0 545493 13176 15 191520 12391 58 67604 960 2
fn=func_descr_get
0 1784752 70657 6 506516 20961 0 462732 16664 26
fn=func_descr_get.warm
0 43843 14135 1 20 3 0 6 0 0
fn=func_get_annotations
0 10807 577 9 3460 41 0 3108 34 0
fn=func_get_code
0 251 22 2 55 4 0 53 0 0
fn=func_get_defaults
0 112 8 3 20 3 0 20 0 0
fn=func_get_kwdefaults
0 88 4 1 16 0 0 16 0 0
fn=func_get_name
0 2360 182 1 1416 31 0 0 0 0
fn=func_get_qualname
0 1456 169 1 774 21 0 166 0 0
fn=func_get_type_params
0 592 68 1 222 6 0 0 0 0
fn=func_set_annotations
0 726 59 2 198 0 0 132 2 0
fn=func_set_defaults
0 127 12 4 30 0 0 20 0 0
fn=func_set_name
0 1710 60 1 588 5 0 183 0 0
fn=func_set_qualname
0 5093 88 1 1519 31 1 817 0 0
fn=func_set_type_params
0 544 28 1 192 0 0 64 0 0
fn=func_traverse
0 3979266 409 31 648414 53155 12445 399590 4 0
fn=func_type_comment_rule
0 4128 115 4 1056 0 0 1056 0 0
fn=function_def_raw_rule
0 16200 555 17 4948 168 0 2958 59 0
fn=functools_wraps
0 17700 698 8 1954 0 0 3161 0 0
fn=ga_dealloc
0 276 10 5 107 19 0 43 3 0
fn=ga_dealloc.cold
0 3 1 1 2 1 0 1 0 0
fn=ga_getattro
0 590 14 6 160 7 2 64 0 0
fn=ga_hash
0 76 4 1 20 0 0 20 1 0
fn=ga_new
0 35 2 2 9 0 0 7 0 0
fn=ga_parameters
0 30 2 1 10 1 0 6 0 0
fn=ga_richcompare
0 634 4 2 170 14 0 54 0 0
fn=ga_traverse
0 1164 15 6 266 19 3 210 0 0
fn=gallop_left
0 4418332 38 12 1036762 37452 0 547205 0 0
fn=gallop_right
0 4658894 86 20 1003344 43437 0 535223 971 0
fn=gc_collect_main.llvm.4354118032299403194
0 4147656 1212 160 1128445 407477 692 171303 397 7
fn=gc_collect_main.llvm.4354118032299403194.cold
0 92 92 8 0 0 0 0 0 0
fn=gc_collect_main.llvm.4354118032299403194.warm
0 3 1 1 1 1 0 0 0 0
fn=gc_traverse
0 73544 41 3 24720 2877 344 2056 0 0
fn=gen_close
0 2512 130 10 722 36 4 344 2 0
fn=gen_close_iter
0 34 2 2 8 0 0 4 0 0
fn=gen_dealloc
0 2645645 98945 27 896736 35656 1 469103 767 0
fn=gen_dealloc.cold
0 2814 677 1 0 0 0 938 0 0
fn=gen_dealloc.warm
0 12 4 2 4 0 0 0 0 0
fn=gen_iternext
0 390575 5527 8 120263 6 0 94833 17 0
fn=gen_send
0 44202 1632 1 0 0 0 0 0 0
fn=gen_send_ex
0 191945 14334 2 44295 9908 0 29530 0 0
fn=gen_send_ex.warm
0 7014 1002 2 2505 503 0 1002 0 0
fn=gen_send_ex2
0 754118 73271 9 177774 14246 1 192539 2403 0
fn=gen_send_ex2.warm
0 164096 26364 3 44205 0 0 28970 9494 0
fn=gen_traverse
0 4563 21 13 879 68 13 526 0 0
fn=generic_class_getitem
0 40 8 0 0 0 0 0 0 0
fn=generic_dealloc
0 357 6 2 153 2 0 102 0 0
fn=generic_init_subclass
0 185 37 1 0 0 0 0 0 0
fn=generic_traverse
0 1898 7 3 292 0 0 292 0 0
fn=genexp_rule
0 7863 241 6 2699 1 0 1756 0 0
fn=get_closed
0 2715 144 3 1086 0 0 0 0 0
fn=get_datetime_capi
0 24 3 3 5 1 0 17 2 0
fn=get_error_handler_wide.llvm.9504702192703139781
0 7722 51 1 1053 0 0 1755 1 0
fn=get_integer
0 66463 2017 5 15299 2513 7 7840 192 0
fn=get_locale_info
0 492 2 2 98 1 0 147 0 0
fn=get_locale_info.warm
0 31 2 2 4 0 0 7 0 0
fn=get_memory_error
0 544 3 3 144 3 1 144 0 0
fn=get_num_global_allocated_blocks.llvm.14003496154323926769
0 18 1 1 8 1 1 3 0 0
fn=get_ref_type
0 595 40 2 210 20 0 140 0 0
fn=getpath_abspath
0 877 6 6 76 0 0 72 0 0
fn=getpath_abspath.cold
0 35 4 4 2 0 0 1 0 0
fn=getpath_dirname
0 286 14 2 65 0 0 52 0 0
fn=getpath_isdir
0 120 5 3 24 0 0 18 0 0
fn=getpath_isfile
0 390 11 2 80 1 0 60 0 0
fn=getpath_joinpath
0 19725 59 13 2113 0 0 1741 0 0
fn=getpath_joinpath.cold
0 525 26 4 30 0 0 15 0 0
fn=getpath_readlines
0 212 11 3 52 1 0 53 0 0
fn=getpath_readlines.cold
0 232 4 4 17 1 0 22 0 0
fn=getpath_readlines.warm
0 992 14 14 55 2 2 198 11 1
fn=getpath_realpath
0 134 5 4 24 0 0 27 1 1
fn=getpath_realpath.cold
0 12 1 1 3 0 0 2 0 0
fn=getset_get
0 268069 4106 6 91104 5971 14 9541 0 0
fn=getset_get.warm
0 16 2 2 6 0 0 2 0 0
fn=getset_set
0 9634 363 2 3644 125 0 524 0 0
fn=getstring
0 2292 157 3 861 38 0 627 1 0
fn=hashtable_destroy_str
0 16 1 1 8 0 0 0 0 0
fn=hashtable_hash_str
0 650 44 1 150 0 0 150 0 0
fn=hashtable_key_from_2_strings
0 2806 179 4 460 1 0 690 0 0
fn=hashtable_unicode_compare.llvm.9504702192703139781
0 587366 1227 4 71630 11435 104 28652 0 0
fn=hashtable_unicode_hash.llvm.9504702192703139781
0 929040 1418 4 209303 1107 525 102086 5 0
fn=heappop_internal
0 692384 32983 3 204568 391 0 141624 0 0
fn=heapq_exec
0 19 1 0 3 0 0 5 0 0
fn=i2b
0 11 1 1 5 0 0 3 0 0
fn=i2b.cold
0 11 1 1 1 0 0 2 0 0
fn=imp_module_exec
0 29 2 2 7 1 0 6 0 0
fn=import_add_module.llvm.4544646981347616587
0 121 9 3 29 3 0 23 0 0
fn=import_find_extension
0 1932 126 3 588 55 0 504 0 0
fn=import_get_module.llvm.4544646981347616587
0 91 6 4 26 6 3 20 1 1
fn=import_star.llvm.7451131693333883409
0 98957 240 11 18667 865 0 5981 1 0
fn=incrementalnewlinedecoder_dealloc
0 133 9 6 46 12 0 34 0 0
fn=incrementalnewlinedecoder_traverse
0 64 2 2 14 0 0 12 0 0
fn=init_identifiers
0 432 35 35 2 1 0 173 14 13
fn=init_interp_main
0 619 50 41 140 23 0 113 4 0
fn=init_timezone
0 144 10 10 17 0 0 28 1 0
fn=init_types.llvm.16069275407038042540
0 2056 206 147 272 92 2 407 108 16
fn=initialize_structseq_dict
0 4461 79 12 1008 21 0 710 3 0
fn=ins1.llvm.4231398084858002475
0 1063 58 6 198 5 0 185 0 0
fn=insert_to_emptydict.llvm.12822448453316641776
0 13644 1005 8 4188 206 0 3898 119 30
fn=insertdict.llvm.12822448453316641776
0 198421 882 23 56048 312 0 23533 179 0
fn=insertdict.llvm.12822448453316641776.cold
0 81 1 1 27 0 0 27 0 0
fn=instr_sequence_to_cfg
0 288741 3134 20 85682 492 1 41827 113 18
fn=instr_sequence_to_cfg.cold
0 1413 164 1 0 0 0 0 0 0
fn=instr_sequence_use_label
0 37404 941 7 8938 0 0 7698 0 0
fn=int_bit_length
0 738 43 2 148 0 0 84 0 0
fn=int_bit_length.warm
0 2 1 1 1 0 0 0 0 0
fn=int_from_bytes
0 24010 601 6 5067 22 0 3469 0 0
fn=int_from_bytes.warm
0 722 121 1 0 0 0 0 0 0
fn=int_to_bytes
0 95 8 8 20 1 0 14 0 0
fn=intern_string_constants.llvm.7647040428114912363
0 1755694 898 4 411421 15689 2056 93202 717 1
fn=intern_string_constants.llvm.7647040428114912363.warm
0 1531 80 7 203 0 0 508 2 0
fn=interpreter_clear.llvm.14942267709159860110
0 698 56 54 219 44 23 81 5 4
fn=inversion_rule
0 452751 3638 21 130542 36 0 109954 1004 98
fn=inversion_rule.warm
0 5933 441 26 2170 3 0 1036 46 1
fn=invoke_gc_callback.llvm.4354118032299403194
0 3612 130 8 1204 191 3 946 8 0
fn=iobase_enter
0 4680 260 2 780 0 0 650 0 0
fn=iobase_exit
0 4160 390 2 780 0 0 780 0 0
fn=iobase_finalize
0 10202 402 9 3007 4 0 1925 1 0
fn=iobase_iter
0 108 6 4 18 1 0 15 0 0
fn=iomodule_clear
0 205 9 9 51 17 0 32 0 0
fn=iomodule_clear.cold
0 3 1 1 2 0 0 1 0 0
fn=iomodule_exec
0 446 32 30 64 3 0 68 4 0
fn=iomodule_free
0 1 0 0 0 0 0 0 0 0
fn=iomodule_traverse
0 1392 37 17 240 36 9 216 0 0
fn=is_dead_weakref
0 5805 430 2 1935 3 0 215 0 0
fn=iter_dealloc
0 9800 246 3 3430 14 0 1225 20 0
fn=iter_iternext
0 25995 474 4 7855 103 0 4295 0 0
fn=iter_len
0 248 16 2 80 0 0 48 0 0
fn=itertools_chain_from_iterable
0 40 4 1 8 2 1 14 0 0
fn=itertools_count
0 216 18 8 41 5 0 34 0 0
fn=itertools_permutations
0 2232 61 11 378 8 1 336 0 0
fn=itertoolsmodule_clear
0 296 14 14 72 27 0 46 0 0
fn=itertoolsmodule_clear.cold
0 9 3 3 6 0 0 3 0 0
fn=itertoolsmodule_exec
0 438 30 28 32 1 0 80 2 0
fn=itertoolsmodule_free
0 1 1 0 0 0 0 0 0 0
fn=itertoolsmodule_traverse
0 1980 51 25 324 48 10 300 0 0
fn=k_mul.llvm.16785204152912487848
0 4182659 142613 21 843923 19639 0 594479 333 0
fn=kvpair_rule
0 1824 36 3 528 0 0 528 0 0
fn=kwarg_or_double_starred_rule
0 153 8 3 54 0 0 33 0 0
fn=kwarg_or_starred_rule
0 712 23 10 254 0 0 148 2 2
fn=kwargs_rule
0 498 39 18 138 0 0 115 0 0
fn=l_divmod
0 87 8 8 18 0 0 11 0 0
fn=lambda_param_no_default_rule
0 23060 63 3 6210 0 0 5870 0 0
fn=lambda_param_rule
0 61353 105 5 23809 4 0 11649 409 12
fn=lambda_param_with_default_rule
0 2394 42 2 756 0 0 756 0 0
fn=lambda_parameters_rule
0 5253 231 11 1116 0 0 954 0 0
fn=lambda_slash_no_default_rule
0 6292 210 10 1046 0 0 1084 0 0
fn=lambda_slash_no_default_rule.warm
0 1610 84 4 514 0 0 236 0 0
fn=lambda_slash_with_default_rule
0 8018 273 13 1812 0 0 1383 0 0
fn=lambda_star_etc_rule
0 1260 84 4 357 0 0 336 0 0
fn=lambdef_rule
0 14864 403 7 5469 10 0 3548 13 5
fn=list___init__
0 5160 430 2 1290 0 0 645 0 0
fn=list___reversed__
0 5611 15 5 1810 0 0 1629 0 0
fn=list_append
0 72486 1376 9 19980 207 0 14026 258 6
fn=list_ass_item
0 1053 0 0 234 0 0 117 0 0
fn=list_ass_slice.llvm.4231398084858002475
0 2164383 128018 25 388952 110 0 354097 3 0
fn=list_ass_slice.llvm.4231398084858002475.warm
0 390 3 3 85 0 0 5 0 0
fn=list_ass_subscript
0 7458 561 13 2321 24 1 1320 2 0
fn=list_ass_subscript.warm
0 48 8 1 16 2 0 8 0 0
fn=list_builtin_module_names
0 36 2 2 12 1 0 6 0 0
fn=list_concat
0 4119 103 3 1308 80 0 661 23 3
fn=list_contains
0 105876 223 7 29689 35 0 7182 0 0
fn=list_dealloc
0 15851538 114527 17 4370549 722062 650 1650970 10379 21
fn=list_extend.llvm.4231398084858002475
0 3675871 6487 44 742935 320678 875 733748 44161 25457
fn=list_extend.llvm.4231398084858002475.warm
0 8192 651 5 734 0 0 966 0 0
fn=list_index
0 57 7 7 14 0 0 11 0 0
fn=list_inplace_concat
0 1710 92 1 456 0 0 342 0 0
fn=list_insert
0 341 16 4 77 0 0 66 0 0
fn=list_item
0 12607 20 1 7765 386 0 175 0 0
fn=list_item.warm
0 160 20 1 60 20 0 40 0 0
fn=list_iter
0 3615393 62642 6 1205131 4081 2 838352 519 2
fn=list_iter.warm
0 104794 17120 1 0 0 0 0 0 0
fn=list_length
0 122888 12505 1 122888 0 0 0 0 0
fn=list_new_prealloc.llvm.4231398084858002475
0 9228 678 8 2966 135 0 2796 74 0
fn=list_pop
0 91909 5856 8 23194 259 1 15708 0 0
fn=list_remove
0 34320 2859 4 8580 357 0 7865 0 0
fn=list_repeat
0 3177 191 6 612 0 0 554 2 0
fn=list_reverse
0 102 7 2 27 0 0 12 0 0
fn=list_richcompare
0 12567 1600 12 4689 319 0 2522 0 0
fn=list_richcompare.warm
0 377 56 2 105 5 1 0 0 0
fn=list_sort
0 1081 56 4 161 2 0 181 0 0
fn=list_sort.warm
0 6 1 1 1 0 0 0 0 0
fn=list_sort_impl.llvm.4231398084858002475
0 52174258 4539 127 9152274 360155 0 5262731 2671 74
fn=list_stdlib_module_names
0 2418 2 2 301 39 38 606 1 0
fn=list_stdlib_module_names.warm
0 20 2 1 6 1 0 3 0 0
fn=list_subscript
0 47665 1800 31 13683 867 4 7094 189 0
fn=list_to_tuple.llvm.7451131693333883409
0 1292 281 0 646 0 0 0 0 0
fn=list_traverse
0 4198783 89 6 666161 41289 33550 343696 8 0
fn=list_vectorcall
0 57784 4390 14 16375 504 0 11674 0 0
fn=list_vectorcall.warm
0 1286 637 2 0 0 0 0 0 0
fn=listiter_dealloc
0 2151693 5899 12 734138 11935 1 262554 12317 0
fn=listiter_next
0 6045551 21629 1 2623152 185953 482 754725 0 0
fn=listiter_traverse
0 312 6 2 52 2 0 52 0 0
fn=listreviter_dealloc
0 7623 87 6 2539 0 0 909 0 0
fn=listreviter_next
0 3247 12 4 802 0 0 557 0 0
fn=load_args_for_super
0 684 48 4 264 8 0 132 0 0
fn=locale_clear
0 15 0 0 4 2 0 4 0 0
fn=locale_free
0 10 1 1 5 0 0 1 0 0
fn=locale_traverse
0 160 4 3 56 8 3 32 0 0
fn=lock_PyThread_acquire_lock
0 122 4 4 24 0 0 23 0 0
fn=lock_PyThread_release_lock
0 60 2 2 20 0 0 15 0 0
fn=lock_acquire_parse_args
0 16602 1231 6 3059 386 2 3060 10 0
fn=lock_dealloc
0 7958 543 9 2775 347 2 1851 3 1
fn=lock_locked_lock
0 15 1 1 6 0 0 0 0 0
fn=lock_traverse
0 2040 32 3 340 0 0 340 0 0
fn=long_abs
0 22 2 2 7 0 0 4 0 0
fn=long_add
0 72 10 1 48 0 0 0 0 0
fn=long_and
0 145326 4551 17 41849 100 0 18566 37 0
fn=long_bitwise
0 5539 275 12 987 0 0 751 0 0
fn=long_bool
0 1326 62 0 442 0 0 0 0 0
fn=long_dealloc
0 3449367 6745 3 938050 79562 128 0 0 0
fn=long_div
0 158 10 4 50 0 0 21 0 0
fn=long_hash
0 49841 1490 2 13593 112 0 0 0 0
fn=long_invert
0 1240 37 0 248 0 0 0 0 0
fn=long_lshift
0 7665 339 12 1611 0 0 965 1 1
fn=long_mul
0 447554 15095 14 168014 5954 0 70662 3 0
fn=long_neg
0 1802 135 4 404 0 0 306 2 0
fn=long_new
0 48757 1247 2 11517 0 0 7448 0 0
fn=long_new_impl
0 64722 1778 9 15855 299 0 10507 6 0
fn=long_new_impl.warm
0 10 2 2 2 0 0 2 0 0
fn=long_or
0 16959 842 5 5203 11 1 1917 14 0
fn=long_pow
0 6915 417 27 1571 46 0 664 4 0
fn=long_richcompare
0 272984 5676 14 71085 873 11 0 0 0
fn=long_rshift
0 4284 340 15 714 14 0 427 0 0
fn=long_sub
0 246 34 1 164 0 0 0 0 0
fn=long_to_decimal_string
0 2086702 145879 34 409303 170 0 320689 4657 0
fn=long_to_decimal_string_internal.llvm.16785204152912487848
0 768 36 18 176 2 0 106 2 0
fn=long_true_divide
0 597319 53920 10 222119 7817 1 113234 491 0
fn=long_true_divide.warm
0 245 34 1 105 0 0 70 0 0
fn=long_xor
0 737 34 2 266 0 0 0 0 0
fn=longrangeiter_dealloc
0 30 2 2 11 0 0 3 0 0
fn=lookup_maybe_method
0 6715 342 3 2346 311 1 850 1 0
fn=lookup_maybe_method.warm
0 1615 123 8 495 72 0 265 6 0
fn=lookup_method
0 13919 849 13 5410 561 4 2557 64 0
fn=lookup_method.cold
0 12 2 2 3 2 1 3 0 0
fn=lru_cache_call
0 162 70 1 81 52 0 0 0 0
fn=lru_cache_dealloc
0 1322 4 2 441 90 0 360 0 0
fn=lru_cache_descr_get
0 35 5 0 0 0 0 0 0 0
fn=lru_cache_descr_get.warm
0 30 5 1 10 0 0 5 0 0
fn=lru_cache_make_key
0 2690 129 2 807 1 0 638 4 0
fn=lru_cache_new
0 5248 269 11 1506 326 0 1395 12 0
fn=lru_cache_tp_clear
0 4019 13 7 1067 215 1 866 14 0
fn=lru_cache_tp_traverse
0 35648 58 12 6832 1511 424 5652 0 0
fn=lru_list_elem_dealloc
0 2343 6 3 754 34 1 489 0 0
fn=lshift
0 2189 35 15 619 1 1 394 2 1
fn=lshift.warm
0 20 3 3 1 0 0 3 1 1
fn=lzma_clear
0 65 2 2 20 4 0 9 0 0
fn=lzma_exec
0 232 17 15 4 0 0 43 1 0
fn=lzma_free
0 1 0 0 0 0 0 0 0 0
fn=lzma_traverse
0 336 8 6 80 2 0 56 0 0
fn=main
0 10 2 2 1 1 1 5 0 0
fn=make_dict_from_instance_attributes.llvm.12822448453316641776
0 6258 138 7 1388 208 0 455 18 0
fn=make_flags
0 19 1 1 3 0 0 5 0 0
fn=make_impl_info
0 194 13 13 46 1 1 46 0 0
fn=make_pending_calls.llvm.7660091261208025340
0 104 8 8 37 3 0 21 1 0
fn=make_range_object
0 69255 1850 11 14939 135 0 8766 34 0
fn=make_range_object.warm
0 124 7 7 18 0 0 14 0 0
fn=make_type
0 9093 446 4 2597 513 29 2796 0 0
fn=make_typevar.llvm.7451131693333883409
0 16 3 1 0 0 0 0 0 0
fn=make_typevar_with_bound.llvm.7451131693333883409
0 4 1 0 0 0 0 0 0 0
fn=make_version_info
0 24 2 2 4 0 0 10 0 0
fn=map_dealloc
0 5010 191 2 1695 6 0 886 1 0
fn=map_next
0 50352 801 11 16129 180 0 7200 6 0
fn=map_next.cold
0 22 11 1 0 0 0 0 0 0
fn=map_next.warm
0 572 55 5 143 4 0 110 0 0
fn=map_vectorcall
0 8611 381 4 1905 210 0 1753 0 0
fn=mappingproxy_contains
0 642 115 0 428 0 0 0 0 0
fn=mappingproxy_dealloc
0 45339 1217 6 15468 43 0 6185 12 0
fn=mappingproxy_get
0 29120 952 3 5040 0 0 5600 2 0
fn=mappingproxy_getitem
0 1130 14 0 565 0 0 0 0 0
fn=mappingproxy_getiter
0 30 12 1 15 0 0 0 0 0
fn=mappingproxy_items
0 4587 416 2 973 0 0 834 0 0
fn=mappingproxy_keys
0 924 84 2 196 0 0 168 4 0
fn=mappingproxy_len
0 494 26 1 182 22 0 26 0 0
fn=mappingproxy_new
0 1035 63 3 322 9 1 184 0 0
fn=mappingproxy_traverse
0 288 6 3 48 0 0 48 0 0
fn=mappingproxy_values
0 264 24 3 56 0 0 48 0 0
fn=marshal_loads
0 13800 960 8 3600 838 0 3360 88 0
fn=marshal_module_exec
0 10 0 0 3 0 0 2 0 0
fn=match_dealloc
0 13283 352 3 4155 112 0 3135 3 0
fn=match_dealloc.warm
0 6 1 1 2 0 0 1 0 0
fn=match_getslice
0 13468 125 3 2886 78 0 1443 0 0
fn=match_getslice_by_index
0 11580 136 3 2898 0 0 1443 0 0
fn=match_getslice_by_index.warm
0 2151 11 2 1195 0 0 0 0 0
fn=match_group
0 5772 15 1 1443 0 0 481 0 0
fn=math_2
0 112 7 6 38 0 0 32 0 0
fn=math_ceil
0 192 26 3 60 9 0 60 0 0
fn=math_clear
0 26 1 1 9 5 0 4 0 0
fn=math_copysign
0 12 1 1 2 1 1 0 0 0
fn=math_exec
0 66 4 4 10 4 3 19 0 0
fn=math_exp
0 46046 4004 4 12012 2 0 10010 0 0
fn=math_exp.warm
0 1001 24 1 0 0 0 0 0 0
fn=math_floor
0 342 3 2 132 12 7 84 0 0
fn=math_floor.cold
0 198 9 2 36 0 0 45 0 0
fn=math_free
0 1 1 1 0 0 0 0 0 0
fn=math_fsum
0 10747423 68 13 1084483 54341 323 598791 2 0
fn=math_fsum.warm
0 723 66 12 246 36 0 65 2 0
fn=math_log
0 243152 4020 8 62395 136 0 54395 3 0
fn=math_log.warm
0 4893 1527 2 0 0 0 0 0 0
fn=math_sqrt
0 50200 2014 3 12048 3 0 9036 2 0
fn=math_sqrt.warm
0 1004 1003 1 0 0 0 0 0 0
fn=mbuf_add_view.llvm.10799086579308954786
0 28231 1056 16 8806 1 0 8547 335 26
fn=mbuf_dealloc
0 4714 385 6 1441 107 0 523 0 0
fn=mbuf_traverse
0 226 9 1 40 0 0 36 0 0
fn=member_get
0 76381 2326 2 20098 2127 6 8042 13 0
fn=member_get.warm
0 341 10 3 91 0 0 1 0 0
fn=member_set
0 4810 132 2 1443 0 0 481 0 0
fn=member_set.warm
0 148 3 1 38 0 0 0 0 0
fn=memory_dealloc
0 20441 1360 11 7207 582 0 3596 213 0
fn=memory_getbuf
0 8388 524 8 1967 11 0 1965 0 0
fn=memory_getbuf.cold
0 786 262 4 0 0 0 0 0 0
fn=memory_releasebuf
0 262 131 2 262 0 0 0 0 0
fn=memory_richcompare
0 1112 80 10 296 17 1 96 0 0
fn=memory_subscript
0 12768 768 6 3456 10 0 1400 0 0
fn=memory_traverse
0 240 9 1 40 0 0 40 0 0
fn=memoryview
0 1560 120 1 480 0 0 240 0 0
fn=merge_at
0 52603156 262 105 15450146 179984 0 5802604 53174 0
fn=merge_at.warm
0 3794385 137 43 663283 195 0 542038 5339 0
fn=merge_consts_recursive
0 28520 590 5 6388 1 0 5790 0 0
fn=merge_consts_recursive.warm
0 6482 72 9 982 0 0 432 0 0
fn=meth_dealloc
0 737193 14208 12 253553 2099 6 97629 349 0
fn=meth_dealloc.warm
0 81 3 2 18 5 0 9 0 0
fn=meth_get__doc__
0 4 1 1 3 0 0 0 0 0
fn=meth_get__name__
0 45 2 0 30 8 0 0 0 0
fn=meth_get__qualname__
0 15 2 2 7 0 0 3 0 0
fn=meth_hash
0 1365 10 1 420 51 0 0 0 0
fn=meth_richcompare
0 615 30 3 145 7 0 45 0 0
fn=meth_traverse
0 282761 68 7 70824 5429 1069 40798 2 0
fn=method_check_args
0 20246 595 2 7720 3 0 1506 0 0
fn=method_dealloc
0 1230138 45930 8 396524 7689 2 154341 236 0
fn=method_dealloc.warm
0 9 2 1 6 1 0 3 0 0
fn=method_get
0 623404 21247 16 178913 7622 29 132654 2659 143
fn=method_get.warm
0 117 15 1 63 5 0 6 0 0
fn=method_get_doc
0 45 15 0 15 0 0 0 0 0
fn=method_getattro
0 3059 42 2 1178 37 0 456 0 0
fn=method_new
0 286 8 1 88 0 0 22 0 0
fn=method_new_impl
0 550 19 2 88 6 0 66 1 0
fn=method_output_as_list.llvm.11163701328291538456
0 16758 1174 8 4410 620 0 3381 82 0
fn=method_traverse
0 24978 77 5 4752 0 0 3960 0 0
fn=method_vectorcall.llvm.17611161040159501181
0 172157 10429 7 55423 5788 1 32688 344 0
fn=method_vectorcall.llvm.17611161040159501181.warm
0 16 2 1 1 0 0 2 0 0
fn=method_vectorcall_FASTCALL.llvm.4423039280050994690
0 27047 688 3 8041 235 5 5848 1 0
fn=method_vectorcall_FASTCALL_KEYWORDS.llvm.4423039280050994690
0 2400 171 3 720 23 1 480 0 0
fn=method_vectorcall_FASTCALL_KEYWORDS_METHOD.llvm.4423039280050994690
0 20034 645 9 6678 245 2 3816 0 0
fn=method_vectorcall_NOARGS.llvm.4423039280050994690
0 91264 2687 11 31673 1792 22 8988 48 0
fn=method_vectorcall_O.llvm.4423039280050994690
0 26556 1501 11 9206 625 11 2368 1 0
fn=method_vectorcall_VARARGS.llvm.4423039280050994690
0 432073 5110 12 150955 1585 3 88083 220 0
fn=method_vectorcall_VARARGS.llvm.4423039280050994690.cold
0 342 97 1 0 0 0 0 0 0
fn=method_vectorcall_VARARGS.llvm.4423039280050994690.warm
0 9063 484 5 2052 8 0 1368 48 0
fn=method_vectorcall_VARARGS_KEYWORDS.llvm.4423039280050994690
0 15548 385 5 4054 105 0 3334 0 0
fn=min_max
0 14175341 146073 39 3309967 35843 7 1449213 24 0
fn=min_max.warm
0 14133 2672 5 164 1 0 1337 0 0
fn=module___init__
0 3915 270 2 1215 0 0 540 0 0
fn=module_add_int_constant
0 728 2 2 144 0 0 170 0 0
fn=module_clear
0 1634 7 2 503 106 0 332 0 0
fn=module_dealloc
0 8900 12 6 3205 617 48 1017 101 5
fn=module_dict_for_exec
0 50 3 3 14 1 0 10 0 0
fn=module_dir
0 56 4 3 14 0 0 10 0 0
fn=module_init_dict.llvm.5916971608013666709
0 10607 723 4 1638 0 0 2053 0 0
fn=module_traverse
0 36373 87 8 7524 946 220 3786 3 0
fn=mpd_setminalloc
0 11 1 1 3 1 1 3 0 0
fn=mro_hierarchy
0 60 6 6 13 0 0 12 0 0
fn=mro_implementation
0 109770 2804 18 34427 1234 11 14204 454 0
fn=mro_internal
0 92422 4321 8 22349 269 3 15202 8 0
fn=mro_internal.cold
0 15 3 3 2 0 0 3 0 0
fn=mro_internal.warm
0 393 3 1 131 0 0 0 0 0
fn=mult
0 1042 31 9 245 0 0 149 2 0
fn=mult.warm
0 58 9 3 2 0 0 6 2 2
fn=multadd
0 248 12 5 74 0 0 66 2 0
fn=mutablemapping_add_pairs
0 3842 32 16 1126 0 0 600 0 0
fn=mutablemapping_update
0 248 10 4 60 0 0 52 0 0
fn=mutablemapping_update_arg
0 172 12 6 40 0 0 36 0 0
fn=named_expression_rule
0 43560 195 3 10916 30 0 10002 0 0
fn=namespace_dealloc
0 570 5 4 209 50 0 133 13 0
fn=namespace_init
0 476 34 2 221 0 0 102 0 0
fn=namespace_new
0 578 51 3 185 0 0 203 2 0
fn=namespace_traverse
0 1920 13 3 320 21 7 320 0 0
fn=newPyEpoll_Object
0 32 2 2 5 0 0 9 0 0
fn=new_compiler.llvm.1838710423278835948
0 10426 742 9 2928 678 0 3345 228 0
fn=new_compiler.llvm.1838710423278835948.warm
0 60 12 1 0 0 0 12 0 0
fn=new_date_ex
0 990 12 3 154 7 1 242 0 0
fn=new_datetime_ex2
0 281 7 7 60 2 0 71 0 0
fn=new_dict_with_shared_keys.llvm.12822448453316641776
0 15540 743 4 3795 40 0 4680 87 49
fn=new_module
0 7020 540 4 2160 6 0 2430 7 0
fn=new_threadstate.llvm.14942267709159860110
0 63 7 7 17 2 2 24 4 3
fn=newblock
0 33 2 1 12 0 0 6 0 0
fn=none_hash
0 3448 112 0 1724 0 0 0 0 0
fn=none_repr
0 42 17 0 0 0 0 0 0 0
fn=notify_code_watchers
0 183960 410 3 91980 523 3 64386 23 0
fn=object___format__
0 45 5 1 20 0 0 5 0 0
fn=object_dealloc
0 146912 720 3 73456 854 3 0 0 0
fn=object_init
0 33420 989 3 17467 3 0 3188 0 0
fn=object_init_subclass
0 1452 642 1 726 0 0 0 0 0
fn=object_isinstance.llvm.11163701328291538456
0 12288 397 2 3584 148 0 1024 38 0
fn=object_issubclass.llvm.11163701328291538456
0 21496 981 7 4949 40 0 2552 1 0
fn=object_new
0 1927914 33156 8 517535 74252 11 317657 474 184
fn=object_new.warm
0 240 59 1 0 0 0 60 0 0
fn=object_recursive_isinstance.llvm.11163701328291538456
0 281945 3152 6 85478 1738 2 39262 114 0
fn=object_richcompare
0 38695 1234 1 6030 92 0 3515 0 0
fn=object_richcompare.warm
0 30000 2904 3 5000 0 0 2000 0 0
fn=object_str
0 54035 10308 2 21614 27 0 0 0 0
fn=object_subclasshook
0 80 19 1 40 0 0 0 0 0
fn=object_vacall.llvm.18397689215175225355
0 53807 1712 6 9894 330 6 7808 85 0
fn=odict_dealloc
0 1432 35 7 616 42 0 208 0 0
fn=odict_init
0 328 10 4 72 3 0 56 0 0
fn=odict_mp_ass_sub
0 2464 13 4 528 2 0 528 0 0
fn=odictiter_dealloc
0 376 32 8 128 3 0 40 2 0
fn=odictiter_iternext
0 6800 83 10 2432 95 0 936 0 0
fn=odictvalues_iter
0 336 20 6 112 3 0 104 0 0
fn=odictvalues_new
0 16 6 2 0 0 0 0 0 0
fn=operator_clear
0 35 2 2 9 4 0 7 0 0
fn=operator_exec
0 99 7 6 16 1 0 17 1 0
fn=operator_free
0 13 1 0 6 2 0 1 0 0
fn=operator_traverse
0 384 12 6 96 24 3 72 0 0
fn=optimize_and_assemble.llvm.1838710423278835948
0 142730 3330 26 37424 548 0 8927 0 0
fn=optimize_and_assemble.llvm.1838710423278835948.cold
0 398 199 1 0 0 0 0 0 0
fn=optimize_and_assemble.llvm.1838710423278835948.warm
0 4 4 2 0 0 0 0 0 0
fn=os__path_normpath
0 10321 60 8 977 14 2 881 0 0
fn=os__path_normpath.cold
0 210 18 4 12 0 0 6 0 0
fn=os_fspath
0 6336 837 1 1728 0 0 1152 0 0
fn=os_get_terminal_size
0 1080 81 3 270 66 1 243 0 0
fn=os_listdir
0 55313 498 19 9537 108 2 13405 26 0
fn=os_listdir.cold
0 7 2 2 1 1 0 1 0 0
fn=os_lstat
0 608 48 5 176 24 2 144 0 0
fn=os_register_at_fork
0 88 6 3 12 0 0 14 0 0
fn=os_register_at_fork_impl
0 106 6 3 14 0 0 22 0 0
fn=os_stat
0 44916 1557 5 13593 1300 2 10638 32 0
fn=oserror_init
0 6366 349 4 1419 23 0 1416 0 0
fn=oserror_init.cold
0 132 63 1 0 0 0 0 0 0
fn=param_no_default_rule
0 84220 149 3 23360 0 0 20420 0 0
fn=param_rule
0 270063 364 8 98596 293 0 54043 1369 179
fn=param_rule.warm
0 105 10 2 10 0 0 30 1 0
fn=param_with_default_rule
0 24627 148 7 6660 3 0 6501 0 0
fn=params_rule
0 20173 808 26 4613 16 0 4009 7 0
fn=parse_args_finds_unicode
0 17570 899 4 3765 0 0 6275 355 1
fn=parse_internal_render_format_spec.llvm.12512253103730487364
0 90502 5529 13 13238 2 2 13261 136 0
fn=parse_internal_render_format_spec.llvm.12512253103730487364.warm
0 83 7 6 11 1 1 14 0 0
fn=parser_init
0 272 8 0 136 45 10 0 0 0
fn=parser_init.warm
0 721 40 10 214 56 34 168 6 1
fn=partial_call
0 1907 103 3 478 22 0 404 1 0
fn=partial_call.cold
0 4 2 2 0 0 0 0 0 0
fn=partial_clear
0 1692 73 5 505 31 0 324 0 0
fn=partial_dealloc
0 1485 69 4 495 40 0 405 13 0
fn=partial_new
0 3141 206 7 910 66 1 732 0 0
fn=partial_traverse
0 1848 18 6 396 8 3 308 0 0
fn=partial_vectorcall
0 1044 59 2 324 3 0 252 0 0
fn=path_converter
0 53962 2090 8 14522 558 0 12075 76 0
fn=pattern_clear
0 23 2 2 8 2 0 4 0 0
fn=pattern_dealloc
0 2370 16 7 772 92 14 514 2 0
fn=pattern_subx
0 9021 603 23 1952 54 0 1679 22 0
fn=pattern_subx.warm
0 50 10 1 0 0 0 10 0 0
fn=pattern_traverse
0 10664 40 4 2592 212 80 1744 3 0
fn=permutations_dealloc
0 1062 10 4 432 3 0 252 0 0
fn=permutations_next
0 2862 30 10 846 2 0 618 0 0
fn=permutations_traverse
0 64 2 2 14 0 0 12 0 0
fn=posix_do_stat
0 43348 2318 6 9706 21 0 8985 61 0
fn=posix_do_stat.cold
0 1198 481 1 0 0 0 0 0 0
fn=posixmodule_exec
0 5549 107 101 441 22 8 944 15 7
fn=pow5mult
0 253 15 7 58 4 2 41 1 0
fn=pow5mult.warm
0 6 1 1 0 0 0 3 0 0
fn=prepare_localsplus
0 55778 1949 25 13066 333 2 3512 4 0
fn=primary_rule
0 1002564 1998 25 347859 120 0 166720 1811 121
fn=primary_rule.warm
0 280 32 9 47 0 0 91 1 0
fn=probe_faccessat
0 2 0 0 1 0 0 0 0 0
fn=probe_fchmodat
0 2 1 1 1 0 0 0 0 0
fn=probe_fchownat
0 2 0 0 1 0 0 0 0 0
fn=probe_fdopendir
0 2 0 0 1 0 0 0 0 0
fn=probe_fstatat
0 2 0 0 1 0 0 0 0 0
fn=probe_futimens
0 2 0 0 1 0 0 0 0 0
fn=probe_linkat
0 2 0 0 1 0 0 0 0 0
fn=probe_mkdirat
0 2 0 0 1 0 0 0 0 0
fn=probe_mkfifoat
0 2 0 0 1 0 0 0 0 0
fn=probe_mknodat
0 2 0 0 1 0 0 0 0 0
fn=probe_openat
0 2 0 0 1 0 0 0 0 0
fn=probe_readlinkat
0 2 0 0 1 0 0 0 0 0
fn=probe_renameat
0 2 0 0 1 0 0 0 0 0
fn=probe_symlinkat
0 2 0 0 1 0 0 0 0 0
fn=probe_unlinkat
0 2 0 0 1 0 0 0 0 0
fn=probe_utimensat
0 2 0 0 1 0 0 0 0 0
fn=product_dealloc
0 1344 8 3 504 0 0 312 0 0
fn=product_new
0 1764 14 5 324 0 0 492 0 0
fn=product_next
0 8252 36 13 3057 7 0 1842 1 0
fn=product_next.warm
0 732 5 2 144 0 0 108 0 0
fn=property_copy
0 481 18 3 107 0 0 40 0 0
fn=property_copy.cold
0 16 6 1 0 0 0 0 0 0
fn=property_dealloc
0 9350 26 6 3517 616 0 1415 9 0
fn=property_descr_get
0 2339 172 2 444 7 2 495 0 0
fn=property_descr_get.warm
0 153 8 2 68 0 0 17 0 0
fn=property_descr_set
0 150 10 4 35 1 0 35 0 0
fn=property_get___isabstractmethod__
0 888 30 1 200 5 0 166 0 0
fn=property_get___isabstractmethod__.warm
0 25 3 2 10 0 0 0 0 0
fn=property_init
0 22721 593 9 4209 0 0 3864 0 0
fn=property_set_name
0 3945 78 2 1246 60 0 414 0 0
fn=property_setter
0 32 7 1 0 0 0 0 0 0
fn=property_traverse
0 82043 96 9 17334 1367 89 10728 0 0
fn=pycore_interp_init
0 2144 25 18 442 115 107 520 74 61
fn=pyepoll_dealloc
0 21 1 1 5 0 0 7 0 0
fn=pyepoll_internal_close
0 34 1 1 10 0 0 10 0 0
fn=pymain_main.llvm.3091606941442138709
0 93 10 9 21 2 2 36 2 0
fn=pymain_run_module
0 124 9 8 18 5 4 25 1 0
fn=pymain_sys_path_add_path0
0 22 1 1 3 0 0 5 0 0
fn=pysiphash
0 7366781 54212 22 648948 14584 441 171324 372 2
fn=pyurandom
0 53 5 5 9 1 0 10 1 0
fn=r_long
0 1173984 121 1 377352 2578 1274 167712 1 0
fn=r_object.llvm.4986627077936473126
0 12563803 5148 43 2890425 39636 8540 1913377 14448 4297
fn=r_object.llvm.4986627077936473126.cold
0 38 9 1 0 0 0 0 0 0
fn=r_object.llvm.4986627077936473126.warm
0 8233 201 21 1617 147 1 1563 46 0
fn=r_string
0 272680 121 1 95438 0 0 68170 3 0
fn=random_seed
0 25689 13 12 3144 2 0 1894 0 0
fn=random_seed_urandom
0 25593 6 6 3122 26 0 1877 2 0
fn=range_dealloc
0 12784 410 2 6086 22 0 608 0 0
fn=range_from_array
0 14103 473 3 3068 6 0 2566 0 0
fn=range_iter
0 24672 1078 6 6016 259 0 5327 13 0
fn=range_iter.warm
0 394 39 5 29 2 0 10 0 0
fn=range_subscript
0 14364 665 6 4104 109 0 2736 0 0
fn=range_vectorcall
0 1885 222 1 0 0 0 0 0 0
fn=rangeiter_next
0 4345 58 2 1309 0 0 1144 0 0
fn=read_object.llvm.4986627077936473126
0 3872 242 2 847 48 0 605 0 0
fn=realize
0 786 6 5 369 4 0 13 0 0
fn=register_at_forker
0 46 4 2 8 2 0 5 0 0
fn=register_tm_clones
0 9 1 1 1 0 0 0 0 0
fn=release_sentinel
0 19 2 2 6 2 0 4 0 0
fn=remove_all_subclasses
0 96692 83 17 28771 1712 118 17507 69 0
fn=remove_importlib_frames.llvm.4544646981347616587
0 1552 72 9 448 64 1 144 8 0
fn=replace
0 37933 1295 37 7139 124 0 3738 4 0
fn=resize_buffer
0 39 3 3 8 1 0 6 0 0
fn=resize_compact.llvm.9504702192703139781
0 18183 416 4 2552 0 0 1914 16 0
fn=reversed_dealloc
0 63 6 1 25 0 0 13 0 0
fn=reversed_new_impl
0 9222 27 10 2576 2 1 1661 0 0
fn=reversed_next
0 143 8 5 50 0 0 17 0 0
fn=reversed_vectorcall
0 2576 7 2 736 0 0 552 0 0
fn=rlock_acquire
0 13361 827 2 3448 12 0 3448 0 0
fn=rlock_dealloc
0 7826 546 6 2730 481 0 1820 57 1
fn=rlock_new
0 4004 364 2 728 0 0 1456 88 2
fn=rlock_release
0 12068 792 2 3448 0 0 3448 0 0
fn=rlock_traverse
0 1800 32 3 300 0 0 300 0 0
fn=rsplit
0 1282 48 10 206 8 0 120 0 0
fn=run_mod.llvm.16950199646776546913
0 6975 425 5 1125 164 0 1575 75 0
fn=s_dealloc
0 288 3 3 114 16 0 66 2 0
fn=s_new
0 84 2 2 24 0 0 30 0 0
fn=s_traverse
0 900 6 5 216 6 3 180 0 0
fn=scan_block_for_locals
0 89732 681 6 21714 119 3 955 0 0
fn=scanner_clear
0 57 4 4 18 3 0 11 0 0
fn=scanner_dealloc
0 31 2 2 10 3 0 9 0 0
fn=scanner_new
0 190 13 13 36 1 0 37 1 0
fn=scanner_traverse
0 480 12 9 88 8 3 80 0 0
fn=select_epoll
0 31 2 2 6 0 0 5 0 0
fn=select_epoll_close
0 1 1 1 0 0 0 0 0 0
fn=select_epoll_close_impl
0 10 0 0 2 0 0 4 0 0
fn=select_epoll_impl
0 12 1 1 1 0 0 1 0 0
fn=set_add
0 37557 517 15 7796 60 1 5185 0 0
fn=set_add.warm
0 26 4 4 2 0 0 0 0 0
fn=set_add_entry.llvm.16588745773912062074
0 21190 224 4 4914 20 0 3456 3 0
fn=set_and
0 231 22 2 44 0 0 33 0 0
fn=set_clear
0 59 5 5 17 0 0 25 0 0
fn=set_collection_flag_recursive
0 204 7 0 60 0 0 36 0 0
fn=set_contains
0 300996 3226 8 69000 2850 29 31412 5 0
fn=set_contains.cold
0 10352 206 2 1294 0 0 0 0 0
fn=set_contains_entry
0 2253 63 6 509 9 0 258 0 0
fn=set_contains_key
0 6943 143 5 1901 74 0 870 0 0
fn=set_dealloc
0 285134 1145 10 65561 3471 760 27499 64 0
fn=set_difference_update
0 52 2 2 16 0 0 12 0 0
fn=set_difference_update_internal
0 206 14 14 53 5 2 22 0 0
fn=set_direct_contains
0 1404 58 0 312 0 0 312 0 0
fn=set_discard
0 78 6 2 18 0 0 15 0 0
fn=set_discard_entry.llvm.16588745773912062074
0 47362 237 15 13619 5 0 7477 0 0
fn=set_flags_from_config
0 437 31 16 106 11 0 80 0 0
fn=set_inheritable.llvm.9628032256191913418
0 2882 129 0 786 131 0 655 0 0
fn=set_intersection
0 1862 71 7 292 0 0 164 0 0
fn=set_ior
0 16478 164 2 2996 1 0 2996 0 0
fn=set_issubset
0 2330 40 4 409 0 0 142 0 0
fn=set_issuperset
0 5747 198 6 1422 9 0 713 0 0
fn=set_iter
0 10770 560 3 3231 1 0 3949 0 0
fn=set_len
0 854 137 0 854 0 0 0 0 0
fn=set_or
0 310 15 4 40 0 0 70 0 0
fn=set_pop
0 1344 48 3 200 0 0 80 0 0
fn=set_richcompare
0 205 30 3 47 10 1 33 0 0
fn=set_table_resize.llvm.16588745773912062074
0 12890 227 6 2468 0 0 1252 31 0
fn=set_traverse
0 826985 86 7 103968 15473 4523 28552 3 0
fn=set_update_internal.llvm.16588745773912062074
0 249033 1981 35 54330 817 0 27397 64 0
fn=set_update_internal.llvm.16588745773912062074.warm
0 3561 71 7 823 15 0 308 0 0
fn=set_vectorcall
0 4837 329 3 924 22 0 1031 0 0
fn=set_vectorcall.warm
0 2601 196 2 153 64 0 1071 0 0
fn=setiter_dealloc
0 14369 671 7 5029 5 0 1797 2 0
fn=setiter_iternext
0 70466 657 6 12673 646 4 1824 0 0
fn=setup_confname_table
0 5845 7 6 1490 20 0 980 0 0
fn=setup_ga
0 39 3 3 11 1 0 9 0 0
fn=sha2_exec
0 78 7 5 9 0 0 15 0 0
fn=shift_expr_rule
0 706803 935 10 261555 66 0 102223 1134 98
fn=shift_expr_rule.warm
0 133 14 2 21 0 0 42 2 1
fn=siftdown
0 2416460 43976 4 656965 30909 0 494133 0 0
fn=siftup
0 1029377 39271 5 263344 7095 0 220452 0 0
fn=signal_module_exec
0 1988 41 39 436 22 0 162 1 0
fn=signaldict_init
0 18 1 1 6 0 0 6 0 0
fn=simple_stmt_rule
0 119425 3515 65 36981 106 0 28065 456 102
fn=simple_stmt_rule.warm
0 1161 79 18 371 0 0 195 15 2
fn=simple_stmts_rule
0 22006 996 9 6166 38 0 5531 76 21
fn=simple_stmts_rule.warm
0 192 14 7 46 0 0 40 0 0
fn=single_subscript_attribute_target_rule
0 37829 587 11 13234 3 0 8881 35 25
fn=single_target_rule
0 12908 243 3 3054 0 0 2994 0 0
fn=skipitem.llvm.11509138324930172611
0 836 44 2 220 20 1 176 0 0
fn=slash_no_default_rule
0 23552 705 20 5258 8 0 4498 10 0
fn=slash_with_default_rule
0 29459 818 29 7384 7 0 5584 17 0
fn=slice_dealloc
0 82867 1210 7 38995 7 0 17059 1 0
fn=slice_dealloc.warm
0 14 2 2 4 0 0 0 0 0
fn=slice_new
0 29 3 3 5 0 0 7 0 0
fn=slice_traverse
0 256 5 3 56 0 0 48 0 0
fn=slot_mp_ass_subscript
0 4522 193 2 476 6 0 948 0 0
fn=slot_mp_subscript
0 2394 189 1 266 19 0 798 0 0
fn=slot_nb_and
0 3034 243 3 1066 4 0 656 0 0
fn=slot_nb_bool
0 440 15 2 90 0 0 80 0 0
fn=slot_nb_int
0 896 34 1 224 0 0 336 0 0
fn=slot_nb_or
0 374 31 3 112 5 0 77 0 0
fn=slot_nb_or.warm
0 10 3 2 0 0 0 3 0 0
fn=slot_sq_contains
0 3162 42 5 672 7 0 432 0 0
fn=slot_sq_item
0 16950 223 2 4520 0 0 5085 0 0
fn=slot_sq_length
0 19107 422 2 4053 102 0 4053 0 0
fn=slot_tp_call
0 5273 178 4 1287 3 0 1141 1 0
fn=slot_tp_call.cold
0 18 2 2 0 0 0 3 0 0
fn=slot_tp_descr_get
0 2975 104 2 510 2 0 765 1 0
fn=slot_tp_finalize
0 40 3 3 11 0 0 8 0 0
fn=slot_tp_hash
0 2215 148 5 634 54 0 280 0 0
fn=slot_tp_hash.warm
0 1746 80 9 194 11 0 66 1 0
fn=slot_tp_init
0 3001947 124824 22 815897 102586 12 393570 325 2
fn=slot_tp_iter
0 243 18 1 45 0 0 54 0 0
fn=slot_tp_iternext
0 1400 3 0 350 0 0 525 0 0
fn=slot_tp_new
0 40351 2535 12 11063 1391 0 6659 28 0
fn=slot_tp_new.warm
0 107 18 3 10 0 0 29 0 0
fn=slot_tp_repr
0 250 18 2 50 0 0 60 0 0
fn=slot_tp_richcompare
0 12613 141 4 4084 168 2 1958 2 0
fn=slot_tp_richcompare.warm
0 463 32 7 154 16 0 78 0 0
fn=slot_tp_setattro
0 15751 373 2 1658 0 0 3229 1 0
fn=slot_tp_str
0 376 13 0 94 0 0 141 0 0
fn=sm_dealloc
0 3321 17 6 1233 311 0 637 7 0
fn=sm_descr_get
0 10528 8 0 3948 792 0 1316 0 0
fn=sm_get___isabstractmethod__
0 65 4 1 15 2 0 10 0 0
fn=sm_init
0 1376 62 2 301 0 0 301 0 0
fn=sm_traverse
0 21422 29 3 5652 236 29 4178 0 0
fn=sock_destroy_api
0 6 1 1 0 0 0 2 0 0
fn=sock_free_api
0 21 1 1 9 1 0 2 0 0
fn=sock_get_api
0 24 2 1 8 4 0 6 0 0
fn=socket_clear
0 35 2 2 9 3 0 7 0 0
fn=socket_exec
0 1990 137 135 12 3 1 338 3 0
fn=socket_free
0 1 1 1 0 0 0 0 0 0
fn=socket_traverse
0 320 8 3 80 10 3 60 0 0
fn=solid_base
0 69848 792 1 29712 1453 10 7200 30 0
fn=split.llvm.9504702192703139781
0 43182 776 18 8479 100 0 4171 1 0
fn=split.llvm.9504702192703139781.warm
0 8 1 1 1 0 0 1 0 0
fn=sre_clear
0 68 3 3 20 7 0 10 0 0
fn=sre_clear.cold
0 3 1 1 2 0 0 1 0 0
fn=sre_exec
0 152 12 10 22 0 0 36 0 0
fn=sre_free
0 1 1 0 0 0 0 0 0 0
fn=sre_search
0 9289 140 4 909 0 0 2419 0 0
fn=sre_search.warm
0 55 2 1 7 0 0 0 0 0
fn=sre_traverse
0 504 11 6 120 22 4 84 0 0
fn=sre_ucs1_count
0 287129 913 9 57191 511 5 14682 0 0
fn=sre_ucs1_match
0 540970 4017 62 161819 695 14 84476 438 7
fn=star_etc_rule
0 6528 289 6 1728 0 0 1728 0 0
fn=star_expression_rule
0 96129 749 5 41809 17 0 20587 296 40
fn=star_expression_rule.warm
0 21 2 2 2 0 0 6 0 0
fn=star_expressions_rule
0 45710 1042 8 14052 24 0 10842 7 0
fn=star_named_expression_rule
0 39920 156 3 11679 60 0 7401 13 0
fn=star_named_expressions_rule
0 10796 197 4 3812 7 0 2018 0 0
fn=star_target_rule
0 47397 445 7 20145 0 0 10409 216 56
fn=star_target_rule.warm
0 21 2 2 2 0 0 6 0 0
fn=star_targets_rule
0 20323 355 7 6265 0 0 4331 0 0
fn=starred_expression_rule
0 12860 181 3 3546 0 0 2231 0 0
fn=starunpack_helper
0 6980 148 4 1879 273 0 742 0 0
fn=stat_S_ISDIR
0 36 4 2 4 0 0 4 0 0
fn=stat_S_ISREG
0 18 2 2 2 0 0 2 0 0
fn=stat_exec
0 654 39 39 41 0 0 105 0 0
fn=state_fini
0 1395 83 3 500 0 0 391 0 0
fn=state_getslice
0 252 3 3 42 0 0 0 0 0
fn=state_init
0 3382 216 7 576 37 0 1259 32 0
fn=statements_rule
0 28836 935 11 8128 163 0 5904 138 3
fn=ste_dealloc
0 12736 246 3 4577 492 0 1990 77 0
fn=stopiteration_error.llvm.7451131693333883409
0 744 24 2 310 16 1 155 0 0
fn=stringio_clear
0 40 2 2 14 3 0 4 0 0
fn=stringio_clear.cold
0 13 2 2 3 2 0 3 0 0
fn=stringio_closed
0 14 2 1 6 0 0 0 0 0
fn=stringio_dealloc
0 80 2 2 28 4 0 26 3 0
fn=stringio_iternext
0 4729 6 3 1402 5 0 525 0 0
fn=stringio_new
0 42 2 1 12 0 0 12 0 0
fn=stringlib_parse_args_finds.llvm.13623251158506191672
0 26412 547 5 4836 0 0 9672 43 0
fn=strings_rule
0 57033 1353 35 18977 21 0 10521 117 6
fn=striter_dealloc
0 243 12 3 85 0 0 30 0 0
fn=striter_next
0 4149 6 3 1551 96 0 266 0 0
fn=structseq_dealloc
0 177028 2043 9 48540 1180 8 21676 0 0
fn=structseq_new
0 7722 270 10 1674 104 2 1188 0 0
fn=subtype_clear
0 9844 15 10 3732 273 4 1447 1 0
fn=subtype_clear.warm
0 252 2 2 80 14 0 24 0 0
fn=subtype_dealloc
0 6265458 212071 75 2248254 145121 383 697233 22392 15
fn=subtype_dealloc.cold
0 57478 15172 4 28739 0 0 28739 2 0
fn=subtype_dict
0 1026 26 1 350 46 0 43 0 0
fn=subtype_traverse
0 2128050 342 26 633749 32867 5512 222763 432 0
fn=sum_rule
0 714161 917 9 258344 111 0 102376 1113 89
fn=sum_rule.warm
0 530 52 9 158 0 0 118 8 0
fn=super_dealloc
0 32185 1824 3 10205 0 0 5495 0 0
fn=super_getattro
0 94193 3273 6 30468 1134 0 12211 0 0
fn=super_init_impl
0 41605 1740 3 9420 0 0 10205 0 0
fn=super_init_impl.warm
0 1428 117 4 680 82 0 0 0 0
fn=super_vectorcall
0 32834 2181 3 7714 678 0 5495 8 0
fn=supercheck
0 20620 1297 2 7882 8 0 3140 0 0
fn=symtable_add_def_helper
0 131777 481 6 29579 31 0 24219 0 0
fn=symtable_add_def_helper.cold
0 3940 142 2 0 0 0 0 0 0
fn=symtable_enter_block
0 44770 1557 19 11721 769 0 13453 854 13
fn=symtable_visit_alias
0 448 18 3 152 2 0 88 0 0
fn=symtable_visit_annotation
0 170 10 1 50 0 0 40 0 0
fn=symtable_visit_annotations
0 8883 164 8 2483 49 0 775 0 0
fn=symtable_visit_arguments
0 13776 207 3 5550 192 0 2052 0 0
fn=symtable_visit_excepthandler
0 74 4 2 22 0 0 12 0 0
fn=symtable_visit_expr
0 111010 725 14 37693 698 3 15554 0 0
fn=symtable_visit_expr.warm
0 1488 131 7 495 0 0 228 0 0
fn=symtable_visit_stmt
0 26927 640 22 8435 212 4 4043 0 0
fn=sys__getframemodulename
0 1633 84 4 477 153 0 148 0 0
fn=sys_audit_tstate.llvm.10564996792956435958
0 7501 515 4 2845 383 2 1554 26 0
fn=sys_getfilesystemencodeerrors
0 5 1 1 3 1 0 0 0 0
fn=sys_getfilesystemencoding
0 10 1 1 6 1 0 0 0 0
fn=sys_getrecursionlimit
0 32 8 1 24 0 0 0 0 0
fn=sys_intern
0 3920 85 1 1672 0 0 785 0 0
fn=sys_set_object_str.llvm.10564996792956435958
0 108 9 2 27 0 0 23 0 0
fn=t_lookahead_rule
0 1960 45 3 441 0 0 490 0 0
fn=t_primary_rule
0 257251 2916 29 92957 7 0 50170 303 63
fn=t_primary_rule.warm
0 534 42 5 198 0 0 90 7 0
fn=tailmatch.llvm.9504702192703139781
0 68721 1347 5 10794 263 1 3494 0 0
fn=take_gil.llvm.7660091261208025340
0 294029 4692 16 98923 3130 1 54961 68 0
fn=take_gil.llvm.7660091261208025340.warm
0 10992 690 2 0 0 0 0 0 0
fn=target_with_star_atom_rule
0 58526 914 18 19648 0 0 12583 285 80
fn=target_with_star_atom_rule.warm
0 47 6 5 7 0 0 16 1 1
fn=tb_dealloc
0 140798 6759 12 46174 251 1 20984 9 0
fn=tb_traverse
0 84 4 2 24 0 0 16 0 0
fn=term_rule
0 1126936 1459 12 408318 65 0 175442 1210 99
fn=term_rule.warm
0 270 40 6 40 0 0 80 2 1
fn=textiowrapper_clear
0 539 30 22 154 29 2 99 0 0
fn=textiowrapper_closed_get
0 130 7 4 60 4 1 30 0 0
fn=textiowrapper_dealloc
0 265 12 9 93 19 1 69 7 0
fn=textiowrapper_iternext
0 144 4 2 54 0 0 30 0 0
fn=textiowrapper_iternext.warm
0 10 1 1 3 0 0 1 0 0
fn=textiowrapper_read_chunk
0 362 25 12 86 1 0 61 1 0
fn=textiowrapper_set_decoded_chars
0 19 1 1 6 0 0 5 0 0
fn=textiowrapper_traverse
0 2362 29 13 480 82 12 328 0 0
fn=thread_PyThread_allocate_lock
0 4232 186 1 1104 551 0 1472 0 0
fn=thread__set_sentinel
0 34 3 2 9 1 0 11 0 0
fn=thread_get_ident
0 19575 1723 8 4350 274 0 4350 156 0
fn=thread_get_native_id
0 46 4 4 10 0 0 11 0 0
fn=thread_module_clear
0 45 2 2 11 3 0 9 0 0
fn=thread_module_clear.cold
0 3 1 1 2 0 0 1 0 0
fn=thread_module_exec
0 209 15 14 45 7 2 40 1 0
fn=thread_module_free
0 1 1 1 0 0 0 0 0 0
fn=thread_module_traverse
0 468 12 6 108 24 0 84 0 0
fn=time_alloc
0 36 2 2 12 0 0 8 0 0
fn=time_exec
0 107 7 6 17 1 0 17 1 0
fn=time_module_free
0 12 2 2 4 2 0 2 0 0
fn=time_module_traverse
0 156 6 3 36 12 0 24 0 0
fn=tok_backup
0 1859 113 1 858 0 0 286 0 0
fn=tok_get_normal_mode
0 1611502 7414 66 338483 1351 13 273349 3186 109
fn=tok_get_normal_mode.warm
0 2471 271 18 568 22 0 770 35 0
fn=tok_nextc
0 21798 191 1 8304 5 0 5190 64 2
fn=tokenizemodule_clear
0 23 1 1 7 2 0 6 0 0
fn=tokenizemodule_exec
0 31 2 2 4 0 0 7 0 0
fn=tokenizemodule_free
0 1 1 1 0 0 0 0 0 0
fn=tokenizemodule_traverse
0 160 8 6 56 8 3 32 0 0
fn=tp_new_wrapper
0 77192 3842 8 25762 1272 0 10933 132 0
fn=tp_new_wrapper.warm
0 1116 93 1 93 0 0 186 0 0
fn=translate_jump_labels_to_targets
0 68073 880 5 15872 3 0 5354 12 0
fn=translate_newlines.llvm.407659077378222515
0 445716 328 4 32342 0 0 32286 363 7
fn=tstate_delete_common.llvm.14942267709159860110
0 57 4 4 21 5 2 12 0 0
fn=tuple_index
0 175 10 2 56 0 0 56 0 0
fn=tuple_index_impl
0 298 10 2 48 0 0 48 0 0
fn=tuple_iter
0 1759662 59800 15 586592 24143 2 407950 9574 0
fn=tuple_iter.warm
0 51031 7147 2 8 1 0 2 0 0
fn=tuple_new
0 34 2 1 8 0 0 6 0 0
fn=tuple_new_impl
0 386 64 4 95 0 0 91 0 0
fn=tuple_rule
0 10155 326 7 3193 14 0 1883 73 10
fn=tuple_rule.warm
0 54 6 4 6 0 0 18 0 0
fn=tuple_vectorcall
0 336 18 1 84 0 0 63 0 0
fn=tupleconcat
0 10375 324 9 3789 81 0 1889 14 0
fn=tuplecontains
0 321520 2186 8 79868 2240 0 19752 3 0
fn=tupledealloc
0 25689866 86683 20 7133372 86238 10028 3533368 10061 73
fn=tuplegetter_dealloc
0 3350 5 3 1088 136 0 888 0 0
fn=tuplegetter_descr_get
0 272 8 1 68 0 0 34 0 0
fn=tuplegetter_new
0 4539 84 4 1246 63 0 979 0 0
fn=tuplegetter_traverse
0 18950 17 3 4548 128 6 3790 0 0
fn=tuplehash
0 519633 1256 3 99895 940 0 57721 51 0
fn=tupleitem
0 3006 9 1 1158 0 0 497 0 0
fn=tupleiter_dealloc
0 1046332 50381 4 357210 40 0 127608 27 0
fn=tupleiter_next
0 1071896 3780 2 397588 162 0 137386 0 0
fn=tupleiter_traverse
0 168 5 0 28 0 0 28 0 0
fn=tuplelength
0 2376 886 1 2376 52 2 0 0 0
fn=tuplerepeat
0 799 88 9 251 2 0 164 0 0
fn=tuplerichcompare
0 4562503 76617 7 1404566 40387 0 697680 2749 0
fn=tuplerichcompare.warm
0 143 29 4 33 5 1 2 0 0
fn=tuplesubscript
0 17459 1224 19 4998 507 0 2395 33 0
fn=tuplesubscript.warm
0 46 8 1 0 0 0 8 0 0
fn=tupletraverse
0 3254004 89 6 478694 18713 808 391758 11 0
fn=type___instancecheck__
0 3328 133 1 512 0 0 512 0 0
fn=type___subclasscheck__
0 6235 143 2 1913 8 0 399 0 0
fn=type___subclasses__
0 48 25 1 0 0 0 0 0 0
fn=type_abstractmethods
0 2959 218 3 930 133 1 471 0 0
fn=type_add_method
0 55081 103 5 14682 275 256 8864 0 0
fn=type_add_method.warm
0 102 3 3 9 0 0 18 0 0
fn=type_call
0 1639463 26684 6 392809 27744 18 249969 604 2
fn=type_call.warm
0 3518 775 3 1060 58 0 25 0 0
fn=type_check
0 160 10 2 30 6 0 40 0 0
fn=type_clear
0 22437 21 4 7137 2611 1 4851 1 0
fn=type_dealloc
0 83755 84 18 32597 2698 685 14037 88 0
fn=type_dealloc.warm
0 6 1 1 4 2 0 2 0 0
fn=type_dict
0 40515 1456 3 14719 557 0 8056 71 0
fn=type_get_annotations
0 1066 96 8 310 10 0 287 3 0
fn=type_get_bases
0 1328 133 1 498 40 0 166 0 0
fn=type_get_doc
0 542 68 2 184 37 0 60 0 0
fn=type_get_mro
0 1303 78 0 507 73 0 120 0 0
fn=type_init
0 8808 647 1 1468 291 0 0 0 0
fn=type_is_gc
0 2127 215 3 1418 170 0 0 0 0
fn=type_module
0 6864 338 3 1705 129 1 1009 0 0
fn=type_mro
0 3244 152 1 1001 3 0 697 52 0
fn=type_mro_modified
0 130540 1114 5 37757 4 0 12194 0 0
fn=type_name
0 1975 194 1 1037 260 23 54 0 0
fn=type_new
0 31611030 37889 94 8777601 71130 27 2192172 502 0
fn=type_new.warm
0 168 12 4 17 0 0 7 0 0
fn=type_new_classmethod
0 34046 1478 2 11830 0 0 5928 0 0
fn=type_new_classmethod.warm
0 126 6 1 7 0 0 21 0 0
fn=type_params_rule
0 2304 96 4 768 0 0 576 0 0
fn=type_prepare
0 14212 733 3 4908 46 0 5468 65 0
fn=type_qualname
0 899 104 1 415 110 7 54 0 0
fn=type_ready.llvm.13679223780078999484
0 3505403 41113 132 808236 51103 1746 72357 700 106
fn=type_ready.llvm.13679223780078999484.cold
0 340 27 1 0 0 0 0 0 0
fn=type_ready.llvm.13679223780078999484.warm
0 4 1 1 1 0 0 0 0 0
fn=type_set_abstractmethods
0 7806 476 4 1666 358 0 952 0 0
fn=type_set_annotations
0 21 2 1 4 0 0 3 0 0
fn=type_set_bases
0 129 10 10 31 2 0 23 0 0
fn=type_set_doc
0 270 14 2 45 2 0 45 0 0
fn=type_set_module
0 660 66 3 110 1 0 110 0 0
fn=type_set_name
0 104 8 4 24 0 0 22 0 0
fn=type_set_qualname
0 36 2 2 9 0 0 5 0 0
fn=type_setattro
0 242882 2405 6 89990 12572 0 6231 39 0
fn=type_traverse
0 499048 200 15 88000 31617 7634 56884 559 0
fn=type_vectorcall
0 9385 1023 2 1057 51 0 97 0 0
fn=typealias_alloc
0 58 3 3 13 0 0 16 0 0
fn=typealias_dealloc
0 50 3 3 20 4 0 9 0 0
fn=typealias_traverse
0 270 10 6 80 8 1 40 0 0
fn=typevar_alloc
0 1824 72 7 497 12 0 462 14 0
fn=typevar_alloc.cold
0 8 3 1 0 0 0 4 0 0
fn=typevar_clear
0 132 2 2 45 6 0 17 0 0
fn=typevar_clear.cold
0 34 1 1 6 4 0 9 0 0
fn=typevar_dealloc
0 972 4 4 344 53 0 202 4 0
fn=typevar_new
0 1839 66 11 376 27 0 246 0 0
fn=typevar_new.cold
0 14 4 2 0 0 0 4 0 0
fn=typevar_traverse
0 9350 24 8 2800 304 74 1420 0 0
fn=ucs1lib_fastsearch
0 4138 208 4 1055 0 0 648 2 0
fn=ucs1lib_split
0 5 1 1 1 0 0 0 0 0
fn=ucs1lib_split_char
0 122 3 3 21 0 0 10 0 0
fn=ucs1lib_split_char.cold
0 44 3 3 8 0 0 7 0 0
fn=ucs2lib_find_char.llvm.9504702192703139781
0 36 3 3 7 0 0 6 0 0
fn=ucs2lib_utf8_encoder.llvm.9504702192703139781
0 65043 21 14 7185 201 0 7250 117 12
fn=unicode___format__
0 92 2 2 16 0 0 28 0 0
fn=unicode_ascii_iter_next
0 13898 454 2 4991 77 0 928 0 0
fn=unicode_char
0 567 4 2 63 0 0 0 0 0
fn=unicode_check_encoding_errors.llvm.9504702192703139781
0 881 37 2 318 37 0 79 1 0
fn=unicode_dealloc
0 1886922 44537 1 600374 41230 16173 85765 0 0
fn=unicode_dealloc.cold
0 17 2 1 17 0 0 0 0 0
fn=unicode_dealloc.warm
0 8556 15 7 2251 34 1 1326 0 0
fn=unicode_decode_locale.llvm.9504702192703139781
0 15614 125 2 4642 0 0 3376 0 0
fn=unicode_encode
0 4716 153 7 1013 3 0 709 3 0
fn=unicode_encode_locale.llvm.9504702192703139781
0 1104 52 3 312 0 0 264 8 0
fn=unicode_encode_utf8.llvm.9504702192703139781
0 23501 1481 8 7285 97 0 4049 98 0
fn=unicode_endswith
0 61590 1141 5 12194 0 0 19291 0 0
fn=unicode_endswith.warm
0 13956 312 2 2393 0 0 662 0 0
fn=unicode_find
0 6949 150 18 1027 2 0 1070 0 0
fn=unicode_find.warm
0 109 7 3 0 0 0 1 0 0
fn=unicode_fromformat_write_str
0 2280 222 1 456 8 0 0 0 0
fn=unicode_hash
0 663468 10876 5 163164 4769 2 67428 32 0
fn=unicode_index
0 111 12 3 24 0 0 27 0 0
fn=unicode_isalnum
0 1018 15 6 231 36 2 0 0 0
fn=unicode_isascii
0 685 23 2 274 0 0 0 0 0
fn=unicode_isdigit
0 5011 125 3 1118 85 1 0 0 0
fn=unicode_isidentifier
0 26749 300 5 6579 244 0 191 0 0
fn=unicode_isupper
0 369778 12 3 70554 1311 0 0 0 0
fn=unicode_iter
0 10993 854 3 3542 165 0 2621 9 0
fn=unicode_join
0 59295 1351 4 15731 102 0 11869 0 0
fn=unicode_length
0 5776 194 0 5776 100 1 0 0 0
fn=unicode_lower
0 2148 68 1 537 159 0 0 0 0
fn=unicode_lstrip
0 424 29 0 60 0 0 0 0 0
fn=unicode_lstrip.warm
0 3 1 1 0 0 0 0 0 0
fn=unicode_maketrans
0 366 10 10 94 1 0 32 0 0
fn=unicode_mod
0 921 47 1 614 0 0 0 0 0
fn=unicode_new
0 5951 189 6 1245 2 0 965 8 0
fn=unicode_new.warm
0 1235 93 11 187 7 0 201 0 0
fn=unicode_partition
0 73 69 1 0 0 0 0 0 0
fn=unicode_repeat
0 476 12 8 77 0 0 49 0 0
fn=unicode_replace
0 4023 202 2 1341 0 0 447 0 0
fn=unicode_repr
0 65030 392 10 4356 46 1 2212 4 0
fn=unicode_resize.llvm.9504702192703139781
0 1440 96 2 432 0 0 240 0 0
fn=unicode_result
0 4644 0 0 1548 0 0 516 0 0
fn=unicode_rfind
0 9176 741 3 2232 0 0 2480 115 0
fn=unicode_rpartition
0 969 588 1 0 0 0 0 0 0
fn=unicode_rsplit
0 294 10 4 60 4 0 42 0 0
fn=unicode_rstrip
0 20554 530 1 2934 0 0 0 0 0
fn=unicode_rstrip.warm
0 12 8 2 0 0 0 0 0 0
fn=unicode_split
0 5859 171 3 1197 38 0 708 0 0
fn=unicode_split.warm
0 2067 151 3 183 0 0 288 0 0
fn=unicode_splitlines
0 184 23 2 40 0 0 48 0 0
fn=unicode_splitlines.warm
0 40 8 1 0 0 0 0 0 0
fn=unicode_startswith
0 316267 2861 20 54884 485 0 56123 80 0
fn=unicode_startswith.warm
0 8 4 0 0 0 0 0 0 0
fn=unicode_strip
0 168 11 2 0 0 0 0 0 0
fn=unicode_subscript
0 548399 3071 15 147948 807 0 49057 0 0
fn=unicode_translate
0 102 4 1 0 0 0 0 0 0
fn=unicode_upper
0 72 4 1 36 0 0 0 0 0
fn=unicode_upper.warm
0 72 4 1 0 0 0 0 0 0
fn=unicodeiter_dealloc
0 12883 863 3 4509 0 0 1610 0 0
fn=unicodeiter_next
0 636 2 2 126 0 0 24 0 0
fn=unicodeiter_next.warm
0 18 1 1 4 0 0 4 0 0
fn=union_traverse
0 420 5 3 120 0 0 80 0 0
fn=unionobject_dealloc
0 155 12 6 60 7 0 30 0 0
fn=unmarshal_frozen_code
0 102 1 1 34 0 0 0 0 0
fn=unpack_cmp
0 88 8 1 32 1 0 8 0 0
fn=unpack_typevartuples
0 40 2 1 14 0 0 14 0 0
fn=unsafe_float_compare
0 17892530 7 1 10735518 1526017 49 0 0 0
fn=unsafe_latin_compare
0 224250 182 2 44850 70 0 14950 10 0
fn=unsafe_object_compare
0 1504 4 1 376 2 0 188 0 0
fn=unsafe_tuple_compare
0 31431 38 10 8931 8 0 4487 1 0
fn=update_all_slots
0 576 0 0 192 0 0 98 0 0
fn=update_fstring_expr
0 11009 137 4 2929 0 0 2828 25 1
fn=update_slot
0 47995 3 3 18447 2 0 428 0 0
fn=update_subclasses
0 171330 985 17 33669 369 0 6810 38 0
fn=update_subclasses.cold
0 600 75 3 0 0 0 0 0 0
fn=utf8_encode
0 10 1 1 2 0 0 2 0 0
fn=va_build_value.llvm.4859233971528862624
0 1078 43 8 176 31 5 154 1 0
fn=validate_keywords
0 884 55 3 228 0 0 32 0 0
fn=vectorcall_maybe
0 3956 215 3 1104 158 0 552 0 0
fn=vectorcall_method
0 181392 1703 5 64948 3347 1 25335 30 0
fn=vectorcall_method.warm
0 3568 223 9 1307 99 4 602 8 0
fn=vgetargs1_impl.llvm.11509138324930172611
0 1019370 12958 21 154744 5292 5 82372 2332 7
fn=vgetargskeywords.llvm.11509138324930172611
0 3149978 126818 18 515250 48491 14 533864 51355 0
fn=visit_decref
0 6690433 80 5 3088234 552486 145445 259634 0 0
fn=visit_reachable
0 5926028 138 12 1858334 253791 36595 685043 2587 1
fn=wait_for_thread_shutdown.llvm.17409484234675140496
0 10 2 1 2 0 0 2 0 0
fn=wait_for_thread_shutdown.llvm.17409484234675140496.warm
0 18 3 2 2 0 0 3 0 0
fn=warnings_module_exec
0 34 2 2 9 1 0 6 0 0
fn=weakref___init__
0 7089 228 1 834 0 0 834 0 0
fn=weakref___new__
0 31123 1136 8 7103 361 1 6135 72 0
fn=weakref_dealloc
0 46510 882 8 18343 2048 77 8121 825 0
fn=weakref_exec
0 53 4 4 10 3 0 5 0 0
fn=weakref_hash
0 5004 81 3 1650 44 0 852 2 0
fn=weakref_richcompare
0 696 48 4 168 0 0 120 0 0
fn=weakref_vectorcall
0 4767 428 1 1506 32 0 1002 0 0
fn=wrap_binaryfunc
0 36 2 1 16 0 0 4 0 0
fn=wrap_delattr
0 5655 165 3 1653 7 0 174 0 0
fn=wrap_descr_get
0 960 8 2 150 0 0 150 0 0
fn=wrap_init
0 2196 18 1 488 0 0 488 0 0
fn=wrap_next
0 31 4 1 11 3 0 5 0 0
fn=wrap_objobjargproc
0 3875 55 2 750 0 0 625 0 0
fn=wrap_setattr
0 4859389 23695 3 1181209 115 0 346010 0 0
fn=wrapper_call
0 9633 210 1 5274 262 0 0 0 0
fn=wrapper_dealloc
0 71214 1466 13 22313 13 0 10296 0 0
fn=wrapper_traverse
0 650 10 3 156 8 0 130 0 0
fn=wrapperdescr_call
0 8041617 80609 8 3027666 27476 0 1297721 9 0
fn=wrapperdescr_get
0 551444 10104 1 137432 0 0 68716 0 0
fn=wrapperdescr_get.warm
0 54312 304 3 15144 57 0 10296 9 0
fn=write_location_info_entry
0 37167 301 16 7137 0 0 5151 0 0
fn=write_str
0 147 7 6 40 3 0 22 0 0
fn=write_str.cold
0 4 1 1 0 0 0 1 0 0
fn=x_sub.llvm.16785204152912487848
0 1302 48 11 187 0 0 159 1 0
fn=yield_expr_rule
0 7806 94 3 2651 0 0 1751 0 0
fn=zip_dealloc
0 326 23 2 112 3 0 58 0 0
fn=zip_new
0 542 28 4 108 1 0 161 0 0
fn=zip_new.warm
0 6 1 1 0 0 0 1 0 0
fn=zip_next
0 4474 30 4 1723 2 0 770 0 0
fn=zip_next.warm
0 22 2 0 8 0 0 4 0 0
fn=zlib_clear
0 68 3 3 20 6 0 10 0 0
fn=zlib_exec
0 224 15 14 7 2 0 41 1 0
fn=zlib_free
0 1 1 1 0 0 0 0 0 0
fn=zlib_traverse
0 336 10 6 80 16 3 56 0 0
summary: 1394927076 10828706 21730 403883716 17606244 452309 178810061 2002607 318143
