desc: I1 cache:         32768 B, 64 B, 8-way associative
desc: D1 cache:         32768 B, 64 B, 8-way associative
desc: LL cache:         8388608 B, 64 B, 16-way associative
cmd: /home/brendan/Claude_sandbox/Rust_DES_Kernel/target/release/disagg-rs --n 500 --rate 4 --seed 1
events: Ir I1mr ILmr Dr D1mr DLmr Dw D1mw DLmw 
fl=./csu/../csu/libc-start.c
fn=__libc_start_main@@GLIBC_2.34
128 2 1 1 2 0 0 0 0 0
134 3 0 0 1 1 0 0 0 0
135 7 0 0 3 0 0 2 0 0
138 1 0 0 1 1 0 0 0 0
139 2 1 1 0 0 0 0 0 0
142 3 0 0 2 1 0 0 0 0
143 2 0 0 2 0 0 0 0 0
144 16 0 0 3 0 0 1 0 0
145 8 1 1 2 1 0 4 0 0
242 13 1 1 0 0 0 7 0 0
311 3 0 0 0 0 0 0 0 0
312 3 0 0 0 0 0 1 0 0
337 6 1 1 2 0 0 1 0 0
340 2 0 0 0 0 0 0 0 0
343 2 0 0 2 0 0 0 0 0
350 2 0 0 1 0 0 1 0 0
352 2 0 0 0 0 0 0 0 0
360 4 0 0 1 0 0 1 0 0
fl=./csu/../sysdeps/nptl/libc_start_call_main.h
fn=(below main)
29 9 1 1 1 0 0 5 0 0
44 3 1 1 0 0 0 1 0 0
46 2 0 0 0 0 0 0 0 0
51 2 0 0 1 1 0 1 0 0
52 2 0 0 1 1 0 1 0 0
55 2 0 0 0 0 0 1 0 0
58 6 1 1 5 0 0 1 0 0
74 2 1 0 0 0 0 1 0 0
fl=./csu/./csu/errno-loc.c
fn=__errno_location
25 2 2 1 0 0 0 0 0 0
26 4 0 0 4 0 0 0 0 0
27 2 0 0 2 0 0 0 0 0
fl=./csu/./csu/init-first.c
fn=_init_first
46 6 1 1 0 0 0 2 0 0
51 2 0 0 1 0 0 0 0 0
55 5 1 1 4 2 1 0 0 0
61 1 0 0 0 0 0 1 1 0
62 1 0 0 0 0 0 1 0 0
63 2 0 0 1 1 0 1 1 1
71 2 0 0 0 0 0 0 0 0
72 3 0 0 2 0 0 0 0 0
fl=./ctype/./ctype/ctype-info.c
fn=__ctype_init
29 1 1 1 0 0 0 0 0 0
31 7 1 1 5 4 0 1 0 0
33 4 0 0 2 1 0 1 0 0
35 4 0 0 2 0 0 1 0 0
36 1 0 0 1 0 0 0 0 0
fl=./debug/../sysdeps/x86_64/multiarch/ifunc-memmove.h
fn=__memcpy_chk
56 2 0 0 0 0 0 0 0 0
57 3 0 0 2 0 0 0 0 0
60 3 0 0 1 0 0 0 0 0
61 2 1 1 0 0 0 0 0 0
74 2 0 0 0 0 0 0 0 0
103 2 0 0 1 0 0 0 0 0
108 3 1 1 0 0 0 0 0 0
113 4 0 0 0 0 0 0 0 0
fn=__memmove_chk
56 2 0 0 0 0 0 0 0 0
57 3 1 1 2 0 0 0 0 0
60 3 0 0 1 0 0 0 0 0
61 2 1 1 0 0 0 0 0 0
74 2 0 0 0 0 0 0 0 0
103 2 1 1 1 0 0 0 0 0
108 3 1 1 0 0 0 0 0 0
113 4 0 0 0 0 0 0 0 0
fn=__mempcpy_chk
56 2 0 0 0 0 0 0 0 0
57 3 0 0 2 0 0 0 0 0
60 3 0 0 1 0 0 0 0 0
61 2 1 1 0 0 0 0 0 0
74 2 0 0 0 0 0 0 0 0
103 2 0 0 1 0 0 0 0 0
108 3 1 1 0 0 0 0 0 0
113 4 0 0 0 0 0 0 0 0
fl=./debug/../sysdeps/x86_64/multiarch/ifunc-memset.h
fn=__memset_chk
54 5 1 1 2 0 0 0 0 0
57 3 0 0 1 0 0 0 0 0
58 2 1 1 0 0 0 0 0 0
64 2 0 0 0 0 0 0 0 0
73 2 0 0 0 0 0 0 0 0
103 4 0 0 0 0 0 0 0 0
fl=./debug/../sysdeps/x86_64/multiarch/memcpy_chk.c
fn=__memcpy_chk
29 2 1 1 1 0 0 0 0 0
fl=./debug/../sysdeps/x86_64/multiarch/memmove_chk.c
fn=__memmove_chk
29 2 1 1 1 0 0 0 0 0
fl=./debug/../sysdeps/x86_64/multiarch/mempcpy_chk.c
fn=__mempcpy_chk
29 2 1 1 1 0 0 0 0 0
fl=./debug/../sysdeps/x86_64/multiarch/memset_chk.c
fn=__memset_chk
29 2 1 1 1 0 0 0 0 0
fl=./elf/../bits/stdlib-bsearch.h
fn=intel_check_word.constprop.0
27 96 0 0 0 0 0 0 0 0
28 48 0 0 0 0 0 0 0 0
29 744 0 0 0 0 0 0 0 0
31 648 0 0 0 0 0 0 0 0
32 348 0 0 0 0 0 0 0 0
35 276 0 0 0 0 0 0 0 0
37 96 1 1 0 0 0 0 0 0
fl=./elf/../elf/dl-tls.c
fn=_dl_add_to_slotinfo
1017 27 1 1 0 0 0 15 0 0
1023 3 0 0 3 0 0 0 0 0
1026 3 0 0 3 2 0 0 0 0
1027 3 0 0 0 0 0 0 0 0
1031 9 1 1 3 2 0 0 0 0
1065 6 0 0 0 0 0 0 0 0
1068 6 0 0 0 0 0 3 1 0
1069 9 0 0 3 0 0 3 0 0
1072 18 1 1 18 0 0 0 0 0
fn=_dl_allocate_tls_init
523 11 1 1 0 0 0 8 0 0
524 2 0 0 0 0 0 0 0 0
528 2 0 0 1 1 0 1 0 0
531 1 0 0 0 0 0 0 0 0
534 2 1 1 1 1 0 1 0 0
537 3 0 0 2 1 0 0 0 0
549 1 0 0 1 0 0 0 0 0
554 27 1 1 4 0 0 1 0 0
560 9 1 1 0 0 0 0 0 0
563 9 0 0 3 1 0 0 0 0
564 6 0 0 0 0 0 0 0 0
570 9 1 1 6 0 0 0 0 0
571 6 0 0 0 0 0 0 0 0
573 24 0 0 9 3 0 3 1 1
576 6 0 0 0 0 0 0 0 0
577 6 0 0 3 0 0 0 0 0
580 6 1 1 0 0 0 0 0 0
581 12 0 0 6 2 0 0 0 0
583 6 0 0 0 0 0 0 0 0
584 6 0 0 3 0 0 0 0 0
593 3 0 0 0 0 0 3 0 0
601 6 0 0 3 0 0 0 0 0
603 30 0 0 6 0 0 9 0 0
609 3 0 0 3 0 0 0 0 0
615 2 0 0 1 0 0 1 0 0
618 2 0 0 1 0 0 1 0 0
621 9 0 0 8 0 0 0 0 0
fn=_dl_allocate_tls_storage
365 1 0 0 1 0 0 0 0 0
369 1 1 1 0 0 0 0 0 0
370 1 0 0 0 0 0 0 0 0
371 2 0 0 0 0 0 0 0 0
374 1 0 0 0 0 0 1 1 1
380 2 0 0 0 0 0 1 0 0
417 7 2 2 0 0 0 4 0 0
419 1 0 0 1 0 0 0 0 0
430 1 0 0 1 0 0 0 0 0
431 1 0 0 0 0 0 0 0 0
432 2 0 0 0 0 0 0 0 0
440 6 0 0 0 0 0 0 0 0
441 1 1 1 0 0 0 0 0 0
445 305 0 0 0 0 0 297 37 37
464 1 0 0 0 0 0 1 1 1
470 7 0 0 5 0 0 0 0 0
fn=_dl_assign_tls_modid
125 8 1 1 0 0 0 2 0 0
128 4 0 0 2 0 0 0 0 0
141 2 0 0 2 0 0 0 0 0
181 2 0 0 0 0 0 0 0 0
183 2 1 1 0 0 0 2 0 0
186 2 0 0 0 0 0 2 0 0
187 4 0 0 4 0 0 0 0 0
fn=_dl_count_modids
192 1 1 1 0 0 0 0 0 0
194 2 0 0 1 0 0 0 0 0
195 1 0 0 1 0 0 0 0 0
210 2 0 0 1 0 0 0 0 0
fn=_dl_determine_tlsoffset
216 9 1 1 0 0 0 6 0 0
217 1 0 0 0 0 0 0 0 0
218 1 0 0 0 0 0 0 0 0
219 1 0 0 0 0 0 0 0 0
222 4 0 0 1 0 0 1 0 0
225 2 0 0 1 0 0 0 0 0
259 1 0 0 0 0 0 0 0 0
261 25 1 1 7 1 1 0 0 0
263 9 1 1 4 0 0 1 0 0
265 9 1 1 3 0 0 0 0 0
266 6 0 0 3 0 0 0 0 0
268 6 0 0 0 0 0 0 0 0
270 15 0 0 3 0 0 0 0 0
281 3 0 0 0 0 0 3 0 0
286 24 0 0 0 0 0 0 0 0
288 6 0 0 0 0 0 0 0 0
289 3 0 0 0 0 0 0 0 0
294 3 0 0 0 0 0 0 0 0
301 1 0 0 0 0 0 1 0 0
302 7 2 2 1 0 0 0 0 0
304 2 0 0 0 0 0 1 0 0
354 1 0 0 0 0 0 1 0 0
355 8 0 0 7 0 0 0 0 0
fn=_dl_tls_static_surplus_init
83 3 0 0 0 0 0 0 0 0
97 8 1 1 0 0 0 4 0 0
100 6 0 0 1 0 0 1 0 0
101 5 0 0 1 0 0 1 0 0
102 3 0 0 0 0 0 0 0 0
104 4 1 1 0 0 0 0 0 0
107 1 0 0 0 0 0 0 0 0
109 1 0 0 0 0 0 1 0 0
111 3 0 0 0 0 0 1 0 0
112 6 0 0 5 0 0 0 0 0
fl=./elf/../include/list.h
fn=__tls_init_tp
43 2 1 1 1 1 0 1 0 0
44 2 0 0 0 0 0 1 0 0
45 1 0 0 0 0 0 1 0 0
47 1 0 0 0 0 0 1 0 0
fl=./elf/../include/rtld-malloc.h
fn=__minimal_calloc
56 12 0 0 12 0 0 0 0 0
fn=_dl_allocate_tls_storage
44 2 0 0 1 0 0 1 0 0
56 1 0 0 1 0 0 1 0 0
fn=_dl_check_map_versions
44 15 1 1 5 0 0 5 0 0
fn=_dl_find_object_init
56 2 0 0 1 0 0 1 0 0
fn=_dl_important_hwcaps
56 4 0 0 2 0 0 2 0 0
fn=_dl_init_paths
56 5 0 0 3 0 0 3 0 0
fn=_dl_map_object_deps
56 10 0 0 5 0 0 5 0 0
fn=_dl_new_object
44 15 0 0 5 0 0 5 0 0
56 12 1 1 4 0 0 4 0 0
fn=fillin_rpath.isra.0
50 2 1 1 2 0 0 1 0 0
51 1 0 0 0 0 0 0 0 0
56 2 0 0 1 0 0 1 0 0
fn=init_tls
44 2 0 0 1 0 0 1 0 0
fl=./elf/../include/scratch_buffer.h
fn=_dl_map_object_deps
77 2 0 0 0 0 0 1 1 1
78 1 0 0 0 0 0 1 0 0
85 3 1 1 1 0 0 0 0 0
131 16 1 1 0 0 0 8 0 0
fl=./elf/../misc/sbrk.c
fn=sbrk
37 6 1 1 0 0 0 3 0 0
40 1 0 0 1 0 0 0 0 0
58 2 0 0 0 0 0 0 0 0
62 2 0 0 0 0 0 0 0 0
78 5 1 1 4 0 0 0 0 0
fl=./elf/../nptl/nptl-stack.h
fn=__libc_early_init
61 8 0 0 2 1 0 0 0 0
fl=./elf/../sysdeps/generic/_itoa.h
fn=_dl_check_map_versions
76 24 0 0 8 0 0 16 0 0
fl=./elf/../sysdeps/generic/dl-cache.h
fn=_dl_load_cache_lookup
125 3 1 1 3 0 0 0 0 0
194 1 0 0 1 0 0 0 0 0
195 5 0 0 0 0 0 0 0 0
fl=./elf/../sysdeps/generic/dl-call_tls_init_tp.h
fn=init_tls
31 8 0 0 0 0 0 2 0 0
33 1 0 0 0 0 0 1 0 0
fl=./elf/../sysdeps/generic/dl-debug.h
fn=dl_main
29 4 0 0 2 0 0 0 0 0
30 1 0 0 0 0 0 1 0 0
fl=./elf/../sysdeps/generic/dl-hash.h
fn=__rtld_malloc_init_real
43 1 0 0 0 0 0 0 0 0
44 1 0 0 0 0 0 0 0 0
45 19 0 0 6 1 1 0 0 0
48 18 0 0 0 0 0 0 0 0
62 24 0 0 0 0 0 0 0 0
67 1 0 0 0 0 0 0 0 0
72 1 0 0 0 0 0 1 0 0
fl=./elf/../sysdeps/generic/dl-new-hash.h
fn=_dl_lookup_symbol_x
69 199 0 0 0 0 0 0 0 0
70 398 0 0 0 0 0 0 0 0
74 1470 0 0 1470 107 103 0 0 0
77 2940 0 0 0 0 0 0 0 0
80 1369 0 0 1369 23 22 0 0 0
81 2738 0 0 0 0 0 0 0 0
87 98 1 1 0 0 0 0 0 0
88 98 0 0 0 0 0 0 0 0
89 196 0 0 0 0 0 0 0 0
90 98 0 0 0 0 0 0 0 0
99 1271 0 0 0 0 0 0 0 0
101 1271 0 0 0 0 0 0 0 0
102 2542 0 0 0 0 0 0 0 0
104 1271 1 1 0 0 0 0 0 0
105 1271 0 0 0 0 0 0 0 0
fl=./elf/../sysdeps/generic/dl-protected.h
fn=do_lookup_x
29 744 0 0 0 0 0 0 0 0
fl=./elf/../sysdeps/generic/ldsodefs.h
fn=_dl_relocate_object
79 54 1 1 26 0 0 0 0 0
140 606 0 0 202 0 0 0 0 0
fn=_dl_start
79 6 1 1 3 0 0 0 0 0
fn=do_lookup_x
139 372 0 0 186 0 0 0 0 0
140 558 0 0 0 0 0 0 0 0
fl=./elf/../sysdeps/nptl/dl-mutex.c
fn=__rtld_mutex_init
30 7 1 1 0 0 0 4 0 0
37 1 0 0 1 0 0 0 0 0
40 7 0 0 0 0 0 1 0 0
44 2 1 1 0 0 0 0 0 0
45 9 0 0 3 0 0 1 0 0
47 6 0 0 0 0 0 1 0 0
51 2 1 1 0 0 0 0 0 0
52 7 0 0 3 0 0 1 0 0
53 6 0 0 5 0 0 0 0 0
fl=./elf/../sysdeps/nptl/dl-tls_init_tp.c
fn=__tls_init_tp
68 5 0 0 0 0 0 2 0 0
69 1 0 0 1 0 0 0 0 0
72 1 0 0 0 0 0 0 0 0
75 4 0 0 0 0 0 1 0 0
76 2 0 0 0 0 0 1 0 0
77 1 1 1 0 0 0 1 0 0
82 2 0 0 1 0 0 1 0 0
87 4 0 0 0 0 0 1 0 0
90 1 0 0 0 0 0 1 0 0
93 3 0 0 0 0 0 0 0 0
105 4 1 1 0 0 0 1 0 0
121 3 0 0 2 0 0 1 1 0
128 2 0 0 1 0 0 1 0 0
129 3 0 0 3 0 0 0 0 0
fn=__tls_pre_init_tp
53 3 1 1 0 0 0 0 0 0
56 10 1 1 0 0 0 3 1 1
61 2 0 0 0 0 0 1 0 0
62 1 1 1 0 0 0 1 0 0
64 1 0 0 1 0 0 0 0 0
fn=rtld_mutex_dummy
42 12 0 0 0 0 0 0 0 0
44 24 0 0 12 0 0 0 0 0
fl=./elf/../sysdeps/nptl/pthread_early_init.h
fn=__libc_early_init
33 6 0 0 0 0 0 1 0 0
34 1 0 0 1 0 0 0 0 0
38 5 0 0 0 0 0 0 0 0
45 2 1 1 2 1 0 0 0 0
46 1 0 0 0 0 0 0 0 0
48 2 0 0 0 0 0 0 0 0
52 5 0 0 0 0 0 1 0 0
53 1 1 1 0 0 0 1 1 1
54 1 0 0 0 0 0 1 1 1
56 1 0 0 0 0 0 1 0 0
fl=./elf/../sysdeps/posix/dl-fileid.h
fn=_dl_map_object_from_fd
37 16 0 0 0 0 0 4 1 1
40 16 0 0 12 0 0 4 0 0
49 40 0 0 20 1 1 0 0 0
fl=./elf/../sysdeps/unix/sysv/linux/brk.c
fn=brk
36 1 1 1 0 0 0 0 0 0
37 1 0 0 0 0 0 1 1 1
38 2 0 0 0 0 0 0 0 0
44 1 0 0 0 0 0 0 0 0
45 1 0 0 1 0 0 0 0 0
fl=./elf/../sysdeps/unix/sysv/linux/brk_call.h
fn=brk
24 2 0 0 0 0 0 0 0 0
fl=./elf/../sysdeps/unix/sysv/linux/dl-osinfo.h
fn=dl_main
39 2 0 0 1 0 0 0 0 0
52 1 0 0 1 0 0 0 0 0
fl=./elf/../sysdeps/unix/sysv/linux/dl-parse_auxv.h
fn=_dl_sysdep_parse_arguments
32 2 0 0 0 0 0 1 0 0
33 1 0 0 0 0 0 1 0 0
34 1 0 0 0 0 0 1 0 0
41 93 1 1 24 0 0 0 0 0
42 44 0 0 0 0 0 0 0 0
43 44 0 0 22 6 6 22 0 0
45 1 0 0 0 0 0 1 0 0
46 2 0 0 1 0 0 1 0 0
47 2 0 0 1 0 0 1 0 0
48 2 0 0 1 0 0 1 0 0
49 1 0 0 0 0 0 1 0 0
51 2 1 1 1 0 0 1 0 0
52 2 0 0 1 0 0 1 1 1
53 2 0 0 1 0 0 1 0 0
54 2 1 1 1 0 0 1 0 0
56 2 0 0 1 0 0 1 0 0
fl=./elf/../sysdeps/unix/sysv/linux/dl-sysdep.c
fn=_dl_sysdep_parse_arguments
78 7 1 1 0 0 0 4 0 0
79 2 0 0 1 1 1 1 1 1
80 2 0 0 0 0 0 1 0 0
81 3 0 0 0 0 0 1 1 1
82 77 0 0 0 0 0 0 0 0
83 157 1 1 78 10 10 0 0 0
86 2 1 1 0 0 0 1 1 1
90 56 0 0 0 0 0 52 7 7
93 5 0 0 3 0 0 1 0 0
94 2 0 0 1 0 0 1 0 0
95 3 1 1 2 0 0 1 0 0
96 6 0 0 5 0 0 0 0 0
fn=_dl_sysdep_start
102 6 1 1 0 0 0 2 0 0
103 1 0 0 0 0 0 1 0 0
106 2 0 0 0 0 0 1 1 1
110 2 0 0 1 0 0 1 0 0
113 1 0 0 0 0 0 1 0 0
115 2 0 0 0 0 0 1 0 0
122 3 1 1 1 0 0 0 0 0
123 2 0 0 0 0 0 2 0 0
125 5 0 0 0 0 0 1 0 0
137 3 0 0 1 0 0 0 0 0
140 5 1 1 3 0 0 1 0 0
143 4 1 0 4 1 0 0 0 0
fn=_dl_sysdep_start_cleanup
147 1 1 1 0 0 0 0 0 0
148 1 0 0 1 0 0 0 0 0
fl=./elf/../sysdeps/unix/sysv/linux/dl-vdso-setup.h
fn=dl_main
30 1 0 0 0 0 0 1 0 0
33 1 1 1 0 0 0 1 0 0
36 1 0 0 0 0 0 1 0 0
39 1 0 0 0 0 0 1 0 0
45 1 0 0 0 0 0 1 0 0
fl=./elf/../sysdeps/unix/sysv/linux/dl-vdso.h
fn=dl_main
40 2 1 1 1 0 0 0 0 0
41 5 0 0 0 0 0 2 0 0
55 2 0 0 0 0 0 0 0 0
fl=./elf/../sysdeps/unix/sysv/linux/rseq-internal.h
fn=__tls_init_tp
32 3 0 0 1 0 0 0 0 0
34 7 1 1 0 0 0 0 0 0
37 2 0 0 0 0 0 0 0 0
40 1 0 0 0 0 0 1 0 0
fl=./elf/../sysdeps/unix/sysv/linux/x86/dl-hwcap2.h
fn=update_active.constprop.0
25 2 0 0 1 0 0 0 0 0
fl=./elf/../sysdeps/unix/sysv/linux/x86/dl-minsigstacksize.h
fn=get_common_indices.constprop.0
24 2 2 2 1 0 0 0 0 0
27 2 0 0 1 0 0 0 0 0
28 2 0 0 1 0 0 0 0 0
65 3 0 0 0 0 0 0 0 0
72 1 0 0 0 0 0 0 0 0
74 1 0 0 0 0 0 1 0 0
fl=./elf/../sysdeps/x86/cpu-features.c
fn=get_common_indices.constprop.0
398 3 1 1 0 0 0 2 0 0
402 4 0 0 0 0 0 0 0 0
405 5 0 0 0 0 0 3 0 0
409 1 0 0 0 0 0 1 0 0
410 4 0 0 0 0 0 1 0 0
411 4 1 1 0 0 0 1 0 0
412 4 0 0 0 0 0 1 0 0
413 3 0 0 0 0 0 1 0 0
414 2 0 0 1 0 0 0 0 0
421 2 0 0 1 0 0 0 0 0
423 9 0 0 0 0 0 4 1 1
428 8 2 2 0 0 0 4 1 1
435 2 0 0 1 0 0 0 0 0
436 7 0 0 0 0 0 4 1 1
442 2 0 0 1 0 0 0 0 0
457 3 0 0 3 0 0 0 0 0
fn=init_cpu_features.constprop.0
376 3 0 0 0 0 0 0 0 0
377 2 0 0 0 0 0 0 0 0
378 6 0 0 0 0 0 4 0 0
383 2 1 1 0 0 0 0 0 0
384 6 1 1 0 0 0 4 0 0
389 2 0 0 0 0 0 0 0 0
390 7 1 1 0 0 0 4 0 0
682 8 1 1 0 0 0 6 0 0
685 1 0 0 0 0 0 1 0 0
686 1 1 1 0 0 0 1 0 0
687 1 0 0 0 0 0 1 0 0
690 1 0 0 0 0 0 1 1 1
699 3 0 0 0 0 0 1 0 0
702 6 1 1 0 0 0 0 0 0
703 1 0 0 0 0 0 0 0 0
706 2 0 0 0 0 0 1 0 0
708 6 2 2 0 0 0 1 0 0
713 1 0 0 0 0 0 1 0 0
715 3 0 0 1 0 0 0 0 0
717 9 2 2 3 1 1 1 0 0
721 7 0 0 1 1 1 0 0 0
774 3 0 0 2 0 0 0 0 0
781 2 1 1 0 0 0 1 0 0
799 1 1 1 0 0 0 1 0 0
832 5 0 0 0 0 0 0 0 0
870 1 1 1 0 0 0 0 0 0
878 2 1 1 1 0 0 0 0 0
885 2 0 0 1 0 0 0 0 0
887 2 0 0 0 0 0 1 0 0
891 2 0 0 0 0 0 0 0 0
893 3 1 1 0 0 0 1 0 0
897 2 0 0 1 0 0 0 0 0
899 1 0 0 0 0 0 0 0 0
1001 3 1 1 1 0 0 0 0 0
1002 2 0 0 0 0 0 1 0 0
1005 2 0 0 0 0 0 0 0 0
1006 2 0 0 0 0 0 1 0 0
1012 1 0 0 0 0 0 1 0 0
1013 1 0 0 0 0 0 1 0 0
1014 1 0 0 0 0 0 1 0 0
1015 2 1 1 1 0 0 1 0 0
1019 4 0 0 0 0 0 1 0 0
1022 4 0 0 0 0 0 1 0 0
1028 3 0 0 1 0 0 0 0 0
1041 2 0 0 0 0 0 0 0 0
1042 4 1 1 1 0 0 0 0 0
1081 1 0 0 0 0 0 1 0 0
1082 2 1 1 1 0 0 0 0 0
1086 3 0 0 1 0 0 0 0 0
1103 2 1 1 0 0 0 0 0 0
1104 2 0 0 0 0 0 0 0 0
1127 4 0 0 0 0 0 1 0 0
1129 4 0 0 0 0 0 1 0 0
1135 4 0 0 0 0 0 1 0 0
1142 8 0 0 7 0 0 0 0 0
fn=update_active.constprop.0
72 8 2 2 0 0 0 6 0 0
76 1 0 0 1 0 0 0 0 0
84 3 1 1 1 0 0 0 0 0
85 3 0 0 0 0 0 0 0 0
86 1 0 0 1 0 0 0 0 0
94 4 0 0 1 0 0 1 0 0
95 1 0 0 1 0 0 0 0 0
103 4 0 0 1 0 0 1 0 0
104 1 0 0 1 0 0 0 0 0
109 4 0 0 0 0 0 1 0 0
112 4 0 0 1 0 0 1 0 0
113 1 0 0 1 0 0 0 0 0
116 5 1 1 1 0 0 2 1 1
117 2 1 1 1 0 0 1 0 0
121 5 0 0 1 0 0 2 0 0
122 3 0 0 2 0 0 0 0 0
123 3 1 1 2 0 0 0 0 0
124 2 0 0 1 0 0 1 0 0
128 5 0 0 1 0 0 1 0 0
129 5 1 1 2 0 0 1 0 0
130 3 0 0 2 1 1 0 0 0
132 2 0 0 0 0 0 0 0 0
133 4 0 0 0 0 0 1 0 0
147 2 0 0 0 0 0 0 0 0
151 7 2 2 0 0 0 4 0 0
152 4 0 0 0 0 0 1 0 0
154 3 0 0 0 0 0 0 0 0
158 4 1 1 0 0 0 1 0 0
161 1 0 0 0 0 0 0 0 0
164 2 0 0 0 0 0 0 0 0
178 4 1 1 1 0 0 1 0 0
180 5 0 0 1 0 0 1 0 0
186 4 0 0 0 0 0 1 0 0
188 5 1 1 2 0 0 1 0 0
190 4 0 0 0 0 0 2 0 0
195 5 0 0 0 0 0 1 0 0
244 3 0 0 1 0 0 0 0 0
245 3 0 0 1 0 0 0 0 0
261 4 1 1 0 0 0 0 0 0
277 2 0 0 0 0 0 0 0 0
281 2 0 0 0 0 0 1 0 0
282 1 1 1 1 0 0 0 0 0
285 4 0 0 1 0 0 1 0 0
289 2 0 0 0 0 0 0 0 0
293 3 1 1 0 0 0 0 0 0
294 2 0 0 0 0 0 0 0 0
296 1 0 0 0 0 0 0 0 0
297 1 0 0 0 0 0 0 0 0
300 2 0 0 0 0 0 1 0 0
302 1 0 0 0 0 0 1 1 1
305 2 0 0 0 0 0 0 0 0
356 5 1 1 0 0 0 0 0 0
360 3 1 1 1 0 0 0 0 0
369 1 0 0 0 0 0 1 0 0
370 8 0 0 7 0 0 0 0 0
fl=./elf/../sysdeps/x86/dl-cacheinfo.h
fn=get_common_cache_info.constprop.0
571 11 1 1 0 0 0 6 0 0
586 1 0 0 1 0 0 0 0 0
587 1 0 0 1 0 0 0 0 0
588 2 0 0 1 0 0 1 0 0
589 1 1 1 1 0 0 0 0 0
590 2 0 0 1 0 0 1 0 0
596 3 0 0 0 0 0 1 0 0
598 7 1 1 3 0 0 2 0 0
601 2 0 0 0 0 0 0 0 0
613 1 0 0 0 0 0 0 0 0
618 3 1 1 1 0 0 0 0 0
622 2 0 0 0 0 0 0 0 0
627 5 1 1 1 0 0 0 0 0
630 24 2 2 0 0 0 5 0 0
637 8 0 0 0 0 0 0 0 0
640 26 0 0 0 0 0 0 0 0
645 2 1 1 0 0 0 0 0 0
649 3 0 0 0 0 0 0 0 0
650 2 0 0 0 0 0 0 0 0
654 2 0 0 0 0 0 0 0 0
658 3 0 0 0 0 0 0 0 0
661 4 0 0 0 0 0 1 0 0
662 1 0 0 0 0 0 0 0 0
667 4 0 0 0 0 0 0 0 0
673 4 0 0 0 0 0 0 0 0
681 6 0 0 0 0 0 0 0 0
683 2 0 0 0 0 0 0 0 0
685 4 0 0 0 0 0 0 0 0
687 12 1 1 0 0 0 0 0 0
689 1 0 0 0 0 0 0 0 0
690 1 0 0 0 0 0 0 0 0
691 9 0 0 1 0 0 0 0 0
693 4 1 1 0 0 0 0 0 0
696 7 1 1 4 0 0 0 0 0
701 1 0 0 0 0 0 0 0 0
703 4 1 1 0 0 0 0 0 0
704 3 0 0 0 0 0 0 0 0
705 1 0 0 0 0 0 0 0 0
708 2 0 0 0 0 0 0 0 0
711 2 1 1 0 0 0 0 0 0
718 1 0 0 0 0 0 0 0 0
720 4 0 0 0 0 0 0 0 0
721 1 0 0 0 0 0 0 0 0
726 2 0 0 0 0 0 0 0 0
731 2 0 0 0 0 0 0 0 0
733 2 0 0 0 0 0 0 0 0
734 1 0 0 0 0 0 0 0 0
759 3 0 0 0 0 0 0 0 0
770 5 0 0 1 0 0 0 0 0
771 5 0 0 0 0 0 1 0 0
775 2 1 1 1 0 0 0 0 0
782 1 0 0 0 0 0 1 0 0
783 2 0 0 1 0 0 1 0 0
784 1 0 0 0 0 0 1 0 0
785 7 0 0 7 0 0 0 0 0
fn=handle_intel.constprop.0
250 108 0 0 0 0 0 72 0 0
255 24 1 1 12 0 0 0 0 0
261 12 0 0 0 0 0 12 0 0
262 12 0 0 0 0 0 12 0 0
267 48 0 0 0 0 0 12 0 0
271 24 0 0 0 0 0 0 0 0
276 24 1 1 0 0 0 0 0 0
279 60 0 0 0 0 0 12 0 0
281 24 0 0 0 0 0 0 0 0
284 60 1 1 0 0 0 12 0 0
286 24 0 0 0 0 0 0 0 0
305 96 0 0 84 0 0 0 0 0
fn=init_cpu_features.constprop.0
792 1 0 0 0 0 0 1 0 0
793 1 0 0 0 0 0 1 0 0
795 1 0 0 0 0 0 1 0 0
809 2 0 0 0 0 0 0 0 0
811 3 1 1 0 0 0 2 0 0
812 3 1 1 0 0 0 1 0 0
813 3 0 0 0 0 0 2 0 0
814 2 0 0 0 0 0 2 0 0
817 3 0 0 0 0 0 2 0 0
819 3 1 1 0 0 0 2 0 0
820 2 0 0 1 0 0 1 0 0
822 3 0 0 0 0 0 2 0 0
824 3 0 0 0 0 0 2 0 0
825 1 0 0 0 0 0 1 0 0
827 3 0 0 0 0 0 2 0 0
829 3 1 1 0 0 0 2 0 0
830 2 0 0 1 0 0 1 0 0
832 3 0 0 0 0 0 2 0 0
834 3 0 0 0 0 0 1 0 0
836 3 1 1 0 0 0 2 0 0
838 5 0 0 1 0 0 1 0 0
894 2 1 1 1 0 0 1 1 1
895 2 0 0 1 0 0 1 0 0
896 2 0 0 1 0 0 1 0 0
897 2 1 1 1 0 0 1 0 0
898 2 0 0 1 0 0 1 0 0
899 2 0 0 1 0 0 1 0 0
900 1 0 0 0 0 0 1 1 1
901 1 0 0 0 0 0 1 0 0
902 1 0 0 0 0 0 1 0 0
903 1 1 1 0 0 0 1 0 0
904 1 0 0 0 0 0 1 0 0
905 1 0 0 0 0 0 1 0 0
907 1 0 0 1 0 0 0 0 0
910 3 0 0 0 0 0 0 0 0
925 7 1 1 5 0 0 2 0 0
930 2 0 0 0 0 0 0 0 0
931 6 0 0 2 0 0 0 0 0
939 3 0 0 1 0 0 0 0 0
959 6 1 1 0 0 0 0 0 0
968 2 0 0 0 0 0 0 0 0
969 2 0 0 0 0 0 0 0 0
974 12 2 2 0 0 0 0 0 0
987 5 0 0 2 0 0 1 0 0
995 7 1 1 1 0 0 1 0 0
997 2 0 0 0 0 0 0 0 0
1000 5 0 0 1 0 0 1 0 0
1002 2 0 0 0 0 0 0 0 0
1005 5 1 1 1 0 0 1 0 0
1006 5 0 0 0 0 0 1 0 0
1010 6 0 0 1 0 0 2 0 0
1011 3 0 0 1 0 0 0 0 0
1017 7 0 0 1 0 0 3 0 0
1020 11 2 2 2 0 0 5 0 0
1021 10 1 1 2 0 0 5 0 0
1022 13 2 2 2 0 0 6 0 0
1025 10 0 0 1 0 0 5 0 0
1027 10 1 1 1 0 0 5 0 0
1040 4 0 0 3 0 0 0 0 0
1042 2 0 0 1 0 0 1 0 0
1043 2 1 1 1 0 0 1 0 0
1044 1 0 0 0 0 0 1 0 0
1045 1 0 0 0 0 0 1 0 0
1046 1 1 1 0 0 0 1 0 0
1047 1 0 0 0 0 0 1 0 0
fn=intel_check_word.constprop.0
110 648 1 1 324 6 6 0 0 0
113 324 0 0 0 0 0 0 0 0
119 216 0 0 0 0 0 96 0 0
123 48 1 1 0 0 0 0 0 0
125 12 0 0 0 0 0 0 0 0
129 120 1 1 0 0 0 0 0 0
131 144 0 0 0 0 0 0 0 0
133 60 0 0 0 0 0 0 0 0
135 120 0 0 0 0 0 0 0 0
143 120 1 1 0 0 0 0 0 0
152 12 0 0 0 0 0 0 0 0
155 138 1 1 0 0 0 0 0 0
158 99 0 0 0 0 0 0 0 0
162 58 0 0 0 0 0 0 0 0
164 189 1 1 0 0 0 0 0 0
167 120 0 0 0 0 0 0 0 0
168 72 0 0 0 0 0 0 0 0
169 60 0 0 0 0 0 0 0 0
170 48 0 0 0 0 0 0 0 0
172 11 1 1 0 0 0 0 0 0
174 22 0 0 0 0 0 0 0 0
176 12 1 1 0 0 0 0 0 0
177 16 0 0 0 0 0 0 0 0
178 12 0 0 0 0 0 0 0 0
179 20 0 0 0 0 0 0 0 0
180 14 1 1 0 0 0 0 0 0
181 12 0 0 0 0 0 0 0 0
183 8 0 0 0 0 0 0 0 0
184 12 0 0 0 0 0 0 0 0
187 21 0 0 0 0 0 0 0 0
190 2 0 0 0 0 0 0 0 0
194 192 0 0 0 0 0 0 0 0
202 168 1 1 48 0 0 0 0 0
216 48 0 0 0 0 0 0 0 0
246 144 0 0 120 0 0 0 0 0
fl=./elf/../sysdeps/x86/dl-get-cpu-features.c
fn=__x86_cpu_features
39 3 0 0 1 1 0 0 0 0
71 3 1 1 1 0 0 0 0 0
fn=_dl_x86_init_cpu_features
37 1 1 1 0 0 0 0 0 0
39 3 0 0 1 0 0 0 0 0
41 1 0 0 0 0 0 0 0 0
fl=./elf/../sysdeps/x86/dl-isa-level.h
fn=_dl_load_cache_lookup
28 18 0 0 6 0 0 6 0 0
fl=./elf/../sysdeps/x86/dl-procinfo.h
fn=_dl_load_cache_lookup
39 6 1 1 0 0 0 0 0 0
42 45 1 1 0 0 0 12 1 1
fl=./elf/../sysdeps/x86/dl-prop.h
fn=_dl_map_object_from_fd
149 16 0 0 8 0 0 0 0 0
fn=_dl_process_pt_gnu_property
95 24 1 1 0 0 0 0 0 0
102 12 0 0 0 0 0 0 0 0
115 12 0 0 0 0 0 0 0 0
118 6 0 0 6 2 2 0 0 0
252 4 0 0 0 0 0 0 0 0
253 2 0 0 0 0 0 2 0 0
254 8 0 0 0 0 0 0 0 0
255 4 0 0 0 0 0 4 0 0
257 24 0 0 6 0 0 6 0 0
258 2 1 1 2 0 0 0 0 0
260 6 0 0 2 0 0 0 0 0
fn=dl_main
36 2 0 0 2 0 0 0 0 0
37 21 1 1 0 0 0 0 0 0
40 9 0 0 9 0 0 0 0 0
49 34 1 1 11 0 0 0 0 0
53 28 0 0 6 1 0 0 0 0
71 2 0 0 1 0 0 1 0 0
149 4 0 0 2 0 0 0 0 0
235 2 1 1 2 0 0 0 0 0
236 1 0 0 1 1 1 0 0 0
fl=./elf/../sysdeps/x86/get-isa-level.h
fn=_dl_hwcaps_subdirs_active
30 4 0 0 0 0 0 0 0 0
31 1 0 0 1 0 0 0 0 0
32 3 0 0 1 0 0 0 0 0
36 3 0 0 0 0 0 0 0 0
39 4 1 1 1 0 0 0 0 0
40 4 0 0 1 0 0 0 0 0
45 4 0 0 0 0 0 0 0 0
48 2 0 0 0 0 0 0 0 0
51 5 0 0 1 0 0 0 0 0
fn=update_active.constprop.0
28 1 0 0 0 0 0 0 0 0
30 4 0 0 0 0 0 0 0 0
31 1 0 0 1 0 0 0 0 0
32 3 0 0 0 0 0 0 0 0
36 3 0 0 0 0 0 0 0 0
38 1 0 0 0 0 0 0 0 0
39 2 1 1 0 0 0 0 0 0
40 4 1 1 1 0 0 0 0 0
45 4 0 0 0 0 0 0 0 0
47 1 0 0 0 0 0 0 0 0
48 2 0 0 0 0 0 0 0 0
51 5 1 1 1 0 0 0 0 0
fl=./elf/../sysdeps/x86_64/dl-cet.c
fn=_dl_cet_check
275 2 0 0 0 0 0 0 0 0
276 1 0 0 0 0 0 1 0 0
277 2 0 0 1 0 0 0 0 0
282 4 0 0 1 0 0 1 0 0
283 3 0 0 0 0 0 1 0 0
285 2 0 0 1 0 0 1 0 0
293 5 1 1 1 0 0 0 0 0
361 8 1 1 0 0 0 4 0 0
363 6 1 1 5 0 0 0 0 0
fn=_dl_cet_setup_features
331 1 1 1 0 0 0 0 0 0
334 2 0 0 0 0 0 0 0 0
350 1 0 0 1 0 0 0 0 0
fl=./elf/../sysdeps/x86_64/dl-hwcaps-subdirs.c
fn=_dl_hwcaps_subdirs_active
29 1 1 1 0 0 0 0 0 0
38 3 0 0 0 0 0 0 0 0
43 1 0 0 0 0 0 0 0 0
52 1 0 0 1 0 0 0 0 0
fl=./elf/../sysdeps/x86_64/dl-machine.h
fn=_dl_relocate_object
81 24 0 0 3 0 0 0 0 0
87 4 1 1 3 1 0 0 0 0
91 3 0 0 1 1 1 0 0 0
97 1 0 0 0 0 0 1 0 0
108 3 0 0 1 0 0 0 0 0
129 2 0 0 1 0 0 0 0 0
132 2 0 0 0 0 0 1 0 0
134 4 0 0 1 1 0 0 0 0
267 436 2 2 0 0 0 0 0 0
274 436 0 0 0 0 0 0 0 0
278 436 0 0 0 0 0 0 0 0
287 2139 3 3 819 0 0 0 0 0
290 462 1 1 189 0 0 0 0 0
291 136 0 0 0 0 0 0 0 0
292 820 0 0 0 0 0 0 0 0
295 10 1 1 0 0 0 0 0 0
296 15 0 0 5 0 0 0 0 0
307 10 1 1 0 0 0 10 0 0
314 25 1 1 10 0 0 5 0 0
317 1308 1 1 218 5 3 0 0 0
320 28 0 0 0 0 0 28 0 0
323 28 0 0 0 0 0 0 0 0
346 2 1 1 0 0 0 0 0 0
347 3 0 0 2 1 0 1 1 1
393 30 1 1 0 0 0 18 0 0
400 51 1 1 17 0 0 0 0 0
402 68 0 0 17 0 0 0 0 0
406 51 1 1 34 3 3 0 0 0
415 34 0 0 17 0 0 17 5 5
423 403 1 1 203 0 0 200 34 24
436 7 0 0 0 0 0 4 0 0
476 136 1 1 136 0 0 0 0 0
478 68 0 0 0 0 0 68 0 0
479 68 0 0 0 0 0 68 3 1
498 3171 0 0 1057 131 131 0 0 0
499 1057 0 0 0 0 0 1057 286 282
503 2114 0 0 0 0 0 0 0 0
504 2114 0 0 1057 132 132 0 0 0
514 114 0 0 57 0 0 0 0 0
518 114 0 0 0 0 0 0 0 0
521 171 0 0 57 0 0 0 0 0
522 57 0 0 57 7 7 0 0 0
730 12 0 0 0 0 0 0 0 0
734 8 1 1 4 3 0 0 0 0
fn=_dl_start
55 1 0 0 0 0 0 0 0 0
278 9 0 0 0 0 0 0 0 0
287 27 0 0 9 3 3 1 0 0
290 6 0 0 3 0 0 0 0 0
291 12 0 0 0 0 0 0 0 0
317 8 0 0 0 0 0 0 0 0
323 2 0 0 0 0 0 2 1 1
fn=_dl_sysdep_start
220 1 0 0 0 0 0 1 0 0
fl=./elf/./dl-find_object.h
fn=_dl_find_object_from_map
95 12 1 1 6 4 0 6 2 1
96 12 1 1 6 0 0 6 0 0
97 6 0 0 0 0 0 6 3 3
103 30 0 0 12 5 0 0 0 0
104 171 0 0 0 0 0 0 0 0
105 118 1 1 59 50 8 0 0 0
107 18 0 0 12 2 0 6 0 0
112 6 0 0 6 0 0 0 0 0
fl=./elf/./dl-hwcaps.h
fn=_dl_important_hwcaps
43 9 1 1 0 0 0 6 0 0
45 7 0 0 0 0 0 6 0 0
46 1 0 0 0 0 0 0 0 0
77 8 0 0 3 0 0 5 0 0
78 8 1 1 3 0 0 5 0 0
79 6 2 2 0 0 0 1 0 0
fl=./elf/./dl-load.h
fn=_dl_map_object_from_fd
91 32 0 0 16 0 0 0 0 0
92 12 1 1 6 0 0 0 0 0
93 15 1 1 3 0 0 0 0 0
94 12 0 0 3 0 0 0 0 0
96 12 0 0 0 0 0 3 0 0
fl=./elf/./dl-main.h
fn=dl_main
109 5 1 1 4 0 0 1 0 0
fl=./elf/./dl-map-segments.h
fn=_dl_map_object_from_fd
28 12 0 0 4 0 0 0 0 0
29 36 1 1 12 0 0 8 0 0
81 4 0 0 4 0 0 0 0 0
101 4 0 0 0 0 0 4 0 0
102 12 0 0 4 0 0 0 0 0
105 12 0 0 4 0 0 4 0 0
106 8 0 0 0 0 0 4 0 0
108 8 1 1 4 0 0 0 0 0
125 4 1 1 4 0 0 0 0 0
135 96 1 1 16 0 0 0 0 0
137 48 0 0 24 0 0 0 0 0
139 120 0 0 48 0 0 12 0 0
149 64 0 0 32 0 0 0 0 0
155 8 1 1 4 0 0 0 0 0
156 4 0 0 0 0 0 0 0 0
157 12 0 0 4 0 0 0 0 0
158 8 0 0 0 0 0 0 0 0
160 8 0 0 0 0 0 0 0 0
165 8 0 0 0 0 0 0 0 0
168 12 0 0 4 0 0 0 0 0
176 28 0 0 4 0 0 8 0 0
182 8 0 0 0 0 0 0 0 0
186 8 2 2 1 0 0 1 0 0
189 2 0 0 0 0 0 0 0 0
194 16 1 1 0 0 0 0 0 0
fl=./elf/./dl-sym-post.h
fn=lookup_malloc_symbol
41 8 0 0 0 0 0 0 0 0
53 12 0 0 4 0 0 0 0 0
fl=./elf/./dl-tunable-types.h
fn=__GI___tunable_set_val
84 5 0 0 0 0 0 0 0 0
fl=./elf/./elf/dl-audit.c
fn=_dl_audit_activity_map
29 7 1 1 0 0 0 5 0 0
30 1 0 0 1 0 0 0 0 0
31 3 0 0 1 0 0 0 0 0
37 6 1 1 6 0 0 0 0 0
fn=_dl_audit_activity_nsid
41 3 2 1 0 0 0 0 0 0
45 12 0 0 3 0 0 0 0 0
46 3 0 0 3 1 0 0 0 0
47 15 2 1 3 0 0 0 0 0
fn=_dl_audit_objclose
97 6 1 1 0 0 0 0 0 0
98 24 0 0 12 0 0 0 0 0
fn=_dl_audit_objopen
77 4 1 1 0 0 0 0 0 0
78 16 0 0 8 0 0 0 0 0
fn=_dl_audit_preinit
118 1 1 1 0 0 0 0 0 0
119 4 0 0 2 0 0 0 0 0
fl=./elf/./elf/dl-cache.c
fn=_dl_cache_libcmp
357 56 1 1 0 0 0 0 0 0
358 374 1 1 28 0 0 0 0 0
360 501 0 0 0 0 0 0 0 0
362 179 1 1 0 0 0 0 0 0
368 24 0 0 0 0 0 0 0 0
369 18 0 0 0 0 0 0 0 0
370 163 0 0 145 0 0 0 0 0
372 163 0 0 145 0 0 0 0 0
374 12 0 0 0 0 0 0 0 0
380 322 0 0 0 0 0 0 0 0
382 322 0 0 0 0 0 0 0 0
383 66 1 1 22 0 0 0 0 0
386 139 0 0 0 0 0 0 0 0
387 139 0 0 0 0 0 0 0 0
390 46 0 0 34 21 21 0 0 0
fn=_dl_load_cache_lookup
191 44 0 0 0 0 0 0 0 0
205 3 0 0 3 0 0 0 0 0
208 24 1 1 3 0 0 9 0 0
210 30 0 0 9 0 0 9 0 0
211 6 1 1 0 0 0 0 0 0
213 15 0 0 0 0 0 3 0 0
220 53 0 0 3 0 0 0 0 0
222 140 1 1 6 0 0 9 0 0
223 44 0 0 22 19 19 0 0 0
227 66 1 1 22 0 0 0 0 0
231 66 0 0 22 0 0 22 0 0
232 44 0 0 0 0 0 0 0 0
240 18 0 0 0 0 0 0 0 0
242 12 0 0 6 1 1 0 0 0
245 12 0 0 0 0 0 0 0 0
247 36 0 0 0 0 0 6 0 0
249 6 0 0 0 0 0 0 0 0
259 12 0 0 6 0 0 0 0 0
269 18 1 1 12 0 0 0 0 0
270 12 0 0 3 1 1 0 0 0
286 21 1 1 0 0 0 0 0 0
295 6 0 0 3 0 0 0 0 0
298 6 0 0 3 0 0 0 0 0
301 3 0 0 0 0 0 0 0 0
302 9 1 1 3 0 0 0 0 0
330 6 0 0 0 0 0 3 0 0
342 12 0 0 3 0 0 0 0 0
346 19 0 0 0 0 0 0 0 0
347 11 1 1 0 0 0 0 0 0
349 8 0 0 0 0 0 0 0 0
403 30 1 1 0 0 0 21 0 0
405 6 0 0 3 0 0 0 0 0
408 9 1 1 3 0 0 0 0 0
411 5 1 1 0 0 0 1 0 0
419 5 1 1 1 0 0 0 0 0
420 8 1 1 3 1 1 0 0 0
423 6 1 1 0 0 0 0 0 0
424 1 0 0 1 0 0 0 0 0
431 1 1 1 0 0 0 1 0 0
432 2 0 0 0 0 0 1 0 0
477 6 0 0 2 0 0 0 0 0
482 9 0 0 3 0 0 0 0 0
485 9 0 0 3 0 0 3 0 0
500 6 0 0 3 0 0 0 0 0
512 9 0 0 3 0 0 3 0 0
513 45 1 1 3 0 0 0 0 0
514 12 1 1 3 0 0 3 0 0
515 3 0 0 0 0 0 3 0 0
516 24 0 0 21 0 0 0 0 0
fn=_dl_unload_cache
525 3 1 1 0 0 0 1 0 0
526 4 0 0 1 1 0 0 0 0
528 2 0 0 1 0 0 1 0 0
529 1 0 0 0 0 0 1 0 0
533 1 0 0 0 0 0 1 0 0
535 2 1 1 2 0 0 0 0 0
fl=./elf/./elf/dl-call-libc-early-init.c
fn=_dl_call_libc_early_init
27 7 1 1 0 0 0 3 0 0
29 2 0 0 0 0 0 0 0 0
33 5 0 0 0 0 0 1 0 0
37 2 0 0 0 0 0 0 0 0
39 4 1 1 3 0 0 0 0 0
40 2 0 0 0 0 0 0 0 0
41 3 0 0 3 0 0 0 0 0
fl=./elf/./elf/dl-call_fini.c
fn=_dl_call_fini
24 48 1 1 0 0 0 24 0 0
28 12 0 0 6 1 0 0 0 0
32 6 1 1 6 0 0 0 0 0
34 6 0 0 6 6 0 0 0 0
35 12 0 0 0 0 0 0 0 0
38 8 0 0 8 4 0 0 0 0
39 12 0 0 8 1 0 0 0 0
42 36 0 0 0 0 0 0 0 0
43 5 0 0 5 4 0 5 0 0
47 6 1 1 6 6 0 0 0 0
48 12 0 0 0 0 0 0 0 0
49 12 0 0 8 3 0 0 0 0
50 32 0 0 26 0 0 0 0 0
fl=./elf/./elf/dl-catch.c
fn=_dl_catch_error
254 12 1 1 0 0 0 4 0 0
256 2 0 0 0 0 0 1 0 0
257 2 0 0 1 0 0 1 0 0
258 2 0 0 1 0 0 1 0 0
259 2 0 0 1 0 0 1 0 0
261 6 1 1 5 0 0 0 0 0
fn=_dl_catch_exception
58 27 0 0 9 1 1 0 0 0
59 18 1 1 9 0 0 9 0 0
69 18 0 0 9 0 0 0 0 0
70 45 0 0 9 0 0 18 0 0
204 72 1 1 0 0 0 45 3 3
207 18 0 0 0 0 0 0 0 0
214 9 0 0 0 0 0 0 0 0
228 9 1 1 0 0 0 9 1 1
229 18 0 0 0 0 0 9 0 0
235 54 1 1 0 0 0 9 0 0
237 27 0 0 18 0 0 9 0 0
239 36 0 0 9 0 0 18 0 0
248 27 0 0 27 0 0 0 0 0
fn=_dl_receive_error
58 2 1 1 1 0 0 0 0 0
59 1 0 0 1 0 0 0 0 0
69 2 0 0 1 0 0 0 0 0
70 2 0 0 0 0 0 2 0 0
186 7 1 1 0 0 0 3 0 0
188 1 0 0 1 0 0 0 0 0
192 1 0 0 0 0 0 1 0 0
194 1 0 0 0 0 0 1 0 0
197 1 0 0 0 0 0 1 0 0
198 4 0 0 4 0 0 0 0 0
fl=./elf/./elf/dl-debug.c
fn=_dl_debug_initialize
56 3 1 1 0 0 0 0 0 0
57 1 1 1 0 0 0 0 0 0
59 2 0 0 0 0 0 0 0 0
61 2 0 0 0 0 0 0 0 0
63 3 0 0 1 1 1 0 0 0
64 1 0 0 0 0 0 1 0 0
85 3 0 0 1 0 0 0 0 0
90 3 1 1 1 1 1 1 0 0
91 2 0 0 0 0 0 1 0 0
92 1 0 0 0 0 0 1 0 0
95 3 0 0 2 0 0 0 0 0
96 6 1 1 1 0 0 1 0 0
99 2 0 0 0 0 0 0 0 0
107 2 0 0 1 0 0 0 0 0
fn=_dl_debug_state
116 2 1 1 0 0 0 0 0 0
117 2 0 0 2 0 0 0 0 0
fn=_dl_debug_update
38 5 0 0 0 0 0 0 0 0
40 10 0 0 0 0 0 0 0 0
41 5 0 0 0 0 0 0 0 0
44 10 2 1 5 1 0 0 0 0
48 5 0 0 5 0 0 0 0 0
fl=./elf/./elf/dl-deps.c
fn=_dl_map_object_deps
128 3 0 0 0 0 0 2 1 1
129 5 1 1 0 0 0 2 0 0
130 6 0 0 0 0 0 1 0 0
132 3 0 0 0 0 0 1 0 0
136 8 1 1 2 0 0 2 0 0
143 13 1 1 0 0 0 8 1 1
144 20 2 2 1 1 1 0 0 0
160 9 1 1 0 0 0 0 0 0
161 1 0 0 1 0 0 0 0 0
164 1 1 1 0 0 0 1 0 0
182 1 0 0 1 0 0 0 0 0
183 6 0 0 4 0 0 0 0 0
184 1 0 0 0 0 0 1 0 0
188 13 0 0 6 0 0 1 0 0
190 22 1 1 0 0 0 12 0 0
193 6 0 0 0 0 0 6 0 0
197 18 1 1 6 1 0 0 0 0
198 39 1 1 17 0 0 0 0 0
201 16 0 0 4 0 0 0 0 0
205 8 0 0 4 0 0 0 0 0
208 20 0 0 10 2 1 0 0 0
210 16 1 1 12 0 0 0 0 0
215 4 1 1 0 0 0 4 0 0
216 4 0 0 0 0 0 4 1 1
217 8 0 0 4 0 0 4 0 0
218 8 0 0 4 0 0 4 0 0
219 4 0 0 0 0 0 4 0 0
221 508 0 0 136 0 0 0 0 0
222 240 0 0 0 0 0 0 0 0
228 77 1 1 16 0 0 12 0 0
230 8 0 0 0 0 0 8 0 0
232 32 1 1 0 0 0 8 0 0
233 16 0 0 8 0 0 0 0 0
242 8 0 0 8 0 0 0 0 0
244 16 1 1 8 0 0 0 0 0
249 28 1 1 4 0 0 0 0 0
252 4 0 0 0 0 0 4 0 0
253 4 0 0 0 0 0 4 0 0
254 4 0 0 0 0 0 4 0 0
255 8 0 0 4 0 0 4 0 0
256 4 0 0 0 0 0 4 0 0
257 4 0 0 4 0 0 0 0 0
259 16 0 0 4 0 0 4 0 0
263 24 0 0 8 0 0 0 0 0
264 15 0 0 0 0 0 5 0 0
266 336 1 1 0 0 0 0 0 0
417 12 1 1 0 0 0 0 0 0
419 20 0 0 0 0 0 12 1 1
422 8 0 0 0 0 0 0 0 0
423 16 1 1 8 0 0 0 0 0
429 4 0 0 0 0 0 4 0 0
430 20 0 0 0 0 0 8 0 0
431 20 0 0 0 0 0 4 0 0
434 4 0 0 0 0 0 4 0 0
435 8 0 0 8 0 0 0 0 0
439 18 1 1 6 0 0 0 0 0
441 6 0 0 6 0 0 0 0 0
442 27 0 0 5 0 0 0 0 0
448 5 1 1 1 0 0 0 0 0
449 1 0 0 0 0 0 1 0 0
452 4 0 0 1 0 0 1 0 0
463 5 1 1 1 0 0 2 0 0
465 4 0 0 2 0 0 0 0 0
470 5 1 1 2 0 0 1 0 0
471 1 0 0 0 0 0 1 0 0
472 2 0 0 0 0 0 0 0 0
474 22 0 0 6 0 0 0 0 0
478 6 1 1 6 0 0 0 0 0
483 12 0 0 0 0 0 0 0 0
485 18 0 0 0 0 0 6 2 2
490 6 0 0 6 0 0 0 0 0
494 2 1 1 0 0 0 0 0 0
495 3 0 0 1 0 0 0 0 0
532 2 1 1 0 0 0 0 0 0
533 2 0 0 0 0 0 0 0 0
547 9 1 1 2 0 0 3 0 0
552 9 1 1 1 0 0 2 0 0
553 5 1 1 2 0 0 1 0 0
557 1 0 0 0 0 0 1 0 0
559 2 0 0 1 0 0 1 0 0
560 1 0 0 1 0 0 0 0 0
561 3 0 0 1 0 0 0 0 0
568 3 1 1 1 0 0 0 0 0
571 2 0 0 0 0 0 0 0 0
574 8 0 0 7 0 0 0 0 0
fn=openaux
61 48 0 0 0 0 0 16 0 0
64 88 0 0 32 0 0 16 1 1
65 8 0 0 8 0 0 0 0 0
68 8 1 1 8 0 0 0 0 0
69 24 0 0 24 0 0 0 0 0
fl=./elf/./elf/dl-environ.c
fn=_dl_next_ld_env_entry
28 3 1 1 0 0 0 0 0 0
29 3 0 0 3 0 0 0 0 0
32 235 0 0 79 0 0 0 0 0
34 154 0 0 77 0 0 0 0 0
35 18 0 0 9 0 0 0 0 0
37 2 0 0 0 0 0 0 0 0
40 4 0 0 0 0 0 2 0 0
42 2 0 0 2 0 0 0 0 0
45 75 0 0 0 0 0 0 0 0
fl=./elf/./elf/dl-find_object.c
fn=_dl_find_object_init
561 5 1 1 0 0 0 3 0 0
564 1 0 0 1 1 0 0 0 0
566 2 0 0 1 0 0 0 0 0
567 3 1 1 0 0 0 1 0 0
579 2 1 1 0 0 0 1 0 0
580 3 0 0 1 0 0 1 0 0
582 2 0 0 0 0 0 0 0 0
585 2 0 0 0 0 0 0 0 0
590 1 1 1 0 0 0 1 0 0
591 1 0 0 0 0 0 1 0 0
594 3 0 0 1 0 0 0 0 0
596 2 1 1 0 0 0 1 0 0
599 6 1 1 3 0 0 1 0 0
601 1 0 0 0 0 0 0 0 0
604 4 0 0 4 0 0 0 0 0
fn=_dlfo_process_initial
474 8 0 0 0 0 0 4 0 0
475 2 0 0 2 0 0 0 0 0
477 2 0 0 0 0 0 0 0 0
478 4 1 1 2 0 0 0 0 0
504 24 1 1 4 1 0 0 0 0
505 30 0 0 2 0 0 0 0 0
506 12 0 0 12 0 0 0 0 0
508 44 1 1 10 1 0 0 0 0
511 40 0 0 10 1 0 0 0 0
513 30 1 1 10 1 1 0 0 0
515 10 0 0 0 0 0 5 0 0
516 10 0 0 0 0 0 0 0 0
517 20 0 0 0 0 0 0 0 0
529 2 0 0 0 0 0 2 0 0
531 8 0 0 6 0 0 0 0 0
fn=_dlfo_sort_mappings
536 1 1 1 0 0 0 0 0 0
537 2 0 0 0 0 0 0 0 0
540 20 1 1 4 0 0 0 0 0
544 8 0 0 4 0 0 0 0 0
545 50 1 1 0 0 0 0 0 0
546 50 0 0 10 0 0 0 0 0
548 4 0 0 0 0 0 0 0 0
549 4 0 0 0 0 0 0 0 0
553 16 0 0 8 0 0 0 0 0
554 20 0 0 8 0 0 8 0 0
555 8 0 0 0 0 0 8 0 0
557 1 0 0 1 0 0 0 0 0
fl=./elf/./elf/dl-fini.c
fn=_dl_fini
26 11 1 1 0 0 0 7 1 0
43 1 0 0 0 0 0 0 0 0
46 13 1 1 1 1 0 0 0 0
49 2 0 0 1 1 0 1 0 0
51 1 1 1 1 1 0 0 0 0
54 2 0 0 0 0 0 0 0 0
56 5 0 0 2 1 0 0 0 0
61 1 0 0 0 0 0 1 0 0
63 4 0 0 0 0 0 2 0 0
68 18 3 3 2 0 0 0 0 0
73 22 0 0 7 1 0 0 0 0
75 12 0 0 6 6 0 0 0 0
77 12 0 0 0 0 0 0 0 0
79 12 0 0 0 0 0 6 0 0
80 6 0 0 0 0 0 6 6 0
81 6 0 0 0 0 0 0 0 0
85 6 1 1 6 5 0 0 0 0
87 6 0 0 0 0 0 0 0 0
88 6 0 0 0 0 0 0 0 0
94 6 1 1 0 0 0 2 0 0
103 2 0 0 1 0 0 1 0 0
108 36 1 1 13 0 0 0 0 0
110 6 0 0 6 0 0 0 0 0
112 12 0 0 6 0 0 0 0 0
114 24 1 1 0 0 0 18 0 0
117 12 0 0 0 0 0 6 0 0
122 6 0 0 6 0 0 0 0 0
126 5 0 0 1 0 0 1 0 0
132 6 0 0 2 0 0 1 0 0
134 1 0 0 0 0 0 0 0 0
138 2 0 0 1 0 0 0 0 0
145 8 0 0 7 0 0 0 0 0
fl=./elf/./elf/dl-hwcaps.c
fn=_dl_important_hwcaps
52 12 1 1 0 0 0 3 0 0
54 1 0 0 0 0 0 0 0 0
55 2 0 0 1 0 0 0 0 0
56 1 0 0 0 0 0 0 0 0
57 1 0 0 0 0 0 0 0 0
77 12 2 2 0 0 0 3 0 0
80 10 0 0 2 0 0 3 0 0
84 1 0 0 0 0 0 1 0 0
86 3 0 0 1 0 0 1 0 0
87 1 0 0 0 0 0 0 0 0
88 1 0 0 0 0 0 0 0 0
100 5 0 0 0 0 0 3 1 1
102 3 1 1 1 0 0 0 0 0
105 1 0 0 0 0 0 1 0 0
108 1 0 0 0 0 0 0 0 0
112 5 1 1 0 0 0 2 0 0
125 8 0 0 0 0 0 2 0 0
127 5 0 0 2 0 0 1 1 1
128 2 0 0 1 0 0 1 0 0
129 2 0 0 0 0 0 1 0 0
130 1 0 0 0 0 0 0 0 0
133 3 1 1 1 0 0 0 0 0
142 3 0 0 1 0 0 0 0 0
172 14 2 2 0 0 0 9 2 2
174 2 0 0 0 0 0 2 0 0
175 3 0 0 0 0 0 0 0 0
185 2 1 1 0 0 0 1 0 0
186 3 0 0 0 0 0 0 0 0
189 3 1 1 1 0 0 1 1 1
193 2 0 0 1 0 0 0 0 0
194 2 0 0 0 0 0 0 0 0
201 1 0 0 0 0 0 0 0 0
202 5 0 0 2 0 0 1 0 0
208 2 0 0 1 0 0 1 0 0
209 1 0 0 0 0 0 1 0 0
213 3 1 1 2 0 0 1 0 0
216 9 0 0 7 0 0 0 0 0
fl=./elf/./elf/dl-hwcaps_split.c
fn=_dl_hwcaps_split
25 5 1 1 0 0 0 3 0 0
26 3 0 0 1 0 0 0 0 0
27 1 0 0 0 0 0 0 0 0
47 4 1 1 4 0 0 0 0 0
fn=_dl_hwcaps_split_masked
26 32 1 1 8 0 0 0 0 0
30 24 1 1 12 0 0 12 0 0
34 78 1 1 18 1 1 0 0 0
35 12 0 0 0 0 0 6 0 0
36 24 0 0 0 0 0 0 0 0
41 36 0 0 0 0 0 9 0 0
42 18 0 0 0 0 0 0 0 0
43 12 1 1 0 0 0 3 0 0
45 6 0 0 0 0 0 0 0 0
51 80 1 1 0 0 0 48 1 1
55 5 0 0 0 0 0 0 0 0
56 18 0 0 9 0 0 9 0 0
57 27 0 0 0 0 0 9 0 0
58 21 0 0 3 0 0 0 0 0
60 3 0 0 0 0 0 0 0 0
62 64 1 1 56 0 0 0 0 0
67 6 0 0 0 0 0 0 0 0
fl=./elf/./elf/dl-init.c
fn=_dl_init
29 14 1 1 7 0 0 0 0 0
35 35 1 1 7 0 0 0 0 0
37 36 1 1 1 0 0 2 1 0
81 13 1 1 0 0 0 6 0 0
82 1 0 0 1 1 0 0 0 0
83 1 0 0 1 0 0 0 0 0
86 3 0 0 1 0 0 0 0 0
89 2 0 0 0 0 0 1 0 0
94 4 1 1 0 0 0 0 0 0
119 1 0 0 1 0 0 0 0 0
120 28 0 0 0 0 0 5 0 0
121 12 0 0 12 2 0 0 0 0
127 8 0 0 7 0 0 0 0 0
fn=call_init.part.0
26 72 2 2 0 0 0 36 1 0
43 18 0 0 6 0 0 6 0 0
46 18 0 0 12 6 0 0 0 0
47 2 1 1 0 0 0 0 0 0
51 10 0 0 5 0 0 0 0 0
59 15 1 1 5 3 0 0 0 0
60 18 0 0 6 3 0 3 0 0
63 5 0 0 5 4 0 0 0 0
64 10 0 0 0 0 0 0 0 0
70 12 0 0 8 3 0 0 0 0
72 8 0 0 8 0 0 0 0 0
73 44 1 1 0 0 0 0 0 0
74 24 0 0 6 2 0 6 0 0
76 48 0 0 42 0 0 0 0 0
fl=./elf/./elf/dl-load.c
fn=_dl_dst_count
238 72 1 1 0 0 0 48 2 2
241 16 0 0 0 0 0 8 0 0
244 16 0 0 0 0 0 0 0 0
245 8 0 0 0 0 0 0 0 0
264 72 1 1 56 0 0 0 0 0
fn=_dl_init_paths
706 13 2 2 0 0 0 8 0 0
720 4 0 0 0 0 0 2 1 1
725 1 0 0 0 0 0 1 0 0
727 3 1 1 0 0 0 0 0 0
734 3 0 0 0 0 0 0 0 0
735 2 0 0 1 0 0 0 0 0
739 4 0 0 0 0 0 1 0 0
741 4 1 1 2 0 0 0 0 0
747 1 0 0 0 0 0 1 0 0
748 1 0 0 0 0 0 1 0 0
756 8 1 1 0 0 0 4 0 0
758 8 0 0 0 0 0 4 3 3
759 4 0 0 0 0 0 4 1 1
761 5 0 0 0 0 0 4 0 0
762 7 0 0 3 1 1 4 1 1
763 4 0 0 0 0 0 0 0 0
766 13 0 0 3 1 1 0 0 0
767 10 1 1 1 0 0 1 0 0
768 18 0 0 4 0 0 5 0 0
770 32 2 2 6 0 0 5 0 0
776 1 0 0 0 0 0 1 0 0
777 1 0 0 0 0 0 1 0 0
782 1 0 0 1 0 0 0 0 0
785 3 0 0 0 0 0 0 0 0
787 4 1 1 1 0 0 0 0 0
789 3 0 0 1 0 0 0 0 0
806 1 0 0 0 0 0 1 0 0
808 3 1 1 1 0 0 0 0 0
822 2 1 1 0 0 0 1 0 0
825 5 1 1 2 0 0 0 0 0
827 23 4 4 2 0 0 2 0 0
831 2 0 0 0 0 0 0 0 0
832 60 1 1 15 0 0 0 0 0
833 14 0 0 0 0 0 0 0 0
834 28 0 0 0 0 0 0 0 0
836 1 0 0 0 0 0 1 0 0
837 1 0 0 0 0 0 0 0 0
838 2 0 0 0 0 0 0 0 0
844 6 0 0 1 0 0 1 0 0
847 3 0 0 2 0 0 0 0 0
853 1 0 0 0 0 0 1 0 0
857 8 0 0 7 0 0 0 0 0
fn=_dl_map_object
682 30 3 3 9 0 0 0 0 0
696 15 1 1 0 0 0 9 0 0
1967 108 2 2 0 0 0 81 5 5
1969 4 0 0 0 0 0 4 0 0
1975 18 0 0 0 0 0 0 0 0
1976 36 0 0 9 1 1 0 0 0
1979 180 1 1 36 0 0 18 0 0
1984 224 1 1 64 0 0 0 0 0
1986 160 0 0 0 0 0 32 2 2
1990 54 0 0 27 0 0 0 0 0
1991 81 0 0 27 0 0 0 0 0
1994 65 0 0 39 0 0 0 0 0
1995 39 1 1 13 0 0 0 0 0
1996 65 0 0 0 0 0 13 0 0
2010 16 1 1 4 0 0 0 0 0
2011 12 0 0 4 0 0 4 0 0
2019 12 0 0 4 0 0 0 0 0
2034 4 0 0 0 0 0 4 0 0
2036 20 0 0 0 0 0 4 0 0
2040 12 2 2 0 0 0 6 0 0
2042 6 0 0 3 0 0 0 0 0
2049 12 0 0 3 0 0 0 0 0
2053 3 1 1 3 0 0 0 0 0
2054 3 0 0 0 0 0 3 0 0
2058 9 1 1 3 0 0 0 0 0
2059 3 0 0 0 0 0 0 0 0
2073 15 2 2 12 0 0 0 0 0
2074 21 2 2 6 0 0 0 0 0
2075 3 0 0 0 0 0 0 0 0
2084 6 1 1 0 0 0 0 0 0
2099 6 1 1 3 0 0 0 0 0
2100 48 1 1 6 0 0 12 0 0
2106 9 1 1 0 0 0 0 0 0
2107 3 0 0 0 0 0 0 0 0
2115 3 1 1 0 0 0 3 0 0
2129 6 0 0 3 0 0 0 0 0
2131 9 0 0 3 0 0 0 0 0
2135 9 1 1 0 0 0 3 0 0
2137 6 0 0 0 0 0 0 0 0
2141 6 0 0 0 0 0 0 0 0
2149 6 0 0 3 0 0 0 0 0
2172 27 1 1 0 0 0 6 0 0
2176 9 0 0 3 0 0 0 0 0
2177 3 0 0 0 0 0 3 0 0
2194 6 0 0 3 0 0 0 0 0
2200 1 0 0 0 0 0 1 0 0
2201 4 0 0 0 0 0 1 0 0
2202 2 1 1 0 0 0 0 0 0
2203 2 0 0 0 0 0 0 0 0
2207 9 1 1 0 0 0 2 0 0
2210 3 0 0 1 0 0 0 0 0
2222 16 0 0 4 0 0 0 0 0
2267 8 0 0 4 0 0 4 0 0
2268 70 1 1 15 0 0 20 0 0
2270 85 1 1 67 0 0 0 0 0
fn=_dl_map_object_from_fd
944 56 3 2 0 0 0 40 2 2
959 16 0 0 4 0 0 4 0 0
989 70 1 1 22 0 0 0 0 0
990 28 1 1 14 0 0 0 0 0
1008 8 1 1 4 0 0 0 0 0
1036 16 1 1 4 0 0 4 0 0
1046 8 0 0 4 0 0 0 0 0
1053 32 1 1 20 0 0 4 0 0
1054 8 0 0 0 0 0 0 0 0
1065 8 0 0 4 0 0 4 4 4
1066 12 0 0 4 0 0 4 0 0
1067 8 0 0 4 0 0 4 0 0
1069 12 0 0 0 0 0 0 0 0
1070 16 1 1 8 0 0 0 0 0
1071 6 0 0 0 0 0 3 0 0
1074 17 2 2 1 0 0 1 0 0
1075 6 0 0 1 0 0 1 1 1
1086 4 0 0 0 0 0 4 0 0
1088 4 0 0 0 0 0 4 0 0
1090 88 2 2 8 0 0 4 0 0
1091 4 0 0 0 0 0 0 0 0
1092 4 0 0 0 0 0 4 0 0
1093 4 0 0 0 0 0 4 0 0
1094 4 0 0 0 0 0 0 0 0
1100 168 0 0 8 0 0 0 0 0
1101 408 3 3 48 12 12 0 0 0
1107 8 1 1 4 1 1 0 0 0
1114 10 0 0 6 0 0 4 0 0
1115 12 0 0 4 1 1 4 0 0
1116 40 1 1 8 0 0 4 0 0
1121 2 0 0 1 0 0 1 0 0
1122 1 0 0 0 0 0 0 0 0
1127 124 0 0 52 4 4 4 0 0
1135 80 1 1 16 0 0 0 0 0
1136 104 1 1 0 0 0 16 3 3
1137 80 1 1 16 2 2 16 0 0
1138 16 0 0 0 0 0 16 0 0
1139 32 0 0 16 0 0 16 0 0
1141 112 0 0 16 0 0 0 0 0
1143 32 0 0 0 0 0 16 5 5
1156 32 0 0 0 0 0 0 0 0
1157 60 0 0 24 0 0 12 0 0
1162 16 0 0 0 0 0 0 0 0
1163 164 0 0 32 0 0 32 2 2
1176 6 1 1 2 1 1 0 0 0
1180 8 0 0 0 0 0 2 2 2
1181 2 0 0 2 0 0 0 0 0
1185 10 0 0 0 0 0 2 1 1
1186 4 1 1 2 0 0 2 0 0
1189 2 0 0 0 0 0 2 1 1
1194 8 0 0 2 0 0 0 0 0
1209 8 1 1 4 0 0 4 0 0
1210 4 0 0 0 0 0 0 0 0
1213 12 0 0 8 2 2 4 2 2
1218 28 1 1 20 0 0 0 0 0
1228 76 1 1 0 0 0 0 0 0
1229 32 0 0 0 0 0 16 0 0
1235 8 0 0 0 0 0 0 0 0
1245 16 0 0 8 0 0 0 0 0
1252 28 1 1 12 0 0 4 0 0
1264 4 1 1 0 0 0 0 0 0
1268 16 1 1 8 0 0 0 0 0
1269 12 0 0 4 0 0 4 0 0
1275 10 1 1 1 0 0 0 0 0
1276 8 1 1 0 0 0 0 0 0
1278 8 0 0 0 0 0 0 0 0
1288 12 0 0 4 0 0 0 0 0
1307 12 0 0 4 0 0 4 0 0
1309 24 1 1 8 0 0 0 0 0
1361 12 0 0 4 2 2 0 0 0
1362 4 0 0 2 0 0 2 0 0
1368 136 1 1 12 0 0 0 0 0
1369 224 1 1 48 40 40 0 0 0
1375 64 0 0 0 0 0 4 0 0
1380 16 1 1 4 0 0 4 0 0
1393 8 1 1 4 0 0 0 0 0
1395 16 0 0 8 0 0 4 0 0
1397 8 0 0 4 0 0 0 0 0
1413 8 0 0 0 0 0 4 0 0
1417 8 0 0 4 0 0 0 0 0
1418 8 1 1 4 0 0 0 0 0
1435 8 0 0 4 0 0 0 0 0
1436 1 0 0 0 0 0 1 0 0
1439 8 0 0 4 0 0 4 0 0
1444 8 0 0 4 0 0 0 0 0
1449 8 0 0 4 0 0 0 0 0
1461 32 1 1 12 0 0 0 0 0
1462 12 1 1 4 0 0 0 0 0
1463 27 0 0 9 0 0 3 0 0
1464 9 0 0 3 0 0 0 0 0
1465 5 0 0 1 0 0 1 0 0
1471 8 0 0 4 0 0 0 0 0
1472 8 0 0 2 0 0 0 0 0
1477 4 0 0 0 0 0 2 0 0
1484 12 1 1 4 0 0 4 0 0
1487 8 0 0 4 0 0 0 0 0
1491 12 0 0 4 0 0 4 0 0
1492 12 0 0 4 0 0 0 0 0
1510 8 1 1 0 0 0 0 0 0
1514 28 1 1 12 0 0 0 0 0
1515 16 1 1 4 0 0 4 0 0
1519 36 1 1 28 0 0 0 0 0
fn=_dl_process_pt_gnu_property
868 12 1 1 0 0 0 0 0 0
869 8 0 0 8 0 0 0 0 0
870 4 0 0 4 0 0 0 0 0
876 8 0 0 4 0 0 0 0 0
882 20 0 0 0 0 0 0 0 0
885 12 1 1 4 4 4 0 0 0
886 8 0 0 4 0 0 0 0 0
887 8 0 0 4 0 0 0 0 0
890 12 0 0 4 0 0 0 0 0
891 12 1 1 0 0 0 0 0 0
895 4 0 0 0 0 0 0 0 0
896 8 0 0 0 0 0 0 0 0
900 12 1 1 6 0 0 0 0 0
901 6 0 0 6 0 0 0 0 0
904 12 0 0 0 0 0 0 0 0
907 6 0 0 0 0 0 0 0 0
908 24 0 0 0 0 0 0 0 0
918 12 0 0 0 0 0 0 0 0
920 16 0 0 0 0 0 0 0 0
fn=expand_dynamic_string_token
241 6 0 0 0 0 0 2 0 0
244 4 0 0 0 0 0 0 0 0
385 20 1 1 0 0 0 12 0 0
399 4 0 0 0 0 0 0 0 0
410 14 1 1 12 0 0 0 0 0
fn=fillin_rpath.isra.0
468 17 2 2 0 0 0 12 0 0
472 1 0 0 0 0 0 0 0 0
474 12 1 1 4 0 0 2 0 0
481 2 0 0 1 0 0 0 0 0
483 6 0 0 1 0 0 2 0 0
487 2 0 0 0 0 0 0 0 0
492 3 0 0 0 0 0 1 0 0
493 2 0 0 0 0 0 0 0 0
500 5 1 1 1 0 0 0 0 0
505 2 1 1 0 0 0 1 0 0
509 15 0 0 5 0 0 0 0 0
510 8 1 1 4 0 0 0 0 0
528 4 1 1 1 0 0 1 0 0
532 4 0 0 2 0 0 0 0 0
534 2 1 1 0 0 0 0 0 0
538 1 0 0 0 0 0 1 0 0
539 2 0 0 1 0 0 0 0 0
540 4 0 0 0 0 0 2 0 0
541 1 0 0 0 0 0 1 0 0
543 2 0 0 1 0 0 0 0 0
549 4 0 0 1 0 0 0 0 0
550 14 1 1 1 0 0 0 0 0
551 3 1 1 0 0 0 2 0 0
553 2 0 0 1 0 0 1 0 0
554 3 1 1 1 0 0 0 0 0
555 1 0 0 0 0 0 1 0 0
561 2 0 0 1 0 0 1 0 0
562 1 0 0 0 0 0 1 0 0
565 3 0 0 0 0 0 1 0 0
571 1 0 0 0 0 0 1 0 0
574 8 0 0 7 0 0 0 0 0
fn=open_path
1812 33 2 2 0 0 0 27 3 3
1813 6 0 0 3 0 0 3 0 0
1816 3 0 0 0 0 0 3 0 0
1817 3 0 0 0 0 0 3 0 0
1819 6 0 0 0 0 0 0 0 0
1822 6 0 0 0 0 0 0 0 0
1824 66 2 2 9 1 1 6 0 0
1827 6 0 0 6 0 0 0 0 0
1831 3 0 0 0 0 0 0 0 0
1835 18 0 0 3 0 0 3 0 0
1842 18 1 1 9 0 0 6 1 1
1843 57 1 1 15 0 0 6 0 0
1846 12 0 0 6 0 0 0 0 0
1851 44 1 1 24 0 0 8 0 0
1854 8 0 0 0 0 0 0 0 0
1860 12 0 0 4 0 0 0 0 0
1863 32 1 1 12 0 0 4 0 0
1865 12 0 0 4 0 0 0 0 0
1867 4 0 0 0 0 0 0 0 0
1872 4 1 1 0 0 0 0 0 0
1873 14 0 0 6 0 0 0 0 0
1879 6 1 1 2 0 0 2 0 0
1881 18 0 0 2 0 0 5 0 0
1882 2 0 0 1 0 0 0 0 0
1884 2 0 0 0 0 0 0 0 0
1891 29 3 3 6 0 0 9 0 0
1893 9 0 0 3 0 0 0 0 0
1937 24 1 1 6 0 0 3 1 1
1941 3 0 0 3 0 0 0 0 0
1943 12 0 0 9 0 0 0 0 0
1946 9 0 0 6 0 0 0 0 0
1960 27 1 1 21 0 0 0 0 0
fn=open_verify.constprop.0
1572 96 1 1 0 0 0 64 1 1
1604 24 0 0 8 0 0 0 0 0
1609 8 1 1 0 0 0 0 0 0
1623 40 0 0 0 0 0 8 2 2
1625 16 1 1 0 0 0 0 0 0
1633 4 0 0 0 0 0 4 0 0
1634 12 0 0 0 0 0 4 1 1
1639 24 0 0 0 0 0 4 0 0
1641 8 1 1 0 0 0 0 0 0
1643 8 0 0 4 0 0 4 0 0
1645 8 0 0 0 0 0 0 0 0
1651 8 0 0 0 0 0 0 0 0
1668 58 4 4 18 1 1 0 0 0
1749 8 0 0 4 0 0 0 0 0
1754 8 1 1 4 0 0 0 0 0
1760 16 0 0 4 0 0 0 0 0
1766 8 0 0 4 0 0 0 0 0
1772 16 0 0 4 1 1 0 0 0
1773 16 1 1 4 0 0 0 0 0
1777 16 3 3 1 0 0 0 0 0
1778 5 0 0 0 0 0 1 0 0
1799 72 0 0 56 0 0 0 0 0
fl=./elf/./elf/dl-lookup-direct.c
fn=_dl_lookup_direct
32 15 0 0 9 0 0 0 0 0
33 9 1 1 0 0 0 0 0 0
35 6 0 0 3 3 3 0 0 0
36 6 0 0 3 0 0 0 0 0
48 9 0 0 3 0 0 3 0 0
51 6 0 0 6 0 0 0 0 0
53 21 1 1 6 0 0 6 0 0
57 9 0 0 9 1 0 0 0 0
58 21 0 0 9 1 0 0 0 0
59 15 0 0 6 0 0 3 0 0
74 39 2 2 0 0 0 27 0 0
76 6 0 0 3 0 0 0 0 0
78 21 0 0 9 1 0 0 0 0
79 6 0 0 0 0 0 0 0 0
81 12 1 1 3 0 0 3 0 0
84 25 0 0 5 3 1 0 0 0
86 12 0 0 3 0 0 0 0 0
93 6 2 2 0 0 0 0 0 0
115 3 0 0 0 0 0 0 0 0
116 27 0 0 21 0 0 0 0 0
fl=./elf/./elf/dl-lookup.c
fn=_dl_lookup_symbol_x
772 2587 2 2 0 0 0 1791 3 1
774 398 0 0 0 0 0 199 0 0
775 796 0 0 0 0 0 199 0 0
778 199 0 0 199 1 0 0 0 0
782 766 0 0 184 0 0 0 0 0
785 398 1 1 199 0 0 0 0 0
787 398 0 0 398 5 0 0 0 0
791 2851 0 0 13 0 0 597 0 0
792 3383 2 2 1393 0 0 1393 4 2
797 995 0 0 398 0 0 0 0 0
799 78 1 1 13 0 0 0 0 0
816 199 0 0 0 0 0 199 0 0
817 39 1 1 0 0 0 0 0 0
820 398 0 0 199 0 0 0 0 0
821 1286 0 0 182 0 0 0 0 0
828 238 1 1 186 0 0 0 0 0
856 744 1 1 186 0 0 0 0 0
870 558 0 0 186 7 1 0 0 0
871 2 1 1 0 0 0 1 0 0
873 372 0 0 186 0 0 0 0 0
890 744 0 0 186 0 0 0 0 0
892 1791 1 1 1393 0 0 0 0 0
fn=check_match
70 2895 1 1 386 114 97 1158 0 0
73 1544 1 1 386 24 23 0 0 0
78 14 0 0 0 0 0 0 0 0
86 965 0 0 0 0 0 0 0 0
89 1136 0 0 250 0 0 125 1 0
93 193 1 1 193 3 0 0 0 0
94 386 0 0 0 0 0 0 0 0
96 382 0 0 0 0 0 0 0 0
115 382 0 0 382 75 31 0 0 0
116 1528 1 1 573 20 0 0 0 0
117 920 2 2 368 4 0 184 1 1
118 14 0 0 7 0 0 0 0 0
119 14 0 0 0 0 0 0 0 0
144 4 0 0 0 0 0 0 0 0
146 12 0 0 4 1 1 0 0 0
147 8 0 0 0 0 0 0 0 0
161 186 0 0 0 0 0 0 0 0
162 1544 0 0 1351 0 0 0 0 0
fn=do_lookup_x
347 2786 2 2 398 0 0 1990 4 2
348 199 0 0 199 1 0 0 0 0
353 199 0 0 0 0 0 0 0 0
354 199 0 0 199 0 0 0 0 0
358 1990 1 1 1990 9 0 0 0 0
361 1990 0 0 0 0 0 0 0 0
365 2388 0 0 199 0 0 0 0 0
386 1990 1 1 995 6 0 0 0 0
390 1990 0 0 995 1 0 0 0 0
396 2985 0 0 995 6 0 0 0 0
400 995 0 0 0 0 0 995 0 0
401 995 0 0 0 0 0 995 0 0
404 4975 0 0 2985 17 0 0 0 0
405 2985 1 1 1990 3 0 0 0 0
408 995 0 0 995 0 0 0 0 0
409 1990 0 0 0 0 0 0 0 0
411 995 0 0 995 159 79 0 0 0
412 597 0 0 0 0 0 199 0 0
413 1990 0 0 1990 0 0 0 0 0
415 1393 1 1 199 0 0 398 0 0
416 3980 0 0 1990 0 0 0 0 0
419 6965 0 0 995 0 0 0 0 0
422 400 0 0 400 131 82 0 0 0
423 600 1 1 200 0 0 0 0 0
424 400 0 0 0 0 0 0 0 0
426 386 0 0 193 0 0 0 0 0
429 2170 1 1 434 165 127 0 0 0
431 579 0 0 193 0 0 0 0 0
432 4825 2 2 1351 0 0 2509 7 2
433 386 0 0 0 0 0 0 0 0
436 579 0 0 0 0 0 0 0 0
439 758 0 0 7 0 0 0 0 0
461 1488 1 1 1116 0 0 0 0 0
470 56 2 2 49 0 0 0 0 0
476 372 1 1 0 0 0 0 0 0
483 1332 0 0 186 0 0 0 0 0
487 117 1 1 39 1 0 0 0 0
499 372 0 0 186 0 0 186 0 0
500 186 0 0 0 0 0 186 0 0
501 186 0 0 0 0 0 0 0 0
518 2427 0 0 0 0 0 0 0 0
521 13 0 0 0 0 0 0 0 0
522 1592 1 1 1393 0 0 0 0 0
fl=./elf/./elf/dl-minimal-malloc.c
fn=__minimal_calloc
80 60 1 1 0 0 0 0 0 0
84 12 0 0 0 0 0 0 0 0
87 12 0 0 0 0 0 0 0 0
88 36 0 0 0 0 0 0 0 0
fn=__minimal_free
97 1 1 1 0 0 0 0 0 0
99 4 0 0 2 0 0 0 0 0
fn=__minimal_malloc
36 272 2 2 0 0 0 136 2 2
37 102 0 0 34 2 1 0 0 0
42 3 1 1 0 0 0 1 0 0
43 2 1 1 1 0 0 0 0 0
44 2 0 0 0 0 0 0 0 0
48 135 0 0 33 0 0 34 0 0
51 230 0 0 0 0 0 0 0 0
56 8 0 0 2 0 0 0 0 0
57 8 0 0 0 0 0 0 0 0
59 2 1 1 0 0 0 0 0 0
60 16 0 0 0 0 0 2 0 0
62 4 0 0 0 0 0 0 0 0
64 8 0 0 0 0 0 2 0 0
65 6 0 0 2 0 0 0 0 0
67 6 0 0 0 0 0 2 0 0
70 34 1 1 0 0 0 34 0 0
71 36 0 0 0 0 0 34 0 0
73 204 0 0 170 0 0 0 0 0
fl=./elf/./elf/dl-minimal.c
fn=__rtld_malloc_init_real
76 10 1 1 0 0 0 6 0 0
86 2 1 1 0 0 0 1 0 0
87 1 0 0 0 0 0 1 0 0
89 1 0 0 0 0 0 1 0 0
91 6 1 1 0 0 0 1 0 0
92 5 0 0 0 0 0 1 0 0
93 5 0 0 0 0 0 1 0 0
94 4 1 1 0 0 0 1 0 0
99 1 0 0 0 0 0 1 0 0
100 1 0 0 0 0 0 1 0 0
101 1 0 0 0 0 0 1 0 0
102 1 0 0 0 0 0 1 0 0
103 8 0 0 7 0 0 0 0 0
fn=__rtld_malloc_init_stubs
42 1 1 1 0 0 0 0 0 0
43 2 1 1 0 0 0 1 1 1
44 2 0 0 0 0 0 1 0 0
45 2 0 0 0 0 0 1 0 0
46 2 0 0 0 0 0 1 0 0
47 1 0 0 1 0 0 0 0 0
fn=lookup_malloc_symbol
61 36 1 1 0 0 0 16 0 0
63 4 0 0 0 0 0 4 0 0
64 28 0 0 4 0 0 12 0 0
68 28 1 1 16 0 0 0 0 0
69 28 0 0 12 0 0 0 0 0
71 4 0 0 0 0 0 4 0 0
72 24 0 0 20 0 0 0 0 0
fn=strsep
239 2 1 1 0 0 0 0 0 0
242 4 0 0 2 1 1 0 0 0
244 2 0 0 2 0 0 0 0 0
245 4 0 0 0 0 0 0 0 0
247 2 0 0 0 0 0 0 0 0
249 47 1 1 15 0 0 0 0 0
251 28 0 0 0 0 0 0 0 0
254 56 0 0 28 0 0 0 0 0
256 84 0 0 28 0 0 0 0 0
264 14 0 0 0 0 0 0 0 0
267 1 0 0 0 0 0 1 0 0
271 4 0 0 2 0 0 0 0 0
fl=./elf/./elf/dl-misc.c
fn=_dl_name_match_p
68 504 1 1 0 0 0 216 1 1
69 288 0 0 72 0 0 72 1 1
70 13 0 0 0 0 0 0 0 0
72 72 0 0 72 0 0 0 0 0
74 286 0 0 0 0 0 0 0 0
75 420 1 1 84 0 0 84 0 0
80 71 0 0 71 0 0 0 0 0
82 59 0 0 0 0 0 0 0 0
83 288 0 0 288 0 0 0 0 0
fn=_dl_sysdep_read_whole_file
36 11 1 1 0 0 0 5 0 0
39 3 0 0 0 0 0 1 0 0
40 2 1 1 0 0 0 0 0 0
42 6 0 0 0 0 0 1 0 0
44 2 0 0 1 0 0 1 0 0
47 2 1 1 0 0 0 0 0 0
49 8 0 0 0 0 0 1 0 0
60 3 0 0 0 0 0 1 0 0
63 8 0 0 6 0 0 0 0 0
fl=./elf/./elf/dl-object.c
fn=_dl_add_to_namespace_list
31 45 1 1 0 0 0 20 0 0
33 15 0 0 5 0 0 5 0 0
35 44 1 1 5 0 0 0 0 0
38 56 0 0 14 0 0 0 0 0
40 4 0 0 0 0 0 4 0 0
42 4 0 0 0 0 0 4 0 0
45 2 1 1 0 0 0 1 0 0
46 15 0 0 5 0 0 0 0 0
47 10 0 0 5 0 0 5 0 0
48 10 0 0 0 0 0 5 0 0
50 10 0 0 5 0 0 0 0 0
51 25 0 0 20 0 0 0 0 0
fn=_dl_new_object
59 75 1 1 0 0 0 50 3 3
62 10 0 0 0 0 0 0 0 0
64 2 1 1 0 0 0 0 0 0
66 3 1 1 1 0 0 0 0 0
67 2 0 0 0 0 0 0 0 0
71 6 0 0 0 0 0 2 0 0
77 2 1 1 0 0 0 0 0 0
80 8 0 0 4 0 0 0 0 0
83 21 1 1 0 0 0 13 0 0
87 8 0 0 0 0 0 0 0 0
92 4 0 0 0 0 0 0 0 0
95 10 0 0 0 0 0 0 0 0
98 5 0 0 0 0 0 5 3 3
99 5 0 0 0 0 0 5 5 5
100 10 0 0 5 0 0 0 0 0
103 10 0 0 0 0 0 5 2 2
104 35 1 1 15 0 0 15 0 0
106 5 1 1 0 0 0 5 0 0
119 23 0 0 14 0 0 0 0 0
123 4 0 0 0 0 0 0 0 0
125 1 0 0 0 0 0 0 0 0
127 35 0 0 10 5 5 10 0 0
130 10 0 0 5 0 0 0 0 0
131 10 1 1 0 0 0 5 5 5
132 5 1 1 0 0 0 5 0 0
136 5 0 0 0 0 0 5 0 0
139 38 0 0 0 0 0 0 0 0
141 20 1 1 0 0 0 16 4 4
149 10 1 1 0 0 0 5 0 0
150 5 0 0 0 0 0 5 5 5
153 1 0 0 0 0 0 0 0 0
155 30 0 0 5 1 1 0 0 0
157 16 0 0 0 0 0 4 4 4
160 12 1 1 0 0 0 0 0 0
164 16 0 0 4 0 0 0 0 0
168 28 2 1 4 0 0 0 0 0
176 1 1 1 0 0 0 1 0 0
179 10 0 0 0 0 0 5 0 0
189 20 0 0 10 0 0 0 0 0
191 16 0 0 0 0 0 8 0 0
195 12 0 0 0 0 0 0 0 0
199 8 0 0 0 0 0 0 0 0
200 8 0 0 0 0 0 0 0 0
208 4 0 0 0 0 0 0 0 0
212 4 1 1 0 0 0 0 0 0
245 16 0 0 8 0 0 4 0 0
250 136 0 0 0 0 0 0 0 0
251 136 0 0 68 0 0 0 0 0
255 8 0 0 0 0 0 0 0 0
256 4 0 0 0 0 0 4 0 0
259 4 0 0 0 0 0 4 0 0
263 45 1 1 35 0 0 0 0 0
fl=./elf/./elf/dl-reloc.c
fn=_dl_relocate_object
170 1144 1 1 286 122 114 0 0 0
171 404 1 1 0 0 0 0 0 0
174 2153 1 1 202 5 0 0 0 0
175 84 2 2 7 0 0 0 0 0
177 7 0 0 7 0 0 0 0 0
178 28 1 1 7 0 0 7 0 0
182 390 0 0 0 0 0 0 0 0
183 195 0 0 0 0 0 195 0 0
184 195 0 0 0 0 0 195 0 0
186 1566 2 2 780 2 0 6 0 0
187 945 1 1 189 19 0 189 0 0
188 378 0 0 0 0 0 0 0 0
190 1448 2 2 390 0 0 623 2 0
193 195 0 0 195 0 0 0 0 0
194 1365 1 1 585 0 0 195 1 0
196 7 1 1 7 0 0 0 0 0
207 77 1 1 0 0 0 56 1 0
208 14 0 0 7 0 0 0 0 0
220 12 0 0 0 0 0 0 0 0
221 18 0 0 0 0 0 6 0 0
224 24 1 1 0 0 0 6 0 0
226 18 0 0 0 0 0 0 0 0
228 6 0 0 6 0 0 0 0 0
229 18 0 0 6 0 0 0 0 0
251 30 2 2 12 0 0 0 0 0
252 12 1 1 6 5 0 0 0 0
253 3 0 0 0 0 0 0 0 0
255 12 0 0 0 0 0 0 0 0
262 18 1 1 6 1 0 0 0 0
301 10213 9 9 1203 229 202 42 0 0
304 30 0 0 12 0 0 0 0 0
328 6 0 0 6 0 0 0 0 0
331 12 0 0 0 0 0 0 0 0
348 18 0 0 6 4 0 0 0 0
350 56 0 0 49 2 0 0 0 0
356 36 1 1 18 0 0 0 0 0
359 12 0 0 0 0 0 0 0 0
363 12 1 1 0 0 0 0 0 0
364 36 0 0 0 0 0 6 0 0
fl=./elf/./elf/dl-setup_hash.c
fn=_dl_setup_hash
25 12 1 1 0 0 0 0 0 0
28 18 1 1 6 0 0 0 0 0
31 18 0 0 12 0 0 0 0 0
32 12 0 0 6 5 5 6 1 1
33 6 0 0 6 0 0 0 0 0
34 6 0 0 6 0 0 0 0 0
36 18 0 0 0 0 0 0 0 0
37 6 0 0 0 0 0 6 0 0
38 18 1 1 6 0 0 6 0 0
40 6 0 0 0 0 0 6 0 0
41 12 0 0 0 0 0 0 0 0
43 6 0 0 0 0 0 6 0 0
45 18 0 0 0 0 0 6 0 0
50 6 0 0 6 0 0 0 0 0
fl=./elf/./elf/dl-sort-maps.c
fn=_dl_sort_maps
140 60 0 0 12 0 0 12 0 0
181 2 0 0 0 0 0 2 0 0
182 4 0 0 2 0 0 0 0 0
183 46 0 0 0 0 0 0 0 0
184 24 2 1 24 0 0 0 0 0
211 34 4 2 2 0 0 0 0 0
216 4 0 0 0 0 0 2 0 0
218 2 0 0 0 0 0 2 0 0
219 10 0 0 0 0 0 0 0 0
221 38 2 1 0 0 0 0 0 0
223 12 0 0 12 0 0 0 0 0
226 36 0 0 12 0 0 0 0 0
244 8 2 1 2 0 0 0 0 0
263 8 2 1 0 0 0 2 0 0
276 8 2 1 2 0 0 0 0 0
283 2 2 1 0 0 0 0 0 0
298 26 1 0 0 0 0 14 0 0
306 6 2 1 2 1 0 0 0 0
310 18 4 2 14 0 0 0 0 0
fn=_dl_sort_maps_init
289 4 2 2 0 0 0 1 0 0
290 4 0 0 0 0 0 1 0 0
291 1 0 0 0 0 0 1 0 0
292 3 0 0 1 0 0 0 0 0
293 2 0 0 2 0 0 0 0 0
fn=dfs_traversal.part.0
135 108 2 1 0 0 0 60 0 0
140 48 0 0 24 0 0 0 0 0
143 12 0 0 12 0 0 0 0 0
145 36 0 0 12 2 0 0 0 0
147 132 0 0 33 5 0 0 0 0
156 42 3 2 6 0 0 0 0 0
171 36 0 0 12 0 0 12 0 0
172 12 0 0 0 0 0 12 0 0
173 72 0 0 72 0 0 0 0 0
fl=./elf/./elf/dl-tunables.c
fn=__GI___tunable_set_val
72 50 1 1 5 0 0 0 0 0
82 5 0 0 5 0 0 0 0 0
93 40 1 1 10 0 0 0 0 0
94 25 0 0 10 0 0 0 0 0
97 10 0 0 0 0 0 0 0 0
100 35 0 0 0 0 0 0 0 0
104 10 0 0 0 0 0 0 0 0
111 10 0 0 0 0 0 0 0 0
112 10 0 0 0 0 0 0 0 0
115 25 1 1 0 0 0 5 0 0
116 5 0 0 0 0 0 5 0 0
117 5 0 0 0 0 0 5 0 0
118 5 0 0 0 0 0 5 0 0
153 30 1 1 0 0 0 10 0 0
157 15 0 0 15 0 0 0 0 0
fn=__GI___tunables_init
42 390 1 1 78 0 0 0 0 0
45 77 0 0 0 0 0 0 0 0
48 8148 0 0 1164 42 42 0 0 0
52 154 0 0 0 0 0 0 0 0
56 308 1 1 0 0 0 0 0 0
128 1 0 0 0 0 0 0 0 0
261 10 2 2 0 0 0 6 0 0
267 4 0 0 1 0 0 0 0 0
281 12628 0 0 0 0 0 0 0 0
283 2 0 0 0 0 0 0 0 0
287 22869 1 1 6314 41 41 0 0 0
304 8 1 1 7 0 0 0 0 0
fn=__tunable_get_val
387 78 2 1 0 0 0 0 0 0
390 462 2 1 39 36 31 0 0 0
399 51 0 0 36 15 0 15 0 0
400 15 0 0 0 0 0 0 0 0
409 30 1 1 0 0 0 24 0 0
416 234 0 0 39 4 0 0 0 0
418 39 0 0 39 0 0 0 0 0
fl=./elf/./elf/dl-tunables.h
fn=__GI___tunable_set_val
141 10 0 0 0 0 0 0 0 0
142 10 1 1 0 0 0 0 0 0
151 5 0 0 0 0 0 0 0 0
fn=__GI___tunables_init
160 1438 1 1 967 1 1 0 0 0
161 3573 0 0 0 0 0 0 0 0
fl=./elf/./elf/dl-version.c
fn=_dl_check_all_versions
392 7 1 1 0 0 0 5 0 0
394 1 0 0 0 0 0 0 0 0
396 23 0 0 6 0 0 0 0 0
397 6 0 0 0 0 0 0 0 0
398 54 1 1 6 0 0 6 0 0
401 7 0 0 6 0 0 0 0 0
fn=_dl_check_map_versions
36 128 0 0 16 0 0 0 0 0
37 32 0 0 32 0 0 0 0 0
38 208 1 1 0 0 0 40 0 0
56 132 0 0 99 0 0 0 0 0
64 99 0 0 33 0 0 0 0 0
70 99 1 1 33 1 0 0 0 0
86 33 0 0 33 1 0 0 0 0
87 66 0 0 0 0 0 0 0 0
89 33 0 0 33 0 0 0 0 0
94 1287 0 0 561 19 19 99 0 0
108 1122 0 0 561 9 9 0 0 0
110 33 1 1 33 4 4 0 0 0
113 264 1 1 99 2 2 66 0 0
120 1584 1 1 528 5 5 0 0 0
124 528 0 0 0 0 0 0 0 0
155 60 0 0 0 0 0 36 0 0
156 6 0 0 0 0 0 6 1 0
164 10 1 1 0 0 0 6 1 0
170 18 0 0 6 0 0 0 0 0
172 30 1 1 12 0 0 0 0 0
174 6 0 0 6 1 0 0 0 0
175 6 0 0 6 0 0 0 0 0
177 12 0 0 0 0 0 0 0 0
180 12 1 1 8 0 0 0 0 0
184 32 0 0 4 4 4 20 0 0
198 4 0 0 0 0 0 0 0 0
200 24 1 1 16 0 0 0 0 0
208 24 0 0 8 0 0 0 0 0
213 24 0 0 8 1 1 0 0 0
215 25 0 0 0 0 0 0 0 0
217 132 1 1 66 5 5 33 0 0
218 283 1 1 199 0 0 0 0 0
221 66 0 0 33 0 0 33 0 0
224 99 0 0 66 0 0 0 0 0
225 5 0 0 1 0 0 1 0 0
228 18 1 1 9 0 0 8 0 0
231 132 0 0 33 0 0 0 0 0
234 99 0 0 33 3 3 0 0 0
239 25 0 0 0 0 0 0 0 0
243 24 0 0 8 0 0 0 0 0
248 4 0 0 0 0 0 0 0 0
257 25 2 2 12 0 0 0 0 0
260 8 0 0 8 0 0 0 0 0
263 336 0 0 85 4 4 4 0 0
266 251 0 0 81 1 1 4 0 0
270 77 0 0 0 0 0 0 0 0
274 15 1 1 5 0 0 0 0 0
279 5 0 0 0 0 0 5 1 0
280 20 1 1 5 0 0 5 0 0
281 15 0 0 5 0 0 0 0 0
291 5 0 0 0 0 0 5 0 0
294 27 0 0 16 2 0 5 0 0
296 10 0 0 0 0 0 0 0 0
299 16 1 1 8 0 0 0 0 0
301 4 0 0 0 0 0 0 0 0
303 24 0 0 8 0 0 0 0 0
306 99 1 1 33 0 0 0 0 0
308 132 0 0 0 0 0 0 0 0
310 165 0 0 33 0 0 33 0 0
311 66 0 0 0 0 0 33 14 14
312 99 0 0 33 0 0 33 1 1
313 99 0 0 33 0 0 33 1 1
316 99 0 0 33 0 0 0 0 0
321 25 0 0 0 0 0 0 0 0
324 24 0 0 8 0 0 0 0 0
329 4 1 1 0 0 0 0 0 0
334 10 0 0 0 0 0 0 0 0
337 8 0 0 4 0 0 0 0 0
341 77 0 0 77 0 0 0 0 0
343 162 0 0 81 0 0 0 0 0
347 77 0 0 77 0 0 0 0 0
348 385 0 0 77 0 0 77 20 20
349 231 0 0 77 0 0 77 0 0
350 77 0 0 0 0 0 77 9 9
353 243 0 0 81 0 0 0 0 0
357 77 0 0 0 0 0 0 0 0
365 8 0 0 0 0 0 0 0 0
366 8 1 1 4 0 0 0 0 0
367 8 0 0 4 1 0 0 0 0
368 4 0 0 2 0 0 0 0 0
370 4 1 1 3 0 0 0 0 0
372 124 0 0 32 0 0 0 0 0
373 60 1 1 0 0 0 0 0 0
375 2 0 0 1 0 0 0 0 0
376 7 0 0 0 0 0 1 0 0
387 54 1 1 48 0 0 0 0 0
fl=./elf/./elf/do-rel.h
fn=_dl_relocate_object
49 36 1 1 12 2 0 0 0 0
50 36 0 0 12 0 0 12 0 0
51 6 0 0 6 1 0 0 0 0
53 60 0 0 24 1 0 0 0 0
72 6 0 0 0 0 0 0 0 0
73 7 1 1 0 0 0 6 0 0
80 36 0 0 12 0 0 0 0 0
83 179 1 1 0 0 0 1 0 0
85 228 1 1 57 22 22 0 0 0
96 6 0 0 1 0 0 0 0 0
97 2 0 0 0 0 0 0 0 0
114 33 1 1 0 0 0 0 0 0
123 3196 0 0 0 0 0 0 0 0
124 2114 0 0 1057 135 134 0 0 0
126 33 1 1 11 5 0 0 0 0
129 36 0 0 18 5 0 9 1 0
131 1167 1 1 304 1 0 0 0 0
133 1400 0 0 840 158 150 0 0 0
134 1120 0 0 280 0 0 280 0 0
135 840 0 0 560 1 0 280 0 0
136 1120 0 0 280 2 0 0 0 0
138 840 1 1 0 0 0 0 0 0
141 272 0 0 68 0 0 68 0 0
142 68 1 1 0 0 0 68 0 0
143 68 0 0 0 0 0 0 0 0
147 212 0 0 0 0 0 212 0 0
150 654 1 1 212 0 0 0 0 0
151 84 2 2 28 2 0 0 0 0
164 20 1 1 10 1 0 0 0 0
165 285 0 0 9 0 0 6 0 0
166 252 1 1 84 0 0 0 0 0
169 204 0 0 136 0 0 0 0 0
171 272 0 0 68 0 0 68 0 0
172 68 0 0 68 0 0 0 0 0
173 136 0 0 68 0 0 0 0 0
180 31 1 1 9 0 0 0 0 0
182 42 1 1 12 2 2 6 0 0
183 12 0 0 12 0 0 0 0 0
185 18 0 0 0 0 0 0 0 0
193 6 0 0 0 0 0 6 0 0
196 18 0 0 6 0 0 0 0 0
211 7 1 1 4 0 0 0 0 0
fn=_dl_start
49 6 0 0 2 0 0 0 0 0
50 4 0 0 2 0 0 0 0 0
51 1 0 0 1 0 0 0 0 0
53 10 1 1 4 0 0 0 0 0
56 4 0 0 0 0 0 0 0 0
61 13 1 1 0 0 0 0 0 0
63 9 1 1 3 1 1 0 0 0
64 6 0 0 0 0 0 0 0 0
65 3 0 0 3 0 0 0 0 0
fl=./elf/./elf/get-dynamic-info.h
fn=_dl_map_object_from_fd
39 8 0 0 0 0 0 0 0 0
43 4 0 0 0 0 0 0 0 0
45 448 0 0 113 31 31 0 0 0
49 218 0 0 0 0 0 0 0 0
51 60 1 1 0 0 0 0 0 0
52 30 0 0 0 0 0 0 0 0
53 6 0 0 0 0 0 0 0 0
54 100 1 1 0 0 0 0 0 0
55 84 0 0 0 0 0 0 0 0
56 20 1 1 0 0 0 0 0 0
59 16 1 1 0 0 0 0 0 0
62 16 0 0 0 0 0 0 0 0
64 16 0 0 0 0 0 0 0 0
68 109 0 0 0 0 0 109 25 25
72 16 0 0 4 0 0 0 0 0
84 14 1 1 6 0 0 0 0 0
85 16 0 0 8 0 0 0 0 0
86 16 0 0 8 0 0 0 0 0
87 16 0 0 8 0 0 0 0 0
88 14 0 0 6 2 2 0 0 0
89 15 1 1 7 1 1 0 0 0
90 15 0 0 7 1 1 0 0 0
91 16 0 0 8 0 0 0 0 0
103 32 1 1 8 0 0 4 0 0
110 13 0 0 4 0 0 0 0 0
115 6 0 0 3 0 0 0 0 0
122 6 0 0 3 0 0 0 0 0
123 12 1 1 8 0 0 0 0 0
129 12 0 0 4 0 0 0 0 0
130 6 0 0 4 0 0 0 0 0
147 12 0 0 4 0 0 0 0 0
152 4 0 0 2 0 0 2 0 0
154 4 0 0 0 0 0 0 0 0
156 4 0 0 0 0 0 0 0 0
158 4 0 0 0 0 0 0 0 0
159 4 0 0 0 0 0 2 0 0
162 12 1 1 4 0 0 0 0 0
164 9 1 1 3 0 0 3 0 0
165 6 0 0 0 0 0 0 0 0
174 6 0 0 3 0 0 0 0 0
175 9 1 1 0 0 0 0 0 0
180 6 0 0 0 0 0 0 0 0
181 6 0 0 2 0 0 2 0 0
184 8 0 0 4 0 0 0 0 0
fl=./elf/./elf/libc_early_init.c
fn=__libc_early_init
33 9 1 1 1 1 0 3 0 0
35 1 0 0 0 0 0 1 0 0
38 2 0 0 1 1 0 1 1 1
41 2 1 1 0 0 0 2 1 1
47 4 0 0 2 0 0 0 0 0
49 2 0 0 2 0 0 0 0 0
fl=./elf/./elf/rtld.c
fn=_dl_start
85 8 0 0 0 0 0 2 1 1
458 2 0 0 0 0 0 1 0 0
476 3 0 0 0 0 0 1 0 0
477 1 0 0 0 0 0 1 0 0
478 2 0 0 1 0 0 1 1 1
488 1 0 0 0 0 0 1 0 0
494 4 2 1 1 0 0 1 0 0
496 2 0 0 1 0 0 0 0 0
517 16 2 2 0 0 0 8 1 1
543 1 0 0 0 0 0 1 1 1
546 2 1 1 0 0 0 1 1 1
547 4 0 0 1 1 1 0 0 0
563 190 5 5 24 5 5 5 1 1
565 1 0 0 1 0 0 0 0 0
578 1 1 1 0 0 0 1 1 1
585 9 1 1 7 1 0 0 0 0
fn=dl_main
85 17 2 2 0 0 0 1 0 0
92 12 1 1 0 0 0 0 0 0
93 2 0 0 0 0 0 1 1 0
101 9 0 0 4 0 0 0 0 0
197 2 0 0 0 0 0 1 0 0
199 1 0 0 0 0 0 1 0 0
224 3 0 0 3 0 0 0 0 0
225 5 0 0 3 0 0 0 0 0
226 4 1 1 0 0 0 0 0 0
296 3 1 1 0 0 0 3 0 0
302 1 0 0 0 0 0 1 0 0
303 1 0 0 0 0 0 1 0 0
837 1 0 0 1 0 0 0 0 0
839 1 0 0 0 0 0 1 0 0
848 1 1 1 0 0 0 1 0 0
850 1 0 0 0 0 0 1 0 0
855 1 0 0 0 0 0 1 0 0
1115 1 0 0 1 0 0 0 0 0
1116 1 1 1 1 0 0 0 0 0
1118 1 0 0 0 0 0 1 0 0
1122 3 0 0 2 1 1 1 1 1
1124 1 0 0 1 0 0 0 0 0
1125 1 0 0 1 0 0 0 0 0
1140 1 0 0 0 0 0 0 0 0
1143 43 5 5 0 0 0 1 0 0
1144 110 1 1 21 5 5 0 0 0
1148 4 1 1 2 0 0 1 0 0
1153 3 0 0 2 0 0 1 0 0
1154 9 1 1 2 0 0 1 0 0
1163 2 0 0 0 0 0 1 0 0
1164 2 0 0 2 1 1 0 0 0
1166 1 0 0 0 0 0 1 0 0
1173 3 1 1 1 0 0 0 0 0
1191 2 0 0 0 0 0 1 0 0
1199 8 0 0 4 0 0 0 0 0
1200 17 0 0 5 1 1 0 0 0
1201 8 0 0 4 0 0 0 0 0
1202 1 0 0 0 0 0 1 0 0
1204 12 0 0 4 0 0 0 0 0
1205 14 0 0 0 0 0 0 0 0
1209 8 0 0 4 3 3 0 0 0
1210 8 0 0 4 0 0 0 0 0
1211 4 0 0 0 0 0 4 0 0
1215 12 0 0 0 0 0 0 0 0
1221 3 1 1 1 0 0 0 0 0
1227 4 0 0 0 0 0 1 1 1
1228 1 0 0 1 1 1 0 0 0
1233 4 0 0 0 0 0 0 0 0
1234 2 0 0 1 0 0 1 0 0
1235 1 0 0 0 0 0 1 0 0
1238 2 0 0 0 0 0 2 1 1
1243 2 1 1 1 0 0 1 0 0
1247 3 0 0 2 0 0 1 0 0
1253 26 0 0 1 0 0 0 0 0
1254 58 0 0 12 0 0 0 0 0
1260 12 0 0 0 0 0 0 0 0
1266 4 0 0 2 0 0 0 0 0
1268 3 1 1 2 0 0 1 0 0
1269 3 0 0 2 0 0 0 0 0
1271 3 0 0 1 0 0 0 0 0
1346 13 2 2 0 0 0 9 1 1
1351 1 0 0 0 0 0 0 0 0
1352 1 0 0 0 0 0 1 0 0
1357 1 0 0 0 0 0 1 1 1
1373 3 0 0 2 0 0 1 0 0
1374 4 1 1 2 0 0 0 0 0
1637 10 1 1 0 0 0 3 0 0
1639 2 0 0 0 0 0 0 0 0
1640 3 1 1 0 0 0 1 0 0
1641 2 0 0 1 0 0 1 0 0
1642 3 0 0 2 0 0 1 0 0
1646 2 0 0 0 0 0 1 0 0
1647 2 0 0 1 0 0 0 0 0
1672 3 1 1 1 0 0 0 0 0
1673 5 0 0 1 0 0 1 0 0
1674 3 0 0 2 0 0 0 0 0
1675 3 0 0 3 0 0 0 0 0
1678 1 0 0 0 0 0 1 0 0
1680 1 1 1 0 0 0 1 1 1
1681 1 0 0 0 0 0 1 0 0
1683 2 0 0 1 0 0 0 0 0
1684 2 0 0 0 0 0 1 0 0
1688 2 0 0 1 0 0 0 0 0
1690 2 1 1 0 0 0 0 0 0
1698 4 0 0 2 0 0 0 0 0
1705 2 1 1 1 0 0 1 0 0
1708 2 1 1 1 0 0 0 0 0
1733 4 1 1 1 0 0 1 0 0
1735 1 0 0 0 0 0 1 0 0
1740 2 0 0 1 0 0 0 0 0
1743 4 1 1 2 0 0 1 0 0
1744 4 0 0 1 0 0 1 0 0
1745 3 1 1 2 0 0 1 0 0
1746 1 0 0 0 0 0 1 0 0
1747 1 0 0 1 0 0 0 0 0
1748 1 0 0 1 0 0 0 0 0
1759 2 0 0 1 1 1 0 0 0
1760 2 0 0 1 0 0 0 0 0
1762 2 1 1 1 0 0 0 0 0
1764 1 0 0 0 0 0 1 0 0
1765 3 0 0 1 0 0 1 0 0
1770 5 1 1 0 0 0 0 0 0
1771 5 0 0 1 1 1 0 0 0
1773 3 2 2 2 1 1 1 1 1
1779 2 0 0 1 1 1 0 0 0
1788 2 1 1 1 0 0 0 0 0
1792 1 0 0 0 0 0 0 0 0
1793 2 0 0 1 0 0 0 0 0
1817 2 1 1 0 0 0 2 0 0
1823 1 0 0 0 0 0 1 0 0
1824 1 0 0 0 0 0 1 0 0
1825 1 0 0 0 0 0 0 0 0
1829 3 0 0 1 0 0 1 0 0
1834 3 1 1 2 0 0 0 0 0
1836 1 0 0 0 0 0 0 0 0
1838 2 0 0 1 0 0 0 0 0
1842 5 1 1 2 0 0 1 0 0
1847 2 0 0 1 0 0 0 0 0
1863 6 1 1 0 0 0 1 0 0
1939 4 0 0 2 0 0 0 0 0
1943 19 2 2 1 0 0 0 0 0
1944 1 0 0 0 0 0 0 0 0
1947 3 0 0 0 0 0 1 0 0
1948 1 1 1 1 0 0 0 0 0
1949 2 0 0 0 0 0 0 0 0
1950 2 0 0 0 0 0 0 0 0
1955 3 0 0 1 0 0 0 0 0
1965 9 1 1 2 0 0 1 0 0
1971 27 1 1 1 0 0 0 0 0
1972 16 0 0 13 0 0 0 0 0
1975 3 0 0 2 0 0 1 0 0
1976 2 1 1 0 0 0 0 0 0
1977 1 0 0 0 0 0 1 0 0
1979 22 0 0 1 0 0 0 0 0
1980 10 0 0 5 0 0 0 0 0
1984 2 1 1 0 0 0 0 0 0
1990 1 1 1 0 0 0 1 0 0
1992 3 0 0 1 0 0 1 0 0
1993 2 0 0 0 0 0 0 0 0
1995 2 0 0 0 0 0 1 0 0
1997 3 0 0 0 0 0 0 0 0
1999 3 1 1 1 0 0 0 0 0
2000 1 0 0 1 0 0 0 0 0
2001 2 0 0 0 0 0 0 0 0
2013 2 0 0 0 0 0 0 0 0
2014 2 0 0 1 0 0 1 0 0
2015 3 0 0 1 0 0 0 0 0
2026 5 0 0 1 0 0 1 0 0
2027 4 0 0 0 0 0 1 0 0
2028 5 1 1 0 0 0 1 0 0
2038 2 0 0 1 0 0 1 0 0
2039 2 0 0 1 0 0 0 0 0
2040 4 1 1 0 0 0 2 0 0
2042 2 0 0 0 0 0 0 0 0
2047 3 0 0 1 0 0 0 0 0
2246 3 0 0 1 0 0 1 0 0
2250 3 0 0 1 0 0 2 0 0
2256 2 1 1 1 0 0 1 0 0
2259 2 0 0 1 0 0 0 0 0
2267 2 0 0 2 0 0 0 0 0
2279 3 1 1 1 0 0 0 0 0
2282 3 0 0 1 0 0 1 0 0
2284 3 0 0 1 0 0 0 0 0
2285 6 0 0 1 0 0 1 0 0
2292 2 0 0 2 1 0 0 0 0
2293 27 0 0 3 2 0 1 0 0
2295 12 1 1 12 2 0 0 0 0
2300 12 0 0 12 6 0 0 0 0
2302 14 0 0 0 0 0 0 0 0
2304 1 1 1 0 0 0 1 1 0
2305 1 0 0 1 0 0 0 0 0
2308 6 0 0 6 0 0 0 0 0
2310 12 0 0 0 0 0 0 0 0
2311 40 0 0 10 5 0 5 0 0
2315 18 1 1 9 4 0 0 0 0
2316 9 0 0 0 0 0 3 0 0
2325 2 0 0 1 0 0 0 0 0
2329 4 0 0 2 1 0 0 0 0
2331 1 0 0 1 0 0 0 0 0
2338 4 1 1 1 0 0 1 0 0
2341 2 0 0 1 0 0 0 0 0
2345 3 1 1 2 1 0 0 0 0
2347 2 0 0 1 0 0 0 0 0
2357 1 1 1 0 0 0 1 0 0
2362 3 0 0 1 0 0 1 0 0
2365 1 0 0 0 0 0 1 0 0
2371 1 0 0 1 0 0 0 0 0
2372 5 1 1 2 0 0 1 0 0
2380 3 0 0 1 0 0 1 0 0
2387 1 0 0 0 0 0 1 0 0
2390 3 0 0 0 0 0 1 0 0
2394 3 0 0 0 0 0 1 0 0
2395 1 0 0 0 0 0 1 1 0
2396 1 0 0 0 0 0 1 0 0
2397 1 0 0 0 0 0 0 0 0
2401 1 0 0 0 0 0 1 0 0
2406 8 0 0 7 1 0 0 0 0
2538 1 0 0 1 0 0 0 0 0
2598 1 0 0 0 0 0 1 1 1
2600 2 0 0 0 0 0 0 0 0
2602 15 1 1 0 0 0 3 0 0
2604 2 0 0 0 0 0 0 0 0
2606 107 0 0 21 0 0 0 0 0
2607 19 0 0 0 0 0 0 0 0
2615 13 1 1 2 2 2 0 0 0
2640 2 1 1 1 0 0 0 0 0
2650 4 1 1 2 0 0 0 0 0
2652 2 0 0 0 0 0 1 0 0
2653 1 0 0 0 0 0 0 0 0
2687 5 2 2 2 0 0 0 0 0
2689 2 0 0 0 0 0 1 0 0
2690 2 0 0 0 0 0 1 0 0
2691 1 0 0 0 0 0 0 0 0
2727 5 0 0 1 0 0 0 0 0
2749 3 0 0 1 0 0 0 0 0
fn=handle_preload_list
183 3 0 0 1 0 0 0 0 0
806 1 0 0 0 0 0 1 1 1
810 2 0 0 0 0 0 1 0 0
811 2 0 0 1 0 0 1 0 0
812 1 0 0 0 0 0 1 0 0
814 1 0 0 1 0 0 0 0 0
816 6 1 1 0 0 0 1 0 0
817 3 0 0 1 0 0 0 0 0
825 3 0 0 1 0 0 0 0 0
869 13 2 2 1 1 1 8 1 1
870 3 0 0 0 0 0 0 0 0
874 5 0 0 2 0 0 0 0 0
877 4 1 1 0 0 0 1 0 0
878 3 0 0 0 0 0 0 0 0
880 4 1 1 0 0 0 1 0 0
881 2 0 0 0 0 0 1 0 0
887 1 0 0 0 0 0 0 0 0
889 2 0 0 1 0 0 0 0 0
891 2 1 1 1 0 0 0 0 0
892 1 0 0 0 0 0 0 0 0
895 9 0 0 7 0 0 0 0 0
fn=init_tls
734 4 1 1 0 0 0 3 0 0
736 2 0 0 1 0 0 1 0 0
740 3 0 0 1 1 0 0 0 0
746 2 0 0 0 0 0 1 1 1
749 1 0 0 0 0 0 1 0 0
750 1 0 0 0 0 0 0 0 0
751 1 0 0 0 0 0 0 0 0
755 1 0 0 0 0 0 0 0 0
757 1 0 0 0 0 0 1 0 0
761 2 1 1 1 1 1 0 0 0
762 2 0 0 0 0 0 0 0 0
763 16 0 0 1 0 0 0 0 0
764 6 1 1 6 0 0 0 0 0
765 12 1 1 6 2 0 0 0 0
769 9 0 0 0 0 0 3 0 0
771 3 0 0 0 0 0 0 0 0
773 3 0 0 1 0 0 0 0 0
776 2 0 0 0 0 0 1 0 0
779 1 0 0 0 0 0 1 0 0
786 2 1 1 0 0 0 1 0 0
787 2 0 0 0 0 0 0 0 0
793 2 0 0 1 0 0 1 0 0
797 1 0 0 0 0 0 1 0 0
800 5 0 0 4 0 0 0 0 0
fn=map_doit
641 6 1 1 0 0 0 2 0 0
643 4 0 0 1 0 0 0 0 0
644 6 0 0 2 0 0 2 0 0
646 3 0 0 3 0 0 0 0 0
fn=version_check_doit
674 6 2 2 0 0 0 2 0 0
676 6 0 0 2 0 0 1 0 0
680 3 0 0 3 0 0 0 0 0
fl=./elf/./get-dynamic-info.h
fn=_dl_start
45 75 0 0 19 5 5 0 0 0
49 36 0 0 0 0 0 0 0 0
51 10 0 0 0 0 0 0 0 0
52 5 1 1 0 0 0 0 0 0
54 20 0 0 0 0 0 0 0 0
55 16 0 0 0 0 0 0 0 0
56 5 0 0 0 0 0 0 0 0
59 4 1 1 0 0 0 0 0 0
62 4 1 1 0 0 0 0 0 0
64 4 0 0 0 0 0 0 0 0
68 18 0 0 0 0 0 18 7 7
72 3 0 0 0 0 0 0 0 0
84 4 0 0 2 0 0 0 0 0
85 3 0 0 1 0 0 0 0 0
86 4 1 1 2 0 0 0 0 0
87 4 0 0 2 0 0 0 0 0
88 5 0 0 2 0 0 0 0 0
89 3 1 1 1 0 0 0 0 0
90 4 0 0 2 0 0 0 0 0
91 4 0 0 2 0 0 0 0 0
103 10 2 2 2 0 0 1 0 0
110 3 0 0 1 1 1 0 0 0
123 3 2 2 2 0 0 0 0 0
129 3 0 0 1 0 0 0 0 0
130 3 0 0 2 0 0 0 0 0
133 2 0 0 1 0 0 0 0 0
134 3 0 0 1 0 0 0 0 0
139 5 1 1 2 0 0 0 0 0
142 5 0 0 2 0 0 0 0 0
fn=dl_main
39 4 0 0 2 0 0 0 0 0
43 1 0 0 0 0 0 0 0 0
45 115 0 0 29 8 8 0 0 0
49 56 1 1 0 0 0 0 0 0
51 12 0 0 0 0 0 0 0 0
52 6 0 0 0 0 0 0 0 0
54 25 0 0 0 0 0 0 0 0
55 21 0 0 0 0 0 0 0 0
56 5 1 1 0 0 0 0 0 0
59 4 0 0 0 0 0 0 0 0
62 4 1 1 0 0 0 0 0 0
64 4 0 0 0 0 0 0 0 0
68 28 0 0 0 0 0 28 8 8
72 7 1 1 4 0 0 0 0 0
84 3 0 0 1 0 0 0 0 0
85 5 1 1 3 0 0 0 0 0
86 5 0 0 3 0 0 0 0 0
87 5 0 0 3 0 0 0 0 0
88 4 0 0 2 0 0 0 0 0
89 5 1 1 3 0 0 0 0 0
90 5 0 0 3 0 0 0 0 0
91 5 1 1 3 0 0 0 0 0
103 9 0 0 3 0 0 1 0 0
110 3 0 0 1 0 0 0 0 0
115 2 1 1 1 0 0 0 0 0
122 3 0 0 2 0 0 0 0 0
123 4 1 1 3 0 0 0 0 0
129 3 0 0 1 0 0 0 0 0
147 4 0 0 2 0 0 0 0 0
152 2 1 1 1 0 0 1 1 1
154 2 0 0 0 0 0 0 0 0
156 2 0 0 0 0 0 0 0 0
158 2 0 0 0 0 0 0 0 0
159 2 0 0 1 0 0 1 0 0
162 4 1 1 2 0 0 0 0 0
164 3 0 0 1 0 0 1 0 0
165 2 0 0 0 0 0 0 0 0
174 2 0 0 1 0 0 0 0 0
175 3 1 1 0 0 0 0 0 0
180 2 0 0 0 0 0 0 0 0
181 3 1 1 2 0 0 1 0 0
184 3 0 0 2 0 0 0 0 0
fl=./elf/./setup-vdso.h
fn=dl_main
24 2 0 0 1 0 0 0 0 0
fl=./io/../sysdeps/unix/sysv/linux/access.c
fn=access
25 1 0 0 0 0 0 0 0 0
27 7 0 0 0 0 0 1 0 0
31 1 0 0 1 0 0 0 0 0
fl=./io/../sysdeps/unix/sysv/linux/close_nocancel.c
fn=__GI___close_nocancel
25 5 1 1 0 0 0 0 0 0
26 20 0 0 0 0 0 0 0 0
27 5 0 0 5 0 0 0 0 0
fn=__close_nocancel
25 1 1 1 0 0 0 0 0 0
26 4 0 0 0 0 0 0 0 0
27 1 0 0 1 0 0 0 0 0
fl=./io/../sysdeps/unix/sysv/linux/fstat64.c
fn=fstat
30 6 2 2 0 0 0 0 0 0
39 24 1 1 0 0 0 0 0 0
72 6 0 0 6 0 0 0 0 0
fl=./io/../sysdeps/unix/sysv/linux/fstatat64.c
fn=fstatat
91 4 0 0 0 0 0 0 0 0
146 4 0 0 0 0 0 0 0 0
160 2 1 1 0 0 0 1 0 0
161 7 0 0 1 0 0 0 0 0
162 1 0 0 1 0 0 0 0 0
fl=./io/../sysdeps/unix/sysv/linux/open64_nocancel.c
fn=__open_nocancel
28 44 2 2 1 0 0 21 1 1
31 70 0 0 0 0 0 0 0 0
39 82 2 2 0 0 0 4 0 0
41 23 0 0 22 0 0 0 0 0
fl=./io/../sysdeps/unix/sysv/linux/poll.c
fn=poll
27 1 1 1 0 0 0 0 0 0
29 6 0 0 1 0 0 0 0 0
43 1 0 0 1 0 0 0 0 0
fl=./io/../sysdeps/unix/sysv/linux/pread64_nocancel.c
fn=__pread64_nocancel
25 4 0 0 0 0 0 0 0 0
26 8 0 0 0 0 0 0 0 0
27 2 0 0 2 0 0 0 0 0
fl=./io/../sysdeps/unix/sysv/linux/read_nocancel.c
fn=__read_nocancel
25 10 2 2 0 0 0 0 0 0
26 40 0 0 0 0 0 0 0 0
27 10 1 1 10 0 0 0 0 0
fl=./io/../sysdeps/unix/sysv/linux/stat64.c
fn=stat
28 4 0 0 0 0 0 0 0 0
29 8 0 0 0 0 0 0 0 0
fl=./io/../sysdeps/unix/sysv/linux/write.c
fn=write
25 12 1 1 0 0 0 0 0 0
26 72 1 1 12 0 0 0 0 0
27 12 0 0 12 0 0 0 0 0
fl=./libio/../string/bits/string_fortified.h
fn=getdelim
29 224 0 0 0 0 0 112 0 0
fl=./libio/./libio/filedoalloc.c
fn=_IO_file_doallocate
78 11 1 1 1 0 0 5 0 0
84 9 0 0 3 1 0 1 0 0
86 4 0 0 1 0 0 0 0 0
97 4 1 1 1 0 0 0 0 0
101 3 0 0 0 0 0 1 0 0
102 2 0 0 0 0 0 0 0 0
104 4 0 0 0 0 0 1 0 0
105 1 0 0 0 0 0 0 0 0
106 9 1 1 7 0 0 0 0 0
fl=./libio/./libio/fileops.c
fn=_IO_file_close
1165 1 1 1 0 0 0 0 0 0
1168 2 0 0 1 0 0 0 0 0
fn=_IO_file_close_it@@GLIBC_2.2.5
128 7 2 2 0 0 0 4 0 0
130 3 0 0 1 0 0 0 0 0
133 2 0 0 0 0 0 0 0 0
134 3 0 0 1 0 0 0 0 0
137 1 0 0 0 0 0 0 0 0
139 2 0 0 0 0 0 1 0 0
142 7 0 0 3 0 0 1 0 0
145 3 0 0 1 0 0 0 0 0
153 5 1 1 0 0 0 1 0 0
154 4 1 1 0 0 0 3 0 0
157 2 0 0 0 0 0 1 0 0
158 1 0 0 0 0 0 1 0 0
159 1 0 0 0 0 0 1 0 0
160 1 0 0 0 0 0 1 0 0
162 2 0 0 0 0 0 0 0 0
163 7 0 0 5 0 0 0 0 0
fn=_IO_file_finish@@GLIBC_2.2.5
168 6 1 1 0 0 0 3 0 0
169 2 0 0 1 0 0 0 0 0
175 3 1 1 0 0 0 0 0 0
176 3 0 0 3 0 0 0 0 0
fn=_IO_file_fopen@@GLIBC_2.2.5
213 12 2 2 1 0 0 7 0 0
214 1 1 1 0 0 0 0 0 0
222 2 0 0 1 0 0 0 0 0
224 6 0 0 1 1 1 0 0 0
227 1 0 0 0 0 0 0 0 0
228 2 0 0 0 0 0 0 0 0
247 42 4 4 5 2 2 0 0 0
268 1 1 1 1 0 0 0 0 0
269 1 0 0 0 0 0 0 0 0
271 1 0 0 0 0 0 0 0 0
272 4 1 1 1 0 0 0 0 0
281 5 1 1 0 0 0 1 0 0
284 2 0 0 0 0 0 0 0 0
287 4 1 1 0 0 0 1 0 0
288 2 0 0 0 0 0 0 0 0
357 12 1 1 9 0 0 0 0 0
fn=_IO_file_open
182 12 1 1 0 0 0 4 0 0
184 2 0 0 1 0 0 0 0 0
185 4 0 0 0 0 0 1 0 0
189 2 0 0 0 0 0 0 0 0
191 1 0 0 0 0 0 1 0 0
192 6 0 0 1 0 0 1 0 0
195 3 1 1 0 0 0 0 0 0
205 2 1 1 0 0 0 1 0 0
206 1 0 0 0 0 0 0 0 0
207 6 0 0 5 0 0 0 0 0
fn=_IO_file_read
1131 6 1 1 0 0 0 0 0 0
1133 12 0 0 6 0 0 0 0 0
1134 12 0 0 6 0 0 0 0 0
fn=_IO_file_stat
1147 1 1 1 0 0 0 0 0 0
1148 2 0 0 1 0 0 0 0 0
fn=_IO_file_underflow@@GLIBC_2.2.5
462 60 2 2 0 0 0 36 0 0
466 18 0 0 6 0 0 0 0 0
469 12 0 0 0 0 0 0 0 0
475 18 0 0 12 0 0 0 0 0
478 12 0 0 6 0 0 0 0 0
481 3 1 1 1 0 0 0 0 0
486 2 0 0 0 0 0 1 0 0
490 14 0 0 1 0 0 0 0 0
506 12 0 0 0 0 0 6 0 0
512 36 1 1 6 0 0 18 0 0
517 30 1 1 18 0 0 6 0 0
519 12 0 0 0 0 0 0 0 0
526 6 0 0 6 0 0 0 0 0
535 18 0 0 6 0 0 0 0 0
537 12 0 0 12 1 1 0 0 0
538 48 0 0 42 0 0 0 0 0
fn=_IO_new_file_init_internal
106 6 1 1 0 0 0 2 0 0
110 1 1 1 0 0 0 1 0 0
111 1 0 0 1 0 0 0 0 0
113 1 0 0 0 0 0 1 0 0
114 1 0 0 0 0 0 1 0 0
115 3 0 0 3 0 0 0 0 0
fl=./libio/./libio/genops.c
fn=_IO_cleanup
776 6 1 1 0 0 0 3 0 0
777 10 1 1 5 0 0 2 0 0
780 13 1 1 4 0 0 0 0 0
784 3 0 0 0 0 0 3 0 0
785 36 2 2 15 0 0 6 0 0
792 7 0 0 0 0 0 0 0 0
794 6 1 1 2 0 0 0 0 0
814 3 2 2 0 0 0 3 0 0
816 29 1 1 6 0 0 6 0 0
817 3 1 1 0 0 0 3 0 0
821 7 1 1 2 0 0 2 0 0
822 2 0 0 0 0 0 1 0 0
842 12 1 1 1 0 0 7 0 0
843 2 0 0 0 0 0 1 0 0
855 12 0 0 9 0 0 0 0 0
fn=_IO_default_finish
54 2 0 0 1 0 0 0 0 0
601 6 1 1 0 0 0 2 0 0
603 3 0 0 1 0 0 0 0 0
609 3 1 1 1 0 0 0 0 0
612 3 0 0 1 0 0 0 0 0
624 3 1 1 3 0 0 0 0 0
fn=_IO_doallocbuf
343 8 2 2 0 0 0 4 0 0
344 2 0 0 1 0 0 0 0 0
346 3 0 0 1 0 0 0 0 0
347 5 1 1 2 1 0 1 0 0
350 6 0 0 5 0 0 0 0 0
fn=_IO_flush_all
686 12 2 2 1 0 0 7 0 0
687 3 1 1 0 0 0 0 0 0
691 6 0 0 0 0 0 3 0 0
692 9 2 2 4 1 0 2 0 0
695 12 0 0 4 2 0 0 0 0
697 3 1 1 0 0 0 3 0 0
698 36 2 2 15 6 1 6 0 0
700 21 1 1 9 5 2 0 0 0
708 33 1 1 12 0 0 6 0 0
709 3 0 0 0 0 0 3 0 0
713 7 1 1 2 0 0 2 0 0
714 2 0 0 0 0 0 1 0 0
718 12 0 0 9 0 0 0 0 0
fn=_IO_link_in
87 14 1 1 0 0 0 8 0 0
88 10 1 1 4 0 0 2 0 0
90 2 0 0 0 0 0 1 0 0
92 7 1 1 0 0 0 3 0 0
93 9 1 1 3 0 0 2 0 0
94 1 0 0 0 0 0 1 0 0
95 9 1 1 4 0 0 2 0 0
97 2 0 0 1 1 0 1 0 0
98 1 1 1 0 0 0 1 0 0
100 5 0 0 1 0 0 2 0 0
101 1 0 0 0 0 0 1 0 0
102 6 0 0 1 0 0 2 0 0
103 2 2 2 0 0 0 1 0 0
106 19 0 0 14 0 0 0 0 0
fn=_IO_no_init
563 572 1 1 0 0 0 260 0 0
564 52 0 0 0 0 0 52 0 0
565 52 0 0 0 0 0 52 1 1
566 104 0 0 0 0 0 0 0 0
568 1 0 0 0 0 0 1 0 0
572 6 0 0 0 0 0 5 0 0
579 1 1 1 0 0 0 1 1 1
581 1 0 0 0 0 0 1 0 0
586 102 0 0 0 0 0 51 0 0
587 52 0 0 0 0 0 52 0 0
588 312 0 0 312 0 0 0 0 0
fn=_IO_old_init
531 52 1 1 0 0 0 0 0 0
532 104 0 0 0 0 0 52 0 0
534 312 0 0 52 1 1 52 0 0
539 364 0 0 0 0 0 312 1 1
544 52 0 0 0 0 0 52 0 0
550 104 1 1 0 0 0 52 0 0
555 156 0 0 52 0 0 0 0 0
556 2 0 0 0 0 0 2 1 1
558 52 0 0 52 0 0 0 0 0
fn=_IO_setb
329 583 1 1 0 0 0 265 0 0
330 214 0 0 106 0 0 0 0 0
331 1 0 0 0 0 0 1 0 0
332 53 0 0 0 0 0 53 0 0
333 53 0 0 0 0 0 53 0 0
335 320 0 0 1 0 0 53 0 0
338 318 0 0 318 0 0 0 0 0
fn=_IO_sputbackc
635 1428 1 1 0 0 0 612 0 0
638 612 0 0 408 0 0 0 0 0
639 408 0 0 204 0 0 0 0 0
641 408 1 1 0 0 0 204 0 0
642 204 0 0 0 0 0 0 0 0
647 204 0 0 0 0 0 0 0 0
648 204 0 0 204 0 0 0 0 0
651 1020 0 0 816 0 0 0 0 0
fn=_IO_switch_to_get_mode
164 36 1 1 0 0 0 18 0 0
165 18 1 1 12 0 0 0 0 0
168 18 1 1 6 0 0 0 0 0
172 12 0 0 6 0 0 6 0 0
173 12 0 0 6 0 0 0 0 0
176 6 0 0 0 0 0 6 0 0
178 12 0 0 0 0 0 12 0 0
180 12 0 0 0 0 0 6 0 0
181 6 0 0 0 0 0 0 0 0
182 24 0 0 24 0 0 0 0 0
fn=_IO_un_link
53 2 0 0 0 0 0 0 0 0
54 4 0 0 2 0 0 0 0 0
82 2 0 0 1 0 0 0 0 0
fn=_IO_unsave_markers
937 6 1 1 0 0 0 2 0 0
939 2 0 0 1 0 0 0 0 0
944 3 1 1 1 0 0 0 0 0
946 3 0 0 3 0 0 0 0 0
fn=__GI__IO_un_link.part.0
52 10 1 1 1 0 0 5 0 0
58 6 1 1 0 0 0 3 0 0
59 10 1 1 3 0 0 2 0 0
60 1 0 0 0 0 0 1 0 0
61 4 1 1 1 0 0 0 0 0
63 4 2 2 1 0 0 0 0 0
65 2 1 1 0 0 0 0 0 0
66 3 1 1 1 0 0 1 0 0
74 2 1 1 0 0 0 1 0 0
76 2 0 0 0 0 0 0 0 0
77 1 0 0 0 0 0 1 0 0
78 8 0 0 1 0 0 2 0 0
79 2 1 1 0 0 0 1 0 0
82 9 0 0 7 0 0 0 0 0
fn=__underflow
173 6 0 0 6 0 0 0 0 0
269 36 1 1 0 0 0 18 0 0
270 29 0 0 6 0 0 1 0 0
275 18 0 0 6 0 0 0 0 0
278 18 1 1 6 0 0 0 0 0
280 12 0 0 0 0 0 0 0 0
286 12 0 0 6 0 0 0 0 0
291 18 1 1 6 0 0 0 0 0
293 24 0 0 12 1 0 0 0 0
294 18 0 0 18 0 0 0 0 0
fl=./libio/./libio/iofclose.c
fn=fclose@@GLIBC_2.2.5
34 8 2 2 0 0 0 4 0 0
48 3 0 0 1 0 0 0 0 0
49 1 1 1 0 0 0 1 0 0
51 3 0 0 1 0 0 0 0 0
52 2 1 1 0 0 0 0 0 0
53 3 1 1 0 0 0 1 0 0
57 4 0 0 2 0 0 1 0 0
58 3 0 0 1 0 0 0 0 0
71 2 0 0 1 0 0 0 0 0
76 7 0 0 5 0 0 0 0 0
fl=./libio/./libio/iofopen.c
fn=fopen@@GLIBC_2.2.5
37 2 0 0 1 0 0 0 0 0
65 2 0 0 0 0 0 1 0 0
67 3 0 0 0 0 0 0 0 0
70 2 0 0 0 0 0 1 1 1
72 7 1 1 0 0 0 1 0 0
73 2 0 0 0 0 0 1 0 0
74 2 0 0 0 0 0 1 0 0
75 7 1 1 0 0 0 1 0 0
85 9 1 1 0 0 0 5 0 0
87 7 1 1 6 0 0 0 0 0
fl=./libio/./libio/iogetdelim.c
fn=getdelim
41 765 2 2 0 0 0 459 0 0
47 153 0 0 51 0 0 0 0 0
48 102 2 2 0 0 0 0 0 0
54 204 1 1 102 0 0 0 0 0
62 303 1 1 202 0 0 0 0 0
64 2 0 0 1 0 0 1 0 0
65 4 0 0 1 0 0 2 0 0
66 2 0 0 0 0 0 0 0 0
74 153 0 0 102 0 0 0 0 0
75 102 0 0 0 0 0 0 0 0
77 4 1 1 0 0 0 1 0 0
82 4 1 1 2 0 0 0 0 0
89 280 1 1 56 0 0 56 0 0
91 224 0 0 0 0 0 0 0 0
92 224 1 1 0 0 0 0 0 0
100 112 0 0 0 0 0 0 0 0
101 224 1 1 112 0 0 0 0 0
105 5 0 0 0 0 0 1 0 0
107 114 0 0 112 0 0 1 0 0
108 3 1 1 1 0 0 0 0 0
114 2 0 0 1 0 0 1 0 0
115 2 0 0 1 0 0 1 0 0
117 57 0 0 1 0 0 0 0 0
118 56 0 0 56 0 0 0 0 0
119 5 0 0 0 0 0 0 0 0
120 188 0 0 56 0 0 5 0 0
122 15 0 0 10 0 0 0 0 0
124 153 0 0 102 0 0 51 0 0
130 459 0 0 357 0 0 0 0 0
fl=./libio/./libio/libioP.h
fn=_IO_cleanup
1025 1 1 1 0 0 0 0 0 0
fn=_IO_doallocbuf
1025 3 0 0 0 0 0 0 0 0
1026 2 0 0 0 0 0 0 0 0
fn=_IO_file_close_it@@GLIBC_2.2.5
1025 3 1 1 0 0 0 0 0 0
1026 2 0 0 0 0 0 0 0 0
fn=_IO_file_doallocate
1025 3 1 1 0 0 0 0 0 0
1026 2 0 0 0 0 0 0 0 0
fn=_IO_file_underflow@@GLIBC_2.2.5
1025 24 1 1 0 0 0 0 0 0
1026 12 0 0 0 0 0 0 0 0
fn=_IO_flush_all
1025 2 0 0 0 0 0 0 0 0
fn=__underflow
1025 18 0 0 0 0 0 0 0 0
1026 12 0 0 0 0 0 0 0 0
fn=fclose@@GLIBC_2.2.5
951 4 0 0 2 0 0 0 0 0
952 4 0 0 1 0 0 0 0 0
958 2 0 0 0 0 0 1 0 0
979 4 0 0 1 0 0 0 0 0
980 9 0 0 3 0 0 2 0 0
1025 3 0 0 0 0 0 0 0 0
1026 2 1 1 0 0 0 0 0 0
fn=getdelim
979 204 0 0 51 0 0 0 0 0
fl=./libio/./libio/strops.c
fn=_IO_str_init_static_internal
36 510 2 2 0 0 0 255 0 0
40 102 0 0 0 0 0 0 0 0
41 153 0 0 0 0 0 51 0 0
46 255 0 0 0 0 0 51 0 0
48 51 0 0 0 0 0 51 0 0
49 51 0 0 0 0 0 51 0 0
50 51 0 0 0 0 0 51 0 0
51 357 1 1 0 0 0 0 0 0
53 51 1 1 0 0 0 51 0 0
54 51 0 0 0 0 0 51 0 0
55 51 0 0 0 0 0 51 0 0
64 51 0 0 0 0 0 51 0 0
65 306 0 0 306 0 0 0 0 0
fl=./libio/./libio/vtables.c
fn=check_stdfiles_vtables
545 1 1 1 0 0 0 0 0 0
546 4 0 0 2 2 0 0 0 0
547 3 1 1 2 1 0 0 0 0
548 3 0 0 2 1 0 0 0 0
550 1 0 0 1 0 0 0 0 0
fl=./malloc/../string/bits/string_fortified.h
fn=_int_realloc
29 7144 0 0 0 0 0 3572 0 0
fn=calloc
59 3 0 0 0 0 0 0 0 0
fn=tcache_init.part.0
59 88 0 0 0 0 0 81 9 9
fl=./malloc/../sysdeps/unix/sysv/linux/not-cancel.h
fn=ptmalloc_init.part.0
97 6 0 0 0 0 0 0 0 0
fl=./malloc/./malloc/arena.c
fn=calloc
153 2 0 0 0 0 0 0 0 0
fn=free
153 31929 0 0 0 0 0 0 0 0
fn=malloc
153 442 0 0 0 0 0 0 0 0
264 1 1 1 0 0 0 1 0 0
fn=ptmalloc_init.part.0
262 8 1 1 1 0 0 4 0 0
267 1 1 1 0 0 0 1 0 0
292 2 1 1 1 0 0 0 0 0
296 3 1 1 1 1 0 1 0 0
300 4 1 1 0 0 0 1 0 0
301 4 0 0 0 0 0 1 0 0
302 4 1 1 0 0 0 1 0 0
303 4 0 0 0 0 0 1 0 0
304 4 0 0 0 0 0 1 0 0
305 4 0 0 0 0 0 1 0 0
306 4 1 1 0 0 0 1 0 0
308 4 0 0 0 0 0 1 0 0
309 4 0 0 0 0 0 1 0 0
310 4 1 1 0 0 0 1 0 0
313 4 0 0 0 0 0 1 0 0
314 4 0 0 0 0 0 1 0 0
316 2 0 0 1 1 1 0 0 0
326 8 1 1 6 0 0 0 0 0
fn=realloc
153 25777 0 0 3682 0 0 0 0 0
fl=./malloc/./malloc/malloc.c
fn=_int_free
1792 3749 0 0 3749 1 0 0 0 0
1992 2034 0 0 678 0 0 0 0 0
3163 20978 1 1 10489 0 0 10489 0 0
3165 41956 1 1 10489 33 0 10489 0 0
3166 10489 0 0 0 0 0 10489 0 0
3167 20978 0 0 0 0 0 10489 0 0
4495 99666 1 1 0 0 0 56952 4 1
4499 42714 0 0 14238 1 0 0 0 0
4505 56952 0 0 0 0 0 0 0 0
4506 28476 1 1 0 0 0 0 0 0
4510 71190 0 0 0 0 0 0 0 0
4517 28476 0 0 0 0 0 0 0 0
4518 85428 0 0 42714 4 0 0 0 0
4521 13512 0 0 0 0 0 0 0 0
4527 40536 0 0 27024 39 1 0 0 0
4547 67560 1 1 27024 37 0 0 0 0
4550 10489 0 0 0 0 0 0 0 0
4561 7498 0 0 0 0 0 0 0 0
4572 2712 1 1 678 34 0 0 0 0
4574 2034 0 0 678 0 0 0 0 0
4593 678 0 0 0 0 0 0 0 0
4595 678 0 0 0 0 0 678 0 0
4596 678 0 0 0 0 0 0 0 0
4600 2034 0 0 678 0 0 0 0 0
4602 1356 0 0 678 0 0 0 0 0
4606 1356 0 0 0 0 0 0 0 0
4608 2034 0 0 0 0 0 678 0 0
4609 678 0 0 0 0 0 678 0 0
4628 2712 0 0 0 0 0 0 0 0
4629 356 0 0 89 0 0 0 0 0
4637 6142 0 0 3071 0 0 0 0 0
4640 6142 0 0 3071 2 0 0 0 0
4643 6142 0 0 0 0 0 0 0 0
4646 6142 0 0 0 0 0 0 0 0
4658 82357 1 1 68119 0 0 0 0 0
fn=_int_free_maybe_consolidate
4770 33781 4 1 3071 2 0 21497 1 0
4776 6142 3 1 0 0 0 0 0 0
4778 184 0 0 46 0 0 0 0 0
4779 8 1 0 0 0 0 4 2 0
4781 138 2 1 0 0 0 0 0 0
4784 230 1 1 138 6 0 0 0 0
4785 10 1 1 6 0 0 0 0 0
4798 33773 0 0 27633 0 0 0 0 0
fn=_int_free_merge_chunk
1992 9213 0 0 3071 0 0 0 0 0
4665 24568 2 2 0 0 0 18426 0 0
4666 3071 0 0 0 0 0 0 0 0
4670 18426 0 0 3071 2 0 0 0 0
4673 12284 0 0 3071 3 0 0 0 0
4675 9213 2 1 3071 3 0 0 0 0
4678 9213 0 0 3071 167 0 0 0 0
4681 6142 0 0 0 0 0 0 0 0
4682 6142 2 1 0 0 0 0 0 0
4683 6142 0 0 3071 2 0 0 0 0
4689 6142 0 0 3071 0 0 0 0 0
4691 413 0 0 413 0 0 0 0 0
4692 413 0 0 0 0 0 0 0 0
4693 413 0 0 0 0 0 0 0 0
4694 1652 0 0 413 14 0 0 0 0
4696 826 0 0 0 0 0 413 0 0
4701 9213 0 0 0 0 0 0 0 0
4702 21497 1 1 18426 0 0 0 0 0
4714 6142 2 1 3071 0 0 0 0 0
4720 6104 0 0 3052 428 0 0 0 0
4721 950 1 0 0 0 0 475 0 0
4722 950 0 0 0 0 0 0 0 0
4724 2577 0 0 2577 0 0 0 0 0
4732 3052 0 0 0 0 0 0 0 0
4733 12208 0 0 3052 0 0 0 0 0
4734 6104 0 0 3052 0 0 0 0 0
4736 3052 1 0 0 0 0 3052 40 0
4738 6104 0 0 0 0 0 0 0 0
4740 3552 0 0 0 0 0 1184 42 0
4743 3052 0 0 0 0 0 3052 0 0
4744 3052 0 0 0 0 0 3052 0 0
4746 9156 0 0 0 0 0 3052 0 0
4747 3052 0 0 0 0 0 3052 0 0
4756 19 1 1 0 0 0 0 0 0
4757 57 0 0 0 0 0 19 0 0
4758 38 0 0 0 0 0 19 0 0
fn=_int_malloc
1326 7592 0 0 0 0 0 0 0 0
1345 22776 1 1 0 0 0 0 0 0
1794 3705 0 0 3705 0 0 0 0 0
1985 8223 0 0 2741 0 0 0 0 0
2008 60 0 0 15 0 0 0 0 0
2017 2 1 1 2 0 0 0 0 0
2552 102 3 1 34 32 0 34 0 0
2553 14 2 1 0 0 0 14 0 0
2564 34 0 0 17 15 0 0 0 0
2565 9 0 0 6 0 0 0 0 0
2568 12 0 0 3 0 0 0 0 0
2576 18 0 0 3 0 0 6 2 0
2577 6 0 0 0 0 0 0 0 0
2589 56 0 0 14 0 0 14 0 0
2590 28 0 0 0 0 0 14 0 0
2599 160 1 0 39 0 0 0 0 0
2605 39 0 0 26 0 0 0 0 0
2608 42 1 1 0 0 0 0 0 0
2669 42 2 1 14 0 0 14 0 0
2677 28 2 1 14 0 0 0 0 0
2678 42 0 0 14 0 0 14 0 0
2691 42 0 0 14 0 0 0 0 0
2693 14 0 0 14 0 0 0 0 0
2699 70 0 0 14 0 0 14 0 0
2707 28 2 1 0 0 0 0 0 0
2709 56 2 1 0 0 0 28 1 0
2710 42 0 0 14 0 0 0 0 0
2711 14 0 0 0 0 0 0 0 0
2712 14 0 0 0 0 0 0 0 0
2715 28 0 0 0 0 0 0 0 0
2744 94 2 1 40 1 1 0 0 0
2745 1 0 0 0 0 0 1 0 0
2746 28 1 0 0 0 0 14 0 0
2752 112 2 1 14 0 0 0 0 0
2753 78 0 0 13 0 0 13 0 0
2755 4 2 2 2 0 0 0 0 0
2782 2 0 0 0 0 0 0 0 0
2783 1 1 1 0 0 0 0 0 0
2795 3 0 0 0 0 0 0 0 0
2814 2 1 1 1 0 0 0 0 0
2817 2 0 0 0 0 0 0 0 0
2818 6 0 0 1 0 0 0 0 0
2820 1 0 0 0 0 0 0 0 0
2821 6 1 1 0 0 0 4 0 0
2833 5 0 0 3 0 0 0 0 0
2873 1 0 0 0 0 0 0 0 0
2875 1 0 0 0 0 0 1 0 0
2876 5 1 1 0 0 0 1 1 1
2877 1 0 0 1 0 0 0 0 0
2888 3 0 0 1 0 0 0 0 0
2921 42 2 1 28 0 0 0 0 0
2922 14 2 1 0 0 0 14 0 0
2926 14 0 0 14 0 0 0 0 0
2930 70 0 0 28 0 0 0 0 0
2932 14 0 0 0 0 0 0 0 0
2933 14 0 0 0 0 0 0 0 0
2934 14 0 0 0 0 0 14 0 0
2935 98 0 0 0 0 0 14 0 0
2936 28 2 1 0 0 0 14 14 14
2938 14 0 0 0 0 0 0 0 0
3159 234 0 0 0 0 0 117 0 0
3163 272 0 0 136 0 0 136 0 0
3165 750 6 3 154 2 0 172 0 0
3166 271 0 0 135 0 0 136 0 0
3167 272 0 0 0 0 0 136 0 0
3168 234 0 0 0 0 0 0 0 0
3178 18 0 0 18 0 0 0 0 0
3182 36 0 0 0 0 0 0 0 0
3186 72 0 0 18 0 0 18 0 0
3190 36 0 0 36 0 0 0 0 0
3191 36 0 0 0 0 0 18 0 0
3199 18 3 1 18 0 0 0 0 0
3846 41756 1 1 3796 11 0 26572 16 0
3882 1 0 0 0 0 0 0 0 0
3887 7592 0 0 0 0 0 0 0 0
3914 7865 2 1 91 0 0 0 0 0
3916 2476 0 0 0 0 0 0 0 0
3917 136 0 0 0 0 0 0 0 0
3919 801 1 1 710 3 0 0 0 0
3921 1420 0 0 0 0 0 0 0 0
3923 272 0 0 0 0 0 0 0 0
3926 272 0 0 136 0 0 0 0 0
3927 680 0 0 136 0 0 136 0 0
3930 1722 1 1 0 0 0 0 0 0
3932 272 0 0 136 0 0 0 0 0
3933 272 2 1 0 0 0 0 0 0
3939 272 0 0 0 0 0 0 0 0
3940 816 0 0 408 0 0 0 0 0
3945 409 0 0 272 0 0 0 0 0
3946 433 0 0 11 0 0 0 0 0
3948 2 0 0 0 0 0 0 0 0
3950 2 0 0 1 0 0 0 0 0
3951 6 0 0 1 0 0 1 0 0
3977 6172 2 2 0 0 0 0 0 0
3979 12716 0 0 0 0 0 0 0 0
3980 4974 2 1 0 0 0 0 0 0
3982 7461 0 0 2487 136 0 0 0 0
3984 1594 0 0 1594 211 0 0 0 0
3985 3188 0 0 1594 302 0 0 0 0
3987 1594 0 0 1594 559 0 0 0 0
3988 1594 0 0 0 0 0 1594 0 0
3989 1594 0 0 0 0 0 1594 0 0
3991 4782 0 0 0 0 0 0 0 0
3997 3188 0 0 0 0 0 0 0 0
3998 9564 2 1 4782 0 0 0 0 0
4003 8321 3 1 3188 11 0 0 0 0
4004 3300 0 0 0 0 0 0 0 0
4006 234 0 0 0 0 0 0 0 0
4008 117 1 1 117 0 0 0 0 0
4009 117 0 0 117 31 0 0 0 0
4010 234 0 0 0 0 0 0 0 0
4012 117 0 0 0 0 0 117 0 0
4013 117 0 0 0 0 0 117 16 0
4020 1594 0 0 0 0 0 0 0 0
4039 7186 0 0 0 0 0 0 0 0
4040 3519 0 0 1173 8 0 0 0 0
4041 1044 0 0 0 0 0 348 3 0
4058 6196 0 0 2065 2 0 0 0 0
4059 6198 0 0 0 0 0 2066 5 0
4060 6198 1 1 4132 0 0 0 0 0
4069 3806 1 1 0 0 0 1903 0 0
4070 21684 4 2 5195 6 0 2066 0 0
4072 3545 0 0 3545 0 0 0 0 0
4073 7090 0 0 3545 4 0 0 0 0
4074 3545 0 0 0 0 0 0 0 0
4076 7090 0 0 0 0 0 0 0 0
4077 10635 0 0 3545 2 0 0 0 0
4079 3545 0 0 3545 4 0 0 0 0
4080 14180 1 1 0 0 0 0 0 0
4082 14180 0 0 3545 0 0 0 0 0
4084 7090 0 0 3545 1 0 0 0 0
4085 7090 0 0 3545 0 0 0 0 0
4087 7090 0 0 0 0 0 0 0 0
4098 14180 1 1 0 0 0 0 0 0
4099 1424 1 1 712 0 0 0 0 0
4100 356 0 0 0 0 0 0 0 0
4101 178 0 0 0 0 0 0 0 0
4104 116 2 1 0 0 0 0 0 0
4105 116 2 1 0 0 0 0 0 0
4106 116 0 0 0 0 0 116 0 0
4107 348 0 0 0 0 0 116 0 0
4108 348 0 0 0 0 0 116 48 0
4109 232 0 0 0 0 0 0 0 0
4111 34 0 0 0 0 0 17 8 0
4115 928 0 0 0 0 0 116 0 0
4117 348 0 0 0 0 0 116 3 0
4118 116 0 0 0 0 0 116 0 0
4121 416 0 0 0 0 0 0 0 0
4122 348 1 0 0 0 0 116 2 0
4123 116 0 0 0 0 0 0 0 0
4127 3429 0 0 0 0 0 3429 0 0
4128 3429 0 0 0 0 0 3429 0 0
4132 6858 0 0 0 0 0 0 0 0
4134 600 0 0 0 0 0 300 0 0
4135 900 2 1 0 0 0 0 0 0
4140 600 0 0 0 0 0 0 0 0
4141 1746 0 0 1008 0 0 0 0 0
4144 10 0 0 0 0 0 0 0 0
4161 6818 1 1 0 0 0 0 0 0
4163 5038 1 1 0 0 0 2519 0 0
4164 10076 0 0 0 0 0 0 0 0
4165 2519 0 0 2519 64 0 0 0 0
4169 5690 1 0 0 0 0 610 0 0
4170 1477 1 1 0 0 0 0 0 0
4171 610 0 0 610 106 0 0 0 0
4174 1220 0 0 0 0 0 0 0 0
4177 353 0 0 0 0 0 0 0 0
4179 1412 1 1 706 26 0 0 0 0
4180 706 0 0 0 0 0 0 0 0
4186 44 0 0 0 0 0 11 0 0
4187 11 0 0 11 0 0 0 0 0
4188 33 0 0 0 0 0 22 0 0
4192 1026 1 1 342 20 0 0 0 0
4193 714 1 1 0 0 0 0 0 0
4195 15 0 0 15 1 0 0 0 0
4196 45 0 0 15 0 0 0 0 0
4199 342 0 0 0 0 0 0 0 0
4202 362 1 1 181 2 0 0 0 0
4205 644 0 0 0 0 0 161 0 0
4206 161 0 0 161 2 0 0 0 0
4207 322 0 0 161 1 0 0 0 0
4209 161 0 0 0 0 0 161 0 0
4210 483 0 0 161 0 0 161 0 0
4212 342 0 0 342 12 0 0 0 0
4213 684 1 1 342 0 0 0 0 0
4218 1028 0 0 0 0 0 257 0 0
4221 21903 1 1 6258 3 0 0 0 0
4222 3129 0 0 0 0 0 3129 0 0
4223 3129 0 0 0 0 0 3129 0 0
4224 3129 0 0 0 0 0 3129 170 0
4225 3129 0 0 0 0 0 3129 0 0
4230 6258 0 0 6258 0 0 0 0 0
4231 6258 0 0 0 0 0 0 0 0
4232 6 1 1 6 5 0 0 0 0
4233 24 0 0 0 0 0 0 0 0
4240 12516 2 2 6258 0 0 0 0 0
4246 2984 0 0 0 0 0 0 0 0
4248 18 0 0 0 0 0 0 0 0
4257 4950 2 2 0 0 0 0 0 0
4259 4064 0 0 0 0 0 0 0 0
4262 3048 0 0 1016 167 0 0 0 0
4263 2390 0 0 513 20 0 0 0 0
4266 286 0 0 286 15 0 0 0 0
4267 2586 0 0 460 13 0 0 0 0
4269 174 0 0 174 1 0 0 0 0
4273 572 0 0 286 0 0 0 0 0
4275 207 0 0 207 0 0 0 0 0
4276 414 0 0 207 9 0 0 0 0
4278 858 1 1 0 0 0 286 0 0
4279 858 0 0 0 0 0 572 0 0
4282 1144 0 0 572 0 0 0 0 0
4284 284 0 0 284 0 0 0 0 0
4285 852 1 1 0 0 0 0 0 0
4291 2 0 0 0 0 0 0 0 0
4295 8 0 0 2 0 0 0 0 0
4296 4 0 0 2 0 0 0 0 0
4299 2 0 0 0 0 0 2 0 0
4300 2 1 1 0 0 0 2 0 0
4301 2 0 0 0 0 0 2 0 0
4302 4 0 0 0 0 0 0 0 0
4307 16 0 0 0 0 0 2 0 0
4309 6 1 0 0 0 0 2 0 0
4310 2 0 0 0 0 0 2 0 0
4313 2 0 0 0 0 0 0 0 0
4330 1364 0 0 0 0 0 0 0 0
4331 2728 1 1 0 0 0 0 0 0
4332 2728 0 0 0 0 0 0 0 0
4333 2728 0 0 1364 8 0 0 0 0
4334 8184 0 0 0 0 0 0 0 0
4339 6458 0 0 0 0 0 0 0 0
4343 4666 6 3 0 0 0 0 0 0
4346 3328 0 0 832 0 0 0 0 0
4348 1308 0 0 0 0 0 0 0 0
4349 654 1 1 0 0 0 0 0 0
4353 12462 0 0 0 0 0 0 0 0
4355 5151 0 0 0 0 0 0 0 0
4357 10302 0 0 0 0 0 0 0 0
4361 1080 0 0 1080 104 0 0 0 0
4364 2160 0 0 0 0 0 0 0 0
4366 1755 0 0 0 0 0 351 0 0
4367 351 0 0 0 0 0 0 0 0
4368 351 0 0 0 0 0 0 0 0
4373 2916 0 0 729 120 0 0 0 0
4376 1473 1 0 5 0 0 0 0 0
4378 2187 0 0 0 0 0 729 0 0
4381 2187 0 0 0 0 0 1458 3 0
4384 2916 1 1 1458 0 0 0 0 0
4386 122 0 0 122 0 0 0 0 0
4387 366 2 1 0 0 0 0 0 0
4394 607 0 0 0 0 0 0 0 0
4399 2428 0 0 607 0 0 0 0 0
4400 1214 0 0 607 0 0 0 0 0
4403 607 0 0 0 0 0 607 188 0
4404 607 0 0 0 0 0 607 0 0
4405 607 0 0 0 0 0 607 0 0
4408 1214 0 0 0 0 0 0 0 0
4409 435 1 1 0 0 0 435 0 0
4410 1214 0 0 0 0 0 0 0 0
4412 174 0 0 0 0 0 87 3 0
4415 4856 0 0 0 0 0 607 0 0
4417 1821 0 0 0 0 0 607 48 0
4418 607 1 1 0 0 0 607 0 0
4421 729 0 0 0 0 0 0 0 0
4443 635 1 1 635 0 0 0 0 0
4444 1270 0 0 635 5 0 0 0 0
4446 1270 0 0 635 4 0 0 0 0
4449 1905 1 1 0 0 0 0 0 0
4451 618 0 0 0 0 0 0 0 0
4452 1236 0 0 0 0 0 0 0 0
4453 618 0 0 0 0 0 618 0 0
4454 4944 0 0 0 0 0 618 0 0
4456 1236 0 0 0 0 0 618 600 595
4459 1808 1 1 0 0 0 0 0 0
4460 2763 1 1 0 0 0 921 6 0
4461 921 1 1 0 0 0 0 0 0
4466 68 0 0 17 0 0 17 0 0
4482 20 0 0 0 0 0 0 0 0
4487 45552 2 1 34164 0 0 0 0 0
fn=_int_realloc
4914 29464 4 2 0 0 0 22098 7 0
4925 14732 0 0 3683 0 0 0 0 0
4926 18415 0 0 3683 6 0 0 0 0
4927 14732 0 0 0 0 0 0 0 0
4933 7366 2 1 0 0 0 0 0 0
4935 7366 0 0 0 0 0 0 0 0
4936 11049 0 0 3683 0 0 0 0 0
4938 14732 0 0 0 0 0 0 0 0
4941 7366 0 0 0 0 0 0 0 0
4951 7396 2 1 3683 6 0 0 0 0
4952 15 1 1 0 0 0 0 0 0
4953 15 0 0 0 0 0 0 0 0
4955 509 1 1 0 0 0 13 0 0
4956 26 0 0 0 0 0 13 0 0
4957 39 0 0 0 0 0 13 13 13
4959 26 0 0 0 0 0 0 0 0
4963 7336 0 0 3668 1262 0 0 0 0
4964 7336 0 0 0 0 0 0 0 0
4965 3862 2 1 0 0 0 0 0 0
4969 291 0 0 0 0 0 194 0 0
4975 17865 0 0 0 0 0 7146 5 0
4976 7146 0 0 0 0 0 0 0 0
4979 3573 0 0 0 0 0 0 0 0
4980 3574 0 0 3573 259 0 0 0 0
4985 10719 2 1 3573 0 0 0 0 0
4987 1 0 0 0 0 0 0 0 0
4992 3572 0 0 0 0 0 0 0 0
4993 25005 0 0 3573 0 0 0 0 0
4997 14288 0 0 0 0 0 3572 0 0
4999 3572 0 0 0 0 0 0 0 0
5006 2 0 0 0 0 0 0 0 0
5008 196 0 0 0 0 0 0 0 0
5010 196 0 0 0 0 0 0 0 0
5012 444 0 0 0 0 0 75 0 0
5013 271 0 0 172 0 0 0 0 0
5017 23 0 0 0 0 0 0 0 0
5020 46 0 0 0 0 0 23 0 0
5021 69 1 1 0 0 0 23 3 1
5024 23 0 0 23 0 0 0 0 0
5025 92 0 0 0 0 0 23 0 0
5029 98 0 0 0 0 0 0 0 0
5030 33147 1 1 25781 2 0 0 0 0
fn=alloc_perturb
1985 3111 1 1 1037 0 0 0 0 0
1987 1037 0 0 1037 0 0 0 0 0
fn=calloc
3699 9 1 1 0 0 0 6 0 0
3709 9 1 1 0 0 0 0 0 0
3717 2 0 0 1 0 0 0 0 0
3720 3 0 0 2 0 0 0 0 0
3722 2 1 1 1 0 0 0 0 0
3732 1 1 1 1 0 0 0 0 0
3733 3 0 0 1 0 0 0 0 0
3754 3 0 0 0 0 0 1 0 0
3756 10 2 2 1 0 0 0 0 0
3759 3 1 1 1 0 0 0 0 0
3784 1 0 0 0 0 0 0 0 0
3796 3 1 1 1 0 0 0 0 0
3799 5 0 0 0 0 0 0 0 0
3807 1 1 1 0 0 0 0 0 0
3809 2 0 0 0 0 0 0 0 0
3811 2 0 0 0 0 0 0 0 0
3837 7 1 1 6 0 0 0 0 0
fn=free
3359 74522 2 2 0 0 0 42584 2 0
3363 21292 0 0 0 0 0 0 0 0
3371 21292 0 0 21292 11 0 0 0 0
3373 10646 0 0 0 0 0 0 0 0
3375 31938 0 0 10646 282 0 0 0 0
3379 9 1 1 3 1 0 0 0 0
3381 12 0 0 3 2 0 0 0 0
3383 6 0 0 0 0 0 3 0 0
3384 6 0 0 0 0 0 3 0 0
3385 3 0 0 0 0 0 0 0 0
3388 6 0 0 0 0 0 3 1 0
3392 31929 0 0 21286 2 0 0 0 0
3398 31929 1 1 0 0 0 10643 0 0
3401 10646 0 0 0 0 0 10646 0 0
3402 63876 1 1 53230 0 0 0 0 0
fn=malloc
1326 21294 0 0 0 0 0 0 0 0
1345 53006 1 1 0 0 0 0 0 0
3178 20852 0 0 10426 34 0 0 0 0
3182 20852 0 0 0 0 0 0 0 0
3186 41704 0 0 10426 392 0 10426 0 0
3190 20852 0 0 0 0 0 10426 0 0
3191 10426 0 0 0 0 0 10426 0 0
3248 4 1 1 2 0 0 1 0 0
3294 85176 1 1 0 0 0 42588 8 1
3301 21294 0 0 10647 12 1 0 0 0
3311 20836 0 0 0 0 0 0 0 0
3313 42588 0 0 21294 20 0 0 0 0
3316 21294 1 1 10647 9 0 0 0 0
3317 4 0 0 1 0 0 0 0 0
3318 31887 0 0 10629 8 0 0 0 0
3326 442 1 1 221 6 0 0 0 0
3328 884 1 1 0 0 0 221 6 0
3329 1105 1 1 221 1 0 0 0 0
3354 63882 0 0 53235 0 0 0 0 0
fn=malloc_consolidate
4811 3168 3 1 0 0 0 2112 35 0
4826 352 0 0 0 0 0 352 0 0
4828 704 0 0 0 0 0 352 1 0
4839 352 0 0 0 0 0 0 0 0
4841 7040 0 0 7040 0 0 0 0 0
4842 7040 3 1 0 0 0 0 0 0
4845 1074 1 1 0 0 0 0 0 0
4849 1611 1 1 537 43 0 0 0 0
4850 2148 0 0 0 0 0 0 0 0
4855 2685 0 0 537 8 0 0 0 0
4858 1074 0 0 0 0 0 0 0 0
4859 537 0 0 0 0 0 0 0 0
4860 1611 0 0 537 7 0 0 0 0
4862 1074 2 1 0 0 0 0 0 0
4863 39 0 0 39 0 0 0 0 0
4864 39 0 0 0 0 0 0 0 0
4865 39 0 0 0 0 0 0 0 0
4866 156 0 0 39 1 0 0 0 0
4868 468 0 0 195 0 0 234 0 0
4871 1074 3 1 537 0 0 0 0 0
4874 1074 0 0 537 69 0 0 0 0
4875 80 0 0 0 0 0 0 0 0
4876 640 0 0 240 0 0 240 0 0
4878 914 0 0 0 0 0 457 0 0
4880 537 0 0 537 0 0 0 0 0
4881 1074 0 0 0 0 0 537 0 0
4882 1074 0 0 537 0 0 537 0 0
4884 1074 0 0 0 0 0 0 0 0
4885 26 0 0 0 0 0 13 1 0
4889 1611 0 0 0 0 0 537 0 0
4891 537 0 0 0 0 0 537 0 0
4892 697 1 1 0 0 0 617 0 0
4901 1298 0 0 0 0 0 0 0 0
4904 10560 0 0 3520 0 0 0 0 0
4905 2816 0 0 2464 0 0 0 0 0
fn=munmap_chunk
3024 6 2 1 0 0 0 3 0 0
3025 6 0 0 6 6 0 0 0 0
3026 9 0 0 3 0 0 0 0 0
3028 6 0 0 0 0 0 0 0 0
3030 3 0 0 0 0 0 0 0 0
3031 9 2 1 3 0 0 0 0 0
3032 3 0 0 0 0 0 0 0 0
3038 12 0 0 0 0 0 0 0 0
3039 15 0 0 0 0 0 0 0 0
3042 3 0 0 6 0 0 0 0 0
3043 9 1 1 6 0 0 0 0 0
3048 6 0 0 0 0 0 0 0 0
3049 3 0 0 3 0 0 0 0 0
fn=ptmalloc_init.part.0
1946 385 0 0 0 0 0 0 0 0
1949 381 0 0 0 0 0 127 33 32
1957 1 0 0 0 0 0 1 0 0
1958 1 0 0 0 0 0 1 1 1
1960 1 0 0 0 0 0 1 0 0
3143 2 0 0 0 0 0 0 0 0
fn=realloc
1326 7370 0 0 0 0 0 0 0 0
1345 22110 0 0 0 0 0 0 0 0
2008 12 0 0 6 2 0 0 0 0
3056 4 1 1 4 4 0 0 0 0
3057 2 0 0 2 0 0 0 0 0
3058 2 0 0 0 0 0 0 0 0
3063 4 0 0 0 0 0 0 0 0
3065 2 0 0 0 0 0 0 0 0
3066 10 0 0 0 0 0 2 2 0
3067 12 1 1 0 0 0 0 0 0
3071 18 0 0 0 0 0 8 0 0
3074 4 0 0 0 0 0 0 0 0
3077 14 1 1 0 0 0 4 0 0
3080 8 0 0 4 0 0 0 0 0
3085 2 0 0 0 0 0 0 0 0
3087 6 1 1 0 0 0 0 0 0
3089 4 0 0 2 0 0 0 0 0
3090 8 0 0 0 0 0 2 0 0
3093 8 0 0 4 2 0 0 0 0
3095 10 1 1 4 0 0 0 0 0
3407 40678 1 1 0 0 0 22188 0 0
3413 7396 1 1 3698 5 0 0 0 0
3417 7396 0 0 0 0 0 0 0 0
3424 7396 0 0 0 0 0 0 0 0
3425 4 0 0 0 0 0 0 0 0
3433 3696 0 0 0 0 0 0 0 0
3441 7392 3 2 0 0 0 0 0 0
3443 3694 0 0 0 0 0 0 0 0
3444 7388 0 0 0 0 0 0 0 0
3453 4 0 0 0 0 0 0 0 0
3456 11049 0 0 7366 6 0 0 0 0
3464 14740 0 0 0 0 0 0 0 0
3465 7370 2 1 0 0 0 0 0 0
3475 7370 0 0 0 0 0 0 0 0
3489 13 0 0 0 0 0 0 0 0
3506 7366 0 0 3683 6 0 0 0 0
3508 25781 3 1 0 0 0 7366 6 0
3509 25779 6 2 3683 0 0 0 0 0
3538 33278 0 0 25884 1 0 0 0 0
5241 11088 0 0 3696 466 0 0 0 0
5242 11088 1 1 0 0 0 0 0 0
5243 7388 0 0 3694 206 0 0 0 0
5244 3694 0 0 0 0 0 0 0 0
fn=sysmalloc_mmap.isra.0
2008 12 0 0 3 0 0 0 0 0
2400 18 2 1 0 0 0 12 0 0
2413 9 0 0 0 0 0 0 0 0
2418 6 0 0 0 0 0 0 0 0
2421 30 2 1 0 0 0 3 2 1
2424 6 0 0 0 0 0 0 0 0
2428 6 0 0 0 0 0 0 0 0
2432 12 2 1 0 0 0 3 0 0
2448 9 0 0 0 0 0 0 0 0
2466 3 0 0 0 0 0 3 3 3
2467 9 0 0 0 0 0 3 0 0
2471 9 2 1 6 0 0 0 0 0
2472 15 0 0 6 0 0 0 0 0
2475 9 0 0 6 0 0 0 0 0
2476 15 2 1 6 0 0 0 0 0
2481 21 0 0 15 0 0 0 0 0
fn=systrim.constprop.0
2957 12 0 0 0 0 0 8 0 0
2966 6 0 0 4 0 0 0 0 0
2968 2 1 1 0 0 0 0 0 0
2969 4 0 0 0 0 0 0 0 0
2974 6 0 0 2 0 0 0 0 0
2975 2 0 0 0 0 0 0 0 0
2978 10 0 0 4 2 0 0 0 0
2980 4 0 0 0 0 0 0 0 0
2987 6 1 1 0 0 0 2 0 0
2988 8 0 0 2 0 0 0 0 0
3000 6 0 0 0 0 0 2 0 0
3001 4 0 0 0 0 0 2 0 0
3003 2 0 0 0 0 0 0 0 0
3005 4 0 0 0 0 0 0 0 0
3009 4 0 0 0 0 0 0 0 0
3012 2 0 0 2 0 0 0 0 0
3013 8 0 0 2 0 0 2 0 0
3015 4 0 0 0 0 0 0 0 0
3020 12 0 0 10 0 0 0 0 0
fn=tcache_init.part.0
3242 4 1 1 0 0 0 2 0 0
3251 8 1 1 3 0 0 0 0 0
3252 3 0 0 0 0 0 1 0 0
3253 2 0 0 0 0 0 0 0 0
3261 4 0 0 2 0 0 0 0 0
3270 2 1 1 1 0 0 1 0 0
3274 3 0 0 3 0 0 0 0 0
fn=unlink_chunk.isra.0
1608 4238 1 1 0 0 0 2119 0 0
1610 10595 2 1 4238 256 0 0 0 0
1613 4241 1 0 4238 41 0 0 0 0
1614 4238 0 0 2119 0 0 0 0 0
1616 8476 0 0 4238 133 0 0 0 0
1619 2119 0 0 0 0 0 2119 0 0
1620 2119 0 0 0 0 0 2119 0 0
1621 7496 0 0 1086 22 0 0 0 0
1623 874 0 0 437 2 0 0 0 0
1624 1311 0 0 874 0 0 0 0 0
1627 874 0 0 437 5 0 0 0 0
1629 16 0 0 0 0 0 0 0 0
1630 3 0 0 0 0 0 3 0 0
1633 20 0 0 0 0 0 5 0 0
1635 5 1 1 0 0 0 5 0 0
1636 10 0 0 5 0 0 5 0 0
1641 429 0 0 0 0 0 429 0 0
1642 429 0 0 0 0 0 429 0 0
1645 4238 1 1 4238 0 0 0 0 0
fl=./malloc/./malloc/morecore.c
fn=__glibc_morecore
25 63 4 2 0 0 0 21 0 0
26 42 0 0 21 0 0 0 0 0
29 21 0 0 0 0 0 21 0 0
30 42 0 0 0 0 0 0 0 0
34 42 0 0 42 0 0 0 0 0
fl=./malloc/./malloc/scratch_buffer_set_array_size.c
fn=__libc_scratch_buffer_set_array_size
30 52 1 1 0 0 0 16 0 0
34 4 0 0 0 0 0 0 0 0
35 8 0 0 0 0 0 0 0 0
45 8 0 0 4 0 0 0 0 0
46 4 0 0 0 0 0 0 0 0
63 24 1 1 20 0 0 0 0 0
fl=./math/../sysdeps/ieee754/dbl-64/e_exp.c
fn=__ieee754_exp_avx
88 2000 0 0 0 0 0 0 0 0
98 1000 1 1 0 0 0 0 0 0
104 1000 0 0 0 0 0 0 0 0
105 3000 0 0 0 0 0 0 0 0
129 2000 0 0 1000 1 1 0 0 0
135 3000 1 1 1000 0 0 0 0 0
137 1000 0 0 0 0 0 0 0 0
139 5000 0 0 2000 0 0 0 0 0
141 3000 0 0 0 0 0 0 0 0
142 2000 0 0 0 0 0 0 0 0
145 1000 0 0 1000 36 33 0 0 0
148 2000 0 0 0 0 0 0 0 0
151 12000 2 2 5000 0 0 0 0 0
152 2000 0 0 0 0 0 0 0 0
157 3000 0 0 1000 0 0 0 0 0
fl=./math/../sysdeps/ieee754/dbl-64/e_log.c
fn=__ieee754_log_avx
39 7782 0 0 0 0 0 0 0 0
49 3891 1 1 0 0 0 0 0 0
61 19455 0 0 0 0 0 0 0 0
65 399 0 0 0 0 0 0 0 0
67 133 0 0 133 0 0 0 0 0
68 266 0 0 0 0 0 0 0 0
69 266 0 0 0 0 0 0 0 0
70 798 2 2 399 0 0 0 0 0
71 1064 0 0 399 0 0 0 0 0
72 1463 1 1 532 1 1 0 0 0
74 266 0 0 133 1 1 0 0 0
75 399 0 0 0 0 0 0 0 0
76 266 0 0 0 0 0 0 0 0
77 532 1 1 133 0 0 0 0 0
78 266 0 0 0 0 0 0 0 0
79 399 0 0 0 0 0 0 0 0
80 532 0 0 0 0 0 0 0 0
81 133 0 0 0 0 0 0 0 0
82 133 0 0 0 0 0 0 0 0
83 133 0 0 133 0 0 0 0 0
85 11274 0 0 0 0 0 0 0 0
102 7516 0 0 0 0 0 0 0 0
103 7516 0 0 0 0 0 0 0 0
104 3758 0 0 0 0 0 0 0 0
105 15032 1 1 0 0 0 0 0 0
106 11274 0 0 0 0 0 0 0 0
117 33822 0 0 11274 65 65 0 0 0
119 7516 1 1 0 0 0 0 0 0
122 11274 0 0 7516 0 0 0 0 0
123 7516 0 0 0 0 0 0 0 0
124 15032 0 0 3758 0 0 0 0 0
127 7516 0 0 0 0 0 0 0 0
130 56370 2 2 18790 1 1 0 0 0
131 3758 0 0 3758 0 0 0 0 0
fl=./math/../sysdeps/ieee754/dbl-64/e_pow.c
fn=__ieee754_pow_sse2
45 14 0 0 0 0 0 0 0 0
62 4 0 0 0 0 0 0 0 0
63 4 0 0 0 0 0 0 0 0
64 2 0 0 0 0 0 0 0 0
65 8 0 0 0 0 0 0 0 0
67 4 0 0 0 0 0 0 0 0
70 12 1 1 2 2 2 0 0 0
71 4 0 0 0 0 0 0 0 0
80 4 0 0 0 0 0 0 0 0
81 4 0 0 0 0 0 0 0 0
82 6 0 0 2 1 0 0 0 0
83 2 0 0 0 0 0 0 0 0
84 4 0 0 0 0 0 0 0 0
88 6 1 1 4 0 0 0 0 0
89 4 1 1 0 0 0 0 0 0
90 4 0 0 4 0 0 0 0 0
91 4 0 0 0 0 0 0 0 0
95 6 0 0 2 1 1 0 0 0
96 4 0 0 0 0 0 0 0 0
97 2 0 0 0 0 0 0 0 0
104 2 0 0 0 0 0 0 0 0
105 2 0 0 0 0 0 0 0 0
106 4 0 0 0 0 0 0 0 0
107 4 0 0 0 0 0 0 0 0
108 4 0 0 0 0 0 0 0 0
111 2 0 0 0 0 0 0 0 0
112 26 1 1 12 1 1 0 0 0
113 10 1 1 0 0 0 0 0 0
114 4 0 0 0 0 0 0 0 0
115 4 0 0 0 0 0 0 0 0
193 2 0 0 0 0 0 0 0 0
194 6 0 0 0 0 0 0 0 0
218 4 1 1 2 1 0 0 0 0
225 6 0 0 2 0 0 0 0 0
227 2 0 0 0 0 0 0 0 0
229 10 1 1 4 0 0 0 0 0
231 2 0 0 0 0 0 0 0 0
233 6 0 0 0 0 0 0 0 0
234 4 0 0 0 0 0 0 0 0
237 2 0 0 2 2 0 0 0 0
240 4 1 1 0 0 0 0 0 0
243 24 0 0 10 0 0 0 0 0
244 4 0 0 0 0 0 0 0 0
249 6 1 1 0 0 0 0 0 0
283 2 1 1 0 0 0 0 0 0
284 2 0 0 0 0 0 0 0 0
292 16 1 1 0 0 0 0 0 0
373 2 0 0 0 0 0 0 0 0
375 4 1 1 0 0 0 0 0 0
376 4 0 0 0 0 0 0 0 0
377 6 0 0 0 0 0 0 0 0
380 4 0 0 2 0 0 0 0 0
fl=./math/../sysdeps/ieee754/dbl-64/math_config.h
fn=__ieee754_exp_avx
85 2000 0 0 0 0 0 0 0 0
97 1000 0 0 0 0 0 0 0 0
fn=__ieee754_log_avx
85 3891 1 1 0 0 0 0 0 0
fn=__ieee754_pow_sse2
85 8 0 0 0 0 0 0 0 0
97 18 1 1 0 0 0 0 0 0
fl=./math/../sysdeps/x86_64/fpu/multiarch/e_asin.c
fn=__acos_finite@GLIBC_2.15
35 1 1 1 0 0 0 0 0 0
fn=__asin_finite@GLIBC_2.15
27 2 1 1 1 0 0 0 0 0
fl=./math/../sysdeps/x86_64/fpu/multiarch/e_atan2.c
fn=__atan2_finite@GLIBC_2.15
26 2 1 1 1 0 0 0 0 0
fl=./math/../sysdeps/x86_64/fpu/multiarch/e_exp.c
fn=__exp_finite@GLIBC_2.15
27 2 1 1 1 0 0 0 0 0
fl=./math/../sysdeps/x86_64/fpu/multiarch/e_exp2f.c
fn=exp2f@@GLIBC_2.27
27 2 1 1 1 0 0 0 0 0
fl=./math/../sysdeps/x86_64/fpu/multiarch/e_expf.c
fn=expf@@GLIBC_2.27
27 2 1 1 1 0 0 0 0 0
fl=./math/../sysdeps/x86_64/fpu/multiarch/e_log.c
fn=__log_finite@GLIBC_2.15
27 2 1 1 1 0 0 0 0 0
fl=./math/../sysdeps/x86_64/fpu/multiarch/e_log2.c
fn=log2@@GLIBC_2.29
27 2 1 1 1 0 0 0 0 0
fl=./math/../sysdeps/x86_64/fpu/multiarch/e_log2f.c
fn=log2f@@GLIBC_2.27
27 2 2 2 1 0 0 0 0 0
fl=./math/../sysdeps/x86_64/fpu/multiarch/e_logf.c
fn=logf@@GLIBC_2.27
27 2 1 1 1 0 0 0 0 0
fl=./math/../sysdeps/x86_64/fpu/multiarch/e_pow.c
fn=__pow_finite@GLIBC_2.15
27 2 1 1 1 0 0 0 0 0
fl=./math/../sysdeps/x86_64/fpu/multiarch/e_powf.c
fn=powf@@GLIBC_2.27
30 1 1 1 0 0 0 0 0 0
fl=./math/../sysdeps/x86_64/fpu/multiarch/ifunc-avx-fma4.h
fn=__atan2_finite@GLIBC_2.15
32 4 0 0 2 0 0 0 0 0
36 3 1 1 1 0 0 0 0 0
39 4 0 0 0 0 0 0 0 0
fn=__exp_finite@GLIBC_2.15
32 4 0 0 2 0 0 0 0 0
36 3 1 1 1 0 0 0 0 0
39 4 0 0 0 0 0 0 0 0
fn=__log_finite@GLIBC_2.15
32 4 0 0 2 0 0 0 0 0
36 3 1 1 1 0 0 0 0 0
39 4 0 0 0 0 0 0 0 0
fn=cos
32 4 1 1 2 0 0 0 0 0
36 3 0 0 1 0 0 0 0 0
39 4 0 0 0 0 0 0 0 0
fn=sin
32 4 0 0 2 0 0 0 0 0
36 3 0 0 1 0 0 0 0 0
39 4 0 0 0 0 0 0 0 0
fl=./math/../sysdeps/x86_64/fpu/multiarch/ifunc-fma.h
fn=__log1p
29 4 0 0 2 0 0 0 0 0
fn=cosf
29 4 0 0 2 0 0 0 0 0
fn=exp2f@@GLIBC_2.27
29 4 0 0 2 0 0 0 0 0
fn=expf@@GLIBC_2.27
29 4 1 1 2 0 0 0 0 0
fn=expm1
29 4 0 0 2 0 0 0 0 0
fn=log2@@GLIBC_2.29
29 4 0 0 2 0 0 0 0 0
fn=log2f@@GLIBC_2.27
29 4 0 0 2 0 0 0 0 0
fn=logf@@GLIBC_2.27
29 4 0 0 2 0 0 0 0 0
fn=powf@@GLIBC_2.27
29 4 0 0 2 0 0 0 0 0
30 1 0 0 1 0 0 0 0 0
fn=sincosf
29 4 1 1 2 0 0 0 0 0
fn=sinf
29 4 0 0 2 0 0 0 0 0
fl=./math/../sysdeps/x86_64/fpu/multiarch/ifunc-fma4.h
fn=__acos_finite@GLIBC_2.15
31 3 0 0 2 0 0 0 0 0
35 5 1 1 2 0 0 0 0 0
fn=__asin_finite@GLIBC_2.15
31 3 0 0 2 0 0 0 0 0
35 4 0 0 1 0 0 0 0 0
fn=__pow_finite@GLIBC_2.15
31 3 1 1 2 0 0 0 0 0
35 4 0 0 1 0 0 0 0 0
fn=sincos
31 3 1 1 2 0 0 0 0 0
35 4 0 0 1 0 0 0 0 0
fl=./math/../sysdeps/x86_64/fpu/multiarch/s_cosf.c
fn=cosf
26 2 1 1 1 0 0 0 0 0
fl=./math/../sysdeps/x86_64/fpu/multiarch/s_expm1.c
fn=expm1
26 2 2 2 1 0 0 0 0 0
fl=./math/../sysdeps/x86_64/fpu/multiarch/s_fma.c
fn=fma
49 10 2 2 4 0 0 0 0 0
fl=./math/../sysdeps/x86_64/fpu/multiarch/s_log1p.c
fn=__log1p
26 2 1 1 1 0 0 0 0 0
fl=./math/../sysdeps/x86_64/fpu/multiarch/s_sin.c
fn=cos
34 2 1 1 1 0 0 0 0 0
fn=sin
27 2 1 1 1 0 0 0 0 0
fl=./math/../sysdeps/x86_64/fpu/multiarch/s_sincos.c
fn=sincos
26 2 1 1 1 0 0 0 0 0
fl=./math/../sysdeps/x86_64/fpu/multiarch/s_sincosf.c
fn=sincosf
26 2 1 1 1 0 0 0 0 0
fl=./math/../sysdeps/x86_64/fpu/multiarch/s_sinf.c
fn=sinf
26 2 1 1 1 0 0 0 0 0
fl=./math/./w_exp_template.c
fn=exp@@GLIBC_2.29
31 6000 1 1 0 0 0 2000 0 0
32 1000 0 0 0 0 0 1000 0 0
33 10000 1 1 2000 2 2 0 0 0
37 3000 0 0 3000 0 0 0 0 0
fl=./math/./w_log_template.c
fn=log@@GLIBC_2.29
31 3891 1 1 0 0 0 0 0 0
32 11673 0 0 0 0 0 0 0 0
41 3891 1 1 0 0 0 0 0 0
fl=./math/./w_pow_template.c
fn=pow@@GLIBC_2.29
31 12 2 1 0 0 0 4 0 0
32 4 0 0 0 0 0 4 0 0
33 14 0 0 6 1 0 0 0 0
45 8 0 0 0 0 0 0 0 0
49 6 1 1 6 0 0 0 0 0
fl=./misc/../sysdeps/unix/syscall-template.S
fn=gettid
91 3 1 1 0 0 0 0 0 0
93 1 0 0 1 0 0 0 0 0
fn=mprotect
117 35 3 3 0 0 0 0 0 0
122 7 0 0 7 0 0 0 0 0
fn=munmap
117 20 1 1 0 0 0 0 0 0
122 4 0 0 4 0 0 0 0 0
fl=./misc/../sysdeps/unix/sysv/linux/brk.c
fn=brk
36 17 2 1 0 0 0 0 0 0
37 34 0 0 17 0 0 17 0 0
38 34 0 0 0 0 0 0 0 0
44 17 0 0 0 0 0 0 0 0
45 17 0 0 17 0 0 0 0 0
fl=./misc/../sysdeps/unix/sysv/linux/brk_call.h
fn=brk
24 34 0 0 0 0 0 0 0 0
fl=./misc/../sysdeps/unix/sysv/linux/getpagesize.c
fn=getpagesize
27 2 1 1 0 0 0 0 0 0
28 8 0 0 4 0 0 0 0 0
30 2 0 0 2 0 0 0 0 0
fl=./misc/../sysdeps/unix/sysv/linux/mmap64.c
fn=mmap
47 168 4 2 0 0 0 72 1 1
50 48 0 0 0 0 0 0 0 0
53 111 4 2 4 0 0 0 0 0
58 144 0 0 0 0 0 0 0 0
60 96 0 0 96 0 0 0 0 0
fl=./misc/../sysdeps/unix/sysv/linux/mremap.c
fn=mremap
26 18 2 2 2 2 0 6 2 0
30 6 0 0 0 0 0 0 0 0
37 8 0 0 0 0 0 0 0 0
39 10 0 0 8 0 0 0 0 0
fl=./misc/../sysdeps/unix/sysv/linux/setvmaname.c
fn=__set_vma_name
33 32 4 3 0 0 0 16 0 0
35 22 0 0 9 3 1 3 0 0
40 14 0 0 2 0 0 2 2 1
47 2 2 2 0 0 0 2 0 0
48 1 0 0 0 0 0 0 0 0
49 36 2 1 26 0 0 0 0 0
fl=./misc/./misc/getauxval.c
fn=getauxval
30 2 0 0 0 0 0 0 0 0
32 1 0 0 1 0 0 0 0 0
35 2 0 0 0 0 0 0 0 0
42 92 0 0 24 6 0 0 0 0
43 44 0 0 0 0 0 0 0 0
56 1 1 1 0 0 0 0 0 0
62 2 1 1 1 0 0 1 0 0
63 1 0 0 0 0 0 0 0 0
64 1 0 0 1 0 0 0 0 0
fl=./misc/./misc/init-misc.c
fn=__init_misc
30 5 1 1 0 0 0 3 0 0
31 6 0 0 1 0 0 0 0 0
33 3 0 0 0 0 0 1 0 0
37 5 0 0 1 0 0 1 1 0
38 3 1 1 2 0 0 1 0 0
40 4 0 0 4 0 0 0 0 0
fl=./misc/./misc/sbrk.c
fn=sbrk
37 168 2 1 0 0 0 84 2 0
40 42 0 0 42 28 0 0 0 0
43 42 0 0 21 14 0 0 0 0
58 42 2 1 0 0 0 0 0 0
59 4 1 1 0 0 0 1 0 0
62 42 0 0 0 0 0 0 0 0
63 2 0 0 1 0 0 0 0 0
66 64 0 0 0 0 0 0 0 0
68 4 0 0 0 0 0 0 0 0
74 48 2 1 0 0 0 16 0 0
78 147 0 0 105 0 0 0 0 0
fl=./nptl/../string/bits/string_fortified.h
fn=pthread_attr_init@@GLIBC_2.2.5
59 5 0 0 0 0 0 4 0 0
fn=pthread_attr_setaffinity_np@@GLIBC_2.32
29 4 0 0 0 0 0 1 0 0
fn=pthread_getaffinity_np@@GLIBC_2.32
59 2 0 0 0 0 0 1 0 0
fn=pthread_getattr_np@@GLIBC_2.32
29 2 0 0 1 0 0 1 0 0
fl=./nptl/../sysdeps/unix/sysv/linux/x86/elision-conf.c
fn=__lll_elision_init
92 8 1 1 1 0 0 3 0 0
96 5 1 1 0 0 0 1 0 0
98 4 0 0 0 0 0 1 0 0
100 4 1 1 0 0 0 1 0 0
102 4 0 0 0 0 0 1 0 0
104 4 0 0 0 0 0 1 0 0
107 3 0 0 1 1 1 0 0 0
108 1 1 1 0 0 0 1 1 1
109 6 0 0 5 0 0 0 0 0
fl=./nptl/./nptl/libc-cleanup.c
fn=__libc_cleanup_pop_restore
54 55 2 1 0 0 0 0 0 0
55 55 0 0 55 0 0 0 0 0
57 110 0 0 55 0 0 55 0 0
59 55 0 0 55 0 0 0 0 0
60 165 0 0 55 0 0 0 0 0
71 55 2 1 55 0 0 0 0 0
fn=__libc_cleanup_push_defer
24 55 2 1 0 0 0 0 0 0
25 55 0 0 55 0 0 0 0 0
27 110 2 1 55 0 0 55 0 0
29 110 0 0 55 1 0 0 0 0
32 110 0 0 0 0 0 0 0 0
46 165 0 0 0 0 0 55 0 0
48 55 0 0 0 0 0 55 0 0
49 55 0 0 55 0 0 0 0 0
fl=./nptl/./nptl/pthread_attr_destroy.c
fn=pthread_attr_destroy
26 6 1 1 0 0 0 2 0 0
36 3 0 0 1 0 0 0 0 0
38 2 0 0 1 0 0 1 0 0
39 2 0 0 1 0 0 1 0 0
44 4 0 0 3 0 0 0 0 0
fl=./nptl/./nptl/pthread_attr_extension.c
fn=__pthread_attr_extension
25 6 2 2 0 0 0 2 0 0
26 2 0 0 1 0 0 0 0 0
27 1 0 0 0 0 0 0 0 0
28 4 0 0 0 0 0 2 0 0
29 2 0 0 0 0 0 0 0 0
32 3 0 0 3 0 0 0 0 0
fl=./nptl/./nptl/pthread_attr_getstack.c
fn=pthread_attr_getstack@@GLIBC_2.34
24 2 1 1 0 0 0 0 0 0
31 4 0 0 2 0 0 1 0 0
35 1 0 0 0 0 0 1 0 0
38 2 0 0 1 0 0 0 0 0
fl=./nptl/./nptl/pthread_attr_init.c
fn=pthread_attr_init@@GLIBC_2.2.5
32 6 1 1 0 0 0 2 0 0
46 3 0 0 0 0 0 2 0 0
49 4 0 0 3 0 0 0 0 0
fl=./nptl/./nptl/pthread_attr_setaffinity.c
fn=pthread_attr_setaffinity_np@@GLIBC_2.32
29 8 1 1 0 0 0 4 0 0
34 5 0 0 0 0 0 0 0 0
45 1 0 0 0 0 0 1 0 0
46 2 0 0 0 0 0 0 0 0
49 3 0 0 2 0 0 0 0 0
51 4 0 0 1 0 0 1 0 0
52 2 1 1 0 0 0 0 0 0
55 2 0 0 1 0 0 1 0 0
56 1 0 0 0 0 0 1 0 0
62 1 0 0 0 0 0 0 0 0
63 7 1 1 5 0 0 0 0 0
fl=./nptl/./nptl/pthread_getaffinity.c
fn=pthread_getaffinity_np@@GLIBC_2.32
30 5 2 2 0 0 0 1 0 0
33 6 0 0 1 0 0 0 0 0
35 2 0 0 0 0 0 0 0 0
39 4 0 0 0 0 0 0 0 0
41 1 0 0 0 0 0 0 0 0
42 2 0 0 2 0 0 0 0 0
fl=./nptl/./nptl/pthread_getattr_np.c
fn=pthread_getattr_np@@GLIBC_2.32
33 14 2 2 1 0 0 7 0 0
37 3 0 0 0 0 0 1 0 0
38 2 0 0 0 0 0 0 0 0
43 7 1 1 1 1 0 1 0 0
49 4 1 1 1 0 0 1 0 0
52 1 0 0 1 0 0 0 0 0
55 2 0 0 1 0 0 0 0 0
59 2 0 0 1 1 0 1 0 0
62 3 0 0 1 0 0 0 0 0
85 5 1 1 0 0 0 2 0 0
86 3 0 0 1 0 0 0 0 0
91 7 0 0 1 0 0 2 0 0
102 2 0 0 2 1 0 0 0 0
103 11 1 1 7 0 0 0 0 0
105 1 0 0 0 0 0 0 0 0
108 4 1 1 1 0 0 1 0 0
112 7 1 1 0 0 0 1 0 0
114 1 0 0 0 0 0 1 0 0
115 1 0 0 0 0 0 1 0 0
117 3 1 1 0 0 0 0 0 0
120 110 1 1 50 0 0 5 0 0
122 306 1 1 0 0 0 51 0 0
127 408 0 0 51 0 0 51 0 0
129 204 0 0 153 0 0 0 0 0
130 153 0 0 51 0 0 0 0 0
133 1 0 0 0 0 0 1 0 0
135 4 1 1 1 0 0 0 0 0
140 2 0 0 0 0 0 1 0 0
141 1 0 0 0 0 0 0 0 0
144 2 0 0 0 0 0 0 0 0
145 1 0 0 0 0 0 0 0 0
158 50 0 0 0 0 0 0 0 0
162 7 1 1 3 0 0 3 0 0
165 6 1 1 2 0 0 3 0 0
169 1 0 0 1 0 0 0 0 0
171 2 0 0 0 0 0 0 0 0
178 1 1 1 0 0 0 0 0 0
180 5 0 0 0 0 0 1 0 0
181 2 0 0 0 0 0 0 0 0
188 4 0 0 0 0 0 1 0 0
191 4 0 0 0 0 0 0 0 0
193 7 1 1 1 0 0 0 0 0
194 7 1 1 0 0 0 3 0 0
198 2 0 0 0 0 0 1 0 0
201 6 1 1 5 0 0 0 0 0
203 2 0 0 0 0 0 0 0 0
207 12 1 0 9 0 0 0 0 0
fl=./nptl/./nptl/pthread_mutex_conf.c
fn=__pthread_tunables_init
55 8 1 1 1 0 0 3 0 0
56 5 1 1 0 0 0 1 0 0
58 4 0 0 0 0 0 1 0 0
60 4 1 1 0 0 0 1 0 0
62 6 0 0 5 0 0 0 0 0
fl=./nptl/./nptl/pthread_mutex_lock.c
fn=pthread_mutex_lock@@GLIBC_2.2.5
44 1 1 1 1 0 0 0 0 0
45 7 1 1 2 0 0 0 0 0
46 1 0 0 0 0 0 1 0 0
77 5 1 1 0 0 0 2 0 0
80 3 0 0 1 0 0 0 0 0
82 1 0 0 0 0 0 0 0 0
84 2 0 0 0 0 0 0 0 0
88 2 0 0 0 0 0 0 0 0
97 2 1 1 0 0 0 0 0 0
108 4 0 0 1 0 0 0 0 0
112 1 0 0 1 1 0 0 0 0
115 2 0 0 1 0 0 0 0 0
124 1 0 0 0 0 0 0 0 0
130 3 0 0 1 0 0 0 0 0
131 2 0 0 0 0 0 1 0 0
179 1 1 1 1 0 0 0 0 0
182 1 1 1 0 0 0 1 0 0
184 1 0 0 1 0 0 0 0 0
187 1 0 0 0 0 0 0 0 0
190 3 0 0 3 0 0 0 0 0
fl=./nptl/./nptl/pthread_mutex_unlock.c
fn=pthread_mutex_unlock@@GLIBC_2.2.5
39 1 0 0 1 0 0 0 0 0
40 4 1 1 1 0 0 0 0 0
41 1 0 0 0 0 0 1 0 0
51 3 0 0 1 0 0 0 0 0
52 2 0 0 0 0 0 0 0 0
57 2 0 0 0 0 0 0 0 0
62 1 0 0 0 0 0 1 0 0
65 1 0 0 1 0 0 0 0 0
70 1 0 0 0 0 0 0 0 0
72 1 0 0 0 0 0 0 0 0
74 2 1 1 0 0 0 0 0 0
80 4 0 0 1 0 0 0 0 0
84 3 0 0 2 0 0 0 0 0
87 2 1 1 1 0 0 0 0 0
367 4 1 1 0 0 0 1 0 0
369 2 0 0 2 0 0 0 0 0
fl=./nptl/./nptl/pthread_self.c
fn=pthread_self
23 1 1 1 0 0 0 0 0 0
25 2 0 0 2 0 0 0 0 0
fl=./posix/../malloc/dynarray-skeleton.c
fn=__unregister_atfork
243 4 0 0 4 1 1 0 0 0
fl=./posix/../sysdeps/posix/sysconf.c
fn=sysconf
60 14 6 6 1 1 1 0 0 0
221 3 1 1 0 0 0 1 0 0
fl=./posix/../sysdeps/unix/sysv/linux/_exit.c
fn=_Exit
27 2 1 1 1 0 0 0 0 0
30 4 0 0 0 0 0 0 0 0
fl=./posix/../sysdeps/unix/sysv/linux/x86/../sysconf.c
fn=sysconf
49 10 0 0 0 0 0 0 0 0
fl=./posix/../sysdeps/unix/sysv/linux/x86/sysconf.c
fn=sysconf
32 12 1 1 1 0 0 6 0 0
33 3 1 1 0 0 0 0 0 0
37 10 1 1 8 0 0 0 0 0
fl=./posix/./posix/register-atfork.c
fn=__unregister_atfork
71 8 1 1 0 0 0 0 0 0
82 24 1 1 0 0 0 8 0 0
83 16 0 0 4 1 1 0 0 0
109 16 1 1 8 0 0 0 0 0
110 12 0 0 12 0 0 0 0 0
fl=./resource/../sysdeps/unix/sysv/linux/getrlimit64.c
fn=getrlimit
38 4 1 1 0 0 0 0 0 0
39 14 0 0 0 0 0 0 0 0
40 2 0 0 2 0 0 0 0 0
fl=./setjmp/../sysdeps/x86_64/bsd-_setjmp.S
fn=_setjmp
28 1 1 1 0 0 0 0 0 0
30 1 0 0 0 0 0 0 0 0
32 1 0 0 0 0 0 0 0 0
fl=./setjmp/../sysdeps/x86_64/setjmp.S
fn=__sigsetjmp
31 10 2 2 0 0 0 0 0 0
33 10 0 0 0 0 0 10 0 0
42 10 0 0 0 0 0 0 0 0
43 20 0 0 10 0 0 0 0 0
44 10 0 0 0 0 0 10 0 0
48 10 0 0 0 0 0 10 0 0
49 10 0 0 0 0 0 10 0 0
50 10 0 0 0 0 0 10 1 1
51 10 0 0 0 0 0 10 0 0
52 10 0 0 0 0 0 0 0 0
54 20 1 1 10 0 0 0 0 0
56 10 0 0 0 0 0 10 0 0
57 10 1 1 10 0 0 0 0 0
58 10 0 0 0 0 0 0 0 0
60 20 0 0 10 0 0 0 0 0
62 10 0 0 0 0 0 10 0 0
67 1 0 0 1 1 0 0 0 0
68 1 0 0 0 0 0 0 0 0
70 9 0 0 0 0 0 0 0 0
73 9 0 0 0 0 0 0 0 0
74 9 0 0 0 0 0 9 0 0
81 9 0 0 0 0 0 0 0 0
82 9 0 0 9 0 0 0 0 0
85 1 1 1 0 0 0 0 0 0
fl=./setjmp/./setjmp/sigjmp.c
fn=__sigjmp_save
28 6 0 0 0 0 0 2 0 0
29 1 0 0 0 0 0 1 0 0
30 2 0 0 0 0 0 0 0 0
34 4 0 0 3 0 0 0 0 0
fl=./signal/../string/bits/string_fortified.h
fn=__libc_sigaction
29 96 3 3 48 1 0 48 1 0
fl=./signal/../sysdeps/posix/signal.c
fn=signal
30 7 2 2 1 0 0 2 1 0
34 5 0 0 0 0 0 0 0 0
35 2 0 0 0 0 0 0 0 0
41 1 0 0 0 0 0 1 0 0
44 4 1 1 0 0 0 1 1 0
45 6 0 0 0 0 0 1 0 0
48 1 0 0 1 0 0 0 0 0
49 5 0 0 4 0 0 0 0 0
fl=./signal/../sysdeps/unix/syscall-template.S
fn=sigaltstack
120 10 1 1 0 0 0 0 0 0
122 2 0 0 2 0 0 0 0 0
fl=./signal/../sysdeps/unix/sysv/linux/internal-signals.h
fn=sigaction
53 5 0 0 0 0 0 0 0 0
fn=signal
53 1 0 0 0 0 0 0 0 0
fl=./signal/../sysdeps/unix/sysv/linux/libc_sigaction.c
fn=__libc_sigaction
43 40 1 1 5 0 0 10 0 0
48 10 0 0 0 0 0 0 0 0
50 6 0 0 3 0 0 3 0 0
53 15 1 1 3 0 0 6 0 0
58 51 1 1 0 0 0 0 0 0
63 20 0 0 0 0 0 0 0 0
65 6 0 0 3 0 0 3 0 0
67 6 1 1 3 0 0 3 0 0
68 6 0 0 3 0 0 3 0 0
71 30 0 0 20 0 0 0 0 0
fl=./signal/../sysdeps/unix/sysv/linux/sigsetops.h
fn=signal
96 1 0 0 1 1 0 0 0 0
102 2 0 0 0 0 0 0 0 0
104 1 0 0 0 0 0 1 0 0
fl=./signal/./signal/sigaction.c
fn=sigaction
26 5 1 1 0 0 0 0 0 0
27 25 0 0 0 0 0 0 0 0
33 5 0 0 0 0 0 0 0 0
fl=./stdio-common/../include/scratch_buffer.h
fn=__vfscanf_internal
77 153 0 0 0 0 0 102 0 0
78 51 0 0 0 0 0 51 1 0
85 204 1 1 102 0 0 0 0 0
113 714 0 0 0 0 0 102 0 0
fl=./stdio-common/../libio/strfile.h
fn=__isoc23_sscanf
87 51 1 1 0 0 0 51 0 0
88 357 1 1 0 0 0 51 0 0
89 102 0 0 0 0 0 51 0 0
90 255 0 0 0 0 0 51 0 0
fl=./stdio-common/../string/bits/string_fortified.h
fn=__vfscanf_internal
59 51 0 0 0 0 0 51 0 0
fl=./stdio-common/./stdio-common/getline.c
fn=getline
27 102 1 1 0 0 0 0 0 0
28 102 1 1 0 0 0 0 0 0
fl=./stdio-common/./stdio-common/isoc23_sscanf.c
fn=__isoc23_sscanf
24 918 2 2 51 0 0 459 0 0
30 306 1 1 0 0 0 204 0 0
31 255 0 0 0 0 0 51 0 0
36 459 1 1 357 0 0 0 0 0
fl=./stdio-common/./stdio-common/printf-parse.h
fn=__vfscanf_internal
55 612 1 1 102 0 0 102 0 0
fl=./stdio-common/./stdio-common/vfscanf-internal.c
fn=__vfscanf_internal
206 306 1 1 306 0 0 0 0 0
214 204 0 0 0 0 0 0 0 0
222 408 0 0 0 0 0 102 0 0
223 204 0 0 102 0 0 0 0 0
231 102 0 0 102 0 0 0 0 0
260 3610 1 1 1736 0 0 0 0 0
263 2910 0 0 0 0 0 1940 1 0
278 663 2 2 0 0 0 459 2 0
282 51 0 0 0 0 0 51 0 0
283 153 0 0 0 0 0 51 0 0
284 51 0 0 0 0 0 0 0 0
288 255 0 0 153 1 0 102 1 0
289 102 1 1 51 0 0 51 1 0
293 51 0 0 0 0 0 51 0 0
313 51 0 0 0 0 0 51 0 0
325 51 1 1 0 0 0 51 0 0
326 51 0 0 0 0 0 51 0 0
327 51 0 0 0 0 0 51 0 0
328 51 0 0 0 0 0 51 0 0
332 51 1 1 0 0 0 51 0 0
339 255 1 1 102 0 0 153 1 0
345 255 1 1 51 0 0 0 0 0
348 204 0 0 102 0 0 0 0 0
352 102 0 0 102 0 0 0 0 0
359 102 0 0 51 1 0 51 0 0
365 51 0 0 51 1 0 0 0 0
367 204 0 0 51 1 1 51 0 0
372 510 2 2 153 1 0 204 1 0
381 816 1 1 408 2 2 0 0 0
419 306 0 0 0 0 0 0 0 0
443 408 0 0 153 0 0 102 0 0
444 306 0 0 0 0 0 0 0 0
447 255 1 1 153 0 0 0 0 0
454 459 0 0 153 0 0 51 0 0
462 153 0 0 51 0 0 0 0 0
470 102 0 0 0 0 0 0 0 0
483 102 1 1 0 0 0 102 0 0
489 510 0 0 102 0 0 0 0 0
506 510 2 2 0 0 0 0 0 0
530 102 0 0 0 0 0 0 0 0
533 1122 1 1 102 1 1 102 0 0
546 306 1 1 102 0 0 0 0 0
554 102 0 0 102 0 0 0 0 0
660 204 1 1 0 0 0 0 0 0
664 204 1 1 0 0 0 102 0 0
665 612 0 0 102 0 0 0 0 0
669 204 0 0 204 0 0 0 0 0
670 1020 1 1 102 0 0 408 0 0
676 918 1 1 306 0 0 102 0 0
679 612 0 0 204 2 1 0 0 0
680 816 1 1 306 0 0 102 0 0
681 816 0 0 0 0 0 306 0 0
685 1530 2 2 510 1 1 306 0 0
1449 714 2 2 306 0 0 102 0 0
1454 306 0 0 0 0 0 0 0 0
1463 714 2 2 0 0 0 0 0 0
1465 264 0 0 0 0 0 0 0 0
1469 462 1 1 198 0 0 66 0 0
1471 528 0 0 198 1 1 0 0 0
1483 132 0 0 0 0 0 0 0 0
1493 132 1 1 0 0 0 0 0 0
1497 72 1 1 0 0 0 0 0 0
1500 306 1 1 0 0 0 0 0 0
1741 408 0 0 102 0 0 102 0 0
1812 2624 1 1 0 0 0 0 0 0
1814 1808 0 0 0 0 0 0 0 0
1816 4622 0 0 2712 1 1 0 0 0
1821 306 1 1 102 0 0 102 0 0
1876 802 0 0 0 0 0 0 0 0
1878 3208 0 0 0 0 0 0 0 0
1880 7218 1 1 2406 0 0 802 0 0
1883 204 0 0 0 0 0 0 0 0
1890 204 1 1 0 0 0 0 0 0
1891 204 0 0 0 0 0 0 0 0
1919 1020 1 1 306 0 0 204 0 0
1923 204 0 0 102 0 0 0 0 0
1940 306 0 0 0 0 0 0 0 0
1941 204 1 1 0 0 0 0 0 0
1944 408 1 1 102 0 0 102 0 0
1947 306 1 1 204 0 0 0 0 0
1950 510 0 0 102 0 0 102 0 0
1952 204 0 0 0 0 0 0 0 0
1956 102 0 0 0 0 0 0 0 0
1969 204 1 1 0 0 0 0 0 0
1970 1224 1 1 408 0 0 204 0 0
1979 204 0 0 102 0 0 0 0 0
3078 204 1 1 0 0 0 0 0 0
3083 102 1 1 0 0 0 0 0 0
3094 306 1 1 102 0 0 0 0 0
3097 102 1 1 0 0 0 0 0 0
3104 204 1 1 51 0 0 51 0 0
3108 102 0 0 51 0 0 0 0 0
3125 102 0 0 51 0 0 0 0 0
3131 612 1 1 510 0 0 0 0 0
fl=./stdlib/../stdlib/strtol.c
fn=__strtoul_internal
107 102 1 1 0 0 0 0 0 0
108 408 0 0 204 0 0 0 0 0
fl=./stdlib/../stdlib/strtol_l.c
fn=____strtoul_l_internal
238 1326 1 1 0 0 0 918 1 0
252 102 1 1 102 0 0 0 0 0
257 102 0 0 0 0 0 0 0 0
258 36 0 0 0 0 0 0 0 0
264 204 0 0 0 0 0 0 0 0
292 102 0 0 0 0 0 0 0 0
295 408 0 0 0 0 0 0 0 0
304 612 0 0 408 0 0 0 0 0
306 204 1 1 0 0 0 0 0 0
310 102 0 0 0 0 0 102 0 0
311 204 0 0 0 0 0 0 0 0
316 204 0 0 0 0 0 0 0 0
320 204 1 1 0 0 0 0 0 0
322 462 1 1 198 2 1 0 0 0
327 132 1 1 66 0 0 0 0 0
332 330 2 2 0 0 0 0 0 0
335 72 0 0 0 0 0 0 0 0
342 72 1 1 0 0 0 0 0 0
387 72 0 0 0 0 0 0 0 0
390 276 0 0 102 1 1 0 0 0
391 438 0 0 102 1 1 102 0 0
393 102 0 0 0 0 0 0 0 0
394 102 0 0 0 0 0 0 0 0
395 168 1 1 0 0 0 0 0 0
449 1736 0 0 868 0 0 0 0 0
451 3652 0 0 36 0 0 0 0 0
453 2604 1 1 0 0 0 0 0 0
460 172 0 0 0 0 0 0 0 0
477 274 1 1 188 0 0 0 0 0
478 274 0 0 86 1 1 0 0 0
481 2604 0 0 0 0 0 0 0 0
484 3472 1 1 0 0 0 0 0 0
489 1072 0 0 0 0 0 0 0 0
490 2604 0 0 0 0 0 0 0 0
495 204 0 0 0 0 0 0 0 0
500 306 0 0 102 0 0 0 0 0
501 102 0 0 0 0 0 102 0 0
513 204 0 0 0 0 0 0 0 0
524 510 1 1 102 0 0 0 0 0
546 918 0 0 714 0 0 0 0 0
fl=./stdlib/../sysdeps/unix/sysv/linux/getrandom.c
fn=getrandom
28 1 1 1 0 0 0 0 0 0
29 6 0 0 1 0 0 0 0 0
30 1 0 0 1 0 0 0 0 0
fl=./stdlib/./stdlib/cxa_atexit.c
fn=__cxa_atexit
41 2 1 1 0 0 0 0 0 0
43 8 0 0 1 1 0 0 0 0
44 2 0 0 0 0 0 1 0 0
46 2 0 0 0 0 0 0 0 0
52 3 0 0 1 0 0 0 0 0
53 1 0 0 0 0 0 1 0 0
54 1 0 0 0 0 0 1 0 0
55 1 1 1 0 0 0 1 0 0
56 1 0 0 0 0 0 1 0 0
57 4 0 0 2 0 0 0 0 0
58 1 0 0 0 0 0 0 0 0
67 7 1 1 0 0 0 5 0 0
69 6 0 0 6 0 0 0 0 0
fn=__new_exitfn
80 5 1 1 0 0 0 3 0 0
81 1 0 0 0 0 0 0 0 0
86 2 0 0 1 1 1 0 0 0
91 10 0 0 2 1 0 0 0 0
93 4 1 1 1 1 0 0 0 0
101 1 0 0 0 0 0 1 0 0
122 1 0 0 0 0 0 0 0 0
123 1 1 1 0 0 0 1 0 0
134 1 0 0 0 0 0 0 0 0
136 1 1 1 0 0 0 1 0 0
137 1 0 0 1 0 0 0 0 0
141 5 0 0 4 0 0 0 0 0
fl=./stdlib/./stdlib/cxa_finalize.c
fn=__cxa_finalize
30 40 1 1 0 0 0 24 0 0
33 28 0 0 4 0 0 0 0 0
36 28 2 2 8 0 0 0 0 0
40 28 0 0 4 0 0 0 0 0
93 28 2 2 8 1 0 0 0 0
97 24 0 0 4 1 0 0 0 0
105 8 0 0 0 0 0 4 0 0
106 16 0 0 8 0 0 0 0 0
107 32 0 0 28 0 0 0 0 0
fl=./stdlib/./stdlib/cxa_thread_atexit_impl.c
fn=__call_tls_dtors
148 5 1 1 0 0 0 3 0 0
149 4 1 1 2 0 0 0 0 0
165 4 1 1 4 0 0 0 0 0
fl=./stdlib/./stdlib/exit.c
fn=__run_exit_handlers
38 12 1 1 0 0 0 8 0 0
40 2 0 0 0 0 0 0 0 0
41 2 1 1 0 0 0 1 1 0
43 5 1 1 1 1 0 0 0 0
54 2 0 0 2 1 0 0 0 0
56 2 0 0 0 0 0 0 0 0
60 1 0 0 0 0 0 1 1 0
64 6 0 0 2 1 0 0 0 0
66 2 1 1 0 0 0 1 0 0
67 1 0 0 1 0 0 0 0 0
69 7 0 0 1 0 0 0 0 0
94 2 0 0 0 0 0 0 0 0
101 1 0 0 0 0 0 1 0 0
102 1 1 1 1 0 0 0 0 0
103 1 0 0 1 0 0 0 0 0
104 3 0 0 1 0 0 0 0 0
107 4 0 0 2 0 0 0 0 0
108 3 0 0 0 0 0 1 0 0
109 4 1 1 1 0 0 0 0 0
113 3 1 1 1 0 0 0 0 0
119 3 1 1 2 0 0 1 0 0
120 2 0 0 0 0 0 0 0 0
126 4 1 1 2 0 0 0 0 0
128 2 0 0 1 0 0 0 0 0
129 2 0 0 0 0 0 1 0 0
131 2 0 0 0 0 0 1 0 0
fn=exit
137 3 1 1 0 0 0 1 0 0
138 4 0 0 0 0 0 1 0 0
fl=./string/../include/rtld-malloc.h
fn=strdup
56 10 0 0 5 0 0 5 0 0
fl=./string/../string/strcspn.c
fn=strcspn
32 6 1 1 0 0 0 2 0 0
33 3 0 0 1 1 1 0 0 0
34 2 0 0 1 0 0 0 0 0
39 6 0 0 0 0 0 4 2 2
40 4 1 1 0 0 0 4 1 1
41 4 0 0 0 0 0 4 1 1
42 4 0 0 0 0 0 4 0 0
44 1 0 0 0 0 0 0 0 0
47 9 1 1 3 0 0 3 0 0
48 6 0 0 0 0 0 0 0 0
51 4 0 0 2 0 0 0 0 0
52 4 0 0 2 0 0 0 0 0
53 4 1 1 2 0 0 0 0 0
54 4 0 0 2 0 0 0 0 0
56 3 0 0 0 0 0 0 0 0
61 24 0 0 0 0 0 0 0 0
62 48 0 0 48 1 1 0 0 0
63 48 1 1 48 0 0 0 0 0
64 48 0 0 48 0 0 0 0 0
65 24 0 0 24 0 0 0 0 0
67 144 0 0 24 0 0 0 0 0
69 1 0 0 0 0 0 0 0 0
70 4 0 0 0 0 0 0 0 0
71 3 0 0 3 0 0 0 0 0
fl=./string/../string/strstr.c
fn=__GI_strstr
77 12 1 1 1 0 0 7 0 0
82 3 1 1 1 1 1 0 0 0
84 5 0 0 0 0 0 1 0 0
85 2 0 0 0 0 0 0 0 0
86 2 1 1 0 0 0 0 0 0
161 12 0 0 9 0 0 0 0 0
fl=./string/../sysdeps/x86/cacheinfo.c
fn=__x86_cacheinfo
86 1 1 1 0 0 0 0 0 0
fl=./string/../sysdeps/x86/cacheinfo.h
fn=__x86_cacheinfo
59 1 0 0 1 0 0 0 0 0
62 3 1 1 1 1 0 0 0 0
64 3 0 0 0 0 0 1 0 0
65 1 0 0 0 0 0 1 1 1
71 3 0 0 1 0 0 0 0 0
73 3 1 1 0 0 0 1 0 0
74 1 0 0 0 0 0 1 0 0
78 2 0 0 1 0 0 1 1 1
80 2 0 0 1 0 0 1 0 0
81 2 0 0 1 0 0 1 0 0
82 2 0 0 1 0 0 1 0 0
84 2 1 1 1 1 0 0 0 0
86 2 0 0 1 0 0 0 0 0
fl=./string/../sysdeps/x86_64/multiarch/../multiarch/memset-vec-unaligned-erms.S
fn=memset
132 11 1 1 0 0 0 0 0 0
133 55 0 0 0 0 0 0 0 0
138 11 0 0 0 0 0 0 0 0
139 11 0 0 0 0 0 0 0 0
142 4 0 0 0 0 0 0 0 0
143 4 0 0 0 0 0 0 0 0
244 4 1 1 0 0 0 4 2 2
245 4 0 0 0 0 0 4 0 0
257 4 0 0 0 0 0 0 0 0
260 4 0 0 0 0 0 0 0 0
261 4 0 0 0 0 0 0 0 0
273 4 0 0 0 0 0 4 2 2
274 4 0 0 0 0 0 4 2 2
287 4 0 0 0 0 0 0 0 0
288 4 0 0 0 0 0 0 0 0
290 4 0 0 0 0 0 0 0 0
293 2 0 0 0 0 0 0 0 0
296 4 0 0 0 0 0 0 0 0
299 41 0 0 0 0 0 41 34 34
300 41 0 0 0 0 0 41 0 0
301 41 0 0 0 0 0 41 0 0
302 41 0 0 0 0 0 41 6 6
303 41 0 0 0 0 0 0 0 0
304 41 0 0 0 0 0 0 0 0
305 41 0 0 0 0 0 0 0 0
308 4 0 0 0 0 0 4 1 1
309 4 0 0 0 0 0 4 0 0
310 4 0 0 0 0 0 4 0 0
311 4 0 0 0 0 0 4 0 0
316 4 0 0 4 0 0 0 0 0
350 7 1 1 0 0 0 0 0 0
352 7 0 0 0 0 0 0 0 0
353 7 0 0 0 0 0 0 0 0
392 7 2 1 0 0 0 7 2 2
393 7 0 0 0 0 0 7 0 0
395 7 0 0 7 0 0 0 0 0
fl=./string/../sysdeps/x86_64/multiarch/../multiarch/strchr-sse2.S
fn=index
32 23 1 1 0 0 0 0 0 0
33 23 0 0 0 0 0 0 0 0
34 23 0 0 0 0 0 0 0 0
35 23 0 0 0 0 0 0 0 0
36 23 1 1 0 0 0 0 0 0
37 23 0 0 0 0 0 0 0 0
38 23 0 0 0 0 0 0 0 0
39 23 0 0 0 0 0 0 0 0
40 23 0 0 0 0 0 0 0 0
41 23 0 0 23 3 3 0 0 0
42 23 0 0 0 0 0 0 0 0
43 23 0 0 0 0 0 0 0 0
44 23 0 0 0 0 0 0 0 0
45 23 0 0 0 0 0 0 0 0
46 23 0 0 0 0 0 0 0 0
47 23 0 0 0 0 0 0 0 0
48 23 0 0 0 0 0 0 0 0
49 23 0 0 0 0 0 0 0 0
50 19 0 0 0 0 0 0 0 0
54 19 0 0 0 0 0 0 0 0
55 19 1 1 0 0 0 0 0 0
56 19 0 0 19 0 0 0 0 0
57 19 0 0 0 0 0 0 0 0
59 19 0 0 19 0 0 0 0 0
63 4 0 0 4 1 1 0 0 0
64 4 0 0 0 0 0 0 0 0
65 4 0 0 0 0 0 0 0 0
66 4 0 0 0 0 0 0 0 0
67 4 0 0 0 0 0 0 0 0
68 4 0 0 0 0 0 0 0 0
69 4 0 0 4 1 1 0 0 0
70 4 0 0 0 0 0 0 0 0
71 4 0 0 0 0 0 0 0 0
72 4 0 0 0 0 0 0 0 0
73 4 0 0 0 0 0 0 0 0
74 4 1 1 0 0 0 0 0 0
75 4 0 0 0 0 0 0 0 0
76 4 0 0 4 0 0 0 0 0
77 4 0 0 0 0 0 0 0 0
78 4 0 0 0 0 0 0 0 0
79 4 0 0 0 0 0 0 0 0
80 4 0 0 0 0 0 0 0 0
81 4 0 0 0 0 0 0 0 0
82 4 0 0 0 0 0 0 0 0
83 4 0 0 0 0 0 0 0 0
84 4 0 0 0 0 0 0 0 0
85 4 0 0 0 0 0 0 0 0
86 6 0 0 0 0 0 0 0 0
91 1 1 1 0 0 0 0 0 0
92 1 0 0 0 0 0 0 0 0
95 1 0 0 0 0 0 0 0 0
96 1 0 0 1 0 0 0 0 0
97 1 0 0 1 0 0 0 0 0
98 1 0 0 1 0 0 0 0 0
99 1 0 0 0 0 0 0 0 0
100 1 0 0 1 0 0 0 0 0
101 1 0 0 0 0 0 0 0 0
102 1 0 0 0 0 0 0 0 0
103 1 0 0 1 0 0 0 0 0
104 1 0 0 0 0 0 0 0 0
105 1 0 0 1 0 0 0 0 0
106 1 0 0 1 0 0 0 0 0
107 1 1 1 0 0 0 0 0 0
108 1 0 0 1 0 0 0 0 0
109 1 0 0 0 0 0 0 0 0
110 1 0 0 0 0 0 0 0 0
111 1 0 0 0 0 0 0 0 0
112 1 0 0 0 0 0 0 0 0
114 1 0 0 0 0 0 0 0 0
115 1 0 0 0 0 0 0 0 0
117 1 0 0 1 0 0 0 0 0
118 1 0 0 0 0 0 0 0 0
119 1 0 0 0 0 0 0 0 0
120 1 0 0 0 0 0 0 0 0
121 1 0 0 0 0 0 0 0 0
122 1 0 0 0 0 0 0 0 0
123 1 0 0 0 0 0 0 0 0
124 1 0 0 0 0 0 0 0 0
126 1 0 0 0 0 0 0 0 0
127 1 1 1 0 0 0 0 0 0
128 1 0 0 0 0 0 0 0 0
129 1 0 0 0 0 0 0 0 0
130 1 0 0 0 0 0 0 0 0
131 1 0 0 0 0 0 0 0 0
132 1 0 0 0 0 0 0 0 0
133 1 0 0 0 0 0 0 0 0
134 1 0 0 0 0 0 0 0 0
135 1 0 0 0 0 0 0 0 0
138 4 0 0 0 0 0 0 0 0
142 4 0 0 0 0 0 0 0 0
143 4 0 0 0 0 0 0 0 0
144 4 0 0 4 0 0 0 0 0
145 4 0 0 0 0 0 0 0 0
147 4 0 0 4 0 0 0 0 0
fl=./string/../sysdeps/x86_64/multiarch/../multiarch/strcmp-sse2.S
fn=strcmp
98 528 1 1 0 0 0 0 0 0
131 528 0 0 0 0 0 0 0 0
132 528 0 0 0 0 0 0 0 0
134 528 0 0 0 0 0 0 0 0
135 528 0 0 0 0 0 0 0 0
156 528 0 0 0 0 0 0 0 0
157 528 0 0 0 0 0 0 0 0
158 419 0 0 0 0 0 0 0 0
159 419 0 0 0 0 0 0 0 0
160 319 0 0 319 67 45 0 0 0
161 319 1 1 319 12 9 0 0 0
162 319 0 0 319 0 0 0 0 0
163 319 0 0 319 0 0 0 0 0
180 319 0 0 0 0 0 0 0 0
181 319 0 0 0 0 0 0 0 0
182 319 0 0 0 0 0 0 0 0
183 319 0 0 0 0 0 0 0 0
184 319 0 0 0 0 0 0 0 0
185 319 0 0 0 0 0 0 0 0
186 319 0 0 0 0 0 0 0 0
191 28 0 0 0 0 0 0 0 0
192 84 0 0 0 0 0 0 0 0
201 237 1 1 0 0 0 0 0 0
202 237 0 0 0 0 0 0 0 0
203 237 0 0 0 0 0 0 0 0
204 237 0 0 0 0 0 0 0 0
205 237 0 0 0 0 0 0 0 0
206 237 0 0 0 0 0 0 0 0
207 237 0 0 0 0 0 0 0 0
208 237 0 0 0 0 0 0 0 0
209 219 0 0 0 0 0 0 0 0
210 90 0 0 0 0 0 0 0 0
211 90 0 0 0 0 0 0 0 0
212 90 0 0 0 0 0 0 0 0
214 219 0 0 0 0 0 0 0 0
215 219 0 0 0 0 0 0 0 0
216 219 0 0 0 0 0 0 0 0
217 219 0 0 219 5 2 0 0 0
218 219 0 0 0 0 0 0 0 0
219 219 0 0 0 0 0 0 0 0
229 18 1 1 18 1 0 0 0 0
230 18 0 0 0 0 0 0 0 0
231 18 0 0 0 0 0 0 0 0
233 18 0 0 18 3 3 0 0 0
239 18 0 0 0 0 0 0 0 0
240 18 0 0 0 0 0 0 0 0
241 18 0 0 0 0 0 0 0 0
242 18 0 0 0 0 0 0 0 0
243 18 0 0 0 0 0 0 0 0
248 18 0 0 0 0 0 0 0 0
250 4 0 0 0 0 0 0 0 0
251 4 0 0 0 0 0 0 0 0
252 8 0 0 0 0 0 0 0 0
260 4 2 1 4 0 0 0 0 0
261 4 0 0 4 2 2 0 0 0
264 4 0 0 0 0 0 0 0 0
265 4 0 0 0 0 0 0 0 0
266 4 0 0 0 0 0 0 0 0
267 4 0 0 0 0 0 0 0 0
268 4 0 0 0 0 0 0 0 0
269 4 0 0 0 0 0 0 0 0
300 47 1 1 0 0 0 0 0 0
301 47 0 0 47 1 0 0 0 0
302 47 0 0 47 2 1 0 0 0
303 47 0 0 0 0 0 0 0 0
304 47 0 0 0 0 0 0 0 0
306 47 0 0 0 0 0 0 0 0
307 47 0 0 0 0 0 0 0 0
308 47 1 1 0 0 0 0 0 0
309 47 0 0 0 0 0 0 0 0
310 47 0 0 0 0 0 0 0 0
311 47 0 0 0 0 0 0 0 0
312 47 0 0 0 0 0 0 0 0
313 47 0 0 47 0 0 0 0 0
316 47 0 0 0 0 0 0 0 0
317 47 0 0 0 0 0 0 0 0
318 47 0 0 0 0 0 0 0 0
324 47 0 0 0 0 0 0 0 0
325 47 0 0 0 0 0 0 0 0
326 94 0 0 0 0 0 0 0 0
330 47 1 1 0 0 0 0 0 0
331 47 0 0 0 0 0 0 0 0
334 47 0 0 47 1 0 0 0 0
335 47 0 0 47 1 0 0 0 0
336 47 0 0 0 0 0 0 0 0
338 47 0 0 0 0 0 0 0 0
339 47 0 0 0 0 0 0 0 0
340 47 0 0 0 0 0 0 0 0
344 47 0 0 0 0 0 0 0 0
345 47 0 0 0 0 0 0 0 0
346 47 0 0 0 0 0 0 0 0
347 47 0 0 0 0 0 0 0 0
348 47 0 0 0 0 0 0 0 0
349 47 2 1 0 0 0 0 0 0
542 1 1 1 0 0 0 0 0 0
543 1 0 0 1 1 1 0 0 0
544 1 0 0 1 0 0 0 0 0
545 1 0 0 0 0 0 0 0 0
546 1 0 0 0 0 0 0 0 0
548 1 0 0 0 0 0 0 0 0
549 1 0 0 0 0 0 0 0 0
550 1 1 1 0 0 0 0 0 0
551 1 0 0 0 0 0 0 0 0
552 1 0 0 0 0 0 0 0 0
553 1 0 0 0 0 0 0 0 0
554 1 0 0 0 0 0 0 0 0
555 1 0 0 1 0 0 0 0 0
559 1 0 0 0 0 0 0 0 0
560 1 0 0 0 0 0 0 0 0
561 1 0 0 0 0 0 0 0 0
567 1 0 0 0 0 0 0 0 0
568 1 0 0 0 0 0 0 0 0
569 2 0 0 0 0 0 0 0 0
573 1 1 1 0 0 0 0 0 0
574 1 0 0 0 0 0 0 0 0
577 1 0 0 1 0 0 0 0 0
578 1 0 0 1 0 0 0 0 0
579 1 0 0 0 0 0 0 0 0
581 1 0 0 0 0 0 0 0 0
582 1 0 0 0 0 0 0 0 0
583 1 0 0 0 0 0 0 0 0
587 1 0 0 0 0 0 0 0 0
588 1 0 0 0 0 0 0 0 0
589 1 0 0 0 0 0 0 0 0
590 1 0 0 0 0 0 0 0 0
591 1 0 0 0 0 0 0 0 0
592 1 1 1 0 0 0 0 0 0
661 3 1 1 0 0 0 0 0 0
662 3 0 0 3 0 0 0 0 0
663 3 0 0 3 0 0 0 0 0
664 3 0 0 0 0 0 0 0 0
665 3 0 0 0 0 0 0 0 0
667 3 0 0 0 0 0 0 0 0
668 3 0 0 0 0 0 0 0 0
669 3 1 1 0 0 0 0 0 0
670 3 0 0 0 0 0 0 0 0
671 3 0 0 0 0 0 0 0 0
672 3 0 0 0 0 0 0 0 0
673 3 0 0 0 0 0 0 0 0
674 2 0 0 2 0 0 0 0 0
678 2 0 0 0 0 0 0 0 0
679 2 0 0 0 0 0 0 0 0
680 2 0 0 0 0 0 0 0 0
686 2 0 0 0 0 0 0 0 0
687 2 0 0 0 0 0 0 0 0
688 4 0 0 0 0 0 0 0 0
692 2 1 1 0 0 0 0 0 0
693 2 0 0 0 0 0 0 0 0
696 2 0 0 2 1 1 0 0 0
697 2 0 0 2 0 0 0 0 0
698 2 0 0 0 0 0 0 0 0
700 2 0 0 0 0 0 0 0 0
701 2 0 0 0 0 0 0 0 0
702 2 0 0 0 0 0 0 0 0
706 2 0 0 0 0 0 0 0 0
707 2 0 0 0 0 0 0 0 0
708 2 0 0 0 0 0 0 0 0
709 2 0 0 0 0 0 0 0 0
710 2 0 0 0 0 0 0 0 0
711 2 1 1 0 0 0 0 0 0
718 1 0 0 0 0 0 0 0 0
719 1 0 0 0 0 0 0 0 0
721 1 0 0 0 0 0 0 0 0
722 1 0 0 0 0 0 0 0 0
724 1 0 0 1 0 0 0 0 0
725 1 0 0 1 0 0 0 0 0
726 1 0 0 0 0 0 0 0 0
728 1 0 0 0 0 0 0 0 0
729 1 0 0 0 0 0 0 0 0
730 1 0 0 0 0 0 0 0 0
734 1 0 0 0 0 0 0 0 0
735 1 0 0 0 0 0 0 0 0
736 1 0 0 0 0 0 0 0 0
737 1 0 0 0 0 0 0 0 0
738 1 1 1 0 0 0 0 0 0
739 1 0 0 0 0 0 0 0 0
780 3 1 1 0 0 0 0 0 0
781 3 0 0 3 1 0 0 0 0
782 3 0 0 3 0 0 0 0 0
783 3 0 0 0 0 0 0 0 0
784 3 0 0 0 0 0 0 0 0
786 3 0 0 0 0 0 0 0 0
787 3 0 0 0 0 0 0 0 0
788 3 1 1 0 0 0 0 0 0
789 3 0 0 0 0 0 0 0 0
790 3 0 0 0 0 0 0 0 0
791 3 0 0 0 0 0 0 0 0
792 3 0 0 0 0 0 0 0 0
793 2 0 0 2 0 0 0 0 0
797 2 0 0 0 0 0 0 0 0
798 2 0 0 0 0 0 0 0 0
799 2 0 0 0 0 0 0 0 0
805 2 0 0 0 0 0 0 0 0
806 2 0 0 0 0 0 0 0 0
807 4 0 0 0 0 0 0 0 0
811 2 1 1 0 0 0 0 0 0
812 2 0 0 0 0 0 0 0 0
815 2 0 0 2 0 0 0 0 0
816 2 0 0 2 0 0 0 0 0
817 2 0 0 0 0 0 0 0 0
819 2 0 0 0 0 0 0 0 0
820 2 0 0 0 0 0 0 0 0
821 2 0 0 0 0 0 0 0 0
825 2 0 0 0 0 0 0 0 0
826 2 0 0 0 0 0 0 0 0
827 2 0 0 0 0 0 0 0 0
828 2 0 0 0 0 0 0 0 0
829 2 0 0 0 0 0 0 0 0
830 2 1 1 0 0 0 0 0 0
899 4 1 1 0 0 0 0 0 0
900 4 0 0 4 1 1 0 0 0
901 4 0 0 4 2 2 0 0 0
902 4 0 0 0 0 0 0 0 0
903 4 0 0 0 0 0 0 0 0
905 4 0 0 0 0 0 0 0 0
906 4 0 0 0 0 0 0 0 0
907 4 1 1 0 0 0 0 0 0
908 4 0 0 0 0 0 0 0 0
909 4 0 0 0 0 0 0 0 0
910 4 0 0 0 0 0 0 0 0
911 4 0 0 0 0 0 0 0 0
912 3 0 0 3 0 0 0 0 0
916 3 0 0 0 0 0 0 0 0
917 3 0 0 0 0 0 0 0 0
918 3 0 0 0 0 0 0 0 0
924 3 0 0 0 0 0 0 0 0
925 3 0 0 0 0 0 0 0 0
926 6 0 0 0 0 0 0 0 0
930 3 1 1 0 0 0 0 0 0
931 3 0 0 0 0 0 0 0 0
934 3 0 0 3 2 2 0 0 0
935 3 0 0 3 0 0 0 0 0
936 3 0 0 0 0 0 0 0 0
938 3 0 0 0 0 0 0 0 0
939 3 0 0 0 0 0 0 0 0
940 3 0 0 0 0 0 0 0 0
944 3 0 0 0 0 0 0 0 0
945 3 0 0 0 0 0 0 0 0
946 3 0 0 0 0 0 0 0 0
947 3 0 0 0 0 0 0 0 0
948 3 0 0 0 0 0 0 0 0
949 3 1 1 0 0 0 0 0 0
956 1 0 0 0 0 0 0 0 0
957 1 0 0 0 0 0 0 0 0
959 1 0 0 0 0 0 0 0 0
960 1 0 0 0 0 0 0 0 0
962 1 0 0 1 0 0 0 0 0
963 1 0 0 1 0 0 0 0 0
964 1 0 0 0 0 0 0 0 0
966 1 0 0 0 0 0 0 0 0
967 1 0 0 0 0 0 0 0 0
968 1 0 0 0 0 0 0 0 0
972 1 0 0 0 0 0 0 0 0
973 1 0 0 0 0 0 0 0 0
974 1 0 0 0 0 0 0 0 0
975 1 0 0 0 0 0 0 0 0
976 1 1 1 0 0 0 0 0 0
977 1 0 0 0 0 0 0 0 0
1018 7 1 1 0 0 0 0 0 0
1019 7 0 0 7 2 2 0 0 0
1020 7 0 0 7 3 3 0 0 0
1021 7 0 0 0 0 0 0 0 0
1022 7 0 0 0 0 0 0 0 0
1024 7 0 0 0 0 0 0 0 0
1025 7 0 0 0 0 0 0 0 0
1026 7 1 1 0 0 0 0 0 0
1027 7 0 0 0 0 0 0 0 0
1028 7 0 0 0 0 0 0 0 0
1029 7 0 0 0 0 0 0 0 0
1030 7 0 0 0 0 0 0 0 0
1031 6 0 0 6 0 0 0 0 0
1035 6 0 0 0 0 0 0 0 0
1036 6 0 0 0 0 0 0 0 0
1037 6 0 0 0 0 0 0 0 0
1043 6 0 0 0 0 0 0 0 0
1044 6 0 0 0 0 0 0 0 0
1045 12 0 0 0 0 0 0 0 0
1049 6 1 1 0 0 0 0 0 0
1050 6 0 0 0 0 0 0 0 0
1053 6 0 0 6 3 2 0 0 0
1054 6 0 0 6 1 1 0 0 0
1055 6 0 0 0 0 0 0 0 0
1057 6 0 0 0 0 0 0 0 0
1058 6 0 0 0 0 0 0 0 0
1059 6 0 0 0 0 0 0 0 0
1063 6 0 0 0 0 0 0 0 0
1064 6 0 0 0 0 0 0 0 0
1065 6 0 0 0 0 0 0 0 0
1066 6 0 0 0 0 0 0 0 0
1067 6 0 0 0 0 0 0 0 0
1068 6 1 1 0 0 0 0 0 0
1137 23 1 1 0 0 0 0 0 0
1138 23 0 0 23 3 3 0 0 0
1139 23 0 0 23 1 1 0 0 0
1140 23 0 0 0 0 0 0 0 0
1141 23 0 0 0 0 0 0 0 0
1143 23 0 0 0 0 0 0 0 0
1144 23 0 0 0 0 0 0 0 0
1145 23 1 1 0 0 0 0 0 0
1146 23 0 0 0 0 0 0 0 0
1147 23 0 0 0 0 0 0 0 0
1148 23 0 0 0 0 0 0 0 0
1149 23 0 0 0 0 0 0 0 0
1150 10 0 0 10 0 0 0 0 0
1154 10 0 0 0 0 0 0 0 0
1155 10 0 0 0 0 0 0 0 0
1156 10 0 0 0 0 0 0 0 0
1162 10 0 0 0 0 0 0 0 0
1163 10 0 0 0 0 0 0 0 0
1164 20 0 0 0 0 0 0 0 0
1168 10 1 1 0 0 0 0 0 0
1169 10 0 0 0 0 0 0 0 0
1172 10 0 0 10 2 0 0 0 0
1173 10 0 0 10 3 3 0 0 0
1174 10 0 0 0 0 0 0 0 0
1176 10 0 0 0 0 0 0 0 0
1177 10 0 0 0 0 0 0 0 0
1178 10 0 0 0 0 0 0 0 0
1182 10 0 0 0 0 0 0 0 0
1183 10 0 0 0 0 0 0 0 0
1184 10 0 0 0 0 0 0 0 0
1185 10 0 0 0 0 0 0 0 0
1186 10 0 0 0 0 0 0 0 0
1187 10 1 1 0 0 0 0 0 0
1194 3 0 0 0 0 0 0 0 0
1195 3 0 0 0 0 0 0 0 0
1197 3 0 0 0 0 0 0 0 0
1198 3 0 0 0 0 0 0 0 0
1200 3 0 0 3 0 0 0 0 0
1201 3 0 0 3 1 1 0 0 0
1202 3 0 0 0 0 0 0 0 0
1204 3 0 0 0 0 0 0 0 0
1205 3 0 0 0 0 0 0 0 0
1206 3 0 0 0 0 0 0 0 0
1210 3 0 0 0 0 0 0 0 0
1211 3 0 0 0 0 0 0 0 0
1212 3 0 0 0 0 0 0 0 0
1213 3 0 0 0 0 0 0 0 0
1214 3 1 1 0 0 0 0 0 0
1215 3 0 0 0 0 0 0 0 0
1256 24 1 1 0 0 0 0 0 0
1257 24 0 0 24 0 0 0 0 0
1258 24 0 0 24 3 2 0 0 0
1259 24 0 0 0 0 0 0 0 0
1260 24 0 0 0 0 0 0 0 0
1262 24 0 0 0 0 0 0 0 0
1263 24 0 0 0 0 0 0 0 0
1264 24 1 1 0 0 0 0 0 0
1265 24 0 0 0 0 0 0 0 0
1266 24 0 0 0 0 0 0 0 0
1267 24 0 0 0 0 0 0 0 0
1268 24 0 0 0 0 0 0 0 0
1269 9 0 0 9 0 0 0 0 0
1273 9 0 0 0 0 0 0 0 0
1274 9 0 0 0 0 0 0 0 0
1275 9 0 0 0 0 0 0 0 0
1281 9 0 0 0 0 0 0 0 0
1282 9 0 0 0 0 0 0 0 0
1283 18 0 0 0 0 0 0 0 0
1287 9 1 1 0 0 0 0 0 0
1288 9 0 0 0 0 0 0 0 0
1291 9 0 0 9 3 3 0 0 0
1292 9 0 0 9 4 4 0 0 0
1293 9 0 0 0 0 0 0 0 0
1295 9 0 0 0 0 0 0 0 0
1296 9 0 0 0 0 0 0 0 0
1297 9 0 0 0 0 0 0 0 0
1301 9 0 0 0 0 0 0 0 0
1302 9 0 0 0 0 0 0 0 0
1303 9 0 0 0 0 0 0 0 0
1304 9 0 0 0 0 0 0 0 0
1305 9 0 0 0 0 0 0 0 0
1306 9 2 1 0 0 0 0 0 0
1375 7 2 1 0 0 0 0 0 0
1376 7 0 0 7 1 1 0 0 0
1377 7 0 0 7 1 1 0 0 0
1378 7 0 0 0 0 0 0 0 0
1379 7 0 0 0 0 0 0 0 0
1381 7 0 0 0 0 0 0 0 0
1382 7 0 0 0 0 0 0 0 0
1383 7 1 1 0 0 0 0 0 0
1384 7 0 0 0 0 0 0 0 0
1385 7 0 0 0 0 0 0 0 0
1386 7 0 0 0 0 0 0 0 0
1387 7 0 0 0 0 0 0 0 0
1388 6 0 0 6 0 0 0 0 0
1392 6 0 0 0 0 0 0 0 0
1393 6 0 0 0 0 0 0 0 0
1394 6 0 0 0 0 0 0 0 0
1400 6 0 0 0 0 0 0 0 0
1401 6 0 0 0 0 0 0 0 0
1402 12 0 0 0 0 0 0 0 0
1406 6 2 1 0 0 0 0 0 0
1407 6 0 0 0 0 0 0 0 0
1410 6 0 0 6 1 1 0 0 0
1411 6 0 0 6 2 1 0 0 0
1412 6 0 0 0 0 0 0 0 0
1414 6 0 0 0 0 0 0 0 0
1415 6 0 0 0 0 0 0 0 0
1416 6 0 0 0 0 0 0 0 0
1420 6 0 0 0 0 0 0 0 0
1421 6 0 0 0 0 0 0 0 0
1422 6 0 0 0 0 0 0 0 0
1423 6 0 0 0 0 0 0 0 0
1424 6 0 0 0 0 0 0 0 0
1425 6 1 1 0 0 0 0 0 0
1494 31 1 1 0 0 0 0 0 0
1495 31 0 0 31 4 3 0 0 0
1496 31 0 0 31 3 3 0 0 0
1497 31 0 0 0 0 0 0 0 0
1498 31 0 0 0 0 0 0 0 0
1500 31 0 0 0 0 0 0 0 0
1501 31 0 0 0 0 0 0 0 0
1502 31 1 1 0 0 0 0 0 0
1503 31 0 0 0 0 0 0 0 0
1504 31 0 0 0 0 0 0 0 0
1505 31 0 0 0 0 0 0 0 0
1506 31 0 0 0 0 0 0 0 0
1507 12 0 0 12 0 0 0 0 0
1511 12 0 0 0 0 0 0 0 0
1512 12 0 0 0 0 0 0 0 0
1513 12 0 0 0 0 0 0 0 0
1519 12 0 0 0 0 0 0 0 0
1520 12 0 0 0 0 0 0 0 0
1521 24 0 0 0 0 0 0 0 0
1525 12 1 1 0 0 0 0 0 0
1526 12 0 0 0 0 0 0 0 0
1529 12 0 0 12 2 2 0 0 0
1530 12 0 0 12 3 3 0 0 0
1531 12 0 0 0 0 0 0 0 0
1533 12 0 0 0 0 0 0 0 0
1534 12 0 0 0 0 0 0 0 0
1535 12 0 0 0 0 0 0 0 0
1539 12 0 0 0 0 0 0 0 0
1540 12 0 0 0 0 0 0 0 0
1541 12 0 0 0 0 0 0 0 0
1542 12 0 0 0 0 0 0 0 0
1543 12 0 0 0 0 0 0 0 0
1544 12 1 1 0 0 0 0 0 0
1551 1 0 0 0 0 0 0 0 0
1552 1 0 0 0 0 0 0 0 0
1554 1 0 0 0 0 0 0 0 0
1555 1 0 0 0 0 0 0 0 0
1557 1 0 0 1 0 0 0 0 0
1558 1 0 0 1 0 0 0 0 0
1559 1 0 0 0 0 0 0 0 0
1561 1 0 0 0 0 0 0 0 0
1562 1 0 0 0 0 0 0 0 0
1563 1 0 0 0 0 0 0 0 0
1567 1 0 0 0 0 0 0 0 0
1568 1 0 0 0 0 0 0 0 0
1569 1 0 0 0 0 0 0 0 0
1570 1 0 0 0 0 0 0 0 0
1571 1 1 1 0 0 0 0 0 0
1572 1 0 0 0 0 0 0 0 0
1613 6 2 1 0 0 0 0 0 0
1614 6 0 0 6 1 1 0 0 0
1615 6 0 0 6 2 1 0 0 0
1616 6 0 0 0 0 0 0 0 0
1617 6 0 0 0 0 0 0 0 0
1619 6 0 0 0 0 0 0 0 0
1620 6 0 0 0 0 0 0 0 0
1621 6 2 1 0 0 0 0 0 0
1622 6 0 0 0 0 0 0 0 0
1623 6 0 0 0 0 0 0 0 0
1624 6 0 0 0 0 0 0 0 0
1625 6 0 0 0 0 0 0 0 0
1626 3 0 0 3 0 0 0 0 0
1630 3 0 0 0 0 0 0 0 0
1631 3 0 0 0 0 0 0 0 0
1632 3 0 0 0 0 0 0 0 0
1638 3 0 0 0 0 0 0 0 0
1639 3 0 0 0 0 0 0 0 0
1640 6 0 0 0 0 0 0 0 0
1644 3 1 1 0 0 0 0 0 0
1645 3 0 0 0 0 0 0 0 0
1648 3 0 0 3 1 0 0 0 0
1649 3 0 0 3 2 2 0 0 0
1650 3 0 0 0 0 0 0 0 0
1652 3 0 0 0 0 0 0 0 0
1653 3 0 0 0 0 0 0 0 0
1654 3 0 0 0 0 0 0 0 0
1658 3 0 0 0 0 0 0 0 0
1659 3 0 0 0 0 0 0 0 0
1660 3 0 0 0 0 0 0 0 0
1661 3 0 0 0 0 0 0 0 0
1662 3 0 0 0 0 0 0 0 0
1663 3 1 1 0 0 0 0 0 0
1670 1 0 0 0 0 0 0 0 0
1671 1 0 0 0 0 0 0 0 0
1673 1 0 0 0 0 0 0 0 0
1674 1 0 0 0 0 0 0 0 0
1676 1 0 0 1 0 0 0 0 0
1677 1 0 0 1 1 1 0 0 0
1678 1 0 0 0 0 0 0 0 0
1680 1 0 0 0 0 0 0 0 0
1681 1 0 0 0 0 0 0 0 0
1682 1 0 0 0 0 0 0 0 0
1686 1 0 0 0 0 0 0 0 0
1687 1 0 0 0 0 0 0 0 0
1688 1 0 0 0 0 0 0 0 0
1689 1 0 0 0 0 0 0 0 0
1690 1 1 1 0 0 0 0 0 0
1691 1 0 0 0 0 0 0 0 0
1732 33 1 1 0 0 0 0 0 0
1733 33 0 0 33 3 2 0 0 0
1734 33 0 0 33 4 4 0 0 0
1735 33 0 0 0 0 0 0 0 0
1736 33 0 0 0 0 0 0 0 0
1738 33 0 0 0 0 0 0 0 0
1739 33 0 0 0 0 0 0 0 0
1740 33 1 1 0 0 0 0 0 0
1741 33 0 0 0 0 0 0 0 0
1742 33 0 0 0 0 0 0 0 0
1743 33 0 0 0 0 0 0 0 0
1744 33 0 0 0 0 0 0 0 0
1745 11 0 0 11 0 0 0 0 0
1749 11 0 0 0 0 0 0 0 0
1750 11 0 0 0 0 0 0 0 0
1751 11 0 0 0 0 0 0 0 0
1757 11 0 0 0 0 0 0 0 0
1758 11 0 0 0 0 0 0 0 0
1759 22 0 0 0 0 0 0 0 0
1763 11 1 1 0 0 0 0 0 0
1764 11 0 0 0 0 0 0 0 0
1767 11 0 0 11 1 1 0 0 0
1768 11 0 0 11 2 2 0 0 0
1769 11 0 0 0 0 0 0 0 0
1771 11 0 0 0 0 0 0 0 0
1772 11 0 0 0 0 0 0 0 0
1773 11 0 0 0 0 0 0 0 0
1777 11 0 0 0 0 0 0 0 0
1778 11 0 0 0 0 0 0 0 0
1779 11 0 0 0 0 0 0 0 0
1780 11 0 0 0 0 0 0 0 0
1781 11 0 0 0 0 0 0 0 0
1782 11 1 1 0 0 0 0 0 0
1789 1 0 0 0 0 0 0 0 0
1790 1 0 0 0 0 0 0 0 0
1792 1 0 0 0 0 0 0 0 0
1793 1 0 0 0 0 0 0 0 0
1795 1 0 0 1 0 0 0 0 0
1796 1 0 0 1 0 0 0 0 0
1797 1 0 0 0 0 0 0 0 0
1799 1 0 0 0 0 0 0 0 0
1800 1 0 0 0 0 0 0 0 0
1801 1 0 0 0 0 0 0 0 0
1805 1 0 0 0 0 0 0 0 0
1806 1 0 0 0 0 0 0 0 0
1807 1 0 0 0 0 0 0 0 0
1808 1 0 0 0 0 0 0 0 0
1809 1 1 1 0 0 0 0 0 0
1810 1 0 0 0 0 0 0 0 0
1851 11 1 1 0 0 0 0 0 0
1852 11 0 0 11 3 2 0 0 0
1853 11 0 0 11 0 0 0 0 0
1854 11 0 0 0 0 0 0 0 0
1855 11 0 0 0 0 0 0 0 0
1857 11 0 0 0 0 0 0 0 0
1858 11 0 0 0 0 0 0 0 0
1859 11 1 1 0 0 0 0 0 0
1860 11 0 0 0 0 0 0 0 0
1861 11 0 0 0 0 0 0 0 0
1862 11 0 0 0 0 0 0 0 0
1863 11 0 0 0 0 0 0 0 0
1864 6 0 0 6 0 0 0 0 0
1868 6 0 0 0 0 0 0 0 0
1869 6 0 0 0 0 0 0 0 0
1870 6 0 0 0 0 0 0 0 0
1876 6 0 0 0 0 0 0 0 0
1877 6 0 0 0 0 0 0 0 0
1878 12 0 0 0 0 0 0 0 0
1882 6 2 1 0 0 0 0 0 0
1883 6 0 0 0 0 0 0 0 0
1886 6 0 0 6 0 0 0 0 0
1887 6 0 0 6 2 1 0 0 0
1888 6 0 0 0 0 0 0 0 0
1890 6 0 0 0 0 0 0 0 0
1891 6 0 0 0 0 0 0 0 0
1892 6 0 0 0 0 0 0 0 0
1896 6 0 0 0 0 0 0 0 0
1897 6 0 0 0 0 0 0 0 0
1898 6 0 0 0 0 0 0 0 0
1899 6 0 0 0 0 0 0 0 0
1900 6 0 0 0 0 0 0 0 0
1901 6 1 1 0 0 0 0 0 0
1970 19 1 1 0 0 0 0 0 0
1971 19 0 0 19 2 0 0 0 0
1972 19 0 0 19 3 3 0 0 0
1973 19 0 0 0 0 0 0 0 0
1974 19 0 0 0 0 0 0 0 0
1976 19 0 0 0 0 0 0 0 0
1977 19 0 0 0 0 0 0 0 0
1978 19 1 1 0 0 0 0 0 0
1979 19 0 0 0 0 0 0 0 0
1980 19 0 0 0 0 0 0 0 0
1981 19 0 0 0 0 0 0 0 0
1982 19 0 0 0 0 0 0 0 0
1984 5 0 0 5 0 0 0 0 0
1988 5 0 0 0 0 0 0 0 0
1989 5 0 0 0 0 0 0 0 0
1990 5 0 0 0 0 0 0 0 0
1996 5 0 0 0 0 0 0 0 0
1997 5 0 0 0 0 0 0 0 0
1999 10 0 0 0 0 0 0 0 0
2003 5 1 1 0 0 0 0 0 0
2004 5 0 0 0 0 0 0 0 0
2007 5 0 0 5 0 0 0 0 0
2008 5 0 0 5 2 1 0 0 0
2009 5 0 0 0 0 0 0 0 0
2011 5 0 0 0 0 0 0 0 0
2012 5 0 0 0 0 0 0 0 0
2013 5 0 0 0 0 0 0 0 0
2017 5 0 0 0 0 0 0 0 0
2018 5 0 0 0 0 0 0 0 0
2019 5 0 0 0 0 0 0 0 0
2020 5 0 0 0 0 0 0 0 0
2021 5 0 0 0 0 0 0 0 0
2022 5 1 1 0 0 0 0 0 0
2093 127 0 0 0 0 0 0 0 0
2095 237 1 1 0 0 0 0 0 0
2096 237 0 0 0 0 0 0 0 0
2097 237 0 0 0 0 0 0 0 0
2098 237 0 0 0 0 0 0 0 0
2099 180 0 0 0 0 0 0 0 0
2104 528 1 1 0 0 0 0 0 0
2110 528 0 0 528 0 0 0 0 0
2111 528 0 0 528 0 0 0 0 0
2119 528 0 0 0 0 0 0 0 0
2120 528 0 0 528 0 0 0 0 0
fn=strncmp
98 1 0 0 0 0 0 0 0 0
125 1 0 0 0 0 0 0 0 0
126 1 0 0 0 0 0 0 0 0
127 1 0 0 0 0 0 0 0 0
128 1 0 0 0 0 0 0 0 0
129 1 0 0 0 0 0 0 0 0
131 1 0 0 0 0 0 0 0 0
132 1 0 0 0 0 0 0 0 0
134 1 1 1 0 0 0 0 0 0
135 1 0 0 0 0 0 0 0 0
156 1 0 0 0 0 0 0 0 0
157 1 0 0 0 0 0 0 0 0
158 1 0 0 0 0 0 0 0 0
159 1 0 0 0 0 0 0 0 0
160 1 0 0 1 0 0 0 0 0
161 1 0 0 1 0 0 0 0 0
162 1 0 0 1 0 0 0 0 0
163 1 0 0 1 0 0 0 0 0
180 1 0 0 0 0 0 0 0 0
181 1 0 0 0 0 0 0 0 0
182 1 0 0 0 0 0 0 0 0
183 1 0 0 0 0 0 0 0 0
184 1 0 0 0 0 0 0 0 0
185 1 0 0 0 0 0 0 0 0
186 1 1 1 0 0 0 0 0 0
2104 1 1 1 0 0 0 0 0 0
2107 1 0 0 0 0 0 0 0 0
2108 1 0 0 0 0 0 0 0 0
2110 1 0 0 1 0 0 0 0 0
2111 1 0 0 1 0 0 0 0 0
2119 1 0 0 0 0 0 0 0 0
2120 1 0 0 1 0 0 0 0 0
fl=./string/../sysdeps/x86_64/multiarch/../multiarch/strlen-sse2.S
fn=strlen
57 25 1 1 0 0 0 0 0 0
101 25 0 0 0 0 0 0 0 0
102 25 0 0 0 0 0 0 0 0
103 25 0 0 0 0 0 0 0 0
104 25 0 0 0 0 0 0 0 0
105 25 0 0 0 0 0 0 0 0
106 25 0 0 0 0 0 0 0 0
107 25 0 0 0 0 0 0 0 0
109 25 0 0 0 0 0 0 0 0
111 25 0 0 0 0 0 0 0 0
142 24 0 0 24 3 3 0 0 0
143 24 0 0 0 0 0 0 0 0
144 24 0 0 0 0 0 0 0 0
145 24 0 0 0 0 0 0 0 0
146 24 0 0 0 0 0 0 0 0
147 12 0 0 0 0 0 0 0 0
149 12 0 0 12 0 0 0 0 0
153 12 1 1 0 0 0 0 0 0
154 12 0 0 12 0 0 0 0 0
155 12 0 0 12 0 0 0 0 0
156 12 0 0 12 0 0 0 0 0
157 12 0 0 0 0 0 0 0 0
158 12 0 0 0 0 0 0 0 0
159 12 0 0 0 0 0 0 0 0
160 12 0 0 0 0 0 0 0 0
161 12 0 0 0 0 0 0 0 0
162 12 0 0 0 0 0 0 0 0
163 12 0 0 0 0 0 0 0 0
164 12 0 0 0 0 0 0 0 0
169 90 0 0 9 0 0 0 0 0
173 1 1 1 0 0 0 0 0 0
174 14 1 1 4 1 1 0 0 0
175 8 0 0 1 0 0 0 0 0
243 3 1 1 3 0 0 0 0 0
244 3 0 0 3 0 0 0 0 0
245 3 0 0 3 0 0 0 0 0
246 3 0 0 3 0 0 0 0 0
247 3 0 0 0 0 0 0 0 0
248 3 0 0 0 0 0 0 0 0
249 3 0 0 0 0 0 0 0 0
250 3 0 0 0 0 0 0 0 0
266 3 1 1 0 0 0 0 0 0
268 3 0 0 0 0 0 0 0 0
269 42 1 1 12 0 0 0 0 0
271 3 0 0 0 0 0 0 0 0
272 3 0 0 0 0 0 0 0 0
273 3 0 0 0 0 0 0 0 0
275 3 0 0 3 0 0 0 0 0
fl=./string/../sysdeps/x86_64/multiarch/ifunc-avx2.h
fn=memrchr
38 4 0 0 0 0 0 0 0 0
40 3 0 0 2 0 0 0 0 0
fn=rindex
38 4 0 0 0 0 0 0 0 0
40 3 0 0 2 0 0 0 0 0
fn=strchrnul
38 4 0 0 0 0 0 0 0 0
40 3 0 0 2 0 0 0 0 0
fn=strlen
38 8 0 0 0 0 0 0 0 0
40 6 0 0 4 0 0 0 0 0
fn=strnlen
38 8 0 0 0 0 0 0 0 0
40 6 0 0 4 1 0 0 0 0
fl=./string/../sysdeps/x86_64/multiarch/ifunc-evex.h
fn=memchr
37 4 0 0 0 0 0 0 0 0
38 3 1 1 2 0 0 0 0 0
fl=./string/../sysdeps/x86_64/multiarch/ifunc-memcmp.h
fn=bcmp
34 10 1 1 4 0 0 0 0 0
fl=./string/../sysdeps/x86_64/multiarch/ifunc-memmove.h
fn=memcpy@@GLIBC_2.14
56 4 0 0 0 0 0 0 0 0
57 6 0 0 4 2 0 0 0 0
60 6 1 1 2 1 0 0 0 0
61 4 1 1 0 0 0 0 0 0
74 4 0 0 0 0 0 0 0 0
103 4 0 0 2 1 0 0 0 0
108 6 1 1 0 0 0 0 0 0
113 8 0 0 0 0 0 0 0 0
fn=memmove
56 4 0 0 0 0 0 0 0 0
57 6 0 0 4 0 0 0 0 0
60 6 0 0 2 0 0 0 0 0
61 4 1 1 0 0 0 0 0 0
74 4 0 0 0 0 0 0 0 0
103 4 1 1 2 0 0 0 0 0
108 6 1 1 0 0 0 0 0 0
113 8 0 0 0 0 0 0 0 0
fn=mempcpy
56 2 0 0 0 0 0 0 0 0
57 3 0 0 2 0 0 0 0 0
60 3 1 1 1 0 0 0 0 0
61 2 1 1 0 0 0 0 0 0
74 2 0 0 0 0 0 0 0 0
103 2 0 0 1 0 0 0 0 0
108 3 1 1 0 0 0 0 0 0
113 4 0 0 0 0 0 0 0 0
fl=./string/../sysdeps/x86_64/multiarch/ifunc-memset.h
fn=memset
54 10 0 0 4 0 0 0 0 0
57 6 0 0 2 0 0 0 0 0
58 4 1 1 0 0 0 0 0 0
64 4 1 1 0 0 0 0 0 0
73 4 0 0 0 0 0 0 0 0
103 8 0 0 0 0 0 0 0 0
fl=./string/../sysdeps/x86_64/multiarch/ifunc-sse4_2.h
fn=strcspn
36 5 0 0 2 0 0 0 0 0
fn=strpbrk
36 5 1 1 2 1 0 0 0 0
fn=strspn
36 5 1 1 2 0 0 0 0 0
fl=./string/../sysdeps/x86_64/multiarch/ifunc-strcasecmp.h
fn=strcasecmp
36 4 0 0 0 0 0 0 0 0
37 2 0 0 2 0 0 0 0 0
53 3 0 0 1 0 0 0 0 0
56 3 1 1 1 0 0 0 0 0
fn=strcasecmp_l
36 4 0 0 0 0 0 0 0 0
37 2 1 1 2 0 0 0 0 0
53 3 0 0 1 0 0 0 0 0
56 3 0 0 1 0 0 0 0 0
fn=strncasecmp
36 4 0 0 0 0 0 0 0 0
37 2 0 0 2 0 0 0 0 0
53 3 0 0 1 0 0 0 0 0
56 3 1 1 1 0 0 0 0 0
fn=strncasecmp_l
36 4 0 0 0 0 0 0 0 0
37 2 1 1 2 0 0 0 0 0
53 3 0 0 1 0 0 0 0 0
56 3 0 0 1 0 0 0 0 0
fl=./string/../sysdeps/x86_64/multiarch/ifunc-strcpy.h
fn=stpcpy
38 4 0 0 2 0 0 0 0 0
39 3 0 0 1 0 0 0 0 0
54 4 0 0 0 0 0 0 0 0
fn=strcat
38 4 0 0 2 0 0 0 0 0
39 3 1 1 1 0 0 0 0 0
54 4 0 0 0 0 0 0 0 0
fn=strcpy
38 4 0 0 2 0 0 0 0 0
39 3 1 1 1 0 0 0 0 0
54 4 0 0 0 0 0 0 0 0
fl=./string/../sysdeps/x86_64/multiarch/ifunc-strncpy.h
fn=stpncpy
35 5 1 1 2 0 0 0 0 0
fn=strncpy
35 5 0 0 2 0 0 0 0 0
fl=./string/../sysdeps/x86_64/multiarch/memchr-sse2.S
fn=__memchr_sse2
40 56 1 1 0 0 0 0 0 0
41 56 0 0 0 0 0 0 0 0
42 56 0 0 0 0 0 0 0 0
52 56 0 0 0 0 0 0 0 0
53 56 0 0 0 0 0 0 0 0
54 56 0 0 0 0 0 0 0 0
55 56 0 0 0 0 0 0 0 0
58 56 0 0 0 0 0 0 0 0
59 56 0 0 0 0 0 0 0 0
61 56 0 0 0 0 0 0 0 0
62 56 0 0 0 0 0 0 0 0
64 44 0 0 44 0 0 0 0 0
65 44 0 0 0 0 0 0 0 0
66 44 1 1 0 0 0 0 0 0
67 44 0 0 0 0 0 0 0 0
69 44 0 0 0 0 0 0 0 0
70 43 0 0 0 0 0 0 0 0
71 43 0 0 0 0 0 0 0 0
72 43 0 0 0 0 0 0 0 0
73 43 0 0 0 0 0 0 0 0
74 43 0 0 0 0 0 0 0 0
78 43 0 0 0 0 0 0 0 0
79 43 0 0 0 0 0 0 0 0
80 43 0 0 0 0 0 0 0 0
81 40 0 0 0 0 0 0 0 0
85 12 0 0 0 0 0 0 0 0
86 12 0 0 0 0 0 0 0 0
87 12 0 0 12 0 0 0 0 0
89 12 0 0 0 0 0 0 0 0
91 12 1 1 0 0 0 0 0 0
93 12 0 0 0 0 0 0 0 0
94 12 0 0 0 0 0 0 0 0
95 12 0 0 0 0 0 0 0 0
115 12 0 0 0 0 0 0 0 0
116 12 0 0 0 0 0 0 0 0
120 12 0 0 0 0 0 0 0 0
121 12 0 0 0 0 0 0 0 0
122 12 0 0 0 0 0 0 0 0
123 12 0 0 0 0 0 0 0 0
124 23 0 0 0 0 0 0 0 0
128 51 1 1 51 1 1 0 0 0
129 51 0 0 0 0 0 0 0 0
130 51 0 0 0 0 0 0 0 0
131 51 0 0 0 0 0 0 0 0
132 51 0 0 0 0 0 0 0 0
134 51 0 0 51 2 2 0 0 0
135 51 0 0 0 0 0 0 0 0
136 51 0 0 0 0 0 0 0 0
137 51 0 0 0 0 0 0 0 0
138 51 0 0 0 0 0 0 0 0
140 48 0 0 48 3 3 0 0 0
141 48 0 0 0 0 0 0 0 0
142 48 0 0 0 0 0 0 0 0
143 48 0 0 0 0 0 0 0 0
144 48 0 0 0 0 0 0 0 0
146 34 1 1 34 2 2 0 0 0
147 34 0 0 0 0 0 0 0 0
148 34 0 0 0 0 0 0 0 0
149 34 0 0 0 0 0 0 0 0
150 34 0 0 0 0 0 0 0 0
151 34 0 0 0 0 0 0 0 0
153 33 0 0 0 0 0 0 0 0
154 33 0 0 0 0 0 0 0 0
156 27 0 0 0 0 0 0 0 0
157 27 0 0 0 0 0 0 0 0
159 25 0 0 25 0 0 0 0 0
160 25 0 0 0 0 0 0 0 0
161 25 0 0 0 0 0 0 0 0
162 25 0 0 0 0 0 0 0 0
163 25 0 0 0 0 0 0 0 0
165 24 1 1 24 2 2 0 0 0
166 24 0 0 0 0 0 0 0 0
167 24 0 0 0 0 0 0 0 0
168 24 0 0 0 0 0 0 0 0
169 24 0 0 0 0 0 0 0 0
171 22 0 0 22 3 3 0 0 0
172 22 0 0 0 0 0 0 0 0
173 22 0 0 0 0 0 0 0 0
174 22 0 0 0 0 0 0 0 0
175 22 0 0 0 0 0 0 0 0
177 10 0 0 10 2 2 0 0 0
178 10 0 0 0 0 0 0 0 0
179 10 0 0 0 0 0 0 0 0
181 10 0 0 0 0 0 0 0 0
182 10 0 0 0 0 0 0 0 0
183 10 1 1 0 0 0 0 0 0
185 7 0 0 0 0 0 0 0 0
186 7 0 0 0 0 0 0 0 0
187 7 0 0 0 0 0 0 0 0
191 14 0 0 0 0 0 0 0 0
195 17 0 0 0 0 0 0 0 0
196 17 0 0 0 0 0 0 0 0
197 17 0 0 17 0 0 0 0 0
198 17 0 0 17 0 0 0 0 0
199 17 0 0 17 0 0 0 0 0
200 17 0 0 17 0 0 0 0 0
202 17 0 0 0 0 0 0 0 0
203 17 0 0 0 0 0 0 0 0
204 17 0 0 0 0 0 0 0 0
205 17 0 0 0 0 0 0 0 0
207 17 1 1 0 0 0 0 0 0
208 17 0 0 0 0 0 0 0 0
209 17 0 0 0 0 0 0 0 0
210 17 0 0 0 0 0 0 0 0
212 17 0 0 0 0 0 0 0 0
214 17 0 0 0 0 0 0 0 0
215 17 0 0 0 0 0 0 0 0
217 13 0 0 0 0 0 0 0 0
219 13 0 0 0 0 0 0 0 0
220 13 0 0 0 0 0 0 0 0
221 13 0 0 0 0 0 0 0 0
223 12 0 0 0 0 0 0 0 0
224 12 0 0 0 0 0 0 0 0
225 12 0 0 0 0 0 0 0 0
227 8 0 0 8 0 0 0 0 0
228 8 0 0 0 0 0 0 0 0
230 8 0 0 8 0 0 0 0 0
231 8 1 1 0 0 0 0 0 0
232 8 0 0 0 0 0 0 0 0
233 8 0 0 0 0 0 0 0 0
235 3 0 0 0 0 0 0 0 0
236 3 0 0 0 0 0 0 0 0
237 3 0 0 0 0 0 0 0 0
238 3 0 0 3 0 0 0 0 0
242 6 0 0 0 0 0 0 0 0
243 6 0 0 0 0 0 0 0 0
245 3 0 0 3 0 0 0 0 0
246 3 0 0 0 0 0 0 0 0
247 3 0 0 0 0 0 0 0 0
248 3 0 0 0 0 0 0 0 0
249 3 0 0 0 0 0 0 0 0
251 3 0 0 3 0 0 0 0 0
252 3 1 1 0 0 0 0 0 0
253 3 0 0 0 0 0 0 0 0
254 3 0 0 0 0 0 0 0 0
255 3 0 0 0 0 0 0 0 0
257 2 0 0 2 0 0 0 0 0
258 2 0 0 0 0 0 0 0 0
259 2 0 0 0 0 0 0 0 0
260 2 0 0 0 0 0 0 0 0
261 2 0 0 0 0 0 0 0 0
262 2 0 0 0 0 0 0 0 0
263 2 0 0 0 0 0 0 0 0
274 3 0 0 0 0 0 0 0 0
275 3 0 0 3 0 0 0 0 0
276 3 0 0 0 0 0 0 0 0
277 3 0 0 0 0 0 0 0 0
278 3 0 0 0 0 0 0 0 0
279 3 0 0 0 0 0 0 0 0
280 3 0 0 0 0 0 0 0 0
281 3 0 0 0 0 0 0 0 0
283 2 0 0 2 0 0 0 0 0
284 2 0 0 0 0 0 0 0 0
285 2 0 0 0 0 0 0 0 0
286 2 0 0 0 0 0 0 0 0
287 2 0 0 0 0 0 0 0 0
288 2 0 0 2 0 0 0 0 0
292 4 1 1 0 0 0 0 0 0
293 4 0 0 0 0 0 0 0 0
294 4 0 0 4 0 0 0 0 0
298 2 0 0 0 0 0 0 0 0
299 2 0 0 0 0 0 0 0 0
300 2 0 0 2 0 0 0 0 0
304 10 1 1 0 0 0 0 0 0
305 10 0 0 0 0 0 0 0 0
306 10 0 0 10 0 0 0 0 0
310 31 0 0 0 0 0 0 0 0
311 31 0 0 0 0 0 0 0 0
312 31 0 0 31 0 0 0 0 0
316 1 0 0 0 0 0 0 0 0
322 1 0 0 0 0 0 0 0 0
324 1 0 0 0 0 0 0 0 0
325 1 0 0 0 0 0 0 0 0
326 1 0 0 1 0 0 0 0 0
372 3 1 1 0 0 0 0 0 0
373 3 0 0 3 0 0 0 0 0
fl=./string/../sysdeps/x86_64/multiarch/memchr.c
fn=memchr
29 2 1 1 1 0 0 0 0 0
fl=./string/../sysdeps/x86_64/multiarch/memcmp-sse2.S
fn=__memcmp_sse2
59 46 2 1 0 0 0 0 0 0
71 46 0 0 0 0 0 0 0 0
72 46 0 0 0 0 0 0 0 0
94 44 0 0 0 0 0 0 0 0
95 44 0 0 0 0 0 0 0 0
97 31 0 0 0 0 0 0 0 0
98 31 0 0 0 0 0 0 0 0
111 17 0 0 17 13 1 0 0 0
112 17 0 0 17 0 0 0 0 0
113 17 0 0 0 0 0 0 0 0
114 17 0 0 0 0 0 0 0 0
115 17 0 0 17 0 0 0 0 0
116 17 0 0 17 0 0 0 0 0
117 17 0 0 0 0 0 0 0 0
118 17 0 0 0 0 0 0 0 0
120 17 0 0 0 0 0 0 0 0
121 17 0 0 0 0 0 0 0 0
122 15 0 0 0 0 0 0 0 0
123 15 0 0 15 0 0 0 0 0
140 13 1 0 13 2 0 0 0 0
141 13 0 0 13 0 0 0 0 0
143 13 0 0 0 0 0 0 0 0
144 13 0 0 0 0 0 0 0 0
146 13 0 0 13 0 0 0 0 0
147 13 0 0 13 0 0 0 0 0
149 13 0 0 0 0 0 0 0 0
150 13 0 0 0 0 0 0 0 0
151 13 0 0 0 0 0 0 0 0
154 13 0 0 13 0 0 0 0 0
197 2 1 1 0 0 0 0 0 0
198 2 0 0 0 0 0 0 0 0
199 2 0 0 0 0 0 0 0 0
200 2 0 0 0 0 0 0 0 0
201 2 0 0 0 0 0 0 0 0
202 2 0 0 2 0 0 0 0 0
215 14 1 1 0 0 0 0 0 0
216 14 0 0 0 0 0 0 0 0
218 14 0 0 14 6 0 0 0 0
219 14 0 0 14 0 0 0 0 0
229 14 0 0 0 0 0 0 0 0
230 14 0 0 0 0 0 0 0 0
234 14 0 0 0 0 0 0 0 0
235 14 0 0 0 0 0 0 0 0
240 14 0 0 14 0 0 0 0 0
241 14 0 0 14 0 0 0 0 0
242 14 0 0 0 0 0 0 0 0
243 14 0 0 0 0 0 0 0 0
245 14 0 0 14 0 0 0 0 0
255 2 1 0 0 0 0 0 0 0
257 2 0 0 2 1 0 0 0 0
258 2 0 0 2 0 0 0 0 0
259 2 0 0 0 0 0 0 0 0
260 2 0 0 0 0 0 0 0 0
261 2 0 0 0 0 0 0 0 0
262 2 0 0 0 0 0 0 0 0
269 2 0 0 0 0 0 0 0 0
271 2 0 0 0 0 0 0 0 0
273 2 1 1 2 1 0 0 0 0
274 2 0 0 2 0 0 0 0 0
275 2 0 0 0 0 0 0 0 0
276 2 0 0 0 0 0 0 0 0
277 2 0 0 0 0 0 0 0 0
281 2 0 0 0 0 0 0 0 0
289 2 0 0 2 0 0 0 0 0
fl=./string/../sysdeps/x86_64/multiarch/memcmp.c
fn=bcmp
29 6 2 2 2 0 0 0 0 0
fl=./string/../sysdeps/x86_64/multiarch/memcmpeq.c
fn=memcpy@@GLIBC_2.14
29 2 1 1 0 0 0 0 0 0
fl=./string/../sysdeps/x86_64/multiarch/memcpy.c
fn=memcpy@@GLIBC_2.14
29 2 0 0 2 0 0 0 0 0
fl=./string/../sysdeps/x86_64/multiarch/memmove-vec-unaligned-erms.S
fn=__memcpy_sse2_unaligned_erms
308 344 2 1 0 0 0 0 0 0
309 344 0 0 0 0 0 0 0 0
311 270 0 0 0 0 0 0 0 0
315 270 0 0 0 0 0 0 0 0
316 218 0 0 0 0 0 0 0 0
317 218 0 0 0 0 0 0 0 0
318 127 0 0 127 3 1 0 0 0
319 127 0 0 0 0 0 0 0 0
320 52 0 0 52 0 0 0 0 0
321 52 0 0 0 0 0 52 0 0
323 127 0 0 0 0 0 127 0 0
325 218 0 0 218 0 0 0 0 0
331 52 0 0 52 8 2 0 0 0
332 52 0 0 52 0 0 0 0 0
333 52 0 0 0 0 0 52 0 0
334 52 0 0 0 0 0 52 0 0
335 52 0 0 52 0 0 0 0 0
364 74 0 0 74 15 1 0 0 0
365 74 0 0 74 0 0 0 0 0
366 74 0 0 0 0 0 74 0 0
367 74 0 0 0 0 0 74 0 0
368 74 0 0 74 0 0 0 0 0
375 609 1 1 609 0 0 0 0 0
376 609 0 0 609 0 0 0 0 0
377 609 0 0 0 0 0 609 7 3
378 609 0 0 0 0 0 609 4 1
379 609 0 0 0 0 0 609 3 0
380 609 0 0 0 0 0 609 0 0
381 609 0 0 609 0 0 0 0 0
392 9495 1 1 0 0 0 0 0 0
393 9495 0 0 0 0 0 0 0 0
395 2915 0 0 2915 0 0 0 0 0
396 2915 0 0 0 0 0 0 0 0
397 2915 0 0 0 0 0 0 0 0
399 2306 0 0 2306 0 0 0 0 0
400 2306 0 0 2306 0 0 0 0 0
401 2306 0 0 2306 0 0 0 0 0
402 2306 1 1 2306 0 0 0 0 0
403 2306 0 0 2306 0 0 0 0 0
404 2306 0 0 2306 0 0 0 0 0
405 2306 0 0 0 0 0 2306 3 3
406 2306 0 0 0 0 0 2306 52 4
407 2306 0 0 0 0 0 2306 14 3
408 2306 0 0 0 0 0 2306 121 5
409 2306 0 0 0 0 0 2306 128 5
410 2306 0 0 0 0 0 2306 0 0
411 2306 0 0 0 0 0 2306 0 0
412 2306 0 0 0 0 0 2306 0 0
413 2306 0 0 2306 0 0 0 0 0
417 6580 0 0 0 0 0 0 0 0
418 6580 0 0 0 0 0 0 0 0
422 6580 0 0 0 0 0 0 0 0
424 6580 0 0 0 0 0 0 0 0
428 6580 2 1 6580 156 0 0 0 0
429 6580 0 0 0 0 0 0 0 0
440 6580 0 0 0 0 0 0 0 0
443 6580 0 0 0 0 0 0 0 0
445 6580 0 0 0 0 0 0 0 0
447 6580 0 0 0 0 0 0 0 0
451 6580 0 0 0 0 0 0 0 0
452 6580 0 0 0 0 0 0 0 0
461 6136 0 0 6136 3 0 0 0 0
462 6136 0 0 6136 3 0 0 0 0
464 6136 0 0 0 0 0 0 0 0
466 6136 0 0 0 0 0 0 0 0
467 6136 0 0 6136 1 0 0 0 0
468 6136 0 0 6136 4 0 0 0 0
471 6136 1 1 0 0 0 0 0 0
473 6136 0 0 0 0 0 0 0 0
475 6136 0 0 0 0 0 0 0 0
477 12272 0 0 0 0 0 0 0 0
483 86684 0 0 86684 4259 0 0 0 0
484 86684 0 0 86684 1944 0 0 0 0
485 86684 0 0 86684 30570 0 0 0 0
486 86684 0 0 86684 2165 0 0 0 0
487 86684 0 0 0 0 0 0 0 0
488 86684 0 0 0 0 0 86684 9077 2867
489 86684 0 0 0 0 0 86684 5877 2720
490 86684 0 0 0 0 0 86684 12066 4852
491 86684 0 0 0 0 0 86684 18522 2385
492 86684 0 0 0 0 0 0 0 0
493 86684 0 0 0 0 0 0 0 0
494 86684 0 0 0 0 0 0 0 0
496 6136 0 0 0 0 0 6136 921 481
497 6136 1 1 0 0 0 6136 0 0
498 6136 0 0 0 0 0 6136 0 0
499 6136 0 0 0 0 0 6136 0 0
501 6136 0 0 0 0 0 6136 42 0
505 6136 0 0 6136 36 0 0 0 0
518 444 0 0 444 19 0 0 0 0
519 444 0 0 444 9 0 0 0 0
521 444 0 0 0 0 0 0 0 0
522 444 0 0 444 34 0 0 0 0
523 444 0 0 444 1 0 0 0 0
525 444 0 0 0 0 0 0 0 0
527 444 0 0 0 0 0 0 0 0
529 888 0 0 0 0 0 0 0 0
535 35739 2 1 35739 12550 0 0 0 0
536 35739 0 0 35739 2383 0 0 0 0
537 35739 0 0 35739 642 0 0 0 0
538 35739 0 0 35739 15864 0 0 0 0
539 35739 0 0 0 0 0 0 0 0
540 35739 0 0 0 0 0 35739 13151 532
541 35739 0 0 0 0 0 35739 3019 594
542 35739 0 0 0 0 0 35739 880 293
543 35739 0 0 0 0 0 35739 16301 14778
544 35739 0 0 0 0 0 0 0 0
545 35739 0 0 0 0 0 0 0 0
546 35739 0 0 0 0 0 0 0 0
548 444 0 0 0 0 0 444 25 20
549 444 0 0 0 0 0 444 0 0
550 444 0 0 0 0 0 444 0 0
551 444 0 0 0 0 0 444 0 0
553 444 0 0 0 0 0 444 31 20
554 444 2 1 444 8 0 0 0 0
fn=memcpy
210 26 2 1 0 0 0 0 0 0
211 26 0 0 0 0 0 0 0 0
217 46 0 0 0 0 0 0 0 0
218 46 0 0 0 0 0 0 0 0
220 25 0 0 25 2 1 0 0 0
221 25 0 0 0 0 0 0 0 0
222 25 0 0 0 0 0 0 0 0
224 14 0 0 14 0 0 0 0 0
225 14 0 0 0 0 0 14 5 5
226 14 0 0 0 0 0 14 2 2
228 14 0 0 14 0 0 0 0 0
308 21 2 1 0 0 0 0 0 0
309 21 0 0 0 0 0 0 0 0
311 5 0 0 0 0 0 0 0 0
315 5 0 0 0 0 0 0 0 0
316 5 0 0 0 0 0 0 0 0
317 5 0 0 0 0 0 0 0 0
318 1 0 0 1 1 1 0 0 0
319 1 0 0 0 0 0 0 0 0
323 1 0 0 0 0 0 1 1 1
325 5 0 0 5 0 0 0 0 0
364 16 1 1 16 0 0 0 0 0
365 16 0 0 16 0 0 0 0 0
366 16 0 0 0 0 0 16 6 6
367 16 0 0 0 0 0 16 0 0
368 16 0 0 16 0 0 0 0 0
375 7 0 0 7 0 0 0 0 0
376 7 0 0 7 0 0 0 0 0
377 7 0 0 0 0 0 7 2 2
378 7 0 0 0 0 0 7 0 0
379 7 0 0 0 0 0 7 2 2
380 7 0 0 0 0 0 7 0 0
381 7 0 0 7 0 0 0 0 0
392 11 1 0 0 0 0 0 0 0
393 11 0 0 0 0 0 0 0 0
395 11 0 0 11 1 0 0 0 0
396 11 2 1 0 0 0 0 0 0
397 11 0 0 0 0 0 0 0 0
399 4 0 0 4 0 0 0 0 0
400 4 0 0 4 0 0 0 0 0
401 4 0 0 4 0 0 0 0 0
402 4 0 0 4 0 0 0 0 0
403 4 0 0 4 0 0 0 0 0
404 4 0 0 4 0 0 0 0 0
405 4 0 0 0 0 0 4 2 2
406 4 0 0 0 0 0 4 0 0
407 4 0 0 0 0 0 4 2 2
408 4 0 0 0 0 0 4 0 0
409 4 0 0 0 0 0 4 2 2
410 4 0 0 0 0 0 4 0 0
411 4 0 0 0 0 0 4 0 0
412 4 1 1 0 0 0 4 0 0
413 4 0 0 4 0 0 0 0 0
fn=memcpy@GLIBC_2.2.5
210 9869 1 1 0 0 0 0 0 0
211 9869 0 0 0 0 0 0 0 0
217 9869 0 0 0 0 0 0 0 0
218 9869 1 1 0 0 0 0 0 0
220 9525 0 0 9525 262 1 0 0 0
221 9525 0 0 0 0 0 0 0 0
222 9525 0 0 0 0 0 0 0 0
224 30 0 0 30 1 0 0 0 0
225 30 0 0 0 0 0 30 1 0
226 30 0 0 0 0 0 30 1 0
230 30 0 0 30 0 0 0 0 0
fn=mempcpy
197 20 0 0 0 0 0 0 0 0
198 20 0 0 0 0 0 0 0 0
199 20 0 0 0 0 0 0 0 0
200 20 0 0 0 0 0 0 0 0
fl=./string/../sysdeps/x86_64/multiarch/memmove.c
fn=memmove
29 4 1 1 2 0 0 0 0 0
fl=./string/../sysdeps/x86_64/multiarch/mempcpy.c
fn=mempcpy
33 2 1 1 1 0 0 0 0 0
fl=./string/../sysdeps/x86_64/multiarch/memrchr.c
fn=memrchr
29 3 1 1 1 0 0 0 0 0
fl=./string/../sysdeps/x86_64/multiarch/memset-vec-unaligned-erms.S
fn=__memset_sse2_unaligned
132 70 2 1 0 0 0 0 0 0
133 350 0 0 0 0 0 0 0 0
138 70 0 0 0 0 0 0 0 0
139 70 0 0 0 0 0 0 0 0
142 59 0 0 0 0 0 0 0 0
143 59 0 0 0 0 0 0 0 0
145 57 0 0 0 0 0 57 12 0
146 57 0 0 0 0 0 57 0 0
147 57 0 0 57 0 0 0 0 0
fn=__memset_sse2_unaligned_erms
244 2 1 1 0 0 0 2 1 1
245 2 0 0 0 0 0 2 1 1
257 2 0 0 0 0 0 0 0 0
260 2 0 0 0 0 0 0 0 0
261 2 0 0 0 0 0 0 0 0
273 2 0 0 0 0 0 2 0 0
274 2 0 0 0 0 0 2 0 0
287 2 0 0 0 0 0 0 0 0
288 2 0 0 0 0 0 0 0 0
290 2 0 0 0 0 0 0 0 0
293 2 0 0 0 0 0 0 0 0
296 4 0 0 0 0 0 0 0 0
299 39 1 1 0 0 0 39 1 1
300 39 0 0 0 0 0 39 0 0
301 39 0 0 0 0 0 39 35 10
302 39 0 0 0 0 0 39 0 0
303 39 0 0 0 0 0 0 0 0
304 39 0 0 0 0 0 0 0 0
305 39 0 0 0 0 0 0 0 0
308 2 0 0 0 0 0 2 0 0
309 2 0 0 0 0 0 2 0 0
310 2 0 0 0 0 0 2 0 0
311 2 0 0 0 0 0 2 0 0
316 2 0 0 2 0 0 0 0 0
350 11 1 1 0 0 0 0 0 0
352 11 0 0 0 0 0 0 0 0
353 11 0 0 0 0 0 0 0 0
354 11 0 0 0 0 0 0 0 0
355 11 0 0 0 0 0 0 0 0
356 10 0 0 0 0 0 0 0 0
357 10 0 0 0 0 0 0 0 0
358 9 0 0 0 0 0 0 0 0
359 1 0 0 0 0 0 1 0 0
361 9 0 0 9 0 0 0 0 0
406 1 0 0 0 0 0 1 0 0
407 1 0 0 0 0 0 1 0 0
409 1 0 0 1 0 0 0 0 0
420 1 0 0 0 0 0 1 0 0
421 1 0 0 0 0 0 1 0 0
423 1 0 0 1 0 0 0 0 0
fl=./string/../sysdeps/x86_64/multiarch/memset.c
fn=memset
29 4 1 1 2 0 0 0 0 0
fl=./string/../sysdeps/x86_64/multiarch/stpcpy.c
fn=stpcpy
33 2 1 1 1 0 0 0 0 0
fl=./string/../sysdeps/x86_64/multiarch/stpncpy.c
fn=stpncpy
31 2 1 1 1 0 0 0 0 0
fl=./string/../sysdeps/x86_64/multiarch/strcasecmp.c
fn=strcasecmp
31 3 1 1 1 0 0 0 0 0
fl=./string/../sysdeps/x86_64/multiarch/strcasecmp_l.c
fn=strcasecmp_l
31 3 1 1 1 0 0 0 0 0
fl=./string/../sysdeps/x86_64/multiarch/strcat.c
fn=strcat
29 2 1 1 1 0 0 0 0 0
fl=./string/../sysdeps/x86_64/multiarch/strchr-sse2.S
fn=__strchr_sse2
32 1 1 1 0 0 0 0 0 0
33 1 0 0 0 0 0 0 0 0
34 1 0 0 0 0 0 0 0 0
35 1 0 0 0 0 0 0 0 0
36 1 1 1 0 0 0 0 0 0
37 1 0 0 0 0 0 0 0 0
38 1 0 0 0 0 0 0 0 0
39 1 0 0 0 0 0 0 0 0
40 1 0 0 0 0 0 0 0 0
41 1 0 0 1 1 1 0 0 0
42 1 0 0 0 0 0 0 0 0
43 1 0 0 0 0 0 0 0 0
44 1 0 0 0 0 0 0 0 0
45 1 0 0 0 0 0 0 0 0
46 1 0 0 0 0 0 0 0 0
47 1 0 0 0 0 0 0 0 0
48 1 0 0 0 0 0 0 0 0
49 1 0 0 0 0 0 0 0 0
50 1 0 0 0 0 0 0 0 0
54 1 0 0 0 0 0 0 0 0
55 1 1 1 0 0 0 0 0 0
56 1 0 0 1 0 0 0 0 0
57 1 0 0 0 0 0 0 0 0
59 1 0 0 1 0 0 0 0 0
fl=./string/../sysdeps/x86_64/multiarch/strchr.c
fn=index
42 4 0 0 0 0 0 0 0 0
43 2 0 0 2 0 0 0 0 0
44 3 1 1 1 0 0 0 0 0
59 4 0 0 0 0 0 0 0 0
65 2 1 1 1 0 0 0 0 0
fl=./string/../sysdeps/x86_64/multiarch/strchrnul.c
fn=strchrnul
31 3 1 1 1 0 0 0 0 0
fl=./string/../sysdeps/x86_64/multiarch/strcmp.c
fn=strcmp
47 4 1 1 0 0 0 0 0 0
48 2 0 0 2 0 0 0 0 0
49 3 0 0 1 0 0 0 0 0
64 3 0 0 1 0 0 0 0 0
67 2 0 0 0 0 0 0 0 0
79 2 1 1 1 0 0 0 0 0
fl=./string/../sysdeps/x86_64/multiarch/strcpy.c
fn=strcpy
29 2 1 1 1 0 0 0 0 0
fl=./string/../sysdeps/x86_64/multiarch/strcspn.c
fn=strcspn
29 2 1 1 1 0 0 0 0 0
fl=./string/../sysdeps/x86_64/multiarch/strlen-sse2.S
fn=__strlen_sse2
57 58 1 1 0 0 0 0 0 0
101 58 0 0 0 0 0 0 0 0
102 58 0 0 0 0 0 0 0 0
103 58 0 0 0 0 0 0 0 0
104 58 0 0 0 0 0 0 0 0
105 58 0 0 0 0 0 0 0 0
106 58 0 0 0 0 0 0 0 0
107 58 0 0 0 0 0 0 0 0
109 58 0 0 0 0 0 0 0 0
111 58 0 0 0 0 0 0 0 0
142 58 0 0 58 1 0 0 0 0
143 58 1 1 0 0 0 0 0 0
144 58 0 0 0 0 0 0 0 0
145 58 0 0 0 0 0 0 0 0
146 58 0 0 0 0 0 0 0 0
147 6 0 0 0 0 0 0 0 0
149 6 0 0 6 0 0 0 0 0
153 52 0 0 0 0 0 0 0 0
154 52 0 0 52 0 0 0 0 0
155 52 0 0 52 0 0 0 0 0
156 52 0 0 52 0 0 0 0 0
157 52 0 0 0 0 0 0 0 0
158 52 0 0 0 0 0 0 0 0
159 52 0 0 0 0 0 0 0 0
160 52 0 0 0 0 0 0 0 0
161 52 0 0 0 0 0 0 0 0
162 52 0 0 0 0 0 0 0 0
163 52 0 0 0 0 0 0 0 0
164 52 0 0 0 0 0 0 0 0
169 346 1 1 17 0 0 0 0 0
243 35 2 1 35 0 0 0 0 0
244 35 0 0 35 0 0 0 0 0
245 35 0 0 35 0 0 0 0 0
246 35 0 0 35 0 0 0 0 0
247 35 0 0 0 0 0 0 0 0
248 35 0 0 0 0 0 0 0 0
249 35 0 0 0 0 0 0 0 0
250 35 0 0 0 0 0 0 0 0
252 24 0 0 0 0 0 0 0 0
254 24 0 0 24 0 0 0 0 0
255 24 0 0 24 0 0 0 0 0
256 24 1 1 24 0 0 0 0 0
257 24 0 0 24 0 0 0 0 0
258 24 0 0 0 0 0 0 0 0
259 24 0 0 0 0 0 0 0 0
260 24 0 0 0 0 0 0 0 0
261 24 0 0 0 0 0 0 0 0
266 11 0 0 0 0 0 0 0 0
268 35 0 0 0 0 0 0 0 0
269 490 1 1 140 0 0 0 0 0
271 35 0 0 0 0 0 0 0 0
272 35 0 0 0 0 0 0 0 0
273 35 0 0 0 0 0 0 0 0
275 35 0 0 35 0 0 0 0 0
fl=./string/../sysdeps/x86_64/multiarch/strlen.c
fn=strlen
29 6 1 1 2 0 0 0 0 0
fl=./string/../sysdeps/x86_64/multiarch/strncase.c
fn=strncasecmp
31 3 1 1 1 0 0 0 0 0
fl=./string/../sysdeps/x86_64/multiarch/strncase_l.c
fn=strncasecmp_l
31 3 1 1 1 0 0 0 0 0
fl=./string/../sysdeps/x86_64/multiarch/strncmp.c
fn=strncmp
43 4 0 0 0 0 0 0 0 0
44 2 1 1 2 0 0 0 0 0
60 3 0 0 1 0 0 0 0 0
61 3 0 0 1 0 0 0 0 0
67 3 1 1 1 0 0 0 0 0
fl=./string/../sysdeps/x86_64/multiarch/strncpy.c
fn=strncpy
29 2 2 2 1 0 0 0 0 0
fl=./string/../sysdeps/x86_64/multiarch/strnlen.c
fn=strnlen
31 6 1 1 2 0 0 0 0 0
fl=./string/../sysdeps/x86_64/multiarch/strpbrk.c
fn=strpbrk
29 2 1 1 1 0 0 0 0 0
fl=./string/../sysdeps/x86_64/multiarch/strrchr-sse2.S
fn=__strrchr_sse2
45 1 1 1 0 0 0 0 0 0
46 1 0 0 0 0 0 0 0 0
47 1 0 0 0 0 0 0 0 0
48 1 0 0 0 0 0 0 0 0
50 1 0 0 0 0 0 0 0 0
51 1 0 0 0 0 0 0 0 0
53 1 0 0 0 0 0 0 0 0
54 1 0 0 0 0 0 0 0 0
55 1 0 0 0 0 0 0 0 0
58 1 0 0 1 1 1 0 0 0
59 1 0 0 0 0 0 0 0 0
60 1 0 0 0 0 0 0 0 0
61 1 0 0 0 0 0 0 0 0
62 1 0 0 0 0 0 0 0 0
63 1 0 0 0 0 0 0 0 0
143 1 1 1 0 0 0 0 0 0
144 1 0 0 0 0 0 0 0 0
146 1 0 0 1 0 0 0 0 0
147 1 0 0 0 0 0 0 0 0
148 1 0 0 0 0 0 0 0 0
149 1 0 0 0 0 0 0 0 0
150 1 0 0 0 0 0 0 0 0
151 1 0 0 0 0 0 0 0 0
153 1 0 0 1 0 0 0 0 0
154 1 1 1 0 0 0 0 0 0
155 1 0 0 0 0 0 0 0 0
156 1 0 0 0 0 0 0 0 0
157 1 0 0 0 0 0 0 0 0
158 1 0 0 0 0 0 0 0 0
160 1 0 0 0 0 0 0 0 0
162 1 0 0 0 0 0 0 0 0
163 2 0 0 0 0 0 0 0 0
167 1 0 0 1 0 0 0 0 0
168 1 0 0 1 0 0 0 0 0
180 1 0 0 0 0 0 0 0 0
181 1 0 0 0 0 0 0 0 0
184 1 0 0 0 0 0 0 0 0
185 1 0 0 0 0 0 0 0 0
186 1 0 0 0 0 0 0 0 0
187 1 0 0 0 0 0 0 0 0
188 1 1 1 0 0 0 0 0 0
190 1 0 0 0 0 0 0 0 0
191 1 0 0 0 0 0 0 0 0
193 1 0 0 0 0 0 0 0 0
194 1 0 0 0 0 0 0 0 0
196 1 0 0 0 0 0 0 0 0
199 1 0 0 0 0 0 0 0 0
200 1 0 0 0 0 0 0 0 0
203 1 0 0 0 0 0 0 0 0
204 1 0 0 0 0 0 0 0 0
207 1 0 0 0 0 0 0 0 0
208 1 0 0 0 0 0 0 0 0
233 1 1 1 0 0 0 0 0 0
234 1 0 0 0 0 0 0 0 0
235 1 0 0 0 0 0 0 0 0
236 1 0 0 0 0 0 0 0 0
237 1 0 0 0 0 0 0 0 0
243 1 0 0 0 0 0 0 0 0
244 1 0 0 0 0 0 0 0 0
245 1 0 0 0 0 0 0 0 0
246 1 0 0 0 0 0 0 0 0
248 1 0 0 0 0 0 0 0 0
249 1 0 0 0 0 0 0 0 0
250 1 0 0 0 0 0 0 0 0
251 1 0 0 0 0 0 0 0 0
252 1 0 0 0 0 0 0 0 0
253 1 0 0 0 0 0 0 0 0
257 1 0 0 1 0 0 0 0 0
fl=./string/../sysdeps/x86_64/multiarch/strrchr.c
fn=rindex
28 3 0 0 1 0 0 0 0 0
fl=./string/../sysdeps/x86_64/multiarch/strspn.c
fn=strspn
29 2 1 1 1 0 0 0 0 0
fl=./string/./string/strdup.c
fn=strdup
40 30 1 1 0 0 0 15 0 0
41 10 0 0 0 0 0 5 0 0
44 10 1 1 0 0 0 0 0 0
47 20 0 0 0 0 0 0 0 0
48 15 0 0 15 0 0 0 0 0
fl=./time/../sysdeps/unix/sysv/linux/clock_gettime.c
fn=clock_gettime@@GLIBC_2.17
30 2 2 1 0 0 0 0 0 0
38 4 0 0 4 3 0 0 0 0
40 4 0 0 0 0 0 0 0 0
44 4 0 0 2 0 0 0 0 0
68 4 0 0 0 0 0 0 0 0
69 4 2 1 0 0 0 0 0 0
fl=./wcsmbs/../sysdeps/x86_64/multiarch/ifunc-avx2.h
fn=wcschr
38 8 1 1 0 0 0 0 0 0
40 6 0 0 4 0 0 0 0 0
fn=wcscmp
38 4 0 0 0 0 0 0 0 0
40 3 0 0 2 0 0 0 0 0
fl=./wcsmbs/../sysdeps/x86_64/multiarch/ifunc-evex.h
fn=wmemchr
37 8 0 0 0 0 0 0 0 0
38 6 1 1 4 0 0 0 0 0
fl=./wcsmbs/../sysdeps/x86_64/multiarch/ifunc-memcmp.h
fn=wmemcmp
34 5 1 1 2 0 0 0 0 0
fl=./wcsmbs/../sysdeps/x86_64/multiarch/ifunc-wcs.h
fn=wcpncpy
39 4 1 1 0 0 0 0 0 0
40 3 0 0 2 0 0 0 0 0
fn=wcscat
39 4 0 0 0 0 0 0 0 0
40 3 0 0 2 0 0 0 0 0
fn=wcsncpy
39 4 0 0 0 0 0 0 0 0
40 3 0 0 2 0 0 0 0 0
fl=./wcsmbs/../sysdeps/x86_64/multiarch/ifunc-wcslen.h
fn=wcslen
40 4 0 0 0 0 0 0 0 0
41 2 0 0 2 0 0 0 0 0
57 4 1 1 1 0 0 0 0 0
fn=wcsnlen
40 4 0 0 0 0 0 0 0 0
41 2 1 1 2 0 0 0 0 0
57 4 0 0 1 0 0 0 0 0
fl=./wcsmbs/../sysdeps/x86_64/multiarch/ifunc-wmemset.h
fn=wmemset
36 10 0 0 4 0 0 0 0 0
fl=./wcsmbs/../sysdeps/x86_64/multiarch/wcpcpy.c
fn=wcpncpy
31 1 1 1 0 0 0 0 0 0
fl=./wcsmbs/../sysdeps/x86_64/multiarch/wcpncpy.c
fn=wcpncpy
31 1 0 0 1 0 0 0 0 0
fl=./wcsmbs/../sysdeps/x86_64/multiarch/wcscat.c
fn=wcscat
31 2 1 1 1 0 0 0 0 0
fn=wcschr
31 2 1 1 0 0 0 0 0 0
fl=./wcsmbs/../sysdeps/x86_64/multiarch/wcschr.c
fn=wcschr
31 4 0 0 2 0 0 0 0 0
fl=./wcsmbs/../sysdeps/x86_64/multiarch/wcscmp.c
fn=wcscmp
30 3 1 1 1 0 0 0 0 0
fl=./wcsmbs/../sysdeps/x86_64/multiarch/wcscpy.c
fn=wcscpy
42 4 0 0 0 0 0 0 0 0
43 2 1 1 2 0 0 0 0 0
54 4 0 0 1 0 0 0 0 0
60 2 1 1 1 0 0 0 0 0
fl=./wcsmbs/../sysdeps/x86_64/multiarch/wcslen.c
fn=wcslen
29 2 1 1 1 0 0 0 0 0
fl=./wcsmbs/../sysdeps/x86_64/multiarch/wcsncpy.c
fn=wcsncpy
31 2 1 1 1 0 0 0 0 0
fl=./wcsmbs/../sysdeps/x86_64/multiarch/wcsnlen.c
fn=wcsnlen
30 2 1 1 1 0 0 0 0 0
fl=./wcsmbs/../sysdeps/x86_64/multiarch/wmemchr.c
fn=wmemchr
31 4 1 1 2 0 0 0 0 0
fl=./wcsmbs/../sysdeps/x86_64/multiarch/wmemcmp.c
fn=wmemcmp
29 3 2 2 1 0 0 0 0 0
fl=./wcsmbs/../sysdeps/x86_64/multiarch/wmemset.c
fn=wmemset
31 4 2 2 2 0 0 0 0 0
fl=???
fn=(below main)
0 12 2 2 2 1 0 3 0 0
fn=<&alloc::string::String as core::fmt::Display>::fmt
0 18 1 1 12 1 0 0 0 0
fn=<&std::io::stdio::Stderr as core::io::write::Write>::write_fmt
0 54 6 6 17 1 0 12 0 0
fn=<&std::io::stdio::Stdout as core::io::write::Write>::write_fmt
0 54 5 5 17 1 0 12 0 0
fn=<&str as core::fmt::Display>::fmt
0 60 3 3 36 3 0 0 0 0
fn=<alloc::collections::vec_deque::VecDeque<usize>>::grow
0 48 2 2 24 1 0 12 0 0
fn=<alloc::io::buffered::bufwriter::BufWriter<std::io::stdio::StdoutRaw>>::flush_buf
0 85 6 6 23 0 0 19 1 0
fn=<alloc::raw_vec::RawVec<(&str, f64)>>::grow_one
0 24 2 1 7 0 0 5 0 0
fn=<alloc::raw_vec::RawVec<alloc::vec::Vec<u8>>>::grow_one
0 81 3 3 24 0 0 18 0 0
fn=<alloc::raw_vec::RawVec<core::cmp::Reverse<rust_des_kernel::kernel::Entry<rust_des_kernel::disagg::engine::Ev>>>>::grow_one
0 24 2 2 7 0 0 5 0 0
fn=<alloc::raw_vec::RawVec<f64>>::grow_one
0 109848 4 3 32039 0 0 22885 2 0
fn=<alloc::raw_vec::RawVec<rust_des_kernel::disagg::engine::Instance>>::grow_one
0 24 2 2 7 0 0 5 0 0
fn=<alloc::raw_vec::RawVecInner<_>>::reserve::do_reserve_and_handle::<alloc::alloc::Global>
0 1936 7 5 481 0 0 355 1 0
fn=<alloc::raw_vec::RawVecInner>::finish_grow
0 206308 14 11 37360 6 0 46763 18 0
fn=<alloc::string::String as core::fmt::Display>::fmt
0 90 3 3 54 0 0 0 0 0
fn=<alloc::string::String as core::fmt::Write>::write_char
0 2716 3 3 756 0 0 604 0 0
fn=<alloc::string::String as core::fmt::Write>::write_str
0 4456 4 2 1564 0 0 1102 0 0
fn=<alloc::vec::Vec<indexmap::Bucket<alloc::string::String, serde_json::value::Value>> as core::ops::drop::Drop>::drop
0 1142 5 4 332 1 0 108 0 0
fn=<core::fmt::Formatter>::pad
0 1252 12 10 388 1 0 256 0 0
fn=<core::fmt::Formatter>::pad_formatted_parts
0 2673 9 9 616 2 1 436 0 0
fn=<core::fmt::Formatter>::pad_integral
0 153 8 4 33 0 0 21 0 0
fn=<core::fmt::Formatter>::pad_integral::write_prefix
0 63 4 2 18 0 0 15 0 0
fn=<core::fmt::Formatter>::write_formatted_parts
0 2022 7 7 602 0 0 278 0 0
fn=<core::hash::sip::Hasher<core::hash::sip::Sip13Rounds> as core::hash::Hasher>::write
0 18637 16 15 3089 10 3 1808 0 0
fn=<core::io::write::default_write_fmt::Adapter<std::io::stdio::StderrLock> as core::fmt::Write>::write_str
0 500 5 5 140 0 0 100 0 0
fn=<core::io::write::default_write_fmt::Adapter<std::io::stdio::StdoutLock> as core::fmt::Write>::write_str
0 32 2 2 12 1 0 8 0 0
fn=<core::num::imp::bignum::Big32x40>::mul_pow2
0 328 6 6 50 0 0 35 0 0
fn=<f64 as core::fmt::Display>::fmt
0 290 2 2 87 0 0 0 0 0
fn=<f64 as core::str::traits::FromStr>::from_str
0 189 8 8 45 2 1 33 1 0
fn=<hashbrown::raw::RawTable<usize>>::reserve_rehash::<indexmap::inner::get_hash<alloc::string::String, serde_json::value::Value>::{closure#0}>
0 5442 14 14 892 5 0 968 5 0
fn=<indexmap::map::IndexMap<alloc::string::String, serde_json::value::Value> as core::iter::traits::collect::FromIterator<(alloc::string::String, serde_json::value::Value)>>::from_iter::<core::iter::adapters::map::Map<core::slice::iter::Iter<(&str, f64)>, rust_des_kernel::disagg::metrics::summarise::{closure#16}::{closure#0}>>
0 1101 16 16 222 8 0 285 0 0
fn=<indexmap::map::IndexMap<alloc::string::String, serde_json::value::Value>>::get_index_of::<str>
0 6861 12 12 1126 40 0 946 0 0
fn=<indexmap::map::IndexMap<alloc::string::String, serde_json::value::Value>>::insert_full
0 37661 29 25 9062 19 1 7576 191 0
fn=<indexmap::map::IndexMap<alloc::string::String, serde_json::value::Value>>::with_capacity_and_hasher
0 1577 9 8 247 0 0 399 1 0
fn=<rust_des_kernel::disagg::engine::ConfigSpec as core::default::Default>::default
0 67 7 7 11 2 2 41 5 0
fn=<rust_des_kernel::disagg::engine::ConfigSpec>::build
0 146 20 20 52 8 6 43 1 0
fn=<rust_des_kernel::disagg::engine::Simulation>::kv_start
0 28000 5 5 7500 37 0 2000 124 0
fn=<rust_des_kernel::disagg::engine::Simulation>::load
0 17670 5 5 7154 37 0 1000 0 0
fn=<rust_des_kernel::disagg::engine::Simulation>::new
0 158 18 18 37 2 0 63 3 0
fn=<rust_des_kernel::disagg::engine::Simulation>::new::{closure#0}
0 403 19 19 131 9 1 133 0 0
fn=<rust_des_kernel::disagg::engine::Simulation>::run
0 6928559 91 91 2784340 898 1 1488095 11023 5877
fn=<rust_des_kernel::disagg::engine::Simulation>::start_decode
0 1966485 8 8 655495 8 0 168138 0 0
fn=<rust_des_kernel::disagg::engine::Simulation>::start_prefill
0 71107 13 13 19997 71 0 14536 162 0
fn=<rust_des_kernel::disagg::hardware::CostModel>::new
0 318 15 15 84 3 1 88 0 0
fn=<rust_des_kernel::disagg::hardware::CostModel>::step_time
0 546892 15 15 97665 92 1 39073 0 0
fn=<rust_des_kernel::disagg::workload::LengthDist>::sample
0 82820 6 6 29737 2 2 19346 0 0
fn=<rust_des_kernel::kernel::Scheduler<rust_des_kernel::disagg::engine::Ev>>::schedule_at
0 790926 7 7 168007 0 0 212175 19 0
fn=<rust_des_kernel::pyrand::PyRandom>::new
0 25929 8 8 3131 1 0 1889 2 1
fn=<rust_des_kernel::pyrand::PyRandom>::random
0 291479 6 6 33431 1 1 13428 0 0
fn=<serde_json::value::Value as core::fmt::Display>::fmt
0 34 3 3 8 0 0 10 0 0
fn=<serde_json::value::Value as serde_core::ser::Serialize>::serialize::<&mut serde_json::ser::Serializer<&mut <serde_json::value::Value as core::fmt::Display>::fmt::WriterFormatter>>
0 100 6 6 36 3 1 18 0 0
fn=<serde_json::value::Value as serde_core::ser::Serialize>::serialize::<serde_json::value::ser::Serializer>
0 8612 20 15 2102 48 0 2038 9 0
fn=<serde_json::value::ser::SerializeMap as serde_core::ser::SerializeMap>::serialize_value::<serde_json::value::Value>
0 1998 5 3 518 0 0 518 0 0
fn=<std::io::stdio::StdoutLock as core::io::write::Write>::write_all
0 143 9 9 47 1 0 32 0 0
fn=<std::sync::once::Once>::call_once::<std::rt::cleanup::{closure#0}>::{closure#0}
0 61 7 7 21 3 0 16 1 0
fn=<std::sync::once::Once>::call_once_force::<<std::sync::once_lock::OnceLock<std::sync::reentrant_lock::ReentrantLock<core::cell::RefCell<alloc::io::buffered::linewriter::LineWriter<std::io::stdio::StdoutRaw>>>>>::initialize<<std::sync::once_lock::OnceLock<std::sync::reentrant_lock::ReentrantLock<core::cell::RefCell<alloc::io::buffered::linewriter::LineWriter<std::io::stdio::StdoutRaw>>>>>::get_or_init<std::io::stdio::stdout::{closure#0}>::{closure#0}, !>::{closure#0}>::{closure#0}
0 24 3 3 6 0 0 11 1 0
fn=<std::sync::once_lock::OnceLock<std::sync::reentrant_lock::ReentrantLock<core::cell::RefCell<alloc::io::buffered::linewriter::LineWriter<std::io::stdio::StdoutRaw>>>>>::initialize::<<std::sync::once_lock::OnceLock<std::sync::reentrant_lock::ReentrantLock<core::cell::RefCell<alloc::io::buffered::linewriter::LineWriter<std::io::stdio::StdoutRaw>>>>>::get_or_init<std::io::stdio::stdout::{closure#0}>::{closure#0}, !>
0 22 3 3 5 1 0 6 0 0
fn=<std::sys::pal::unix::time::Timespec>::now
0 32 2 1 12 1 0 6 0 0
fn=<std::sys::pal::unix::time::Timespec>::sub_timespec
0 36 2 2 7 0 0 5 0 0
fn=<std::sys::sync::once::futex::Once>::call
0 96 8 8 33 5 1 22 0 0
fn=<u64 as core::fmt::Display>::fmt
0 122 9 5 20 3 1 13 0 0
fn=<u64 as itoa::Unsigned>::fmt
0 41 4 4 4 2 1 3 0 0
fn=???
0 17572 57 40 8731 31 0 29 1 1
fn=__cpu_indicator_init
0 343 36 36 42 3 2 13 0 0
fn=__floattidf
0 439380 3 3 9764 0 0 0 0 0
fn=alloc::fmt::format::format_inner
0 4095 12 6 451 7 6 372 0 0
fn=alloc::str::join_generic_copy::<str, u8, alloc::string::String>
0 433 9 9 113 1 1 64 0 0
fn=ceil
0 276 2 2 12 0 0 0 0 0
fn=compiler_builtins::math::libm_math::fmod::fmod
0 412 8 8 10 0 0 10 0 0
fn=core::fmt::float::float_to_decimal_common_exact::<f64>
0 3772 15 15 521 2 1 666 0 0
fn=core::fmt::write
0 4573 14 8 868 7 2 769 0 0
fn=core::num::imp::dec2flt::parse::parse_number
0 185 7 7 26 0 0 30 1 0
fn=core::num::imp::flt2dec::digits_to_dec_str
0 868 5 5 87 0 0 265 0 0
fn=core::num::imp::flt2dec::strategy::dragon::format_exact
0 701 41 41 87 0 0 70 0 0
fn=core::num::imp::flt2dec::strategy::dragon::mul_pow10
0 56 6 6 8 1 1 6 0 0
fn=core::num::imp::flt2dec::strategy::grisu::format_exact_opt
0 5415 13 13 519 2 1 520 0 0
fn=core::num::imp::flt2dec::strategy::grisu::format_exact_opt::possibly_round
0 1350 7 7 316 0 0 300 0 0
fn=core::ptr::drop_glue::<alloc::vec::Vec<rust_des_kernel::disagg::engine::Instance>>
0 54 4 4 23 5 0 10 0 0
fn=core::ptr::drop_glue::<serde_json::map::Map<alloc::string::String, serde_json::value::Value>>
0 994 10 5 282 6 0 137 0 0
fn=core::ptr::drop_glue::<serde_json::value::Value>
0 9003 10 10 2922 58 0 2188 3 0
fn=core::slice::memchr::memrchr_aligned
0 264 5 5 36 0 0 10 0 0
fn=core::slice::sort::shared::pivot::median3_rec::<f64, <[f64]>::sort_by<<f64>::total_cmp>::{closure#0}>
0 910490 4 4 173270 4342 0 135470 666 13
fn=core::slice::sort::shared::smallsort::sort8_stable::<f64, <[f64]>::sort_by<<f64>::total_cmp>::{closure#0}>
0 2556120 24 20 329360 0 0 171840 97 6
fn=core::slice::sort::stable::drift::sort::<&rust_des_kernel::disagg::workload::Request, <[&rust_des_kernel::disagg::workload::Request]>::sort_by<rust_des_kernel::disagg::metrics::summarise::{closure#1}>::{closure#0}>
0 8103 15 15 1516 531 0 23 5 5
fn=core::slice::sort::stable::drift::sort::<f64, <[f64]>::sort_by<<f64>::total_cmp>::{closure#0}>
0 114241 22 17 16425 1041 0 2536 17 6
fn=core::slice::sort::stable::driftsort_main::<&rust_des_kernel::disagg::workload::Request, <[&rust_des_kernel::disagg::workload::Request]>::sort_by<rust_des_kernel::disagg::metrics::summarise::{closure#1}>::{closure#0}, alloc::vec::Vec<&rust_des_kernel::disagg::workload::Request>>
0 43 5 5 7 1 0 9 2 0
fn=core::slice::sort::stable::driftsort_main::<f64, <[f64]>::sort_by<<f64>::total_cmp>::{closure#0}, alloc::vec::Vec<f64>>
0 190 4 4 30 3 0 38 6 0
fn=core::slice::sort::stable::quicksort::quicksort::<f64, <[f64]>::sort_by<<f64>::total_cmp>::{closure#0}>
0 26877971 51 47 2471186 146717 0 2257755 144990 14478
fn=core::str::converts::from_utf8
0 426 6 6 68 0 0 42 1 0
fn=disagg_rs::main
0 4211 26 24 1070 581 2 564 3 1
fn=disagg_rs::parse
0 596 45 45 165 10 5 109 8 0
fn=floor
0 304 4 2 14 0 0 0 0 0
fn=fmod
0 10 1 1 4 0 0 4 0 0
fn=main
0 11 3 2 3 1 0 3 0 0
fn=rint
0 14000 2 2 3000 0 0 0 0 0
fn=rust_des_kernel::disagg::metrics::dist
0 2116 55 51 544 21 0 644 10 0
fn=rust_des_kernel::disagg::metrics::energy_report
0 1334 116 116 378 19 2 522 10 0
fn=rust_des_kernel::disagg::metrics::format_report
0 1896 103 103 513 14 0 345 3 0
fn=rust_des_kernel::disagg::metrics::summarise
0 1122265 372 372 258470 23241 5 240876 15158 14471
fn=rust_des_kernel::disagg::workload::poisson_workload
0 19057 9 9 4013 3 0 10019 1317 1312
fn=rust_des_kernel::pymath::fmean
0 10104867 24 11 1192933 14559 0 835551 2 0
fn=serde_json::value::to_value::<&serde_json::map::Map<alloc::string::String, serde_json::value::Value>>
0 381 12 8 114 7 0 102 0 0
fn=std::env::args_os
0 276 7 7 69 1 0 73 2 2
fn=std::io::stdio::_eprint
0 28 3 3 6 0 0 9 0 0
fn=std::io::stdio::_print
0 33 2 2 6 2 0 10 0 0
fn=std::io::stdio::print_to_buffer_if_capture_used
0 40 3 3 16 1 0 12 0 0
fn=std::rt::lang_start::<std::process::ExitCode>::{closure#0}
0 6 2 1 3 1 0 2 0 0
fn=std::rt::lang_start_internal
0 214 19 19 43 13 2 59 6 1
fn=std::sys::args::unix::imp::ARGV_INIT_ARRAY::init_wrapper
0 4 1 1 1 0 0 2 1 1
fn=std::sys::backtrace::__rust_begin_short_backtrace::<fn() -> std::process::ExitCode, std::process::ExitCode>
0 4 2 1 2 0 0 2 0 0
fn=std::sys::pal::unix::stack_overflow::imp::make_handler
0 58 5 5 14 2 0 14 0 0
fn=std::sys::pal::unix::stack_overflow::thread_info::set_current_info
0 108 11 11 31 3 0 31 1 1
fn=std::sys::random::linux::getrandom
0 51 4 4 11 2 1 9 2 0
fn=std::sys::random::linux::hashmap_random_keys
0 14 1 1 4 0 0 3 0 0
summary: 59162943 3586 3327 9924810 272999 2262 6743552 256304 67117
