desc: I1 cache:         32768 B, 64 B, 8-way associative
desc: D1 cache:         32768 B, 64 B, 8-way associative
desc: LL cache:         8388608 B, 64 B, 16-way associative
cmd: /home/brendan/Claude_sandbox/_simeng_build/.venv/bin/python -m disagg_sim --requests 500 --rate 4 --seed 1
events: Ir I1mr ILmr Dr D1mr DLmr Dw D1mw DLmw 
fl=./csu/../csu/libc-start.c
fn=__libc_start_main@@GLIBC_2.34
242 13 1 1 0 0 0 7 0 0
311 3 0 0 0 0 0 0 0 0
312 3 0 0 0 0 0 1 0 0
337 6 1 1 2 0 0 1 0 0
340 2 0 0 0 0 0 0 0 0
343 6 0 0 3 0 0 1 0 0
350 2 0 0 1 0 0 1 0 0
352 2 0 0 0 0 0 0 0 0
360 4 1 1 1 0 0 1 0 0
fl=./csu/../sysdeps/nptl/libc_start_call_main.h
fn=(below main)
29 9 1 1 1 0 0 5 0 0
44 3 1 1 0 0 0 1 0 0
46 2 0 0 0 0 0 0 0 0
51 2 0 0 1 1 0 1 0 0
52 2 0 0 1 1 0 1 0 0
55 2 0 0 0 0 0 1 0 0
58 6 1 1 5 0 0 1 0 0
74 2 1 1 0 0 0 1 0 0
fl=./csu/./csu/errno-loc.c
fn=__errno_location
25 10181 832 2 0 0 0 0 0 0
26 20362 0 0 20362 389 0 0 0 0
27 10181 0 0 10181 0 0 0 0 0
fl=./csu/./csu/init-first.c
fn=_init_first
46 6 1 1 0 0 0 2 0 0
51 2 0 0 1 0 0 0 0 0
55 5 1 1 4 2 1 0 0 0
61 1 0 0 0 0 0 1 1 0
62 1 0 0 0 0 0 1 0 0
63 2 0 0 1 1 0 1 1 1
71 2 0 0 0 0 0 0 0 0
72 3 0 0 2 0 0 0 0 0
fl=./ctype/../include/ctype.h
fn=__ctype_b_loc
40 2768 156 1 0 0 0 0 0 0
41 5536 0 0 5536 84 0 0 0 0
42 2768 0 0 2768 0 0 0 0 0
fn=__ctype_tolower_loc
52 2320 220 0 0 0 0 0 0 0
53 4640 0 0 4640 0 0 0 0 0
54 2320 0 0 2320 0 0 0 0 0
fl=./ctype/./ctype/ctype-info.c
fn=__ctype_init
29 1 1 1 0 0 0 0 0 0
31 7 1 1 5 4 0 1 0 0
33 4 0 0 2 1 0 1 0 0
35 4 0 0 2 0 0 1 0 0
36 1 0 0 1 0 0 0 0 0
fl=./debug/../sysdeps/x86_64/multiarch/ifunc-memmove.h
fn=__memcpy_chk
56 2 0 0 0 0 0 0 0 0
57 3 0 0 2 0 0 0 0 0
60 3 0 0 1 0 0 0 0 0
61 2 1 1 0 0 0 0 0 0
74 2 0 0 0 0 0 0 0 0
103 2 0 0 1 0 0 0 0 0
108 3 1 1 0 0 0 0 0 0
113 4 0 0 0 0 0 0 0 0
fn=__memmove_chk
56 2 0 0 0 0 0 0 0 0
57 3 1 1 2 0 0 0 0 0
60 3 0 0 1 0 0 0 0 0
61 2 1 1 0 0 0 0 0 0
74 2 0 0 0 0 0 0 0 0
103 2 1 1 1 0 0 0 0 0
108 3 1 1 0 0 0 0 0 0
113 4 0 0 0 0 0 0 0 0
fn=__mempcpy_chk
56 2 0 0 0 0 0 0 0 0
57 3 0 0 2 0 0 0 0 0
60 3 0 0 1 0 0 0 0 0
61 2 1 1 0 0 0 0 0 0
74 2 0 0 0 0 0 0 0 0
103 2 0 0 1 0 0 0 0 0
108 3 1 1 0 0 0 0 0 0
113 4 0 0 0 0 0 0 0 0
fl=./debug/../sysdeps/x86_64/multiarch/ifunc-memset.h
fn=__memset_chk
54 5 1 1 2 0 0 0 0 0
57 3 0 0 1 0 0 0 0 0
58 2 1 1 0 0 0 0 0 0
64 2 0 0 0 0 0 0 0 0
73 2 0 0 0 0 0 0 0 0
103 4 0 0 0 0 0 0 0 0
fl=./debug/../sysdeps/x86_64/multiarch/memcpy_chk.c
fn=__memcpy_chk
29 2 1 1 1 0 0 0 0 0
fl=./debug/../sysdeps/x86_64/multiarch/memmove_chk.c
fn=__memmove_chk
29 2 1 1 1 0 0 0 0 0
fl=./debug/../sysdeps/x86_64/multiarch/mempcpy_chk.c
fn=__mempcpy_chk
29 2 1 1 1 0 0 0 0 0
fl=./debug/../sysdeps/x86_64/multiarch/memset_chk.c
fn=__memset_chk
29 2 1 1 1 0 0 0 0 0
fl=./dirent/../sysdeps/unix/sysv/linux/closedir.c
fn=closedir
31 130 52 2 0 0 0 52 0 0
34 52 0 0 0 0 0 0 0 0
44 26 0 0 26 0 0 0 0 0
50 26 0 0 0 0 0 26 0 0
52 52 0 0 0 0 0 0 0 0
53 52 0 0 52 0 0 0 0 0
fl=./dirent/../sysdeps/unix/sysv/linux/getdents64.c
fn=__getdents
27 52 26 1 0 0 0 0 0 0
30 156 0 0 0 0 0 0 0 0
32 208 0 0 0 0 0 0 0 0
33 52 0 0 52 0 0 0 0 0
fl=./dirent/../sysdeps/unix/sysv/linux/opendir.c
fn=opendir
33 54 0 0 27 0 0 0 0 0
46 54 0 0 0 0 0 0 0 0
53 130 26 1 0 0 0 26 0 0
55 104 0 0 26 0 0 0 0 0
82 243 27 1 27 0 0 108 0 0
84 2 1 0 0 0 0 0 0 0
86 81 0 0 0 0 0 27 0 0
87 216 27 1 162 0 0 0 0 0
112 182 26 1 26 0 0 0 0 0
115 52 0 0 0 0 0 26 0 0
116 52 0 0 0 0 0 0 0 0
123 26 0 0 0 0 0 26 7 0
125 26 0 0 0 0 0 26 0 0
127 26 0 0 0 0 0 26 0 0
128 26 0 0 0 0 0 26 11 1
129 26 0 0 0 0 0 26 0 0
130 26 0 0 0 0 0 26 4 2
131 26 0 0 0 0 0 26 0 0
fl=./dirent/../sysdeps/unix/sysv/linux/readdir64.c
fn=readdir
32 10350 52 2 0 0 0 6210 0 0
34 2070 0 0 2070 0 0 0 0 0
37 5175 0 0 1035 0 0 0 0 0
40 3105 0 0 2070 0 0 0 0 0
47 260 26 1 104 0 0 52 0 0
48 104 0 0 0 0 0 0 0 0
54 26 0 0 0 0 0 0 0 0
55 26 0 0 0 0 0 26 0 0
57 104 0 0 52 0 0 0 0 0
59 52 0 0 0 0 0 0 0 0
61 52 0 0 0 0 0 26 0 0
67 1035 0 0 0 0 0 0 0 0
68 3027 0 0 1009 138 21 1009 0 0
69 2018 0 0 1009 0 0 1009 0 0
72 4036 0 0 2018 0 0 0 0 0
76 9315 26 1 7245 0 0 0 0 0
fl=./elf/../bits/stdlib-bsearch.h
fn=intel_check_word.constprop.0
27 96 0 0 0 0 0 0 0 0
28 48 0 0 0 0 0 0 0 0
29 744 0 0 0 0 0 0 0 0
31 648 0 0 0 0 0 0 0 0
32 348 0 0 0 0 0 0 0 0
35 276 0 0 0 0 0 0 0 0
37 96 1 1 0 0 0 0 0 0
fl=./elf/../elf/dl-tls.c
fn=_dl_add_to_slotinfo
1017 18 1 1 0 0 0 10 0 0
1023 2 0 0 2 0 0 0 0 0
1026 2 0 0 2 2 0 0 0 0
1027 2 0 0 0 0 0 0 0 0
1031 6 1 1 2 2 0 0 0 0
1065 4 0 0 0 0 0 0 0 0
1068 4 0 0 0 0 0 2 0 0
1069 6 0 0 2 0 0 2 0 0
1072 12 1 1 12 0 0 0 0 0
fn=_dl_allocate_tls_init
523 11 1 1 0 0 0 8 0 0
524 2 0 0 0 0 0 0 0 0
528 2 0 0 1 1 0 1 0 0
531 1 0 0 0 0 0 0 0 0
534 2 1 1 1 1 0 1 0 0
537 3 0 0 2 1 0 0 0 0
549 1 0 0 1 0 0 0 0 0
554 22 1 1 3 0 0 1 0 0
560 7 1 1 0 0 0 0 0 0
563 6 0 0 2 0 0 0 0 0
564 4 0 0 0 0 0 0 0 0
570 6 1 1 4 0 0 0 0 0
571 4 0 0 0 0 0 0 0 0
573 17 0 0 6 2 0 2 1 1
576 4 0 0 0 0 0 0 0 0
577 4 0 0 2 0 0 0 0 0
580 4 1 1 0 0 0 0 0 0
581 8 0 0 4 1 0 0 0 0
583 4 0 0 0 0 0 0 0 0
584 4 0 0 2 0 0 0 0 0
593 2 0 0 0 0 0 2 0 0
601 4 0 0 2 2 0 0 0 0
603 20 0 0 4 0 0 6 0 0
609 2 0 0 2 0 0 0 0 0
615 2 0 0 1 0 0 1 0 0
618 2 0 0 1 0 0 1 0 0
621 9 0 0 8 0 0 0 0 0
fn=_dl_allocate_tls_storage
365 1 0 0 1 0 0 0 0 0
369 1 1 1 0 0 0 0 0 0
370 1 0 0 0 0 0 0 0 0
371 2 0 0 0 0 0 0 0 0
374 1 0 0 0 0 0 1 1 1
380 2 0 0 0 0 0 1 0 0
417 7 2 2 0 0 0 4 0 0
419 1 0 0 1 0 0 0 0 0
430 1 0 0 1 0 0 0 0 0
431 1 0 0 0 0 0 0 0 0
432 2 0 0 0 0 0 0 0 0
440 6 0 0 0 0 0 0 0 0
441 1 1 1 0 0 0 0 0 0
445 305 0 0 0 0 0 297 37 37
464 1 0 0 0 0 0 1 1 1
470 7 0 0 5 0 0 0 0 0
fn=_dl_assign_tls_modid
125 4 1 1 0 0 0 1 0 0
128 2 0 0 1 0 0 0 0 0
141 1 0 0 1 0 0 0 0 0
181 1 0 0 0 0 0 0 0 0
183 1 1 1 0 0 0 1 0 0
186 1 0 0 0 0 0 1 0 0
187 2 0 0 2 0 0 0 0 0
fn=_dl_count_modids
192 1 1 1 0 0 0 0 0 0
194 2 0 0 1 0 0 0 0 0
195 1 0 0 1 0 0 0 0 0
210 2 0 0 1 0 0 0 0 0
fn=_dl_determine_tlsoffset
216 9 1 1 0 0 0 6 0 0
217 1 0 0 0 0 0 0 0 0
218 1 0 0 0 0 0 0 0 0
219 1 0 0 0 0 0 0 0 0
222 4 0 0 1 0 0 1 0 0
225 2 0 0 1 0 0 0 0 0
259 1 0 0 0 0 0 0 0 0
261 18 1 1 5 0 0 0 0 0
263 7 1 1 3 0 0 1 0 0
265 6 1 1 2 1 0 0 0 0
266 4 0 0 2 0 0 0 0 0
268 4 0 0 0 0 0 0 0 0
270 10 0 0 2 0 0 0 0 0
281 2 0 0 0 0 0 2 0 0
286 16 0 0 0 0 0 0 0 0
288 4 0 0 0 0 0 0 0 0
289 2 0 0 0 0 0 0 0 0
294 2 0 0 0 0 0 0 0 0
301 1 0 0 0 0 0 1 0 0
302 7 2 2 1 0 0 0 0 0
304 2 0 0 0 0 0 1 0 0
354 1 0 0 0 0 0 1 0 0
355 8 0 0 7 0 0 0 0 0
fn=_dl_tls_static_surplus_init
83 3 0 0 0 0 0 0 0 0
97 8 1 1 0 0 0 4 0 0
100 6 0 0 1 0 0 1 0 0
101 5 0 0 1 0 0 1 0 0
102 3 0 0 0 0 0 0 0 0
104 4 1 1 0 0 0 0 0 0
107 1 0 0 0 0 0 0 0 0
109 1 0 0 0 0 0 1 0 0
111 3 0 0 0 0 0 1 0 0
112 6 0 0 5 0 0 0 0 0
fl=./elf/../include/list.h
fn=__tls_init_tp
43 2 1 1 1 1 0 1 0 0
44 2 0 0 0 0 0 1 0 0
45 1 0 0 0 0 0 1 0 0
47 1 0 0 0 0 0 1 0 0
fl=./elf/../include/rtld-malloc.h
fn=__minimal_calloc
56 18 0 0 18 0 0 0 0 0
fn=_dl_allocate_tls_storage
44 2 0 0 1 0 0 1 0 0
56 1 0 0 1 0 0 1 0 0
fn=_dl_check_map_versions
44 24 1 1 8 0 0 8 0 0
fn=_dl_find_object_init
56 2 0 0 1 0 0 1 0 0
fn=_dl_get_origin
56 2 0 0 1 0 0 1 0 0
fn=_dl_important_hwcaps
56 4 0 0 2 0 0 2 0 0
fn=_dl_init_paths
56 5 0 0 3 0 0 3 0 0
fn=_dl_map_object_deps
56 16 0 0 8 0 0 8 0 0
fn=_dl_new_object
44 24 0 0 8 0 0 8 0 0
56 21 1 1 7 0 0 7 0 0
fn=decompose_rpath
50 2 0 0 1 0 0 1 0 0
56 1 0 0 1 0 0 1 0 0
fn=expand_dynamic_string_token
56 2 0 0 1 0 0 1 0 0
fn=fillin_rpath.isra.0
50 4 1 1 4 0 0 2 0 0
51 2 0 0 0 0 0 0 0 0
56 4 0 0 2 0 0 2 0 0
fn=init_tls
44 2 0 0 1 0 0 1 0 0
fl=./elf/../include/scratch_buffer.h
fn=_dl_map_object_deps
77 2 0 0 0 0 0 1 1 1
78 1 0 0 0 0 0 1 0 0
85 3 1 1 1 0 0 0 0 0
131 28 1 1 0 0 0 14 0 0
fl=./elf/../misc/sbrk.c
fn=sbrk
37 6 1 1 0 0 0 3 0 0
40 1 0 0 1 0 0 0 0 0
58 2 0 0 0 0 0 0 0 0
62 2 0 0 0 0 0 0 0 0
78 5 1 1 4 0 0 0 0 0
fl=./elf/../nptl/nptl-stack.h
fn=__libc_early_init
61 8 0 0 2 1 0 0 0 0
fl=./elf/../sysdeps/generic/_itoa.h
fn=_dl_check_map_versions
76 39 0 0 13 0 0 26 0 0
fl=./elf/../sysdeps/generic/dl-cache.h
fn=_dl_load_cache_lookup
125 6 1 1 6 2 2 0 0 0
194 1 0 0 1 0 0 0 0 0
195 5 0 0 0 0 0 0 0 0
fl=./elf/../sysdeps/generic/dl-call_tls_init_tp.h
fn=init_tls
31 8 0 0 0 0 0 2 0 0
33 1 0 0 0 0 0 1 0 0
fl=./elf/../sysdeps/generic/dl-debug.h
fn=dl_main
29 4 0 0 2 0 0 0 0 0
30 1 0 0 0 0 0 1 0 0
fl=./elf/../sysdeps/generic/dl-hash.h
fn=__rtld_malloc_init_real
43 1 0 0 0 0 0 0 0 0
44 1 0 0 0 0 0 0 0 0
45 19 0 0 6 1 1 0 0 0
48 18 0 0 0 0 0 0 0 0
62 24 0 0 0 0 0 0 0 0
67 1 0 0 0 0 0 0 0 0
72 1 0 0 0 0 0 1 0 0
fl=./elf/../sysdeps/generic/dl-new-hash.h
fn=_dl_lookup_symbol_x
69 293 0 0 0 0 0 0 0 0
70 586 0 0 0 0 0 0 0 0
74 1807 0 0 1807 230 168 0 0 0
77 3614 0 0 0 0 0 0 0 0
80 1657 0 0 1657 18 17 0 0 0
81 3314 0 0 0 0 0 0 0 0
87 143 28 2 0 0 0 0 0 0
88 143 0 0 0 0 0 0 0 0
89 286 0 0 0 0 0 0 0 0
90 143 0 0 0 0 0 0 0 0
99 1514 0 0 0 0 0 0 0 0
101 1514 0 0 0 0 0 0 0 0
102 3028 0 0 0 0 0 0 0 0
104 1514 30 5 0 0 0 0 0 0
105 1514 0 0 0 0 0 0 0 0
fl=./elf/../sysdeps/generic/dl-protected.h
fn=do_lookup_x
29 1092 0 0 0 0 0 0 0 0
fl=./elf/../sysdeps/generic/ldsodefs.h
fn=_dl_relocate_object
79 90 1 1 42 0 0 0 0 0
140 603 0 0 201 0 0 0 0 0
fn=_dl_start
79 6 1 1 3 0 0 0 0 0
fn=do_lookup_x
139 546 0 0 273 0 0 0 0 0
140 819 0 0 0 0 0 0 0 0
fl=./elf/../sysdeps/nptl/dl-mutex.c
fn=__rtld_mutex_init
30 7 1 1 0 0 0 4 0 0
37 1 0 0 1 0 0 0 0 0
40 7 0 0 0 0 0 1 0 0
44 2 1 1 0 0 0 0 0 0
45 9 0 0 3 0 0 1 0 0
47 6 0 0 0 0 0 1 0 0
51 2 1 1 0 0 0 0 0 0
52 7 0 0 3 0 0 1 0 0
53 6 0 0 5 0 0 0 0 0
fl=./elf/../sysdeps/nptl/dl-tls_init_tp.c
fn=__tls_init_tp
68 5 0 0 0 0 0 2 0 0
69 1 0 0 1 0 0 0 0 0
72 1 0 0 0 0 0 0 0 0
75 4 0 0 0 0 0 1 0 0
76 2 0 0 0 0 0 1 0 0
77 1 1 1 0 0 0 1 0 0
82 2 0 0 1 0 0 1 0 0
87 4 0 0 0 0 0 1 0 0
90 1 0 0 0 0 0 1 0 0
93 3 0 0 0 0 0 0 0 0
105 4 1 1 0 0 0 1 0 0
121 3 0 0 2 1 0 1 1 0
128 2 0 0 1 0 0 1 0 0
129 3 0 0 3 0 0 0 0 0
fn=__tls_pre_init_tp
53 3 1 1 0 0 0 0 0 0
56 10 1 1 0 0 0 3 1 1
61 2 0 0 0 0 0 1 0 0
62 1 1 1 0 0 0 1 0 0
64 1 0 0 1 0 0 0 0 0
fn=rtld_mutex_dummy
42 18 0 0 0 0 0 0 0 0
44 36 0 0 18 0 0 0 0 0
fl=./elf/../sysdeps/nptl/pthread_early_init.h
fn=__libc_early_init
33 6 0 0 0 0 0 1 0 0
34 1 0 0 1 0 0 0 0 0
38 5 0 0 0 0 0 0 0 0
45 2 1 1 2 1 0 0 0 0
46 1 0 0 0 0 0 0 0 0
48 2 0 0 0 0 0 0 0 0
52 5 0 0 0 0 0 1 0 0
53 1 1 1 0 0 0 1 1 1
54 1 0 0 0 0 0 1 1 1
56 1 0 0 0 0 0 1 0 0
fl=./elf/../sysdeps/posix/dl-fileid.h
fn=_dl_map_object_from_fd
37 28 0 0 0 0 0 7 1 1
40 28 0 0 21 1 1 7 0 0
49 112 0 0 56 1 1 0 0 0
fl=./elf/../sysdeps/unix/sysv/linux/brk.c
fn=brk
36 1 1 1 0 0 0 0 0 0
37 1 0 0 0 0 0 1 1 1
38 2 0 0 0 0 0 0 0 0
44 1 0 0 0 0 0 0 0 0
45 1 0 0 1 0 0 0 0 0
fl=./elf/../sysdeps/unix/sysv/linux/brk_call.h
fn=brk
24 2 0 0 0 0 0 0 0 0
fl=./elf/../sysdeps/unix/sysv/linux/dl-origin.c
fn=_dl_get_origin
31 9 1 1 1 1 1 4 0 0
36 7 0 0 0 0 0 0 0 0
38 5 1 1 1 0 0 0 0 0
41 6 0 0 0 0 0 0 0 0
42 66 1 1 11 2 2 0 0 0
43 10 0 0 0 0 0 0 0 0
44 2 1 1 0 0 0 0 0 0
45 2 0 0 0 0 0 0 0 0
50 6 1 1 0 0 0 2 0 0
74 7 0 0 5 0 0 0 0 0
fl=./elf/../sysdeps/unix/sysv/linux/dl-osinfo.h
fn=dl_main
39 2 0 0 1 1 0 0 0 0
52 1 0 0 1 0 0 0 0 0
fl=./elf/../sysdeps/unix/sysv/linux/dl-parse_auxv.h
fn=_dl_sysdep_parse_arguments
32 2 0 0 0 0 0 1 0 0
33 1 0 0 0 0 0 1 0 0
34 1 0 0 0 0 0 1 0 0
41 93 1 1 24 6 6 0 0 0
42 44 0 0 0 0 0 0 0 0
43 44 0 0 22 0 0 22 0 0
45 1 0 0 0 0 0 1 0 0
46 2 0 0 1 0 0 1 0 0
47 2 0 0 1 0 0 1 0 0
48 2 0 0 1 0 0 1 0 0
49 1 0 0 0 0 0 1 0 0
51 2 1 1 1 0 0 1 0 0
52 2 0 0 1 0 0 1 1 1
53 2 0 0 1 0 0 1 0 0
54 2 1 1 1 0 0 1 0 0
56 2 0 0 1 0 0 1 0 0
fl=./elf/../sysdeps/unix/sysv/linux/dl-sysdep.c
fn=_dl_sysdep_parse_arguments
78 7 1 1 0 0 0 4 1 1
79 2 0 0 1 0 0 1 1 1
80 2 0 0 0 0 0 1 0 0
81 3 0 0 0 0 0 1 1 1
82 76 0 0 0 0 0 0 0 0
83 155 1 1 77 11 11 0 0 0
86 2 1 1 0 0 0 1 1 1
90 56 0 0 0 0 0 52 6 6
93 5 0 0 3 0 0 1 0 0
94 2 0 0 1 0 0 1 0 0
95 3 1 1 2 0 0 1 0 0
96 6 0 0 5 0 0 0 0 0
fn=_dl_sysdep_start
102 6 1 1 0 0 0 2 0 0
103 1 0 0 0 0 0 1 0 0
106 2 0 0 0 0 0 1 1 1
110 2 0 0 1 0 0 1 0 0
113 1 0 0 0 0 0 1 0 0
115 2 0 0 0 0 0 1 0 0
122 3 1 1 1 0 0 0 0 0
123 2 0 0 0 0 0 2 0 0
125 5 0 0 0 0 0 1 0 0
137 3 0 0 1 0 0 0 0 0
140 5 1 1 3 0 0 1 0 0
143 4 1 0 4 1 0 0 0 0
fn=_dl_sysdep_start_cleanup
147 1 1 1 0 0 0 0 0 0
148 1 0 0 1 0 0 0 0 0
fl=./elf/../sysdeps/unix/sysv/linux/dl-vdso-setup.h
fn=dl_main
30 1 0 0 0 0 0 1 0 0
33 1 1 1 0 0 0 1 0 0
36 1 0 0 0 0 0 1 0 0
39 1 0 0 0 0 0 1 0 0
45 1 0 0 0 0 0 1 0 0
fl=./elf/../sysdeps/unix/sysv/linux/dl-vdso.h
fn=dl_main
40 2 1 1 1 0 0 0 0 0
41 5 0 0 0 0 0 2 0 0
55 2 0 0 0 0 0 0 0 0
fl=./elf/../sysdeps/unix/sysv/linux/rseq-internal.h
fn=__tls_init_tp
32 3 0 0 1 0 0 0 0 0
34 7 1 1 0 0 0 0 0 0
37 2 0 0 0 0 0 0 0 0
40 1 0 0 0 0 0 1 0 0
fl=./elf/../sysdeps/unix/sysv/linux/x86/dl-hwcap2.h
fn=update_active.constprop.0
25 2 0 0 1 0 0 0 0 0
fl=./elf/../sysdeps/unix/sysv/linux/x86/dl-minsigstacksize.h
fn=get_common_indices.constprop.0
24 2 2 2 1 0 0 0 0 0
27 2 0 0 1 0 0 0 0 0
28 2 0 0 1 0 0 0 0 0
65 3 0 0 0 0 0 0 0 0
72 1 0 0 0 0 0 0 0 0
74 1 0 0 0 0 0 1 0 0
fl=./elf/../sysdeps/x86/cpu-features.c
fn=get_common_indices.constprop.0
398 3 1 1 0 0 0 2 0 0
402 4 0 0 0 0 0 0 0 0
405 5 0 0 0 0 0 3 0 0
409 1 0 0 0 0 0 1 0 0
410 4 0 0 0 0 0 1 0 0
411 4 1 1 0 0 0 1 0 0
412 4 0 0 0 0 0 1 0 0
413 3 0 0 0 0 0 1 0 0
414 2 0 0 1 0 0 0 0 0
421 2 0 0 1 0 0 0 0 0
423 9 0 0 0 0 0 4 1 1
428 8 2 2 0 0 0 4 1 1
435 2 0 0 1 0 0 0 0 0
436 7 0 0 0 0 0 4 1 1
442 2 0 0 1 0 0 0 0 0
457 3 0 0 3 0 0 0 0 0
fn=init_cpu_features.constprop.0
376 3 0 0 0 0 0 0 0 0
377 2 0 0 0 0 0 0 0 0
378 6 0 0 0 0 0 4 0 0
383 2 1 1 0 0 0 0 0 0
384 6 1 1 0 0 0 4 0 0
389 2 0 0 0 0 0 0 0 0
390 7 1 1 0 0 0 4 0 0
682 8 1 1 0 0 0 6 0 0
685 1 0 0 0 0 0 1 0 0
686 1 1 1 0 0 0 1 0 0
687 1 0 0 0 0 0 1 0 0
690 1 0 0 0 0 0 1 1 1
699 3 0 0 0 0 0 1 0 0
702 6 1 1 0 0 0 0 0 0
703 1 0 0 0 0 0 0 0 0
706 2 0 0 0 0 0 1 0 0
708 6 2 2 0 0 0 1 0 0
713 1 0 0 0 0 0 1 0 0
715 3 0 0 1 0 0 0 0 0
717 9 2 2 3 1 1 1 0 0
721 7 0 0 1 1 1 0 0 0
774 3 0 0 2 0 0 0 0 0
781 2 1 1 0 0 0 1 0 0
799 1 1 1 0 0 0 1 0 0
832 5 0 0 0 0 0 0 0 0
870 1 1 1 0 0 0 0 0 0
878 2 1 1 1 0 0 0 0 0
885 2 0 0 1 0 0 0 0 0
887 2 0 0 0 0 0 1 0 0
891 2 0 0 0 0 0 0 0 0
893 3 1 1 0 0 0 1 0 0
897 2 0 0 1 0 0 0 0 0
899 1 0 0 0 0 0 0 0 0
1001 3 1 1 1 0 0 0 0 0
1002 2 0 0 0 0 0 1 0 0
1005 2 0 0 0 0 0 0 0 0
1006 2 0 0 0 0 0 1 0 0
1012 1 0 0 0 0 0 1 0 0
1013 1 0 0 0 0 0 1 0 0
1014 1 0 0 0 0 0 1 0 0
1015 2 1 1 1 0 0 1 0 0
1019 4 0 0 0 0 0 1 0 0
1022 4 0 0 0 0 0 1 0 0
1028 3 0 0 1 0 0 0 0 0
1041 2 0 0 0 0 0 0 0 0
1042 4 1 1 1 0 0 0 0 0
1081 1 0 0 0 0 0 1 0 0
1082 2 1 1 1 0 0 0 0 0
1086 3 0 0 1 0 0 0 0 0
1103 2 1 1 0 0 0 0 0 0
1104 2 0 0 0 0 0 0 0 0
1127 4 0 0 0 0 0 1 0 0
1129 4 0 0 0 0 0 1 0 0
1135 4 0 0 0 0 0 1 0 0
1142 8 0 0 7 0 0 0 0 0
fn=update_active.constprop.0
72 8 2 2 0 0 0 6 0 0
76 1 0 0 1 0 0 0 0 0
84 3 1 1 1 0 0 0 0 0
85 3 0 0 0 0 0 0 0 0
86 1 0 0 1 0 0 0 0 0
94 4 0 0 1 0 0 1 0 0
95 1 0 0 1 0 0 0 0 0
103 4 0 0 1 0 0 1 0 0
104 1 0 0 1 0 0 0 0 0
109 4 0 0 0 0 0 1 0 0
112 4 0 0 1 0 0 1 0 0
113 1 0 0 1 0 0 0 0 0
116 5 1 1 1 0 0 2 1 1
117 2 1 1 1 0 0 1 0 0
121 5 0 0 1 0 0 2 0 0
122 3 0 0 2 0 0 0 0 0
123 3 1 1 2 0 0 0 0 0
124 2 0 0 1 0 0 1 0 0
128 5 0 0 1 0 0 1 0 0
129 5 1 1 2 0 0 1 0 0
130 3 0 0 2 1 1 0 0 0
132 2 0 0 0 0 0 0 0 0
133 4 0 0 0 0 0 1 0 0
147 2 0 0 0 0 0 0 0 0
151 7 2 2 0 0 0 4 0 0
152 4 0 0 0 0 0 1 0 0
154 3 0 0 0 0 0 0 0 0
158 4 1 1 0 0 0 1 0 0
161 1 0 0 0 0 0 0 0 0
164 2 0 0 0 0 0 0 0 0
178 4 1 1 1 0 0 1 0 0
180 5 0 0 1 0 0 1 0 0
186 4 0 0 0 0 0 1 0 0
188 5 1 1 2 0 0 1 0 0
190 4 0 0 0 0 0 2 0 0
195 5 0 0 0 0 0 1 0 0
244 3 0 0 1 0 0 0 0 0
245 3 0 0 1 0 0 0 0 0
261 4 1 1 0 0 0 0 0 0
277 2 0 0 0 0 0 0 0 0
281 2 0 0 0 0 0 1 0 0
282 1 1 1 1 0 0 0 0 0
285 4 0 0 1 0 0 1 0 0
289 2 0 0 0 0 0 0 0 0
293 3 1 1 0 0 0 0 0 0
294 2 0 0 0 0 0 0 0 0
296 1 0 0 0 0 0 0 0 0
297 1 0 0 0 0 0 0 0 0
300 2 0 0 0 0 0 1 0 0
302 1 0 0 0 0 0 1 1 1
305 2 0 0 0 0 0 0 0 0
356 5 1 1 0 0 0 0 0 0
360 3 1 1 1 0 0 0 0 0
369 1 0 0 0 0 0 1 0 0
370 8 0 0 7 0 0 0 0 0
fl=./elf/../sysdeps/x86/dl-cacheinfo.h
fn=get_common_cache_info.constprop.0
571 11 1 1 0 0 0 6 0 0
586 1 0 0 1 0 0 0 0 0
587 1 0 0 1 0 0 0 0 0
588 2 0 0 1 0 0 1 0 0
589 1 1 1 1 0 0 0 0 0
590 2 0 0 1 0 0 1 0 0
596 3 0 0 0 0 0 1 0 0
598 7 1 1 3 0 0 2 0 0
601 2 0 0 0 0 0 0 0 0
613 1 0 0 0 0 0 0 0 0
618 3 1 1 1 0 0 0 0 0
622 2 0 0 0 0 0 0 0 0
627 5 1 1 1 0 0 0 0 0
630 24 2 2 0 0 0 5 0 0
637 8 0 0 0 0 0 0 0 0
640 26 0 0 0 0 0 0 0 0
645 2 1 1 0 0 0 0 0 0
649 3 0 0 0 0 0 0 0 0
650 2 0 0 0 0 0 0 0 0
654 2 0 0 0 0 0 0 0 0
658 3 0 0 0 0 0 0 0 0
661 4 0 0 0 0 0 1 0 0
662 1 0 0 0 0 0 0 0 0
667 4 0 0 0 0 0 0 0 0
673 4 0 0 0 0 0 0 0 0
681 6 0 0 0 0 0 0 0 0
683 2 0 0 0 0 0 0 0 0
685 4 0 0 0 0 0 0 0 0
687 12 1 1 0 0 0 0 0 0
689 1 0 0 0 0 0 0 0 0
690 1 0 0 0 0 0 0 0 0
691 9 0 0 1 0 0 0 0 0
693 4 1 1 0 0 0 0 0 0
696 7 1 1 4 0 0 0 0 0
701 1 0 0 0 0 0 0 0 0
703 4 1 1 0 0 0 0 0 0
704 3 0 0 0 0 0 0 0 0
705 1 0 0 0 0 0 0 0 0
708 2 0 0 0 0 0 0 0 0
711 2 1 1 0 0 0 0 0 0
718 1 0 0 0 0 0 0 0 0
720 4 0 0 0 0 0 0 0 0
721 1 0 0 0 0 0 0 0 0
726 2 0 0 0 0 0 0 0 0
731 2 0 0 0 0 0 0 0 0
733 2 0 0 0 0 0 0 0 0
734 1 0 0 0 0 0 0 0 0
759 3 0 0 0 0 0 0 0 0
770 5 0 0 1 0 0 0 0 0
771 5 0 0 0 0 0 1 0 0
775 2 1 1 1 0 0 0 0 0
782 1 0 0 0 0 0 1 0 0
783 2 0 0 1 0 0 1 0 0
784 1 0 0 0 0 0 1 0 0
785 7 0 0 7 0 0 0 0 0
fn=handle_intel.constprop.0
250 108 0 0 0 0 0 72 0 0
255 24 1 1 12 0 0 0 0 0
261 12 0 0 0 0 0 12 0 0
262 12 0 0 0 0 0 12 0 0
267 48 0 0 0 0 0 12 0 0
271 24 0 0 0 0 0 0 0 0
276 24 1 1 0 0 0 0 0 0
279 60 0 0 0 0 0 12 0 0
281 24 0 0 0 0 0 0 0 0
284 60 1 1 0 0 0 12 0 0
286 24 0 0 0 0 0 0 0 0
305 96 0 0 84 0 0 0 0 0
fn=init_cpu_features.constprop.0
792 1 0 0 0 0 0 1 0 0
793 1 0 0 0 0 0 1 0 0
795 1 0 0 0 0 0 1 0 0
809 2 0 0 0 0 0 0 0 0
811 3 1 1 0 0 0 2 0 0
812 3 1 1 0 0 0 1 0 0
813 3 0 0 0 0 0 2 0 0
814 2 0 0 0 0 0 2 0 0
817 3 0 0 0 0 0 2 0 0
819 3 1 1 0 0 0 2 0 0
820 2 0 0 1 0 0 1 0 0
822 3 0 0 0 0 0 2 0 0
824 3 0 0 0 0 0 2 0 0
825 1 0 0 0 0 0 1 0 0
827 3 0 0 0 0 0 2 0 0
829 3 1 1 0 0 0 2 0 0
830 2 0 0 1 0 0 1 0 0
832 3 0 0 0 0 0 2 0 0
834 3 0 0 0 0 0 1 0 0
836 3 1 1 0 0 0 2 0 0
838 5 0 0 1 0 0 1 0 0
894 2 1 1 1 0 0 1 1 1
895 2 0 0 1 0 0 1 0 0
896 2 0 0 1 0 0 1 0 0
897 2 1 1 1 0 0 1 0 0
898 2 0 0 1 0 0 1 0 0
899 2 0 0 1 0 0 1 0 0
900 1 0 0 0 0 0 1 1 1
901 1 0 0 0 0 0 1 0 0
902 1 0 0 0 0 0 1 0 0
903 1 1 1 0 0 0 1 0 0
904 1 0 0 0 0 0 1 0 0
905 1 0 0 0 0 0 1 0 0
907 1 0 0 1 0 0 0 0 0
910 3 0 0 0 0 0 0 0 0
925 7 1 1 5 0 0 2 0 0
930 2 0 0 0 0 0 0 0 0
931 6 0 0 2 0 0 0 0 0
939 3 0 0 1 0 0 0 0 0
959 6 1 1 0 0 0 0 0 0
968 2 0 0 0 0 0 0 0 0
969 2 0 0 0 0 0 0 0 0
974 12 2 2 0 0 0 0 0 0
987 5 0 0 2 0 0 1 0 0
995 7 1 1 1 0 0 1 0 0
997 2 0 0 0 0 0 0 0 0
1000 5 0 0 1 0 0 1 0 0
1002 2 0 0 0 0 0 0 0 0
1005 5 1 1 1 0 0 1 0 0
1006 5 0 0 0 0 0 1 0 0
1010 6 0 0 1 0 0 2 0 0
1011 3 0 0 1 0 0 0 0 0
1017 7 0 0 1 0 0 3 0 0
1020 11 2 2 2 0 0 5 0 0
1021 10 1 1 2 0 0 5 0 0
1022 13 2 2 2 0 0 6 0 0
1025 10 0 0 1 0 0 5 0 0
1027 10 1 1 1 0 0 5 0 0
1040 4 0 0 3 0 0 0 0 0
1042 2 0 0 1 0 0 1 0 0
1043 2 1 1 1 0 0 1 0 0
1044 1 0 0 0 0 0 1 0 0
1045 1 0 0 0 0 0 1 0 0
1046 1 1 1 0 0 0 1 0 0
1047 1 0 0 0 0 0 1 0 0
fn=intel_check_word.constprop.0
110 648 1 1 324 6 6 0 0 0
113 324 0 0 0 0 0 0 0 0
119 216 0 0 0 0 0 96 0 0
123 48 1 1 0 0 0 0 0 0
125 12 0 0 0 0 0 0 0 0
129 120 1 1 0 0 0 0 0 0
131 144 0 0 0 0 0 0 0 0
133 60 0 0 0 0 0 0 0 0
135 120 0 0 0 0 0 0 0 0
143 120 1 1 0 0 0 0 0 0
152 12 0 0 0 0 0 0 0 0
155 138 1 1 0 0 0 0 0 0
158 99 0 0 0 0 0 0 0 0
162 58 0 0 0 0 0 0 0 0
164 189 1 1 0 0 0 0 0 0
167 120 0 0 0 0 0 0 0 0
168 72 0 0 0 0 0 0 0 0
169 60 0 0 0 0 0 0 0 0
170 48 0 0 0 0 0 0 0 0
172 11 1 1 0 0 0 0 0 0
174 22 0 0 0 0 0 0 0 0
176 12 1 1 0 0 0 0 0 0
177 16 0 0 0 0 0 0 0 0
178 12 0 0 0 0 0 0 0 0
179 20 0 0 0 0 0 0 0 0
180 14 1 1 0 0 0 0 0 0
181 12 0 0 0 0 0 0 0 0
183 8 0 0 0 0 0 0 0 0
184 12 0 0 0 0 0 0 0 0
187 21 0 0 0 0 0 0 0 0
190 2 0 0 0 0 0 0 0 0
194 192 0 0 0 0 0 0 0 0
202 168 1 1 48 0 0 0 0 0
216 48 0 0 0 0 0 0 0 0
246 144 0 0 120 0 0 0 0 0
fl=./elf/../sysdeps/x86/dl-get-cpu-features.c
fn=__x86_cpu_features
39 3 0 0 1 1 0 0 0 0
71 3 1 1 1 0 0 0 0 0
fn=_dl_x86_init_cpu_features
37 1 1 1 0 0 0 0 0 0
39 3 0 0 1 0 0 0 0 0
41 1 0 0 0 0 0 0 0 0
fl=./elf/../sysdeps/x86/dl-isa-level.h
fn=_dl_load_cache_lookup
28 36 0 0 12 0 0 12 0 0
fl=./elf/../sysdeps/x86/dl-procinfo.h
fn=_dl_load_cache_lookup
39 12 1 1 0 0 0 0 0 0
42 90 1 1 0 0 0 24 0 0
fl=./elf/../sysdeps/x86/dl-prop.h
fn=_dl_map_object_from_fd
149 28 0 0 14 0 0 0 0 0
fn=_dl_process_pt_gnu_property
95 52 1 1 0 0 0 0 0 0
102 26 0 0 0 0 0 0 0 0
115 26 0 0 0 0 0 0 0 0
118 13 0 0 13 6 6 0 0 0
252 12 0 0 0 0 0 0 0 0
253 6 0 0 0 0 0 6 0 0
254 14 0 0 0 0 0 0 0 0
255 7 0 0 0 0 0 7 0 0
257 52 0 0 13 0 0 13 0 0
258 1 1 1 1 0 0 0 0 0
260 13 0 0 6 0 0 0 0 0
fn=dl_main
36 2 0 0 2 0 0 0 0 0
37 30 1 1 0 0 0 0 0 0
40 12 0 0 12 0 0 0 0 0
49 52 1 1 17 0 0 0 0 0
53 43 0 0 9 1 0 0 0 0
71 2 0 0 1 0 0 1 0 0
149 4 0 0 2 0 0 0 0 0
235 2 1 1 2 0 0 0 0 0
236 1 0 0 1 0 0 0 0 0
fl=./elf/../sysdeps/x86/get-isa-level.h
fn=_dl_hwcaps_subdirs_active
30 4 0 0 0 0 0 0 0 0
31 1 0 0 1 0 0 0 0 0
32 3 0 0 1 0 0 0 0 0
36 3 0 0 0 0 0 0 0 0
39 4 1 1 1 0 0 0 0 0
40 4 0 0 1 0 0 0 0 0
45 4 0 0 0 0 0 0 0 0
48 2 0 0 0 0 0 0 0 0
51 5 0 0 1 0 0 0 0 0
fn=update_active.constprop.0
28 1 0 0 0 0 0 0 0 0
30 4 0 0 0 0 0 0 0 0
31 1 0 0 1 0 0 0 0 0
32 3 0 0 0 0 0 0 0 0
36 3 0 0 0 0 0 0 0 0
38 1 0 0 0 0 0 0 0 0
39 2 1 1 0 0 0 0 0 0
40 4 1 1 1 0 0 0 0 0
45 4 0 0 0 0 0 0 0 0
47 1 0 0 0 0 0 0 0 0
48 2 0 0 0 0 0 0 0 0
51 5 1 1 1 0 0 0 0 0
fl=./elf/../sysdeps/x86_64/dl-cet.c
fn=_dl_cet_check
275 2 0 0 0 0 0 0 0 0
276 1 0 0 0 0 0 1 0 0
277 2 0 0 1 0 0 0 0 0
282 4 0 0 1 0 0 1 0 0
283 3 0 0 0 0 0 1 0 0
285 2 0 0 1 0 0 1 0 0
293 5 1 1 1 0 0 0 0 0
361 8 1 1 0 0 0 4 0 0
363 6 1 1 5 0 0 0 0 0
fn=_dl_cet_setup_features
331 1 1 1 0 0 0 0 0 0
334 2 0 0 0 0 0 0 0 0
350 1 0 0 1 0 0 0 0 0
fl=./elf/../sysdeps/x86_64/dl-hwcaps-subdirs.c
fn=_dl_hwcaps_subdirs_active
29 1 1 1 0 0 0 0 0 0
38 3 0 0 0 0 0 0 0 0
43 1 0 0 0 0 0 0 0 0
52 1 0 0 1 0 0 0 0 0
fl=./elf/../sysdeps/x86_64/dl-irel.h
fn=_dl_fixup
32 19 13 2 0 0 0 19 0 0
fl=./elf/../sysdeps/x86_64/dl-machine.h
fn=_dl_fixup
234 96 0 0 0 0 0 96 0 0
fn=_dl_relocate_object
81 30 0 0 3 0 0 0 0 0
87 4 1 1 3 1 0 0 0 0
91 3 0 0 1 1 1 0 0 0
97 1 0 0 0 0 0 1 0 0
108 3 0 0 1 0 0 0 0 0
129 2 0 0 1 0 0 0 0 0
132 2 0 0 0 0 0 1 0 0
134 4 0 0 1 1 0 0 0 0
267 432 2 2 0 0 0 0 0 0
274 432 0 0 0 0 0 0 0 0
278 432 0 0 0 0 0 0 0 0
287 2089 3 3 792 0 0 0 0 0
290 445 1 1 181 0 0 0 0 0
291 136 0 0 0 0 0 0 0 0
292 784 0 0 0 0 0 0 0 0
295 24 1 1 0 0 0 0 0 0
296 36 0 0 12 0 0 0 0 0
307 24 1 1 0 0 0 24 0 0
314 60 1 1 24 0 0 12 0 0
317 1296 1 1 216 4 3 0 0 0
320 28 0 0 0 0 0 28 0 0
323 28 0 0 0 0 0 0 0 0
393 45 1 1 0 0 0 27 0 0
400 51 1 1 17 0 0 0 0 0
402 68 0 0 17 0 0 0 0 0
406 51 1 1 34 3 3 0 0 0
415 34 0 0 17 0 0 17 5 5
423 440 1 1 241 5 5 199 65 62
436 7 0 0 0 0 0 4 0 0
476 136 1 1 136 0 0 0 0 0
478 68 0 0 0 0 0 68 0 0
479 68 0 0 0 0 0 68 3 1
498 9 0 0 3 0 0 0 0 0
499 3 0 0 0 0 0 3 2 0
503 6 0 0 0 0 0 0 0 0
504 6 0 0 3 0 0 0 0 0
514 1098 0 0 549 0 0 0 0 0
518 1098 0 0 0 0 0 0 0 0
521 1647 0 0 549 0 0 0 0 0
522 549 0 0 549 69 69 0 0 0
730 18 0 0 0 0 0 0 0 0
734 14 1 1 7 2 0 0 0 0
fn=_dl_start
55 1 0 0 0 0 0 0 0 0
278 9 0 0 0 0 0 0 0 0
287 27 0 0 9 3 3 1 1 1
290 6 0 0 3 0 0 0 0 0
291 12 0 0 0 0 0 0 0 0
317 8 0 0 0 0 0 0 0 0
323 2 0 0 0 0 0 2 1 1
fn=_dl_sysdep_start
220 1 0 0 0 0 0 1 0 0
fl=./elf/../sysdeps/x86_64/dl-runtime.h
fn=_dl_fixup
28 96 0 0 0 0 0 0 0 0
fl=./elf/../sysdeps/x86_64/dl-trampoline.h
fn=_dl_runtime_resolve_xsave
71 96 35 3 0 0 0 0 0 0
76 96 0 0 0 0 0 96 0 0
79 96 0 0 0 0 0 0 0 0
81 96 0 0 0 0 0 0 0 0
91 96 0 0 96 35 3 0 0 0
97 96 0 0 0 0 0 96 24 2
98 96 0 0 0 0 0 96 0 0
99 96 37 4 0 0 0 96 0 0
100 96 0 0 0 0 0 96 0 0
101 96 0 0 0 0 0 96 0 0
102 96 0 0 0 0 0 96 0 0
103 96 0 0 0 0 0 96 0 0
107 96 0 0 0 0 0 0 0 0
108 96 0 0 0 0 0 0 0 0
111 96 0 0 0 0 0 96 14 2
112 96 0 0 0 0 0 96 0 0
114 96 0 0 0 0 0 96 0 0
115 96 0 0 0 0 0 96 0 0
116 96 37 3 0 0 0 96 0 0
117 96 0 0 0 0 0 96 0 0
118 96 0 0 0 0 0 96 0 0
119 96 0 0 0 0 0 96 0 0
121 96 0 0 96 0 0 3168 163 17
128 96 0 0 96 0 0 0 0 0
129 96 0 0 96 0 0 0 0 0
130 96 0 0 0 0 0 96 27 4
131 96 0 0 0 0 0 0 0 0
136 96 0 0 0 0 0 0 0 0
137 96 0 0 0 0 0 0 0 0
138 96 0 0 3456 0 0 0 0 0
140 96 39 4 96 0 0 0 0 0
141 96 0 0 96 0 0 0 0 0
142 96 0 0 96 0 0 0 0 0
143 96 0 0 96 0 0 0 0 0
144 96 0 0 96 0 0 0 0 0
145 96 0 0 96 0 0 0 0 0
146 96 0 0 96 0 0 0 0 0
148 96 0 0 0 0 0 0 0 0
150 96 0 0 96 0 0 0 0 0
154 96 0 0 0 0 0 0 0 0
156 96 0 0 0 0 0 0 0 0
fl=./elf/./dl-find_object.h
fn=_dl_find_object_from_map
95 20 1 1 10 8 0 10 0 0
96 20 1 1 10 0 0 10 0 0
97 10 0 0 0 0 0 10 4 4
103 50 0 0 20 8 0 0 0 0
104 293 0 0 0 0 0 0 0 0
105 202 0 0 101 77 8 0 0 0
107 30 0 0 20 1 0 10 0 0
112 10 0 0 10 0 0 0 0 0
fl=./elf/./dl-hwcaps.h
fn=_dl_important_hwcaps
43 9 1 1 0 0 0 6 0 0
45 7 0 0 0 0 0 6 0 0
46 1 0 0 0 0 0 0 0 0
77 8 0 0 3 0 0 5 0 0
78 8 1 1 3 0 0 5 0 0
79 6 2 2 0 0 0 1 0 0
fl=./elf/./dl-load.h
fn=_dl_map_object_from_fd
91 56 0 0 28 0 0 0 0 0
92 24 1 1 12 0 0 0 0 0
93 30 2 1 6 0 0 0 0 0
94 24 0 0 6 0 0 0 0 0
96 24 0 0 0 0 0 6 0 0
fl=./elf/./dl-main.h
fn=dl_main
109 5 1 1 4 0 0 1 0 0
fl=./elf/./dl-map-segments.h
fn=_dl_map_object_from_fd
28 21 0 0 7 0 0 0 0 0
29 63 1 1 21 0 0 14 1 1
81 7 0 0 7 0 0 0 0 0
101 7 0 0 0 0 0 7 0 0
102 21 0 0 7 0 0 0 0 0
105 21 0 0 7 0 0 7 0 0
106 14 0 0 0 0 0 7 0 0
108 14 1 1 7 0 0 0 0 0
125 7 1 1 7 0 0 0 0 0
135 168 1 1 28 0 0 0 0 0
137 84 0 0 42 0 0 0 0 0
139 210 0 0 84 0 0 21 0 0
149 112 0 0 56 0 0 0 0 0
155 14 1 1 7 0 0 0 0 0
156 7 0 0 0 0 0 0 0 0
157 21 0 0 7 0 0 0 0 0
158 14 0 0 0 0 0 0 0 0
160 14 0 0 0 0 0 0 0 0
165 14 0 0 0 0 0 0 0 0
168 21 0 0 7 0 0 0 0 0
176 49 0 0 7 0 0 14 0 0
182 14 0 0 0 0 0 0 0 0
186 8 2 2 1 0 0 1 0 0
189 2 0 0 0 0 0 0 0 0
194 28 1 1 0 0 0 0 0 0
fl=./elf/./dl-sym-post.h
fn=lookup_malloc_symbol
41 8 0 0 0 0 0 0 0 0
53 12 0 0 4 1 0 0 0 0
fl=./elf/./dl-tunable-types.h
fn=__GI___tunable_set_val
84 5 0 0 0 0 0 0 0 0
fl=./elf/./elf/dl-audit.c
fn=_dl_audit_activity_map
29 7 1 1 0 0 0 5 0 0
30 1 0 0 1 0 0 0 0 0
31 3 0 0 1 0 0 0 0 0
37 6 1 1 6 0 0 0 0 0
fn=_dl_audit_activity_nsid
41 3 2 2 0 0 0 0 0 0
45 12 0 0 3 0 0 0 0 0
46 3 0 0 3 1 1 0 0 0
47 15 2 2 3 0 0 0 0 0
fn=_dl_audit_objclose
97 9 1 1 0 0 0 0 0 0
98 36 0 0 18 0 0 0 0 0
fn=_dl_audit_objopen
77 7 1 1 0 0 0 0 0 0
78 28 0 0 14 0 0 0 0 0
fn=_dl_audit_preinit
118 1 1 1 0 0 0 0 0 0
119 4 0 0 2 1 0 0 0 0
fl=./elf/./elf/dl-cache.c
fn=_dl_cache_libcmp
357 104 1 1 0 0 0 0 0 0
358 718 1 1 52 0 0 0 0 0
360 960 0 0 0 0 0 0 0 0
362 346 1 1 0 0 0 0 0 0
368 52 0 0 0 0 0 0 0 0
369 39 0 0 0 0 0 0 0 0
370 320 0 0 281 0 0 0 0 0
372 320 0 0 281 1 1 0 0 0
374 26 0 0 0 0 0 0 0 0
380 614 0 0 0 0 0 0 0 0
382 614 0 0 0 0 0 0 0 0
383 117 1 1 39 0 0 0 0 0
386 268 0 0 0 0 0 0 0 0
387 268 0 0 0 0 0 0 0 0
390 91 0 0 65 33 33 0 0 0
fn=_dl_load_cache_lookup
191 78 0 0 0 0 0 0 0 0
205 6 0 0 6 0 0 0 0 0
208 48 1 1 6 0 0 18 0 0
210 60 0 0 18 0 0 18 0 0
211 12 1 1 0 0 0 0 0 0
213 30 0 0 0 0 0 6 0 0
220 96 1 1 6 0 0 0 0 0
222 255 1 1 12 0 0 18 0 0
223 78 0 0 39 29 29 0 0 0
227 117 1 1 39 0 0 0 0 0
231 117 0 0 39 0 0 39 0 0
232 78 0 0 0 0 0 0 0 0
240 36 0 0 0 0 0 0 0 0
242 24 0 0 12 1 1 0 0 0
245 24 0 0 0 0 0 0 0 0
247 72 0 0 0 0 0 12 0 0
249 12 0 0 0 0 0 0 0 0
259 24 0 0 12 0 0 0 0 0
263 4 0 0 2 0 0 0 0 0
264 6 0 0 2 0 0 1 0 0
269 36 1 1 24 0 0 0 0 0
270 24 0 0 6 0 0 0 0 0
286 42 1 1 0 0 0 0 0 0
295 12 0 0 6 0 0 0 0 0
298 12 0 0 6 0 0 0 0 0
301 6 0 0 0 0 0 0 0 0
302 18 1 1 6 0 0 0 0 0
330 12 0 0 0 0 0 6 0 0
342 24 0 0 6 0 0 0 0 0
346 33 0 0 0 0 0 0 0 0
347 15 0 0 0 0 0 0 0 0
349 18 0 0 0 0 0 0 0 0
403 60 1 1 0 0 0 42 1 1
405 12 0 0 6 0 0 0 0 0
408 18 1 1 6 0 0 0 0 0
411 5 1 1 0 0 0 1 0 0
419 5 1 1 1 0 0 0 0 0
420 8 1 1 3 1 1 0 0 0
423 6 1 1 0 0 0 0 0 0
424 1 0 0 1 0 0 0 0 0
431 1 1 1 0 0 0 1 0 0
432 2 0 0 0 0 0 1 0 0
477 15 0 0 5 0 0 0 0 0
482 18 0 0 6 0 0 0 0 0
485 18 0 0 6 0 0 6 0 0
500 12 0 0 6 0 0 0 0 0
512 18 0 0 6 0 0 6 0 0
513 90 1 1 6 0 0 0 0 0
514 24 1 1 6 0 0 6 0 0
515 6 0 0 0 0 0 6 0 0
516 48 0 0 42 0 0 0 0 0
fn=_dl_unload_cache
525 3 1 1 0 0 0 1 0 0
526 4 0 0 1 1 0 0 0 0
528 2 0 0 1 0 0 1 0 0
529 1 0 0 0 0 0 1 0 0
533 1 0 0 0 0 0 1 1 0
535 2 1 1 2 0 0 0 0 0
fl=./elf/./elf/dl-call-libc-early-init.c
fn=_dl_call_libc_early_init
27 7 1 1 0 0 0 3 0 0
29 2 0 0 0 0 0 0 0 0
33 5 0 0 0 0 0 1 0 0
37 2 0 0 0 0 0 0 0 0
39 4 1 1 3 0 0 0 0 0
40 2 0 0 0 0 0 0 0 0
41 3 0 0 3 0 0 0 0 0
fl=./elf/./elf/dl-call_fini.c
fn=_dl_call_fini
24 72 1 1 0 0 0 36 0 0
28 18 0 0 9 0 0 0 0 0
32 9 1 1 9 0 0 0 0 0
34 9 0 0 9 8 8 0 0 0
35 18 0 0 0 0 0 0 0 0
38 14 0 0 14 8 8 0 0 0
39 21 0 0 14 2 2 0 0 0
42 56 0 0 0 0 0 0 0 0
43 7 0 0 7 7 7 7 0 0
47 9 1 1 9 8 8 0 0 0
48 18 0 0 0 0 0 0 0 0
49 21 0 0 14 6 6 0 0 0
50 47 0 0 38 0 0 0 0 0
fl=./elf/./elf/dl-catch.c
fn=_dl_catch_error
254 12 1 1 0 0 0 4 0 0
256 2 0 0 0 0 0 1 0 0
257 2 0 0 1 0 0 1 0 0
258 2 0 0 1 0 0 1 0 0
259 2 0 0 1 0 0 1 0 0
261 6 1 1 5 0 0 0 0 0
fn=_dl_catch_exception
58 42 0 0 14 1 1 0 0 0
59 28 1 1 14 0 0 14 0 0
69 28 0 0 14 0 0 0 0 0
70 70 0 0 14 0 0 28 0 0
204 112 1 1 0 0 0 70 2 2
207 28 0 0 0 0 0 0 0 0
214 14 0 0 0 0 0 0 0 0
228 14 1 1 0 0 0 14 0 0
229 28 0 0 0 0 0 14 0 0
235 84 1 1 0 0 0 14 1 1
237 42 0 0 28 0 0 14 0 0
239 56 0 0 14 0 0 28 0 0
248 42 0 0 42 0 0 0 0 0
fn=_dl_receive_error
58 2 1 1 1 0 0 0 0 0
59 1 0 0 1 0 0 0 0 0
69 2 0 0 1 0 0 0 0 0
70 2 0 0 0 0 0 2 0 0
186 7 1 1 0 0 0 3 0 0
188 1 0 0 1 0 0 0 0 0
192 1 0 0 0 0 0 1 0 0
194 1 0 0 0 0 0 1 0 0
197 1 0 0 0 0 0 1 0 0
198 4 0 0 4 0 0 0 0 0
fl=./elf/./elf/dl-debug.c
fn=_dl_debug_initialize
56 3 1 1 0 0 0 0 0 0
57 1 1 1 0 0 0 0 0 0
59 2 0 0 0 0 0 0 0 0
61 2 0 0 0 0 0 0 0 0
63 3 0 0 1 1 1 0 0 0
64 1 0 0 0 0 0 1 0 0
85 3 0 0 1 0 0 0 0 0
90 3 1 1 1 1 1 1 0 0
91 2 0 0 0 0 0 1 0 0
92 1 0 0 0 0 0 1 0 0
95 3 0 0 2 0 0 0 0 0
96 6 1 1 1 0 0 1 0 0
99 2 0 0 0 0 0 0 0 0
107 2 0 0 1 0 0 0 0 0
fn=_dl_debug_state
116 2 1 1 0 0 0 0 0 0
117 2 0 0 2 0 0 0 0 0
fn=_dl_debug_update
38 8 0 0 0 0 0 0 0 0
40 16 0 0 0 0 0 0 0 0
41 8 0 0 0 0 0 0 0 0
44 16 2 1 8 1 0 0 0 0
48 8 0 0 8 0 0 0 0 0
fl=./elf/./elf/dl-deps.c
fn=_dl_map_object_deps
128 3 0 0 0 0 0 2 1 1
129 5 1 1 0 0 0 2 0 0
130 6 0 0 0 0 0 1 0 0
132 3 0 0 0 0 0 1 0 0
136 8 1 1 2 0 0 2 0 0
143 13 1 1 0 0 0 8 2 2
144 20 2 2 1 1 1 0 0 0
160 9 1 1 0 0 0 0 0 0
161 1 0 0 1 0 0 0 0 0
164 1 1 1 0 0 0 1 0 0
182 1 0 0 1 0 0 0 0 0
183 6 0 0 4 0 0 0 0 0
184 1 0 0 0 0 0 1 0 0
188 19 0 0 9 0 0 1 0 0
190 37 1 1 0 0 0 21 0 0
193 9 0 0 0 0 0 9 0 0
197 27 1 1 9 3 0 0 0 0
198 60 1 1 26 1 0 0 0 0
201 28 0 0 7 0 0 0 0 0
205 14 0 0 7 0 0 0 0 0
208 26 0 0 13 3 1 0 0 0
210 28 1 1 21 0 0 0 0 0
215 7 1 1 0 0 0 7 1 1
216 7 0 0 0 0 0 7 0 0
217 14 0 0 7 0 0 7 0 0
218 14 0 0 7 0 0 7 0 0
219 7 0 0 0 0 0 7 0 0
221 897 1 1 240 17 0 0 0 0
222 424 0 0 0 0 0 0 0 0
228 122 0 0 26 0 0 17 0 0
230 13 0 0 0 0 0 13 0 0
232 52 1 1 0 0 0 13 0 0
233 26 0 0 13 0 0 0 0 0
242 13 0 0 13 0 0 0 0 0
244 26 1 1 13 0 0 0 0 0
249 49 1 1 7 0 0 0 0 0
252 7 0 0 0 0 0 7 0 0
253 7 0 0 0 0 0 7 0 0
254 7 0 0 0 0 0 7 0 0
255 14 0 0 7 0 0 7 1 0
256 7 0 0 0 0 0 7 0 0
257 7 0 0 7 0 0 0 0 0
259 28 0 0 7 0 0 7 0 0
263 39 0 0 13 0 0 0 0 0
264 21 0 0 0 0 0 7 0 0
266 597 1 1 0 0 0 0 0 0
417 18 1 1 0 0 0 0 0 0
419 35 0 0 0 0 0 21 0 0
422 14 0 0 0 0 0 0 0 0
423 28 1 1 14 0 0 0 0 0
429 7 0 0 0 0 0 7 1 1
430 35 0 0 0 0 0 14 0 0
431 35 0 0 0 0 0 7 0 0
434 7 0 0 0 0 0 7 0 0
435 14 0 0 14 0 0 0 0 0
439 27 1 1 9 0 0 0 0 0
441 9 0 0 9 0 0 0 0 0
442 42 0 0 8 0 0 0 0 0
448 5 1 1 1 0 0 0 0 0
449 1 0 0 0 0 0 1 0 0
452 4 0 0 1 0 0 1 0 0
463 5 1 1 1 0 0 2 0 0
465 4 0 0 2 0 0 0 0 0
470 5 1 1 2 0 0 1 0 0
471 1 0 0 0 0 0 1 0 0
472 2 0 0 0 0 0 0 0 0
474 31 0 0 9 0 0 0 0 0
478 9 1 1 9 0 0 0 0 0
483 18 0 0 0 0 0 0 0 0
485 27 0 0 0 0 0 9 2 2
490 9 0 0 9 0 0 0 0 0
494 2 1 1 0 0 0 0 0 0
495 3 0 0 1 0 0 0 0 0
532 2 1 1 0 0 0 0 0 0
533 2 0 0 0 0 0 0 0 0
547 9 1 1 2 0 0 3 0 0
552 9 1 1 1 0 0 2 0 0
553 5 1 1 2 0 0 1 0 0
557 1 0 0 0 0 0 1 0 0
559 2 0 0 1 0 0 1 0 0
560 1 0 0 1 0 0 0 0 0
561 3 0 0 1 0 0 0 0 0
568 3 1 1 1 0 0 0 0 0
571 2 0 0 0 0 0 0 0 0
574 8 0 0 7 2 0 0 0 0
fn=openaux
61 78 0 0 0 0 0 26 0 0
64 143 0 0 52 0 0 26 0 0
65 13 0 0 13 0 0 0 0 0
68 13 1 1 13 0 0 0 0 0
69 39 0 0 39 0 0 0 0 0
fl=./elf/./elf/dl-environ.c
fn=_dl_next_ld_env_entry
28 3 1 1 0 0 0 0 0 0
29 3 0 0 3 0 0 0 0 0
32 232 0 0 78 0 0 0 0 0
34 152 0 0 76 0 0 0 0 0
35 18 0 0 9 0 0 0 0 0
37 2 0 0 0 0 0 0 0 0
40 4 0 0 0 0 0 2 0 0
42 2 0 0 2 0 0 0 0 0
45 74 0 0 0 0 0 0 0 0
fl=./elf/./elf/dl-find_object.c
fn=_dl_find_object_init
561 5 1 1 0 0 0 3 0 0
564 1 0 0 1 1 0 0 0 0
566 2 0 0 1 0 0 0 0 0
573 2 1 1 0 0 0 1 1 0
579 2 0 0 0 0 0 1 0 0
580 3 0 0 1 0 0 1 0 0
582 2 0 0 0 0 0 0 0 0
585 2 0 0 0 0 0 0 0 0
590 1 1 1 0 0 0 1 0 0
591 1 0 0 0 0 0 1 0 0
594 3 0 0 1 0 0 0 0 0
596 2 1 1 0 0 0 1 0 0
599 6 1 1 3 0 0 1 0 0
601 1 0 0 0 0 0 0 0 0
604 4 0 0 4 0 0 0 0 0
fn=_dlfo_process_initial
474 8 1 1 0 0 0 4 0 0
475 2 0 0 2 0 0 0 0 0
477 2 0 0 0 0 0 0 0 0
478 4 1 1 2 0 0 0 0 0
481 6 1 1 0 0 0 2 0 0
485 2 0 0 2 0 0 0 0 0
486 10 1 1 2 0 0 0 0 0
487 62 2 2 0 0 0 0 0 0
488 112 2 2 31 0 0 9 0 0
490 13 1 1 4 2 2 0 0 0
493 42 0 0 12 0 0 12 4 4
495 18 0 0 12 0 0 6 0 0
497 12 0 0 6 0 0 6 0 0
499 10 0 0 1 0 0 0 0 0
504 24 1 1 4 1 0 0 0 0
505 42 0 0 2 0 0 0 0 0
506 18 0 0 18 1 0 0 0 0
508 68 1 1 16 3 0 0 0 0
511 64 0 0 16 2 0 0 0 0
513 48 0 0 16 0 0 0 0 0
515 16 0 0 0 0 0 8 0 0
516 16 0 0 0 0 0 0 0 0
517 32 0 0 0 0 0 0 0 0
529 2 0 0 0 0 0 2 0 0
531 17 1 1 6 0 0 0 0 0
fn=_dlfo_sort_mappings
536 1 1 1 0 0 0 0 0 0
537 2 0 0 0 0 0 0 0 0
540 56 1 1 13 0 0 0 0 0
544 26 0 0 13 1 0 0 0 0
545 338 1 1 0 0 0 0 0 0
546 455 0 0 91 1 0 0 0 0
548 7 0 0 0 0 0 0 0 0
549 7 0 0 0 0 0 0 0 0
553 52 0 0 26 0 0 0 0 0
554 65 0 0 26 0 0 26 0 0
555 26 0 0 0 0 0 26 0 0
557 1 0 0 1 0 0 0 0 0
fl=./elf/./elf/dl-fini.c
fn=_dl_fini
26 11 1 1 0 0 0 7 1 1
43 1 0 0 0 0 0 0 0 0
46 13 1 1 1 1 1 0 0 0
49 2 0 0 1 1 1 1 1 1
51 1 1 1 1 1 1 0 0 0
54 2 0 0 0 0 0 0 0 0
56 5 0 0 2 0 0 0 0 0
61 1 0 0 0 0 0 1 0 0
63 4 0 0 0 0 0 2 0 0
68 18 3 3 2 0 0 0 0 0
73 31 0 0 10 1 1 0 0 0
75 18 0 0 9 1 1 0 0 0
77 18 0 0 0 0 0 0 0 0
79 18 0 0 0 0 0 9 1 1
80 9 0 0 0 0 0 9 8 8
81 9 0 0 0 0 0 0 0 0
85 9 1 1 9 1 1 0 0 0
87 6 0 0 0 0 0 0 0 0
88 6 0 0 0 0 0 0 0 0
94 6 1 1 0 0 0 2 0 0
103 2 0 0 1 0 0 1 0 0
108 51 1 1 19 0 0 0 0 0
110 9 0 0 9 0 0 0 0 0
112 18 0 0 9 0 0 0 0 0
114 36 1 1 0 0 0 27 0 0
117 18 0 0 0 0 0 9 0 0
122 9 0 0 9 0 0 0 0 0
126 5 0 0 1 0 0 1 0 0
132 6 0 0 2 0 0 1 0 0
134 1 0 0 0 0 0 0 0 0
138 2 0 0 1 0 0 0 0 0
145 8 0 0 7 0 0 0 0 0
fl=./elf/./elf/dl-hwcaps.c
fn=_dl_important_hwcaps
52 12 1 1 0 0 0 3 0 0
54 1 0 0 0 0 0 0 0 0
55 2 0 0 1 0 0 0 0 0
56 1 0 0 0 0 0 0 0 0
57 1 0 0 0 0 0 0 0 0
77 12 2 2 0 0 0 3 0 0
80 10 0 0 2 0 0 3 0 0
84 1 0 0 0 0 0 1 0 0
86 3 0 0 1 0 0 1 0 0
87 1 0 0 0 0 0 0 0 0
88 1 0 0 0 0 0 0 0 0
100 5 0 0 0 0 0 3 1 1
102 3 1 1 1 0 0 0 0 0
105 1 0 0 0 0 0 1 0 0
108 1 0 0 0 0 0 0 0 0
112 5 1 1 0 0 0 2 0 0
125 8 0 0 0 0 0 2 0 0
127 5 0 0 2 0 0 1 1 1
128 2 0 0 1 0 0 1 0 0
129 2 0 0 0 0 0 1 0 0
130 1 0 0 0 0 0 0 0 0
133 3 1 1 1 0 0 0 0 0
142 3 0 0 1 0 0 0 0 0
172 14 2 2 0 0 0 9 2 2
174 2 0 0 0 0 0 2 1 1
175 3 0 0 0 0 0 0 0 0
185 2 1 1 0 0 0 1 0 0
186 3 0 0 0 0 0 0 0 0
189 3 1 1 1 0 0 1 1 1
193 2 0 0 1 0 0 0 0 0
194 2 0 0 0 0 0 0 0 0
201 1 0 0 0 0 0 0 0 0
202 5 0 0 2 0 0 1 0 0
208 2 0 0 1 0 0 1 0 0
209 1 0 0 0 0 0 1 0 0
213 3 1 1 2 0 0 1 0 0
216 9 0 0 7 0 0 0 0 0
fl=./elf/./elf/dl-hwcaps_split.c
fn=_dl_hwcaps_split
25 5 1 1 0 0 0 3 0 0
26 3 0 0 1 0 0 0 0 0
27 1 0 0 0 0 0 0 0 0
47 4 1 1 4 0 0 0 0 0
fn=_dl_hwcaps_split_masked
26 32 1 1 8 0 0 0 0 0
30 24 1 1 12 0 0 12 0 0
34 78 1 1 18 1 1 0 0 0
35 12 0 0 0 0 0 6 0 0
36 24 0 0 0 0 0 0 0 0
41 36 0 0 0 0 0 9 0 0
42 18 0 0 0 0 0 0 0 0
43 12 1 1 0 0 0 3 0 0
45 6 0 0 0 0 0 0 0 0
51 80 1 1 0 0 0 48 1 1
55 5 0 0 0 0 0 0 0 0
56 18 0 0 9 0 0 9 0 0
57 27 0 0 0 0 0 9 0 0
58 21 0 0 3 0 0 0 0 0
60 3 0 0 0 0 0 0 0 0
62 64 1 1 56 0 0 0 0 0
67 6 0 0 0 0 0 0 0 0
fl=./elf/./elf/dl-init.c
fn=_dl_init
29 20 1 1 10 0 0 0 0 0
35 50 1 1 10 0 0 0 0 0
37 51 1 1 1 0 0 2 0 0
81 13 1 1 0 0 0 6 0 0
82 1 0 0 1 1 0 0 0 0
83 1 0 0 1 0 0 0 0 0
86 3 0 0 1 0 0 0 0 0
89 2 0 0 0 0 0 1 0 0
94 4 1 1 0 0 0 0 0 0
119 1 0 0 1 0 0 0 0 0
120 40 0 0 0 0 0 8 0 0
121 18 0 0 18 1 0 0 0 0
127 8 0 0 7 0 0 0 0 0
fn=call_init.part.0
26 108 2 2 0 0 0 54 1 0
43 27 0 0 9 0 0 9 0 0
46 27 0 0 18 9 0 0 0 0
47 2 1 1 0 0 0 0 0 0
51 16 0 0 8 0 0 0 0 0
59 24 1 1 8 7 0 0 0 0
60 36 0 0 12 6 0 6 0 0
63 8 0 0 8 7 0 0 0 0
64 16 0 0 0 0 0 0 0 0
70 21 0 0 14 7 0 0 0 0
72 14 0 0 14 0 0 0 0 0
73 67 1 1 0 0 0 0 0 0
74 32 0 0 8 5 0 8 0 0
76 72 0 0 63 0 0 0 0 0
fl=./elf/./elf/dl-load.c
fn=_dl_dst_count
238 117 1 1 0 0 0 78 1 1
241 26 0 0 0 0 0 13 0 0
244 26 0 0 0 0 0 0 0 0
245 13 0 0 0 0 0 0 0 0
264 117 1 1 91 0 0 0 0 0
fn=_dl_dst_substitute
276 12 1 1 0 0 0 7 0 0
283 1 0 0 0 0 0 0 0 0
285 1 0 0 0 0 0 0 0 0
289 19 0 0 1 0 0 0 0 0
294 8 1 1 0 0 0 0 0 0
295 6 0 0 0 0 0 1 0 0
317 3 0 0 1 0 0 0 0 0
322 3 0 0 2 0 0 0 0 0
332 3 1 1 0 0 0 0 0 0
334 4 2 2 0 0 0 2 0 0
335 3 0 0 1 0 0 0 0 0
351 14 0 0 0 0 0 7 0 0
354 24 0 0 8 0 0 0 0 0
365 2 0 0 0 0 0 0 0 0
372 1 0 0 0 0 0 1 1 1
374 1 0 0 0 0 0 0 0 0
375 9 0 0 7 0 0 0 0 0
fn=_dl_init_paths
706 13 2 2 0 0 0 8 0 0
720 4 0 0 0 0 0 2 1 1
725 1 0 0 0 0 0 1 0 0
727 3 1 1 0 0 0 0 0 0
734 3 0 0 0 0 0 0 0 0
735 2 0 0 1 0 0 0 0 0
739 4 0 0 0 0 0 1 0 0
741 4 1 1 2 0 0 0 0 0
747 1 0 0 0 0 0 1 0 0
748 1 0 0 0 0 0 1 0 0
756 8 1 1 0 0 0 4 0 0
758 8 0 0 0 0 0 4 3 3
759 4 0 0 0 0 0 4 1 1
761 5 0 0 0 0 0 4 0 0
762 7 0 0 3 1 1 4 1 1
763 4 0 0 0 0 0 0 0 0
766 13 0 0 3 1 1 0 0 0
767 10 1 1 1 0 0 1 0 0
768 18 0 0 4 0 0 5 0 0
770 32 2 2 6 0 0 5 0 0
776 1 0 0 0 0 0 1 0 0
777 1 0 0 0 0 0 1 0 0
782 1 0 0 1 0 0 0 0 0
785 3 0 0 0 0 0 0 0 0
787 4 1 1 1 0 0 0 0 0
789 3 0 0 1 0 0 0 0 0
806 1 0 0 0 0 0 1 0 0
808 3 1 1 1 0 0 0 0 0
812 4 0 0 0 0 0 1 0 0
813 5 0 0 3 0 0 0 0 0
814 2 1 1 1 0 0 0 0 0
819 2 0 0 0 0 0 1 0 0
825 5 1 1 2 0 0 0 0 0
827 23 3 3 2 0 0 2 0 0
831 2 0 0 0 0 0 0 0 0
832 60 1 1 15 0 0 0 0 0
833 14 0 0 0 0 0 0 0 0
834 28 0 0 0 0 0 0 0 0
836 1 0 0 0 0 0 1 0 0
837 1 0 0 0 0 0 0 0 0
838 2 0 0 0 0 0 0 0 0
844 6 0 0 1 0 0 1 0 0
847 3 1 1 2 0 0 0 0 0
853 1 0 0 0 0 0 1 0 0
857 8 0 0 7 0 0 0 0 0
fn=_dl_map_object
682 36 3 3 12 0 0 0 0 0
685 12 0 0 0 0 0 0 0 0
696 30 1 1 0 0 0 18 0 0
1967 168 2 2 0 0 0 126 6 6
1969 7 0 0 0 0 0 7 0 0
1975 28 0 0 0 0 0 0 0 0
1976 56 0 0 14 1 1 0 0 0
1979 385 1 1 91 0 0 28 0 0
1984 588 1 1 168 0 0 0 0 0
1986 420 0 0 0 0 0 84 2 2
1990 154 0 0 77 0 0 0 0 0
1991 231 0 0 77 0 0 0 0 0
1994 260 0 0 156 3 0 0 0 0
1995 156 1 1 52 0 0 0 0 0
1996 260 0 0 0 0 0 52 0 0
2010 28 1 1 7 0 0 0 0 0
2011 21 0 0 7 0 0 7 0 0
2019 21 0 0 7 0 0 0 0 0
2034 7 0 0 0 0 0 7 1 1
2036 35 0 0 0 0 0 7 0 0
2040 24 2 2 0 0 0 12 0 0
2042 12 0 0 6 0 0 0 0 0
2049 24 0 0 6 0 0 0 0 0
2053 6 1 1 6 0 0 0 0 0
2054 6 0 0 0 0 0 6 0 0
2058 18 0 0 6 0 0 0 0 0
2059 6 0 0 0 0 0 0 0 0
2061 78 1 1 18 0 0 24 0 0
2065 18 0 0 0 0 0 0 0 0
2068 24 0 0 12 0 0 0 0 0
2073 30 2 2 24 0 0 0 0 0
2099 12 0 0 6 0 0 0 0 0
2100 84 1 1 12 0 0 24 0 0
2106 18 1 1 0 0 0 0 0 0
2107 6 0 0 0 0 0 0 0 0
2115 6 1 1 0 0 0 6 0 0
2129 12 0 0 6 0 0 0 0 0
2131 18 0 0 6 0 0 0 0 0
2135 18 1 1 0 0 0 6 0 0
2137 12 0 0 0 0 0 0 0 0
2141 12 0 0 0 0 0 0 0 0
2149 12 0 0 6 0 0 0 0 0
2172 54 1 1 0 0 0 12 0 0
2176 18 0 0 6 0 0 0 0 0
2177 6 0 0 0 0 0 6 0 0
2194 12 0 0 6 0 0 0 0 0
2200 1 0 0 0 0 0 1 0 0
2201 4 0 0 0 0 0 1 0 0
2202 2 1 1 0 0 0 0 0 0
2203 2 0 0 0 0 0 0 0 0
2207 9 1 1 0 0 0 2 0 0
2210 3 0 0 1 0 0 0 0 0
2222 28 0 0 7 0 0 0 0 0
2267 14 0 0 7 0 0 7 0 0
2268 124 1 1 27 0 0 35 0 0
2270 133 1 1 105 0 0 0 0 0
fn=_dl_map_object_from_fd
944 98 3 2 0 0 0 70 2 2
959 28 0 0 7 0 0 7 0 0
989 154 1 1 49 0 0 0 0 0
990 70 1 1 35 0 0 0 0 0
1008 14 1 1 7 0 0 0 0 0
1036 28 1 1 7 0 0 7 0 0
1046 14 0 0 7 0 0 0 0 0
1053 56 1 1 35 0 0 7 0 0
1054 14 0 0 0 0 0 0 0 0
1065 14 0 0 7 0 0 7 5 5
1066 21 0 0 7 0 0 7 0 0
1067 14 0 0 7 0 0 7 0 0
1069 21 0 0 0 0 0 0 0 0
1070 28 1 1 14 0 0 0 0 0
1071 12 0 0 0 0 0 6 0 0
1074 17 2 2 1 0 0 1 0 0
1075 6 0 0 1 0 0 1 1 0
1086 7 0 0 0 0 0 7 0 0
1088 7 0 0 0 0 0 7 0 0
1090 154 2 2 14 0 0 7 0 0
1091 7 0 0 0 0 0 0 0 0
1092 7 0 0 0 0 0 7 0 0
1093 7 0 0 0 0 0 7 0 0
1094 7 0 0 0 0 0 0 0 0
1100 282 0 0 14 0 0 0 0 0
1101 693 3 3 80 13 13 0 0 0
1107 14 1 1 7 1 1 0 0 0
1114 15 0 0 8 0 0 7 0 0
1115 21 0 0 7 0 0 7 0 0
1116 70 1 1 14 0 0 7 0 0
1121 2 0 0 1 0 0 1 0 0
1122 1 0 0 0 0 0 0 0 0
1127 217 0 0 91 0 0 7 0 0
1135 140 1 1 28 0 0 0 0 0
1136 182 1 1 0 0 0 28 3 2
1137 140 1 1 28 2 2 28 0 0
1138 28 0 0 0 0 0 28 0 0
1139 56 0 0 28 2 2 28 6 5
1141 196 0 0 28 2 2 0 0 0
1143 56 0 0 0 0 0 28 1 1
1156 56 0 0 0 0 0 0 0 0
1157 105 0 0 42 0 0 21 0 0
1162 28 0 0 0 0 0 0 0 0
1163 287 0 0 56 0 0 56 1 1
1176 3 1 1 1 0 0 0 0 0
1180 4 0 0 0 0 0 1 1 1
1181 1 0 0 1 0 0 0 0 0
1185 5 0 0 0 0 0 1 1 1
1186 2 1 1 1 0 0 1 0 0
1189 1 0 0 0 0 0 1 0 0
1194 4 0 0 1 0 0 0 0 0
1209 14 1 1 7 0 0 7 0 0
1210 7 0 0 0 0 0 0 0 0
1213 21 0 0 14 1 1 7 4 4
1218 49 1 1 35 0 0 0 0 0
1228 133 1 1 0 0 0 0 0 0
1229 56 0 0 0 0 0 28 0 0
1235 14 0 0 0 0 0 0 0 0
1245 28 0 0 14 0 0 0 0 0
1252 49 1 1 21 0 0 7 0 0
1264 7 1 1 0 0 0 0 0 0
1268 28 1 1 14 0 0 0 0 0
1269 21 0 0 7 0 0 7 0 0
1275 14 0 0 0 0 0 0 0 0
1276 14 1 1 0 0 0 0 0 0
1278 14 0 0 0 0 0 0 0 0
1288 21 0 0 7 0 0 0 0 0
1307 21 0 0 7 0 0 7 0 0
1309 42 1 1 14 0 0 0 0 0
1361 21 0 0 7 6 6 0 0 0
1362 2 0 0 1 0 0 1 0 0
1368 230 1 1 21 0 0 0 0 0
1369 372 1 1 80 66 66 0 0 0
1375 108 0 0 0 0 0 7 0 0
1380 28 1 1 7 0 0 7 0 0
1393 14 1 1 7 0 0 0 0 0
1395 28 0 0 14 0 0 7 0 0
1397 14 0 0 7 0 0 0 0 0
1413 14 0 0 0 0 0 7 0 0
1417 14 0 0 7 0 0 0 0 0
1418 14 1 1 7 0 0 0 0 0
1435 14 0 0 7 0 0 0 0 0
1436 1 0 0 0 0 0 1 0 0
1439 14 0 0 7 0 0 7 0 0
1444 14 0 0 7 0 0 0 0 0
1449 14 0 0 7 0 0 0 0 0
1461 56 1 1 21 0 0 0 0 0
1462 21 1 1 7 0 0 0 0 0
1463 54 1 1 18 0 0 6 0 0
1464 18 0 0 6 0 0 0 0 0
1465 5 0 0 1 0 0 1 0 0
1471 14 0 0 7 0 0 0 0 0
1472 4 0 0 1 0 0 0 0 0
1477 2 0 0 0 0 0 1 0 0
1484 21 1 1 7 0 0 7 0 0
1487 14 0 0 7 0 0 0 0 0
1491 21 0 0 7 0 0 7 0 0
1492 21 0 0 7 0 0 0 0 0
1510 14 1 1 0 0 0 0 0 0
1514 49 1 1 21 0 0 0 0 0
1515 28 1 1 7 0 0 7 0 0
1519 63 1 1 49 0 0 0 0 0
fn=_dl_process_pt_gnu_property
868 21 1 1 0 0 0 0 0 0
869 14 0 0 14 0 0 0 0 0
870 7 0 0 7 0 0 0 0 0
876 14 0 0 7 0 0 0 0 0
882 35 0 0 0 0 0 0 0 0
885 21 1 1 7 7 7 0 0 0
886 14 0 0 7 0 0 0 0 0
887 14 0 0 7 0 0 0 0 0
890 21 0 0 7 0 0 0 0 0
891 21 1 1 0 0 0 0 0 0
895 7 0 0 0 0 0 0 0 0
896 14 0 0 0 0 0 0 0 0
900 26 1 1 13 0 0 0 0 0
901 13 0 0 13 0 0 0 0 0
904 26 0 0 0 0 0 0 0 0
907 13 0 0 0 0 0 0 0 0
908 52 0 0 0 0 0 0 0 0
918 21 0 0 0 0 0 0 0 0
920 28 0 0 0 0 0 0 0 0
fn=decompose_rpath
580 12 1 1 0 0 0 6 0 0
582 1 0 0 1 0 0 0 0 0
591 3 1 1 1 1 1 0 0 0
622 2 0 0 1 1 1 0 0 0
629 2 0 0 0 0 0 1 0 0
630 2 0 0 0 0 0 0 0 0
637 2 1 1 0 0 0 0 0 0
638 60 0 0 15 0 0 0 0 0
640 56 0 0 0 0 0 0 0 0
644 1 0 0 0 0 0 0 0 0
646 2 0 0 0 0 0 0 0 0
654 8 1 1 0 0 0 2 0 0
661 3 0 0 2 0 0 0 0 0
668 1 0 0 0 0 0 1 0 0
670 1 0 0 0 0 0 1 0 0
671 1 0 0 0 0 0 0 0 0
672 8 1 1 7 0 0 0 0 0
fn=expand_dynamic_string_token
239 3 1 1 0 0 0 0 0 0
241 9 0 0 0 0 0 3 0 0
244 6 0 0 0 0 0 0 0 0
251 1 0 0 0 0 0 0 0 0
253 5 0 0 0 0 0 1 0 0
256 1 1 1 0 0 0 0 0 0
259 4 0 0 0 0 0 1 0 0
261 2 0 0 0 0 0 0 0 0
385 30 1 1 0 0 0 18 1 1
398 2 1 1 0 0 0 0 0 0
399 4 0 0 0 0 0 0 0 0
402 27 2 2 4 0 0 4 0 0
405 1 0 0 0 0 0 0 0 0
406 2 0 0 0 0 0 0 0 0
409 3 0 0 0 0 0 0 0 0
410 21 0 0 18 0 0 0 0 0
fn=fillin_rpath.isra.0
468 34 2 2 0 0 0 24 0 0
472 2 0 0 0 0 0 0 0 0
474 24 1 1 8 0 0 4 0 0
481 4 0 0 2 0 0 0 0 0
483 12 0 0 2 0 0 4 0 0
487 4 0 0 0 0 0 0 0 0
492 6 0 0 0 0 0 2 0 0
493 4 0 0 0 0 0 0 0 0
500 10 1 1 2 0 0 0 0 0
505 4 1 1 0 0 0 2 0 0
509 33 0 0 11 0 0 0 0 0
510 18 1 1 9 0 0 0 0 0
528 12 1 1 2 0 0 4 0 0
532 8 0 0 4 0 0 0 0 0
534 4 1 1 0 0 0 0 0 0
538 2 0 0 0 0 0 2 1 1
539 4 0 0 2 0 0 0 0 0
540 8 0 0 0 0 0 4 0 0
541 2 0 0 0 0 0 2 0 0
543 4 0 0 2 0 0 0 0 0
544 1 0 0 0 0 0 1 0 0
549 8 0 0 2 0 0 0 0 0
550 28 1 1 2 0 0 0 0 0
551 6 1 1 0 0 0 4 0 0
553 4 0 0 2 0 0 2 0 0
554 6 1 1 2 0 0 0 0 0
555 6 0 0 2 0 0 3 0 0
556 1 0 0 0 0 0 0 0 0
561 4 0 0 2 0 0 2 0 0
562 2 0 0 0 0 0 2 0 0
565 6 0 0 0 0 0 2 0 0
571 2 0 0 0 0 0 2 0 0
574 16 0 0 14 0 0 0 0 0
fn=is_dst
202 16 2 2 0 0 0 10 1 1
206 4 0 0 2 0 0 0 0 0
215 6 0 0 0 0 0 2 0 0
216 12 0 0 0 0 0 2 0 0
218 12 1 1 2 0 0 0 0 0
229 14 0 0 12 0 0 0 0 0
fn=open_path
1812 132 2 2 0 0 0 108 1 1
1813 24 0 0 12 0 0 12 1 1
1816 12 0 0 0 0 0 12 0 0
1817 12 0 0 0 0 0 12 0 0
1819 24 0 0 0 0 0 0 0 0
1822 24 0 0 0 0 0 0 0 0
1824 264 2 2 36 1 1 24 0 0
1827 24 0 0 24 0 0 0 0 0
1831 12 0 0 0 0 0 0 0 0
1835 72 0 0 12 0 0 12 0 0
1842 72 1 1 36 0 0 24 1 1
1843 228 1 1 60 0 0 24 0 0
1846 48 0 0 24 0 0 0 0 0
1851 154 1 1 84 0 0 28 0 0
1854 28 0 0 0 0 0 0 0 0
1860 42 0 0 14 0 0 0 0 0
1863 112 1 1 42 0 0 14 0 0
1865 42 0 0 14 0 0 0 0 0
1867 8 0 0 0 0 0 0 0 0
1872 8 1 1 0 0 0 0 0 0
1873 28 0 0 12 0 0 0 0 0
1879 12 1 1 4 0 0 4 0 0
1881 48 0 0 4 0 0 16 0 0
1882 4 0 0 2 1 1 0 0 0
1884 4 0 0 0 0 0 0 0 0
1891 106 3 3 24 0 0 30 0 0
1893 36 0 0 12 0 0 0 0 0
1937 96 1 1 24 0 0 12 1 1
1941 12 0 0 12 0 0 0 0 0
1943 48 0 0 36 0 0 0 0 0
1946 36 0 0 24 0 0 0 0 0
1960 108 1 1 84 0 0 0 0 0
fn=open_verify.constprop.0
1572 252 1 1 0 0 0 168 1 1
1604 63 0 0 21 0 0 0 0 0
1609 28 1 1 0 0 0 0 0 0
1623 105 0 0 0 0 0 21 0 0
1625 42 1 1 0 0 0 0 0 0
1633 7 0 0 0 0 0 7 0 0
1634 21 0 0 0 0 0 7 1 1
1639 42 0 0 0 0 0 7 0 0
1641 14 1 1 0 0 0 0 0 0
1643 14 0 0 7 0 0 7 0 0
1645 14 0 0 0 0 0 0 0 0
1651 14 0 0 0 0 0 0 0 0
1668 97 4 4 30 0 0 0 0 0
1749 14 0 0 7 0 0 0 0 0
1754 14 1 1 7 0 0 0 0 0
1760 28 0 0 7 0 0 0 0 0
1766 14 0 0 7 2 2 0 0 0
1772 28 0 0 7 0 0 0 0 0
1773 28 1 1 7 0 0 0 0 0
1777 16 3 3 1 0 0 0 0 0
1778 5 0 0 0 0 0 1 0 0
1799 189 0 0 147 0 0 0 0 0
fl=./elf/./elf/dl-lookup-direct.c
fn=_dl_lookup_direct
32 15 0 0 9 0 0 0 0 0
33 9 1 1 0 0 0 0 0 0
35 6 0 0 3 3 3 0 0 0
36 6 0 0 3 0 0 0 0 0
48 9 0 0 3 0 0 3 0 0
51 6 0 0 6 0 0 0 0 0
53 21 1 1 6 0 0 6 0 0
57 9 0 0 9 2 0 0 0 0
58 21 0 0 9 1 0 0 0 0
59 15 0 0 6 0 0 3 0 0
74 39 2 2 0 0 0 27 0 0
76 6 0 0 3 0 0 0 0 0
78 21 0 0 9 2 0 0 0 0
79 6 0 0 0 0 0 0 0 0
81 12 1 1 3 0 0 3 0 0
84 25 0 0 5 3 1 0 0 0
86 12 0 0 3 0 0 0 0 0
93 6 2 2 0 0 0 0 0 0
115 3 0 0 0 0 0 0 0 0
116 27 0 0 21 0 0 0 0 0
fl=./elf/./elf/dl-lookup.c
fn=_dl_lookup_symbol_x
772 3809 62 8 0 0 0 2637 94 15
774 586 0 0 0 0 0 293 0 0
775 1172 0 0 0 0 0 293 0 0
778 293 0 0 293 30 3 0 0 0
782 1124 0 0 269 0 0 0 0 0
785 586 33 5 293 0 0 0 0 0
787 586 0 0 586 5 0 0 0 0
791 4202 0 0 20 0 0 879 0 0
792 4981 67 9 2051 0 0 2051 33 5
797 1465 0 0 586 0 0 0 0 0
799 120 1 1 20 0 0 0 0 0
816 293 0 0 0 0 0 293 0 0
817 60 1 1 0 0 0 0 0 0
820 586 0 0 293 0 0 0 0 0
821 1895 0 0 269 0 0 0 0 0
828 353 1 1 273 0 0 0 0 0
856 1092 37 4 273 0 0 0 0 0
870 819 0 0 273 43 5 0 0 0
871 2 1 1 0 0 0 1 0 0
873 546 0 0 273 0 0 0 0 0
890 1092 0 0 273 0 0 0 0 0
892 2637 41 5 2051 0 0 0 0 0
fn=check_match
70 4635 35 3 618 195 151 1854 40 8
73 2472 36 3 618 38 33 0 0 0
78 74 2 0 0 0 0 0 0 0
86 1440 0 0 0 0 0 0 0 0
89 1886 34 3 438 0 0 219 0 0
93 286 1 1 286 44 4 0 0 0
94 572 0 0 0 0 0 0 0 0
96 564 0 0 0 0 0 0 0 0
115 564 0 0 564 150 69 0 0 0
116 2256 35 4 846 53 6 0 0 0
117 1345 63 6 538 12 2 269 0 0
118 26 0 0 13 0 0 0 0 0
119 26 0 0 0 0 0 0 0 0
144 8 0 0 0 0 0 0 0 0
146 24 0 0 8 2 2 0 0 0
147 16 0 0 0 0 0 0 0 0
150 2 0 0 0 0 0 0 0 0
151 7 0 0 3 0 0 1 0 0
153 3 0 0 1 0 0 1 0 0
161 272 0 0 0 0 0 0 0 0
162 2472 0 0 2163 0 0 0 0 0
fn=do_lookup_x
347 4102 69 7 586 0 0 2930 72 11
348 293 0 0 293 42 3 0 0 0
353 293 0 0 0 0 0 0 0 0
354 293 0 0 293 0 0 0 0 0
358 4586 34 4 4586 385 28 0 0 0
361 4586 0 0 0 0 0 0 0 0
365 5172 0 0 293 0 0 0 0 0
386 4586 34 3 2293 278 20 0 0 0
390 4586 0 0 2293 35 1 0 0 0
396 6879 0 0 2293 221 16 0 0 0
400 2293 0 0 0 0 0 2293 0 0
401 2293 0 0 0 0 0 2293 0 0
404 11465 0 0 6879 561 40 0 0 0
405 6879 35 4 4586 38 3 0 0 0
408 2293 0 0 2293 0 0 0 0 0
409 4586 0 0 0 0 0 0 0 0
411 2293 0 0 2293 641 155 0 0 0
412 879 0 0 0 0 0 293 0 0
413 4586 0 0 4586 0 0 0 0 0
415 2051 35 4 293 0 0 586 0 0
416 9172 0 0 4586 0 0 0 0 0
419 16051 0 0 2293 0 0 0 0 0
422 676 0 0 676 245 126 0 0 0
423 1014 35 4 338 0 0 0 0 0
424 676 0 0 0 0 0 0 0 0
426 644 0 0 322 0 0 0 0 0
429 3480 35 4 696 280 190 0 0 0
431 927 0 0 309 0 0 0 0 0
432 7868 71 8 2176 0 0 4108 80 12
433 618 0 0 0 0 0 0 0 0
436 927 0 0 0 0 0 0 0 0
439 1346 0 0 37 0 0 0 0 0
461 2176 41 4 1632 0 0 0 0 0
470 401 13 2 351 0 0 0 0 0
472 2 0 0 0 0 0 0 0 0
476 546 37 3 0 0 0 0 0 0
483 1804 0 0 273 0 0 0 0 0
487 285 24 6 95 16 2 0 0 0
499 546 0 0 273 0 0 273 0 0
500 273 0 0 0 0 0 273 0 0
501 273 0 0 0 0 0 0 0 0
518 6060 0 0 0 0 0 0 0 0
521 20 0 0 0 0 0 0 0 0
522 2344 1 1 2051 0 0 0 0 0
fl=./elf/./elf/dl-minimal-malloc.c
fn=__minimal_calloc
80 90 1 1 0 0 0 0 0 0
84 18 0 0 0 0 0 0 0 0
87 18 0 0 0 0 0 0 0 0
88 54 0 0 0 0 0 0 0 0
fn=__minimal_free
97 3 1 1 0 0 0 0 0 0
99 12 0 0 6 0 0 0 0 0
fn=__minimal_malloc
36 432 2 2 0 0 0 216 0 0
37 162 0 0 54 2 1 0 0 0
42 3 1 1 0 0 0 1 0 0
43 2 1 1 1 0 0 0 0 0
44 2 0 0 0 0 0 0 0 0
48 215 0 0 53 0 0 54 0 0
51 366 0 0 0 0 0 0 0 0
56 12 0 0 3 0 0 0 0 0
57 12 0 0 0 0 0 0 0 0
59 3 1 1 0 0 0 0 0 0
60 24 0 0 0 0 0 3 0 0
62 6 0 0 0 0 0 0 0 0
64 12 0 0 0 0 0 3 0 0
65 9 0 0 3 0 0 0 0 0
67 9 0 0 0 0 0 3 0 0
70 54 1 1 0 0 0 54 0 0
71 57 0 0 0 0 0 54 0 0
73 324 0 0 270 0 0 0 0 0
fl=./elf/./elf/dl-minimal.c
fn=__rtld_malloc_init_real
76 10 1 1 0 0 0 6 0 0
86 2 1 1 0 0 0 1 0 0
87 1 0 0 0 0 0 1 0 0
89 1 0 0 0 0 0 1 0 0
91 6 1 1 0 0 0 1 0 0
92 5 0 0 0 0 0 1 0 0
93 5 0 0 0 0 0 1 0 0
94 4 1 1 0 0 0 1 0 0
99 1 0 0 0 0 0 1 0 0
100 1 0 0 0 0 0 1 0 0
101 1 0 0 0 0 0 1 0 0
102 1 0 0 0 0 0 1 0 0
103 8 0 0 7 0 0 0 0 0
fn=__rtld_malloc_init_stubs
42 1 1 1 0 0 0 0 0 0
43 2 1 1 0 0 0 1 1 1
44 2 0 0 0 0 0 1 0 0
45 2 0 0 0 0 0 1 0 0
46 2 0 0 0 0 0 1 0 0
47 1 0 0 1 0 0 0 0 0
fn=lookup_malloc_symbol
61 36 1 1 0 0 0 16 0 0
63 4 0 0 0 0 0 4 0 0
64 28 0 0 4 0 0 12 0 0
68 28 1 1 16 0 0 0 0 0
69 28 0 0 12 0 0 0 0 0
71 4 0 0 0 0 0 4 0 0
72 24 0 0 20 0 0 0 0 0
fn=strsep
239 4 1 1 0 0 0 0 0 0
242 8 0 0 4 2 2 0 0 0
244 4 0 0 4 0 0 0 0 0
245 8 0 0 0 0 0 0 0 0
247 4 0 0 0 0 0 0 0 0
249 94 1 1 30 0 0 0 0 0
251 56 0 0 0 0 0 0 0 0
254 84 0 0 42 0 0 0 0 0
256 126 0 0 42 0 0 0 0 0
264 28 0 0 0 0 0 0 0 0
267 2 0 0 0 0 0 2 0 0
271 8 0 0 4 0 0 0 0 0
fl=./elf/./elf/dl-misc.c
fn=_dl_name_match_p
68 1225 1 1 0 0 0 525 0 0
69 700 0 0 175 0 0 175 1 1
70 20 0 0 0 0 0 0 0 0
72 175 0 0 175 0 0 0 0 0
74 692 0 0 0 0 0 0 0 0
75 955 1 1 191 0 0 191 0 0
80 171 0 0 171 0 0 0 0 0
82 155 0 0 0 0 0 0 0 0
83 700 0 0 700 0 0 0 0 0
fn=_dl_sysdep_read_whole_file
36 11 1 1 0 0 0 5 0 0
39 3 0 0 0 0 0 1 0 0
40 2 1 1 0 0 0 0 0 0
42 6 0 0 0 0 0 1 0 0
44 2 0 0 1 0 0 1 0 0
47 2 1 1 0 0 0 0 0 0
49 8 0 0 0 0 0 1 0 0
60 3 0 0 0 0 0 1 0 0
63 8 0 0 6 0 0 0 0 0
fl=./elf/./elf/dl-object.c
fn=_dl_add_to_namespace_list
31 72 1 1 0 0 0 32 0 0
33 24 0 0 8 0 0 8 0 0
35 71 1 1 8 0 0 0 0 0
38 140 0 0 35 0 0 0 0 0
40 7 0 0 0 0 0 7 0 0
42 7 0 0 0 0 0 7 0 0
45 2 1 1 0 0 0 1 0 0
46 24 0 0 8 0 0 0 0 0
47 16 0 0 8 0 0 8 0 0
48 16 0 0 0 0 0 8 0 0
50 16 0 0 8 0 0 0 0 0
51 40 0 0 32 0 0 0 0 0
fn=_dl_new_object
59 120 1 1 0 0 0 80 2 2
62 16 0 0 0 0 0 0 0 0
64 2 1 1 0 0 0 0 0 0
66 3 1 1 1 0 0 0 0 0
67 2 0 0 0 0 0 0 0 0
71 6 0 0 0 0 0 2 0 0
77 2 1 1 0 0 0 0 0 0
80 14 0 0 7 0 0 0 0 0
83 36 1 1 0 0 0 22 2 2
87 14 0 0 0 0 0 0 0 0
92 7 0 0 0 0 0 0 0 0
95 16 0 0 0 0 0 0 0 0
98 8 0 0 0 0 0 8 7 7
99 8 0 0 0 0 0 8 8 8
100 16 0 0 8 0 0 0 0 0
103 16 0 0 0 0 0 8 1 1
104 56 1 1 24 0 0 24 1 1
106 8 1 1 0 0 0 8 0 0
119 38 0 0 23 0 0 0 0 0
123 7 0 0 0 0 0 0 0 0
125 1 0 0 0 0 0 0 0 0
127 56 0 0 16 8 8 16 0 0
130 16 0 0 8 0 0 0 0 0
131 16 1 1 0 0 0 8 8 8
132 8 1 1 0 0 0 8 1 1
136 8 0 0 0 0 0 8 0 0
139 44 0 0 0 0 0 0 0 0
141 20 1 1 0 0 0 16 4 4
149 16 1 1 0 0 0 8 0 0
150 8 0 0 0 0 0 8 8 8
153 1 0 0 0 0 0 0 0 0
155 48 0 0 8 1 1 0 0 0
157 28 0 0 0 0 0 7 5 5
160 18 1 1 0 0 0 0 0 0
164 28 0 0 7 0 0 0 0 0
168 49 2 1 7 0 0 0 0 0
176 1 1 1 0 0 0 1 0 0
179 16 0 0 0 0 0 8 1 1
189 32 0 0 16 0 0 0 0 0
191 28 0 0 0 0 0 14 0 0
195 21 0 0 0 0 0 0 0 0
199 14 0 0 0 0 0 0 0 0
200 14 0 0 0 0 0 0 0 0
208 7 0 0 0 0 0 0 0 0
212 7 1 1 0 0 0 0 0 0
245 28 1 0 14 0 0 7 0 0
250 216 0 0 0 0 0 0 0 0
251 216 0 0 108 0 0 0 0 0
255 14 0 0 0 0 0 0 0 0
256 7 0 0 0 0 0 7 0 0
259 7 0 0 0 0 0 7 1 1
263 72 1 1 56 0 0 0 0 0
fl=./elf/./elf/dl-reloc.c
fn=_dl_relocate_object
170 1136 1 1 284 153 138 0 0 0
171 402 1 1 0 0 0 0 0 0
174 2133 1 1 201 8 1 0 0 0
175 96 2 2 8 0 0 0 0 0
177 8 0 0 8 0 0 0 0 0
178 32 1 1 8 0 0 8 0 0
182 386 0 0 0 0 0 0 0 0
183 193 0 0 0 0 0 193 0 0
184 193 0 0 0 0 0 193 0 0
186 1550 2 2 772 0 0 6 0 0
187 935 1 1 187 19 0 187 0 0
188 374 0 0 0 0 0 0 0 0
190 1476 2 2 386 0 0 638 0 0
193 193 0 0 193 0 0 0 0 0
194 1351 1 1 579 0 0 193 2 0
196 8 1 1 8 0 0 0 0 0
207 110 1 1 0 0 0 80 0 0
208 20 0 0 10 0 0 0 0 0
220 18 0 0 0 0 0 0 0 0
221 27 0 0 0 0 0 9 0 0
224 36 1 1 0 0 0 9 0 0
226 27 0 0 0 0 0 0 0 0
228 9 0 0 9 0 0 0 0 0
229 27 0 0 9 1 0 0 0 0
251 45 2 2 18 0 0 0 0 0
252 18 1 1 9 8 0 0 0 0
253 6 0 0 0 0 0 0 0 0
255 18 0 0 0 0 0 0 0 0
262 27 1 1 9 3 0 0 0 0
301 10885 9 9 1277 258 209 55 0 0
304 45 0 0 18 0 0 0 0 0
328 9 0 0 9 0 0 0 0 0
331 18 0 0 0 0 0 0 0 0
348 27 0 0 9 6 0 0 0 0
350 80 0 0 70 2 0 0 0 0
356 54 1 1 27 0 0 0 0 0
359 18 0 0 0 0 0 0 0 0
363 18 1 1 0 0 0 0 0 0
364 54 0 0 0 0 0 9 0 0
fl=./elf/./elf/dl-runtime.c
fn=_dl_fixup
46 1056 74 9 0 0 0 576 0 0
48 480 0 0 384 150 13 0 0 0
49 288 38 5 192 0 0 0 0 0
54 96 0 0 96 41 3 0 0 0
55 384 0 0 96 36 3 0 0 0
56 672 0 0 96 94 11 96 27 4
58 192 0 0 96 10 0 0 0 0
63 192 0 0 0 0 0 0 0 0
67 192 0 0 96 96 68 0 0 0
69 96 0 0 0 0 0 0 0 0
71 288 38 5 96 36 3 0 0 0
75 288 0 0 192 124 12 0 0 0
76 384 0 0 96 0 0 0 0 0
77 288 0 0 96 42 5 0 0 0
84 96 38 5 0 0 0 0 0 0
85 288 0 0 96 7 0 0 0 0
95 1056 0 0 192 36 3 288 0 0
99 480 38 5 288 0 0 0 0 0
109 960 0 0 384 0 0 96 0 0
124 384 35 5 96 0 0 0 0 0
125 38 0 0 0 0 0 19 0 0
133 288 0 0 96 38 3 0 0 0
159 288 0 0 96 19 1 0 0 0
163 768 35 5 672 0 0 0 0 0
fl=./elf/./elf/dl-setup_hash.c
fn=_dl_setup_hash
25 18 1 1 0 0 0 0 0 0
28 27 1 1 9 0 0 0 0 0
31 27 0 0 18 0 0 0 0 0
32 18 0 0 9 8 8 9 1 1
33 9 0 0 9 0 0 0 0 0
34 9 0 0 9 1 1 0 0 0
36 27 0 0 0 0 0 0 0 0
37 9 0 0 0 0 0 9 0 0
38 27 1 1 9 0 0 9 0 0
40 9 0 0 0 0 0 9 0 0
41 18 0 0 0 0 0 0 0 0
43 9 0 0 0 0 0 9 0 0
45 27 0 0 0 0 0 9 0 0
50 9 0 0 9 0 0 0 0 0
fl=./elf/./elf/dl-sort-maps.c
fn=_dl_sort_maps
140 90 0 0 18 0 0 18 1 1
181 2 0 0 0 0 0 2 0 0
182 4 0 0 2 0 0 0 0 0
183 64 0 0 0 0 0 0 0 0
184 36 2 2 36 0 0 0 0 0
211 34 4 4 2 1 1 0 0 0
216 4 0 0 0 0 0 2 0 0
218 2 0 0 0 0 0 2 0 0
219 10 0 0 0 0 0 0 0 0
221 56 2 2 0 0 0 0 0 0
223 18 0 0 18 0 0 0 0 0
226 54 0 0 18 0 0 0 0 0
244 8 2 2 2 0 0 0 0 0
263 8 2 2 0 0 0 2 0 0
276 8 2 2 2 0 0 0 0 0
283 2 2 2 0 0 0 0 0 0
298 26 2 1 0 0 0 14 1 1
306 6 2 2 2 2 1 0 0 0
310 18 4 4 14 0 0 0 0 0
fn=_dl_sort_maps_init
289 4 2 2 0 0 0 1 0 0
290 4 0 0 0 0 0 1 0 0
291 1 0 0 0 0 0 1 0 0
292 3 0 0 1 0 0 0 0 0
293 2 0 0 2 0 0 0 0 0
fn=dfs_traversal.part.0
135 162 2 2 0 0 0 90 0 0
140 74 0 0 37 0 0 0 0 0
143 18 0 0 18 0 0 0 0 0
145 54 0 0 18 4 4 0 0 0
147 208 0 0 52 6 6 0 0 0
156 63 3 3 9 0 0 0 0 0
171 54 0 0 18 0 0 18 0 0
172 18 0 0 0 0 0 18 0 0
173 108 0 0 108 0 0 0 0 0
fl=./elf/./elf/dl-tunables.c
fn=__GI___tunable_set_val
72 50 1 1 5 0 0 0 0 0
82 5 0 0 5 0 0 0 0 0
93 40 1 1 10 0 0 0 0 0
94 25 0 0 10 0 0 0 0 0
97 10 0 0 0 0 0 0 0 0
100 35 0 0 0 0 0 0 0 0
104 10 0 0 0 0 0 0 0 0
111 10 0 0 0 0 0 0 0 0
112 10 0 0 0 0 0 0 0 0
115 25 1 1 0 0 0 5 0 0
116 5 0 0 0 0 0 5 0 0
117 5 0 0 0 0 0 5 0 0
118 5 0 0 0 0 0 5 0 0
153 30 1 1 0 0 0 10 0 0
157 15 0 0 15 0 0 0 0 0
fn=__GI___tunables_init
42 385 1 1 77 0 0 0 0 0
45 76 0 0 0 0 0 0 0 0
48 8099 0 0 1157 42 42 0 0 0
52 152 0 0 0 0 0 0 0 0
56 304 1 1 0 0 0 0 0 0
128 1 0 0 0 0 0 0 0 0
261 10 2 2 0 0 0 6 0 0
267 4 0 0 1 0 0 0 0 0
281 12464 0 0 0 0 0 0 0 0
283 2 0 0 0 0 0 0 0 0
287 22572 1 1 6232 41 41 0 0 0
304 8 1 1 7 0 0 0 0 0
fn=__tunable_get_val
387 84 2 1 0 0 0 0 0 0
390 498 2 1 42 36 31 0 0 0
399 54 0 0 39 15 0 15 0 0
400 15 0 0 0 0 0 0 0 0
409 33 1 1 0 0 0 27 0 0
416 252 0 0 42 4 0 0 0 0
418 42 0 0 42 0 0 0 0 0
fl=./elf/./elf/dl-tunables.h
fn=__GI___tunable_set_val
141 10 0 0 0 0 0 0 0 0
142 10 1 1 0 0 0 0 0 0
151 5 0 0 0 0 0 0 0 0
fn=__GI___tunables_init
160 1424 1 1 956 1 1 0 0 0
161 3530 0 0 0 0 0 0 0 0
fl=./elf/./elf/dl-version.c
fn=_dl_check_all_versions
392 7 1 1 0 0 0 5 1 0
394 1 0 0 0 0 0 0 0 0
396 32 0 0 9 0 0 0 0 0
397 9 0 0 0 0 0 0 0 0
398 81 1 1 9 0 0 9 0 0
401 7 0 0 6 0 0 0 0 0
fn=_dl_check_map_versions
36 260 0 0 26 0 0 0 0 0
37 78 0 0 78 0 0 0 0 0
38 468 1 1 0 0 0 91 1 0
56 176 0 0 132 0 0 0 0 0
64 132 0 0 44 0 0 0 0 0
70 132 1 1 44 1 0 0 0 0
86 44 0 0 44 1 0 0 0 0
87 88 0 0 0 0 0 0 0 0
89 44 0 0 44 0 0 0 0 0
94 1614 0 0 697 19 19 132 0 0
108 1394 0 0 697 9 8 0 0 0
110 44 1 1 44 0 0 0 0 0
113 352 1 1 132 1 1 88 0 0
120 1959 1 1 653 8 8 0 0 0
124 653 0 0 0 0 0 0 0 0
155 90 1 0 0 0 0 54 1 0
156 9 0 0 0 0 0 9 1 0
164 16 1 1 0 0 0 9 0 0
170 27 0 0 9 1 0 0 0 0
172 45 1 1 18 1 0 0 0 0
174 9 0 0 9 2 0 0 0 0
175 9 0 0 9 1 0 0 0 0
177 18 0 0 0 0 0 0 0 0
180 21 1 1 14 0 0 0 0 0
184 56 0 0 7 7 7 35 0 0
198 6 0 0 0 0 0 0 0 0
200 39 1 1 26 0 0 0 0 0
208 39 0 0 13 0 0 0 0 0
213 39 0 0 13 1 1 0 0 0
215 31 0 0 0 0 0 0 0 0
217 176 1 1 88 12 12 44 0 0
218 374 1 1 264 0 0 0 0 0
221 88 0 0 44 0 0 44 0 0
224 132 0 0 88 0 0 0 0 0
225 25 0 0 5 0 0 5 0 0
228 36 1 1 18 0 0 13 0 0
231 176 0 0 44 0 0 0 0 0
234 132 0 0 44 0 0 0 0 0
239 31 0 0 0 0 0 0 0 0
243 39 0 0 13 0 0 0 0 0
248 6 0 0 0 0 0 0 0 0
257 40 2 2 21 0 0 0 0 0
260 14 0 0 14 0 0 0 0 0
263 381 0 0 97 9 9 7 0 0
266 284 0 0 90 4 4 7 0 0
270 83 0 0 0 0 0 0 0 0
274 24 1 1 8 0 0 0 0 0
279 8 0 0 0 0 0 8 2 0
280 32 1 1 8 0 0 8 0 0
281 24 0 0 8 0 0 0 0 0
291 8 0 0 0 0 0 8 0 0
294 42 0 0 25 3 0 8 4 0
296 16 0 0 0 0 0 0 0 0
299 28 1 1 14 0 0 0 0 0
301 6 0 0 0 0 0 0 0 0
303 39 0 0 13 0 0 0 0 0
306 132 1 1 44 0 0 0 0 0
308 176 0 0 0 0 0 0 0 0
310 220 0 0 44 0 0 44 0 0
311 88 0 0 0 0 0 44 18 18
312 132 0 0 44 0 0 44 4 4
313 132 0 0 44 0 0 44 0 0
316 132 0 0 44 0 0 0 0 0
321 31 0 0 0 0 0 0 0 0
324 39 0 0 13 0 0 0 0 0
329 6 1 1 0 0 0 0 0 0
334 16 0 0 0 0 0 0 0 0
337 14 0 0 7 0 0 0 0 0
341 83 0 0 83 0 0 0 0 0
343 180 0 0 90 0 0 0 0 0
347 83 0 0 83 0 0 0 0 0
348 415 0 0 83 0 0 83 22 22
349 249 0 0 83 0 0 83 0 0
350 83 0 0 0 0 0 83 10 10
353 270 0 0 90 0 0 0 0 0
357 83 0 0 0 0 0 0 0 0
365 14 0 0 0 0 0 0 0 0
366 14 1 1 7 0 0 0 0 0
367 14 0 0 7 2 0 0 0 0
368 12 0 0 6 0 0 0 0 0
370 4 1 1 3 0 0 0 0 0
372 124 0 0 32 0 0 0 0 0
373 60 1 1 0 0 0 0 0 0
375 2 0 0 1 0 0 0 0 0
376 7 0 0 0 0 0 1 0 0
387 81 1 1 72 0 0 0 0 0
fl=./elf/./elf/do-rel.h
fn=_dl_relocate_object
49 54 1 1 18 2 0 0 0 0
50 54 0 0 18 0 0 18 0 0
51 9 0 0 9 1 0 0 0 0
53 90 0 0 36 1 0 0 0 0
72 9 0 0 0 0 0 0 0 0
73 10 1 1 0 0 0 9 0 0
80 54 0 0 18 0 0 0 0 0
83 1655 1 1 0 0 0 1 0 0
85 2196 1 1 549 206 206 0 0 0
96 6 0 0 1 0 0 0 0 0
97 2 0 0 0 0 0 0 0 0
114 51 1 1 0 0 0 0 0 0
123 44 0 0 0 0 0 0 0 0
124 6 0 0 3 2 2 0 0 0
126 51 1 1 17 9 0 0 0 0
129 60 0 0 30 7 0 15 0 0
131 1189 1 1 317 0 0 0 0 0
133 1390 0 0 834 182 164 0 0 0
134 1112 0 0 278 0 0 278 0 0
135 834 0 0 556 1 0 278 0 0
136 1112 0 0 278 2 0 0 0 0
138 834 1 1 0 0 0 0 0 0
141 272 0 0 68 0 0 68 0 0
142 68 1 1 0 0 0 68 0 0
143 68 0 0 0 0 0 0 0 0
147 210 0 0 0 0 0 210 0 0
150 647 1 1 210 0 0 0 0 0
151 84 2 2 28 1 0 0 0 0
164 32 1 1 16 0 0 0 0 0
165 285 0 0 9 0 0 6 0 0
166 252 1 1 84 0 0 0 0 0
169 204 0 0 136 0 0 0 0 0
171 272 0 0 68 0 0 68 0 0
172 68 0 0 68 0 0 0 0 0
173 136 0 0 68 0 0 0 0 0
180 31 1 1 9 0 0 0 0 0
182 42 1 1 12 2 2 6 0 0
183 12 0 0 12 0 0 0 0 0
185 18 0 0 0 0 0 0 0 0
193 6 0 0 0 0 0 6 0 0
196 18 0 0 6 0 0 0 0 0
211 7 1 1 4 0 0 0 0 0
fn=_dl_start
49 6 0 0 2 0 0 0 0 0
50 4 0 0 2 0 0 0 0 0
51 1 0 0 1 0 0 0 0 0
53 10 1 1 4 0 0 0 0 0
56 4 0 0 0 0 0 0 0 0
61 13 1 1 0 0 0 0 0 0
63 9 1 1 3 1 1 0 0 0
64 6 0 0 0 0 0 0 0 0
65 3 0 0 3 0 0 0 0 0
fl=./elf/./elf/get-dynamic-info.h
fn=_dl_map_object_from_fd
39 14 0 0 0 0 0 0 0 0
43 7 0 0 0 0 0 0 0 0
45 821 0 0 207 57 57 0 0 0
49 400 0 0 0 0 0 0 0 0
51 108 1 1 0 0 0 0 0 0
52 54 0 0 0 0 0 0 0 0
53 9 0 0 0 0 0 0 0 0
54 187 1 1 0 0 0 0 0 0
55 159 0 0 0 0 0 0 0 0
56 35 1 1 0 0 0 0 0 0
59 28 1 1 0 0 0 0 0 0
62 28 0 0 0 0 0 0 0 0
64 28 0 0 0 0 0 0 0 0
68 200 0 0 0 0 0 200 48 48
72 28 0 0 7 0 0 0 0 0
84 27 1 1 13 0 0 0 0 0
85 28 0 0 14 0 0 0 0 0
86 28 0 0 14 0 0 0 0 0
87 28 0 0 14 0 0 0 0 0
88 27 0 0 13 1 1 0 0 0
89 24 1 1 10 1 1 0 0 0
90 27 0 0 13 1 1 0 0 0
91 28 0 0 14 0 0 0 0 0
103 56 1 1 14 0 0 7 0 0
110 25 0 0 7 0 0 0 0 0
115 6 0 0 3 0 0 0 0 0
122 6 0 0 3 0 0 0 0 0
123 21 1 1 14 0 0 0 0 0
129 21 0 0 7 0 0 0 0 0
130 18 0 0 12 0 0 0 0 0
147 21 0 0 7 0 0 0 0 0
152 12 0 0 6 0 0 6 1 1
154 12 0 0 0 0 0 0 0 0
156 12 0 0 0 0 0 0 0 0
158 12 0 0 0 0 0 0 0 0
159 12 0 0 0 0 0 6 0 0
162 21 1 1 7 0 0 0 0 0
164 21 1 1 7 0 0 7 0 0
165 14 0 0 0 0 0 0 0 0
166 2 0 0 0 0 0 1 0 0
174 14 0 0 7 0 0 0 0 0
175 18 1 1 0 0 0 0 0 0
180 14 0 0 0 0 0 0 0 0
181 18 0 0 6 0 0 6 0 0
184 14 0 0 7 0 0 0 0 0
fl=./elf/./elf/libc-dl-profstub.c
fn=_dl_mcount_wrapper_check
36 8704 127 1 0 0 0 0 0 0
37 26112 0 0 17408 133 0 0 0 0
38 8704 129 1 8704 0 0 0 0 0
fl=./elf/./elf/libc_early_init.c
fn=__libc_early_init
33 9 1 1 1 0 0 3 0 0
35 1 0 0 0 0 0 1 0 0
38 2 0 0 1 1 0 1 1 1
41 2 1 1 0 0 0 2 1 1
47 4 0 0 2 0 0 0 0 0
49 2 0 0 2 0 0 0 0 0
fl=./elf/./elf/rtld.c
fn=_dl_start
85 8 0 0 0 0 0 2 1 1
458 2 0 0 0 0 0 1 0 0
476 3 0 0 0 0 0 1 0 0
477 1 0 0 0 0 0 1 0 0
478 2 0 0 1 0 0 1 1 1
488 1 0 0 0 0 0 1 0 0
494 4 2 1 1 0 0 1 0 0
496 2 0 0 1 0 0 0 0 0
517 16 2 2 0 0 0 8 2 2
543 1 0 0 0 0 0 1 1 1
546 2 1 1 0 0 0 1 1 1
547 4 0 0 1 1 1 0 0 0
563 190 5 5 24 5 5 5 0 0
565 1 0 0 1 0 0 0 0 0
578 1 1 1 0 0 0 1 0 0
585 9 1 1 7 2 0 0 0 0
fn=dl_main
85 17 2 2 0 0 0 1 0 0
92 12 1 1 0 0 0 0 0 0
93 2 0 0 0 0 0 1 1 0
101 9 0 0 4 0 0 0 0 0
197 2 0 0 0 0 0 1 0 0
199 1 0 0 0 0 0 1 0 0
224 3 0 0 3 0 0 0 0 0
225 5 0 0 3 0 0 0 0 0
226 4 1 1 0 0 0 0 0 0
296 3 1 1 0 0 0 3 0 0
302 1 0 0 0 0 0 1 0 0
303 1 0 0 0 0 0 1 0 0
837 1 0 0 1 0 0 0 0 0
839 1 0 0 0 0 0 1 0 0
848 1 1 1 0 0 0 1 0 0
850 1 0 0 0 0 0 1 0 0
855 1 0 0 0 0 0 1 0 0
1115 1 0 0 1 0 0 0 0 0
1116 1 1 1 1 0 0 0 0 0
1118 1 0 0 0 0 0 1 0 0
1122 3 0 0 2 1 1 1 1 1
1124 1 0 0 1 0 0 0 0 0
1125 1 0 0 1 0 0 0 0 0
1140 1 0 0 0 0 0 0 0 0
1143 46 4 4 0 0 0 1 0 0
1144 125 1 1 24 6 6 0 0 0
1148 4 1 1 2 0 0 1 0 0
1153 3 1 1 2 1 1 1 0 0
1154 9 1 1 2 0 0 1 0 0
1163 2 0 0 0 0 0 1 0 0
1164 2 0 0 2 0 0 0 0 0
1166 1 0 0 0 0 0 1 0 0
1173 3 0 0 1 0 0 0 0 0
1191 2 0 0 0 0 0 1 0 0
1199 12 0 0 6 0 0 0 0 0
1200 23 0 0 7 1 1 0 0 0
1201 12 0 0 6 0 0 0 0 0
1202 1 0 0 0 0 0 1 0 0
1204 18 1 1 6 0 0 0 0 0
1205 22 0 0 0 0 0 0 0 0
1206 2 0 0 0 0 0 1 0 0
1209 12 0 0 6 2 2 0 0 0
1210 12 0 0 6 0 0 0 0 0
1211 6 0 0 0 0 0 6 0 0
1215 18 0 0 0 0 0 0 0 0
1221 3 1 1 1 1 1 0 0 0
1227 4 0 0 0 0 0 1 1 1
1228 1 0 0 1 0 0 0 0 0
1233 4 0 0 0 0 0 0 0 0
1234 2 0 0 1 0 0 1 0 0
1235 1 0 0 0 0 0 1 0 0
1238 2 0 0 0 0 0 2 1 1
1247 3 0 0 2 1 1 1 0 0
1253 28 0 0 1 0 0 0 0 0
1254 63 0 0 13 0 0 0 0 0
1260 13 0 0 0 0 0 0 0 0
1266 4 0 0 2 0 0 0 0 0
1268 3 1 1 2 0 0 1 0 0
1269 3 0 0 2 0 0 0 0 0
1271 3 0 0 1 0 0 0 0 0
1346 13 2 2 0 0 0 9 1 1
1351 1 0 0 0 0 0 0 0 0
1352 1 0 0 0 0 0 1 0 0
1357 1 0 0 0 0 0 1 1 1
1373 3 0 0 2 0 0 1 0 0
1374 4 1 1 2 0 0 0 0 0
1637 10 1 1 0 0 0 3 0 0
1639 2 0 0 0 0 0 0 0 0
1640 3 1 1 0 0 0 1 0 0
1641 2 0 0 1 0 0 1 0 0
1642 3 0 0 2 0 0 1 0 0
1646 2 0 0 0 0 0 1 0 0
1647 2 0 0 1 0 0 0 0 0
1672 3 1 1 1 0 0 0 0 0
1673 5 0 0 1 0 0 1 0 0
1674 3 0 0 2 0 0 0 0 0
1675 3 0 0 3 0 0 0 0 0
1678 1 0 0 0 0 0 1 0 0
1680 1 1 1 0 0 0 1 1 1
1681 1 0 0 0 0 0 1 0 0
1683 2 0 0 1 0 0 0 0 0
1684 2 0 0 0 0 0 1 0 0
1688 2 0 0 1 0 0 0 0 0
1690 2 1 1 0 0 0 0 0 0
1698 4 0 0 2 0 0 0 0 0
1705 2 1 1 1 0 0 1 0 0
1708 2 1 1 1 0 0 0 0 0
1733 4 1 1 1 0 0 1 0 0
1735 1 0 0 0 0 0 1 0 0
1740 2 0 0 1 0 0 0 0 0
1743 4 1 1 2 0 0 1 0 0
1744 4 0 0 1 0 0 1 0 0
1745 3 1 1 2 0 0 1 0 0
1746 1 0 0 0 0 0 1 0 0
1747 1 0 0 1 0 0 0 0 0
1748 1 0 0 1 0 0 0 0 0
1759 2 0 0 1 1 1 0 0 0
1760 2 0 0 1 0 0 0 0 0
1762 2 1 1 1 0 0 0 0 0
1764 1 0 0 0 0 0 1 0 0
1765 3 0 0 1 0 0 1 0 0
1770 5 1 1 0 0 0 0 0 0
1771 5 0 0 1 1 1 0 0 0
1773 3 2 2 2 1 1 1 1 1
1779 2 0 0 1 1 1 0 0 0
1788 2 1 1 1 0 0 0 0 0
1792 1 0 0 0 0 0 0 0 0
1793 2 0 0 1 0 0 0 0 0
1817 2 1 1 0 0 0 2 0 0
1823 1 0 0 0 0 0 1 0 0
1824 1 0 0 0 0 0 1 0 0
1825 1 0 0 0 0 0 0 0 0
1829 3 0 0 1 0 0 1 0 0
1834 3 1 1 2 0 0 0 0 0
1836 1 0 0 0 0 0 0 0 0
1838 2 0 0 1 0 0 0 0 0
1842 5 1 1 2 0 0 1 0 0
1847 2 0 0 1 0 0 0 0 0
1863 6 1 1 0 0 0 1 0 0
1939 4 0 0 2 0 0 0 0 0
1943 19 2 2 1 0 0 0 0 0
1944 1 0 0 0 0 0 0 0 0
1947 3 0 0 0 0 0 1 0 0
1948 1 1 1 1 0 0 0 0 0
1949 2 0 0 0 0 0 0 0 0
1950 2 0 0 0 0 0 0 0 0
1955 3 0 0 1 0 0 0 0 0
1965 9 1 1 2 0 0 1 0 0
1971 39 1 1 1 0 0 0 0 0
1972 22 0 0 19 0 0 0 0 0
1975 3 0 0 2 0 0 1 0 0
1976 2 1 1 0 0 0 0 0 0
1977 1 0 0 0 0 0 1 0 0
1979 34 0 0 1 0 0 0 0 0
1980 16 0 0 8 0 0 0 0 0
1984 2 1 1 0 0 0 0 0 0
1990 1 1 1 0 0 0 1 0 0
1992 3 0 0 1 0 0 1 0 0
1993 2 0 0 0 0 0 0 0 0
1995 2 0 0 0 0 0 1 0 0
1997 3 0 0 0 0 0 0 0 0
1999 3 1 1 1 0 0 0 0 0
2000 1 0 0 1 0 0 0 0 0
2001 2 0 0 0 0 0 0 0 0
2013 2 0 0 0 0 0 0 0 0
2014 2 0 0 1 0 0 1 0 0
2015 3 0 0 1 0 0 0 0 0
2026 5 0 0 1 0 0 1 1 0
2027 4 0 0 0 0 0 1 0 0
2028 5 1 1 0 0 0 1 0 0
2038 2 0 0 1 0 0 1 0 0
2039 2 0 0 1 0 0 0 0 0
2040 4 1 1 0 0 0 2 0 0
2042 2 0 0 0 0 0 0 0 0
2047 3 0 0 1 0 0 0 0 0
2246 3 0 0 1 0 0 1 0 0
2250 3 0 0 1 0 0 2 1 0
2256 2 1 1 1 0 0 1 0 0
2259 2 0 0 1 0 0 0 0 0
2267 2 0 0 2 0 0 0 0 0
2279 3 1 1 1 0 0 0 0 0
2282 3 0 0 1 0 0 1 0 0
2284 3 0 0 1 0 0 0 0 0
2285 6 0 0 1 0 0 1 0 0
2292 2 0 0 2 1 0 0 0 0
2293 36 0 0 3 1 0 1 0 0
2295 18 1 1 18 1 0 0 0 0
2300 18 0 0 18 9 0 0 0 0
2302 20 0 0 0 0 0 0 0 0
2304 1 1 1 0 0 0 1 1 0
2305 1 0 0 1 0 0 0 0 0
2308 9 0 0 9 0 0 0 0 0
2310 18 0 0 0 0 0 0 0 0
2311 64 0 0 16 8 0 8 0 0
2315 22 1 1 11 5 0 0 0 0
2316 6 0 0 0 0 0 2 0 0
2325 2 0 0 1 0 0 0 0 0
2329 4 0 0 2 1 0 0 0 0
2331 1 0 0 1 0 0 0 0 0
2338 4 1 1 1 0 0 1 0 0
2341 2 0 0 1 0 0 0 0 0
2345 3 1 1 2 1 0 0 0 0
2347 2 0 0 1 0 0 0 0 0
2357 1 1 1 0 0 0 1 0 0
2362 3 0 0 1 0 0 1 0 0
2365 1 0 0 0 0 0 1 0 0
2371 1 0 0 1 0 0 0 0 0
2372 5 1 1 2 0 0 1 0 0
2380 3 0 0 1 0 0 1 0 0
2387 1 0 0 0 0 0 1 0 0
2390 3 0 0 0 0 0 1 0 0
2394 3 0 0 0 0 0 1 0 0
2395 1 0 0 0 0 0 1 1 0
2396 1 0 0 0 0 0 1 0 0
2397 1 0 0 0 0 0 0 0 0
2401 1 0 0 0 0 0 1 0 0
2406 8 0 0 7 2 0 0 0 0
2538 1 0 0 1 0 0 0 0 0
2598 1 0 0 0 0 0 1 0 0
2600 2 0 0 0 0 0 0 0 0
2602 15 1 1 0 0 0 3 0 0
2604 2 0 0 0 0 0 0 0 0
2606 107 0 0 21 0 0 0 0 0
2607 19 0 0 0 0 0 0 0 0
2615 13 1 1 2 2 2 0 0 0
2640 2 1 1 1 0 0 0 0 0
2650 4 1 1 2 0 0 0 0 0
2652 2 0 0 0 0 0 1 0 0
2653 1 0 0 0 0 0 0 0 0
2687 5 2 2 2 0 0 0 0 0
2689 2 0 0 0 0 0 1 0 0
2690 2 0 0 0 0 0 1 0 0
2691 1 0 0 0 0 0 0 0 0
2727 5 0 0 1 0 0 0 0 0
2749 3 0 0 1 0 0 0 0 0
fn=handle_preload_list
183 3 0 0 1 0 0 0 0 0
806 1 0 0 0 0 0 1 0 0
810 2 0 0 0 0 0 1 0 0
811 2 0 0 1 0 0 1 0 0
812 1 0 0 0 0 0 1 0 0
814 1 0 0 1 0 0 0 0 0
816 6 1 1 0 0 0 1 0 0
817 3 0 0 1 0 0 0 0 0
825 3 0 0 1 0 0 0 0 0
869 13 2 2 1 1 1 8 1 1
870 3 0 0 0 0 0 0 0 0
874 5 0 0 2 0 0 0 0 0
877 4 1 1 0 0 0 1 0 0
878 3 0 0 0 0 0 0 0 0
880 4 1 1 0 0 0 1 0 0
881 2 0 0 0 0 0 1 0 0
887 1 0 0 0 0 0 0 0 0
889 2 0 0 1 0 0 0 0 0
891 2 1 1 1 0 0 0 0 0
892 1 0 0 0 0 0 0 0 0
895 9 0 0 7 0 0 0 0 0
fn=init_tls
734 4 1 1 0 0 0 3 0 0
736 2 0 0 1 0 0 1 0 0
740 3 0 0 1 1 0 0 0 0
746 2 0 0 0 0 0 1 1 1
749 1 0 0 0 0 0 1 0 0
750 1 0 0 0 0 0 0 0 0
751 1 0 0 0 0 0 0 0 0
755 1 0 0 0 0 0 0 0 0
757 1 0 0 0 0 0 1 0 0
761 2 1 1 1 1 1 0 0 0
762 2 0 0 0 0 0 0 0 0
763 22 0 0 1 0 0 0 0 0
764 9 1 1 9 0 0 0 0 0
765 18 1 1 9 7 0 0 0 0
769 6 0 0 0 0 0 2 0 0
771 2 0 0 0 0 0 0 0 0
773 3 0 0 1 0 0 0 0 0
776 2 0 0 0 0 0 1 0 0
779 1 0 0 0 0 0 1 0 0
786 2 1 1 0 0 0 1 0 0
787 2 0 0 0 0 0 0 0 0
793 2 0 0 1 0 0 1 0 0
797 1 0 0 0 0 0 1 0 0
800 5 0 0 4 0 0 0 0 0
fn=map_doit
641 6 1 1 0 0 0 2 1 1
643 4 0 0 1 0 0 0 0 0
644 6 0 0 2 0 0 2 0 0
646 3 0 0 3 0 0 0 0 0
fn=version_check_doit
674 6 2 2 0 0 0 2 0 0
676 6 0 0 2 0 0 1 0 0
680 3 0 0 3 0 0 0 0 0
fl=./elf/./get-dynamic-info.h
fn=_dl_start
45 75 0 0 19 5 5 0 0 0
49 36 0 0 0 0 0 0 0 0
51 10 0 0 0 0 0 0 0 0
52 5 1 1 0 0 0 0 0 0
54 20 0 0 0 0 0 0 0 0
55 16 0 0 0 0 0 0 0 0
56 5 0 0 0 0 0 0 0 0
59 4 1 1 0 0 0 0 0 0
62 4 1 1 0 0 0 0 0 0
64 4 0 0 0 0 0 0 0 0
68 18 0 0 0 0 0 18 7 7
72 3 0 0 0 0 0 0 0 0
84 4 0 0 2 0 0 0 0 0
85 3 0 0 1 0 0 0 0 0
86 4 1 1 2 0 0 0 0 0
87 4 0 0 2 0 0 0 0 0
88 5 0 0 2 0 0 0 0 0
89 3 1 1 1 0 0 0 0 0
90 4 0 0 2 0 0 0 0 0
91 4 0 0 2 0 0 0 0 0
103 10 2 2 2 0 0 1 0 0
110 3 0 0 1 1 1 0 0 0
123 3 2 2 2 0 0 0 0 0
129 3 0 0 1 0 0 0 0 0
130 3 0 0 2 0 0 0 0 0
133 2 0 0 1 0 0 0 0 0
134 3 0 0 1 0 0 0 0 0
139 5 1 1 2 0 0 0 0 0
142 5 0 0 2 0 0 0 0 0
fn=dl_main
39 4 0 0 2 0 0 0 0 0
43 1 0 0 0 0 0 0 0 0
45 119 0 0 30 8 8 0 0 0
49 58 1 1 0 0 0 0 0 0
51 8 0 0 0 0 0 0 0 0
52 4 0 0 0 0 0 0 0 0
54 17 0 0 0 0 0 0 0 0
55 13 0 0 0 0 0 0 0 0
56 5 1 1 0 0 0 0 0 0
59 4 0 0 0 0 0 0 0 0
62 4 1 1 0 0 0 0 0 0
64 4 0 0 0 0 0 0 0 0
68 29 0 0 0 0 0 29 7 7
72 4 1 1 2 0 0 0 0 0
110 4 1 1 2 0 0 0 0 0
115 2 0 0 1 0 0 0 0 0
122 3 0 0 2 0 0 0 0 0
123 4 1 1 3 0 0 0 0 0
129 3 0 0 1 0 0 0 0 0
147 4 0 0 2 0 0 0 0 0
162 4 1 1 2 1 1 0 0 0
184 3 1 1 2 0 0 0 0 0
fl=./elf/./setup-vdso.h
fn=dl_main
24 2 0 0 1 0 0 0 0 0
fl=./iconv/../iconv/loop.c
fn=__gconv_transform_internal_utf8
230 7795 0 0 0 0 0 0 0 0
231 7795 0 0 0 0 0 7795 0 0
232 7795 0 0 0 0 0 7795 0 0
238 70165 0 0 0 0 0 0 0 0
243 31190 0 0 0 0 0 0 0 0
244 15595 18 1 0 0 0 0 0 0
251 31190 0 0 0 0 0 0 0 0
265 140355 0 0 31190 0 0 46785 32 3
269 15590 20 1 7795 0 0 7795 0 0
270 15595 0 0 15595 0 0 0 0 0
297 23385 0 0 15590 0 0 0 0 0
fn=__gconv_transform_utf8_internal
230 1818 0 0 0 0 0 909 0 0
231 909 0 0 0 0 0 0 0 0
232 909 0 0 0 0 0 0 0 0
238 30234 0 0 0 0 0 0 0 0
251 28430 0 0 0 0 0 0 0 0
252 14215 0 0 0 0 0 0 0 0
257 7 2 0 0 0 0 7 0 0
265 113664 105 1 14208 0 0 14208 170 5
269 1818 123 2 909 0 0 909 0 0
297 5454 69 1 2727 0 0 1818 0 0
fl=./iconv/../iconv/skeleton.c
fn=__gconv_transform_internal_utf8
331 171490 53 2 23385 0 0 101335 35 3
332 15590 0 0 0 0 0 7795 0 0
333 15590 0 0 0 0 0 7795 0 0
334 7795 18 1 0 0 0 7795 0 0
337 23385 0 0 7795 0 0 0 0 0
347 23385 17 1 7795 0 0 0 0 0
443 23385 0 0 15590 0 0 0 0 0
444 7795 0 0 7795 0 0 0 0 0
448 7795 0 0 0 0 0 7795 0 0
449 38975 15 1 7795 0 0 7795 0 0
459 23385 0 0 7795 0 0 0 0 0
462 46770 27 1 15590 0 0 15590 0 0
518 15590 0 0 7795 0 0 0 0 0
525 7795 0 0 7795 0 0 0 0 0
529 15590 0 0 7795 0 0 0 0 0
532 7795 0 0 0 0 0 7795 0 0
536 23385 21 1 23385 0 0 0 0 0
637 15590 0 0 0 0 0 0 0 0
663 93540 51 2 70155 0 0 0 0 0
fn=__gconv_transform_utf8_internal
331 17271 172 2 2727 0 0 8181 94 0
332 1818 0 0 0 0 0 909 6 1
333 1818 0 0 0 0 0 909 15 0
334 909 104 1 0 0 0 909 0 0
337 3636 0 0 909 0 0 909 0 0
347 1818 0 0 0 0 0 0 0 0
443 2727 102 1 909 0 0 0 0 0
444 909 0 0 909 0 0 0 0 0
448 909 0 0 0 0 0 909 0 0
449 4545 0 0 0 0 0 909 0 0
459 2727 0 0 909 0 0 0 0 0
462 5454 105 1 1818 0 0 909 0 0
518 1818 0 0 909 0 0 0 0 0
525 909 0 0 909 0 0 0 0 0
529 1818 0 0 909 0 0 0 0 0
532 1818 101 1 909 0 0 909 0 0
536 1818 0 0 1818 0 0 0 0 0
637 4545 102 1 1818 0 0 0 0 0
663 10908 104 1 9090 0 0 0 0 0
fl=./iconv/../sysdeps/unix/sysv/linux/not-cancel.h
fn=__gconv_load_cache
75 2 1 1 0 0 0 1 0 0
fl=./iconv/./iconv/gconv_builtin.c
fn=__gconv_get_builtin_trans
62 14 1 1 0 0 0 6 0 0
65 4 1 1 0 0 0 0 0 0
66 53 2 2 0 0 0 11 0 0
71 8 1 1 2 2 0 2 0 0
73 4 0 0 0 0 0 2 0 0
75 2 0 0 0 0 0 2 0 0
78 20 0 0 2 0 0 2 0 0
79 2 0 0 2 0 0 0 0 0
80 4 0 0 2 0 0 0 0 0
81 2 0 0 2 0 0 0 0 0
84 2 1 1 0 0 0 2 0 0
85 8 0 0 8 0 0 0 0 0
fl=./iconv/./iconv/gconv_cache.c
fn=__gconv_load_cache
49 9 1 1 1 0 0 4 0 0
56 3 1 1 0 0 0 2 0 0
57 2 0 0 0 0 0 0 0 0
61 5 0 0 0 0 0 1 0 0
62 2 0 0 0 0 0 0 0 0
67 5 1 1 0 0 0 1 0 0
70 3 0 0 1 0 0 0 0 0
78 1 0 0 0 0 0 1 0 0
80 7 0 0 0 0 0 2 1 0
81 2 0 0 0 0 0 0 0 0
113 1 0 0 1 0 0 0 0 0
114 2 0 0 1 1 0 0 0 0
115 4 0 0 2 0 0 0 0 0
116 3 0 0 1 0 0 0 0 0
117 3 0 0 1 0 0 0 0 0
118 2 0 0 0 0 0 0 0 0
119 1 0 0 0 0 0 0 0 0
121 3 1 1 1 0 0 0 0 0
122 3 0 0 1 0 0 0 0 0
139 1 0 0 0 0 0 0 0 0
140 9 0 0 6 0 0 0 0 0
fn=__gconv_lookup_cache
243 28 1 1 2 0 0 18 0 0
253 10 1 1 2 0 0 0 0 0
258 4 0 0 2 0 0 0 0 0
259 2 0 0 0 0 0 0 0 0
260 4 0 0 2 0 0 0 0 0
262 8 0 0 0 0 0 2 0 0
263 18 1 1 6 0 0 4 0 0
266 1 0 0 0 0 0 0 0 0
268 12 1 1 0 0 0 2 0 0
269 14 0 0 6 0 0 0 0 0
272 2 0 0 0 0 0 0 0 0
275 12 1 1 4 0 0 0 0 0
279 6 0 0 0 0 0 0 0 0
354 2 0 0 1 1 1 0 0 0
355 4 1 1 1 0 0 0 0 0
361 8 0 0 0 0 0 4 0 0
362 4 1 1 0 0 0 0 0 0
365 6 0 0 3 0 0 2 0 0
366 5 0 0 2 0 0 3 0 0
371 3 1 1 1 0 0 1 0 0
372 3 0 0 0 0 0 2 0 0
374 1 0 0 0 0 0 1 0 0
375 1 0 0 0 0 0 1 1 1
378 5 0 0 3 0 0 0 0 0
381 1 0 0 0 0 0 0 0 0
382 1 0 0 1 0 0 0 0 0
394 9 1 1 3 0 0 3 0 0
397 4 1 1 2 0 0 1 0 0
401 2 0 0 0 0 0 0 0 0
403 1 0 0 0 0 0 0 0 0
405 6 1 1 0 0 0 2 1 1
406 3 0 0 1 0 0 1 0 0
408 1 0 0 0 0 0 1 0 0
409 1 0 0 0 0 0 1 1 1
412 4 1 1 2 0 0 0 0 0
415 1 0 0 0 0 0 0 0 0
416 1 0 0 1 0 0 0 0 0
430 4 1 1 0 0 0 1 0 0
433 3 0 0 2 0 0 0 0 0
437 24 0 0 18 0 0 0 0 0
fn=find_module_idx
145 40 1 1 0 0 0 32 0 0
154 4 0 0 4 0 0 0 0 0
155 8 0 0 4 0 0 4 0 0
157 4 0 0 4 0 0 0 0 0
159 8 0 0 0 0 0 4 0 0
160 16 0 0 4 0 0 0 0 0
161 20 0 0 0 0 0 0 0 0
163 12 1 1 8 0 0 0 0 0
164 52 1 1 8 4 4 0 0 0
165 24 0 0 0 0 0 0 0 0
166 88 0 0 32 0 0 24 0 0
168 12 1 1 8 1 1 4 0 0
172 4 0 0 0 0 0 0 0 0
173 24 0 0 0 0 0 0 0 0
177 32 0 0 28 0 0 0 0 0
fl=./iconv/./iconv/gconv_conf.c
fn=__gconv_load_conf
527 2 1 1 0 0 0 0 0 0
528 6 1 1 0 0 0 0 0 0
fn=__gconv_read_conf
463 9 1 1 0 0 0 6 0 0
464 4 1 1 3 0 0 1 0 0
468 3 0 0 0 0 0 1 0 0
471 2 0 0 1 0 0 1 0 0
514 11 1 1 9 0 0 0 0 0
fl=./iconv/./iconv/gconv_db.c
fn=__gconv_find_transform
706 34 2 2 2 0 0 14 0 0
712 2 0 0 0 0 0 2 0 0
715 8 0 0 2 1 0 0 0 0
717 12 0 0 0 0 0 2 0 0
718 4 0 0 0 0 0 0 0 0
721 8 1 1 4 0 0 0 0 0
763 22 1 1 18 0 0 0 0 0
fl=./intl/../include/../locale/localeinfo.h
fn=__dcigettext
222 582 94 1 194 61 0 0 0 0
fl=./intl/../intl/l10nflist.c
fn=_nl_normalize_codeset
311 9 2 2 0 0 0 5 0 0
312 1 0 0 0 0 0 0 0 0
313 1 0 0 0 0 0 0 0 0
323 17 0 0 0 0 0 0 0 0
324 23 0 0 11 3 2 0 0 0
326 4 1 1 0 0 0 0 0 0
328 4 0 0 0 0 0 0 0 0
329 10 0 0 0 0 0 0 0 0
332 6 0 0 0 0 0 1 0 0
334 2 0 0 0 0 0 0 0 0
341 15 0 0 0 0 0 0 0 0
342 20 1 1 10 0 0 0 0 0
343 12 0 0 4 2 2 3 0 0
344 8 0 0 0 0 0 0 0 0
345 2 0 0 0 0 0 1 0 0
347 1 0 0 0 0 0 1 0 0
351 6 1 1 6 0 0 0 0 0
fl=./intl/../string/bits/string_fortified.h
fn=__dcigettext
45 388 0 0 97 0 0 194 0 0
fl=./intl/./intl/dcgettext.c
fn=dcgettext
46 194 97 1 0 0 0 0 0 0
47 388 0 0 0 0 0 0 0 0
fl=./intl/./intl/dcigettext.c
fn=__dcigettext
485 1552 194 2 97 0 0 1067 54 0
494 97 0 0 0 0 0 97 2 0
508 291 0 0 0 0 0 0 0 0
512 388 97 1 0 0 0 0 0 0
517 97 0 0 0 0 0 0 0 0
521 388 0 0 194 0 0 97 0 0
525 194 0 0 0 0 0 97 42 0
528 194 0 0 0 0 0 97 0 0
534 194 68 1 97 53 0 0 0 0
544 97 0 0 0 0 0 97 0 0
545 97 0 0 0 0 0 97 0 0
546 97 0 0 0 0 0 97 0 0
547 194 0 0 97 0 0 97 0 0
551 291 0 0 0 0 0 194 0 0
560 97 0 0 0 0 0 97 0 0
567 194 0 0 0 0 0 97 0 0
569 582 65 1 0 0 0 194 0 0
571 194 0 0 0 0 0 97 0 0
573 194 0 0 0 0 0 0 0 0
601 485 97 1 194 54 0 0 0 0
616 291 97 1 0 0 0 97 0 0
650 291 94 1 0 0 0 194 0 0
651 1940 192 2 194 0 0 194 0 0
655 582 94 1 0 0 0 194 0 0
660 1746 97 1 97 0 0 97 0 0
669 291 0 0 97 0 0 0 0 0
671 194 0 0 0 0 0 0 0 0
682 194 94 1 0 0 0 0 0 0
683 485 95 1 97 0 0 0 0 0
684 291 0 0 0 0 0 97 0 0
685 97 0 0 0 0 0 97 0 0
689 388 0 0 194 109 0 0 0 0
696 194 0 0 97 0 0 0 0 0
697 485 194 2 97 0 0 0 0 0
832 97 0 0 0 0 0 0 0 0
834 194 94 1 97 0 0 97 28 0
836 194 0 0 0 0 0 97 0 0
838 194 0 0 0 0 0 97 0 0
853 291 0 0 194 0 0 97 0 0
857 291 94 1 97 0 0 0 0 0
858 1164 0 0 873 0 0 0 0 0
1536 194 0 0 0 0 0 97 0 0
1569 679 95 1 194 54 0 0 0 0
1570 97 0 0 0 0 0 0 0 0
fl=./intl/./intl/hash-string.c
fn=__hash_string
32 4 1 1 0 0 0 0 0 0
37 4 0 0 0 0 0 0 0 0
38 114 1 1 38 1 1 0 0 0
40 30 0 0 0 0 0 0 0 0
41 60 0 0 0 0 0 0 0 0
43 90 0 0 0 0 0 0 0 0
45 12 0 0 0 0 0 0 0 0
46 6 0 0 0 0 0 0 0 0
fl=./io/../sysdeps/posix/isatty.c
fn=isatty
24 952 135 1 136 0 0 272 0 0
27 544 0 0 0 0 0 136 0 0
28 816 0 0 544 0 0 0 0 0
fl=./io/../sysdeps/unix/sysv/linux/access.c
fn=access
25 1 0 0 0 0 0 0 0 0
27 7 0 0 0 0 0 1 0 0
31 1 0 0 1 0 0 0 0 0
fl=./io/../sysdeps/unix/sysv/linux/close.c
fn=close
26 133 133 2 0 0 0 0 0 0
27 798 133 2 133 0 0 0 0 0
28 133 0 0 133 0 0 0 0 0
fl=./io/../sysdeps/unix/sysv/linux/close_nocancel.c
fn=__GI___close_nocancel
25 8 1 1 0 0 0 0 0 0
26 32 0 0 0 0 0 0 0 0
27 8 0 0 8 0 0 0 0 0
fn=__close_nocancel
25 31 30 1 0 0 0 0 0 0
26 124 0 0 0 0 0 0 0 0
27 31 0 0 31 0 0 0 0 0
fl=./io/../sysdeps/unix/sysv/linux/fcntl64.c
fn=fcntl
38 48 5 1 6 0 0 18 0 0
42 30 5 1 0 0 0 18 1 0
48 24 0 0 0 0 0 0 0 0
51 6 0 0 0 0 0 6 0 0
52 30 0 0 24 0 0 0 0 0
fl=./io/../sysdeps/unix/sysv/linux/fcntl_nocancel.c
fn=__fcntl64_nocancel_adjusted
51 42 5 1 6 0 0 12 0 0
52 12 0 0 0 0 0 0 0 0
63 24 0 0 0 0 0 0 0 0
64 30 0 0 24 0 0 0 0 0
fl=./io/../sysdeps/unix/sysv/linux/fstat64.c
fn=fstat
30 40 31 2 0 0 0 0 0 0
39 160 1 1 0 0 0 0 0 0
72 40 0 0 40 0 0 0 0 0
fl=./io/../sysdeps/unix/sysv/linux/fstatat64.c
fn=fstatat
91 8 0 0 0 0 0 0 0 0
146 8 0 0 0 0 0 0 0 0
160 4 1 1 0 0 0 2 0 0
161 14 0 0 2 0 0 0 0 0
162 2 0 0 2 0 0 0 0 0
fl=./io/../sysdeps/unix/sysv/linux/getcwd.c
fn=getcwd
49 14 2 2 1 0 0 8 0 0
55 2 0 0 0 0 0 0 0 0
66 2 0 0 0 0 0 0 0 0
76 1 1 1 0 0 0 1 0 0
80 5 1 1 1 0 0 0 0 0
81 5 1 1 2 0 0 0 0 0
84 3 1 1 1 0 0 0 0 0
88 4 0 0 1 0 0 1 0 0
131 12 1 1 10 0 0 0 0 0
fl=./io/../sysdeps/unix/sysv/linux/lseek64.c
fn=lseek
28 263 135 1 0 0 0 0 0 0
40 1064 3 1 3 0 0 3 0 0
42 263 0 0 263 0 0 0 0 0
fl=./io/../sysdeps/unix/sysv/linux/open64.c
fn=open
30 1668 278 2 139 0 0 695 0 0
33 973 0 0 0 0 0 0 0 0
41 1276 141 3 144 1 0 5 0 0
43 1112 0 0 834 0 0 0 0 0
fl=./io/../sysdeps/unix/sysv/linux/open64_nocancel.c
fn=__open_nocancel
28 328 30 2 30 0 0 134 4 3
31 364 0 0 0 0 0 0 0 0
39 411 31 3 1 0 0 15 0 0
41 194 0 0 164 0 0 0 0 0
fl=./io/../sysdeps/unix/sysv/linux/pread64_nocancel.c
fn=__pread64_nocancel
25 4 0 0 0 0 0 0 0 0
26 8 0 0 0 0 0 0 0 0
27 2 0 0 2 0 0 0 0 0
fl=./io/../sysdeps/unix/sysv/linux/read.c
fn=read
25 266 135 1 0 0 0 0 0 0
26 1596 0 0 266 0 0 0 0 0
27 266 0 0 266 0 0 0 0 0
fl=./io/../sysdeps/unix/sysv/linux/read_nocancel.c
fn=__read_nocancel
25 9 2 2 0 0 0 0 0 0
26 36 0 0 0 0 0 0 0 0
27 9 1 1 9 0 0 0 0 0
fl=./io/../sysdeps/unix/sysv/linux/readlink.c
fn=readlink
28 3 1 1 0 0 0 0 0 0
30 20 0 0 2 0 0 2 0 0
34 3 0 0 3 0 0 0 0 0
fl=./io/../sysdeps/unix/sysv/linux/stat64.c
fn=stat
28 8 0 0 0 0 0 0 0 0
29 16 0 0 0 0 0 0 0 0
fl=./io/../sysdeps/unix/sysv/linux/write.c
fn=write
25 1 1 1 0 0 0 0 0 0
26 6 1 1 1 0 0 0 0 0
27 1 0 0 1 0 0 0 0 0
fl=./libio/../include/printf_buffer.h
fn=__vsprintf_internal
124 1 1 1 0 0 0 1 0 0
126 1 0 0 0 0 0 1 0 0
127 1 0 0 0 0 0 1 0 0
128 1 0 0 0 0 0 1 0 0
fn=vsnprintf
124 6 0 0 0 0 0 2 0 0
127 2 0 0 0 0 0 2 0 0
128 2 0 0 0 0 0 2 0 0
137 4 1 1 0 0 0 2 0 0
fl=./libio/../libio/libioP.h
fn=_IO_seekoff_unlocked
1025 6 0 0 0 0 0 0 0 0
1026 4 0 0 0 0 0 0 0 0
fn=ftello
979 4 1 1 0 0 0 0 0 0
fl=./libio/../string/bits/string_fortified.h
fn=_IO_file_xsgetn
29 42 0 0 0 0 0 14 0 0
fn=_IO_getline_info
29 40 0 0 0 0 0 16 0 0
fl=./libio/./libio/filedoalloc.c
fn=_IO_file_doallocate
78 33 3 1 3 0 0 15 0 0
84 27 0 0 9 3 0 3 1 0
86 12 0 0 3 1 0 0 0 0
97 12 3 1 3 0 0 0 0 0
101 9 0 0 0 0 0 3 0 0
102 6 0 0 0 0 0 0 0 0
104 12 0 0 0 0 0 3 0 0
105 3 0 0 0 0 0 0 0 0
106 27 3 1 21 0 0 0 0 0
fl=./libio/./libio/fileno.c
fn=fileno
32 39 34 2 0 0 0 0 0 0
35 195 0 0 78 69 3 0 0 0
42 39 0 0 39 0 0 0 0 0
fl=./libio/./libio/fileops.c
fn=_IO_file_close
1165 3 3 1 0 0 0 0 0 0
1168 6 0 0 3 0 0 0 0 0
fn=_IO_file_close_it@@GLIBC_2.2.5
128 21 6 2 0 0 0 12 0 0
130 9 0 0 3 0 0 0 0 0
133 6 0 0 0 0 0 0 0 0
134 9 0 0 3 0 0 0 0 0
137 3 0 0 0 0 0 0 0 0
139 6 0 0 0 0 0 3 0 0
142 21 0 0 9 0 0 3 0 0
145 9 0 0 3 0 0 0 0 0
153 15 3 1 0 0 0 3 0 0
154 12 3 1 0 0 0 9 0 0
157 6 0 0 0 0 0 3 0 0
158 3 0 0 0 0 0 3 0 0
159 3 0 0 0 0 0 3 0 0
160 3 0 0 0 0 0 3 0 0
162 6 0 0 0 0 0 0 0 0
163 21 0 0 15 0 0 0 0 0
fn=_IO_file_finish@@GLIBC_2.2.5
168 18 3 1 0 0 0 9 0 0
169 6 0 0 3 0 0 0 0 0
175 9 3 1 0 0 0 0 0 0
176 9 0 0 9 0 0 0 0 0
fn=_IO_file_fopen@@GLIBC_2.2.5
213 84 12 2 7 0 0 49 0 0
214 7 5 1 0 0 0 0 0 0
222 14 0 0 7 0 0 0 0 0
223 4 1 0 0 0 0 0 0 0
224 42 0 0 7 2 2 0 0 0
227 7 0 0 0 0 0 0 0 0
228 14 0 0 0 0 0 0 0 0
247 184 13 6 21 4 2 0 0 0
268 1 1 0 1 0 0 0 0 0
269 1 0 0 0 0 0 0 0 0
271 1 0 0 0 0 0 0 0 0
272 4 1 1 1 0 0 0 0 0
273 5 5 0 0 0 0 0 0 0
281 35 2 1 0 0 0 7 0 0
284 14 0 0 0 0 0 0 0 0
287 12 3 1 0 0 0 3 0 0
288 6 0 0 0 0 0 0 0 0
357 84 3 1 63 0 0 0 0 0
fn=_IO_file_open
182 84 7 1 0 0 0 28 0 0
184 14 0 0 7 0 0 0 0 0
185 10 0 0 0 0 0 1 0 0
188 12 0 0 0 0 0 6 0 0
189 14 0 0 0 0 0 0 0 0
190 8 0 0 0 0 0 0 0 0
191 3 0 0 0 0 0 3 0 0
192 18 0 0 3 0 0 3 0 0
195 9 3 1 0 0 0 0 0 0
205 6 3 1 0 0 0 3 0 0
206 3 0 0 0 0 0 0 0 0
207 42 4 0 35 0 0 0 0 0
fn=_IO_file_read
1131 6 3 1 0 0 0 0 0 0
1133 8 0 0 6 0 0 0 0 0
1134 16 0 0 6 0 0 0 0 0
fn=_IO_file_seek
1140 1 0 0 0 0 0 0 0 0
1141 2 0 0 1 0 0 0 0 0
fn=_IO_file_seekoff@@GLIBC_2.2.5
847 2 1 1 1 0 0 0 0 0
849 5 0 0 4 0 0 0 0 0
851 2 0 0 1 0 0 0 0 0
856 4 0 0 0 0 0 0 0 0
866 2 0 0 0 0 0 0 0 0
867 3 0 0 2 0 0 0 0 0
880 3 2 2 1 0 0 0 0 0
890 2 1 1 0 0 0 0 0 0
901 26 1 1 2 0 0 14 0 0
909 5 0 0 0 0 0 0 0 0
915 4 1 1 2 0 0 0 0 0
918 4 0 0 1 0 0 0 0 0
930 2 0 0 1 0 0 0 0 0
943 2 0 0 0 0 0 0 0 0
947 3 1 1 2 0 0 0 0 0
949 3 0 0 1 0 0 0 0 0
1035 2 0 0 0 0 0 1 0 0
1036 5 0 0 2 0 0 1 0 0
1037 2 0 0 0 0 0 0 0 0
1039 2 0 0 2 0 0 0 0 0
1040 1 0 0 0 0 0 1 0 0
1041 4 1 1 0 0 0 3 0 0
1055 22 0 0 18 0 0 0 0 0
fn=_IO_file_stat
1147 3 3 1 0 0 0 0 0 0
1148 6 0 0 3 0 0 0 0 0
fn=_IO_file_sync@@GLIBC_2.2.5
793 14 2 2 0 0 0 6 0 0
798 8 0 0 4 1 1 0 0 0
800 2 0 0 2 0 0 0 0 0
801 4 1 1 2 0 0 0 0 0
812 4 1 1 0 0 0 2 0 0
816 10 0 0 8 0 0 0 0 0
fn=_IO_file_underflow@@GLIBC_2.2.5
462 40 4 2 0 0 0 24 1 1
466 12 0 0 4 0 0 0 0 0
469 8 0 0 0 0 0 0 0 0
475 12 0 0 8 0 0 0 0 0
478 8 0 0 4 0 0 0 0 0
481 3 1 1 1 0 0 0 0 0
486 2 0 0 0 0 0 1 0 0
490 10 0 0 1 0 0 0 0 0
506 8 0 0 0 0 0 4 0 0
512 24 2 1 4 0 0 12 0 0
517 20 2 1 12 0 0 4 0 0
519 8 0 0 0 0 0 0 0 0
526 4 0 0 4 0 0 0 0 0
535 12 0 0 4 0 0 0 0 0
536 2 0 0 0 0 0 1 0 0
537 8 0 0 8 0 0 0 0 0
538 32 0 0 28 0 0 0 0 0
fn=_IO_file_xsgetn
1273 180 2 1 0 0 0 105 0 0
1280 30 0 0 15 0 0 0 0 0
1283 6 2 1 2 0 0 0 0 0
1288 6 0 0 0 0 0 2 0 0
1291 105 2 1 29 0 0 0 0 0
1293 54 0 0 36 0 0 0 0 0
1294 36 0 0 0 0 0 0 0 0
1297 14 0 0 14 0 0 0 0 0
1302 8 0 0 0 0 0 0 0 0
1310 8 0 0 4 0 0 0 0 0
1319 12 0 0 4 0 0 0 0 0
1320 16 2 1 4 0 0 0 0 0
1322 8 1 1 0 0 0 2 0 0
1330 6 0 0 0 0 0 6 0 0
1331 6 0 0 0 0 0 6 0 0
1338 4 0 0 0 0 0 0 0 0
1339 12 0 0 0 0 0 0 0 0
1342 8 0 0 4 0 0 2 0 0
1343 4 0 0 0 0 0 0 0 0
1346 7 1 1 1 0 0 1 0 0
1353 1 0 0 0 0 0 0 0 0
1354 1 0 0 0 0 0 0 0 0
1355 3 1 1 1 0 0 0 0 0
1360 2 0 0 1 0 0 0 0 0
1361 120 1 0 105 0 0 0 0 0
fn=_IO_new_file_init_internal
106 42 4 1 0 0 0 14 0 0
110 7 4 1 0 0 0 7 0 0
111 7 0 0 7 0 0 0 0 0
113 7 0 0 0 0 0 7 0 0
114 7 0 0 0 0 0 7 0 0
115 21 0 0 21 0 0 0 0 0
fl=./libio/./libio/fseek.c
fn=fseek
32 11 1 1 0 0 0 5 0 0
35 2 0 0 1 0 0 0 0 0
36 9 2 2 0 0 0 1 0 0
39 7 1 1 6 0 0 0 0 0
fl=./libio/./libio/ftello.c
fn=ftello
38 7 1 1 0 0 0 3 0 0
41 2 0 0 1 0 0 0 0 0
42 5 1 1 0 0 0 1 0 0
43 3 1 1 1 0 0 0 0 0
49 2 0 0 0 0 0 0 0 0
61 5 0 0 4 0 0 0 0 0
fl=./libio/./libio/genops.c
fn=_IO_cleanup
776 6 1 1 0 0 0 3 0 0
777 10 1 1 5 0 0 2 0 0
780 13 1 1 4 0 0 0 0 0
784 3 0 0 0 0 0 3 0 0
785 36 2 2 15 0 0 6 0 0
792 7 0 0 0 0 0 0 0 0
794 6 1 1 2 0 0 0 0 0
814 3 2 2 0 0 0 3 0 0
816 29 1 1 6 0 0 6 0 0
817 3 1 1 0 0 0 3 0 0
821 7 1 1 2 0 0 2 0 0
822 2 0 0 0 0 0 1 0 0
842 12 1 1 1 0 0 7 0 0
843 2 0 0 0 0 0 1 0 0
855 12 0 0 9 0 0 0 0 0
fn=_IO_default_finish
54 6 0 0 3 0 0 0 0 0
601 18 3 1 0 0 0 6 0 0
603 9 0 0 3 0 0 0 0 0
609 9 2 1 3 0 0 0 0 0
612 9 0 0 3 0 0 0 0 0
624 9 3 1 9 0 0 0 0 0
fn=_IO_default_uflow
361 12 1 1 0 0 0 6 0 0
362 6 0 0 4 0 0 2 0 0
363 4 0 0 0 0 0 0 0 0
365 8 1 1 4 0 0 2 0 0
366 8 0 0 8 0 0 0 0 0
fn=_IO_doallocbuf
343 24 6 2 0 0 0 12 0 0
344 6 0 0 3 0 0 0 0 0
346 9 0 0 3 0 0 0 0 0
347 15 3 1 6 3 0 3 1 0
350 18 0 0 15 0 0 0 0 0
fn=_IO_flush_all
686 12 2 2 1 0 0 7 0 0
687 3 1 1 0 0 0 0 0 0
691 6 0 0 0 0 0 3 0 0
692 9 2 2 4 1 1 2 0 0
695 12 0 0 4 1 1 0 0 0
697 3 1 1 0 0 0 3 0 0
698 36 2 2 15 2 2 6 0 0
700 21 1 1 9 2 2 0 0 0
708 33 1 1 12 0 0 6 0 0
709 3 0 0 0 0 0 3 0 0
713 7 1 1 2 0 0 2 0 0
714 2 0 0 0 0 0 1 0 0
718 12 0 0 9 0 0 0 0 0
fn=_IO_link_in
87 70 7 1 0 0 0 40 0 0
88 50 7 1 20 0 0 10 0 0
90 14 0 0 0 0 0 7 0 0
92 49 7 1 0 0 0 21 0 0
93 63 6 1 21 2 0 14 0 0
94 7 0 0 0 0 0 7 0 0
95 63 7 1 28 0 0 14 0 0
97 14 0 0 7 4 0 7 0 0
98 7 6 1 0 0 0 7 0 0
100 35 0 0 7 0 0 14 0 0
101 7 0 0 0 0 0 7 0 0
102 42 0 0 7 0 0 14 0 0
103 14 12 2 0 0 0 7 0 0
106 97 0 0 70 0 0 0 0 0
fn=_IO_no_init
563 77 4 1 0 0 0 35 0 0
564 7 0 0 0 0 0 7 0 0
565 7 0 0 0 0 0 7 1 0
566 14 0 0 0 0 0 0 0 0
568 7 0 0 0 0 0 7 0 0
572 42 0 0 0 0 0 35 2 0
579 7 7 1 0 0 0 7 3 0
581 7 0 0 0 0 0 7 3 0
587 7 0 0 0 0 0 7 0 0
588 42 0 0 42 0 0 0 0 0
fn=_IO_old_init
531 7 7 1 0 0 0 0 0 0
532 14 0 0 0 0 0 7 0 0
534 42 0 0 7 4 1 7 0 0
539 49 0 0 0 0 0 42 1 0
544 7 0 0 0 0 0 7 3 0
550 14 7 1 0 0 0 7 0 0
555 21 0 0 7 0 0 0 0 0
556 14 0 0 0 0 0 14 4 0
558 7 0 0 7 0 0 0 0 0
fn=_IO_setb
329 66 3 1 0 0 0 30 0 0
330 30 0 0 12 0 0 0 0 0
331 3 0 0 0 0 0 3 0 0
332 6 0 0 0 0 0 6 0 0
333 6 0 0 0 0 0 6 0 0
335 42 0 0 3 0 0 6 0 0
338 36 0 0 36 0 0 0 0 0
fn=_IO_sgetn
409 75 2 1 0 0 0 30 0 0
411 45 0 0 30 2 0 0 0 0
412 30 0 0 30 0 0 0 0 0
fn=_IO_sputbackc
635 672 1 1 0 0 0 288 0 0
638 288 0 0 192 0 0 0 0 0
639 192 0 0 96 0 0 0 0 0
641 192 1 1 0 0 0 96 0 0
642 96 0 0 0 0 0 0 0 0
647 96 0 0 0 0 0 0 0 0
648 96 0 0 96 0 0 0 0 0
651 480 0 0 384 0 0 0 0 0
fn=_IO_switch_to_get_mode
164 24 2 1 0 0 0 12 0 0
165 12 2 1 8 0 0 0 0 0
168 12 2 1 4 0 0 0 0 0
172 8 0 0 4 0 0 4 0 0
173 8 0 0 4 0 0 0 0 0
176 4 0 0 0 0 0 4 0 0
178 8 0 0 0 0 0 8 0 0
180 8 0 0 0 0 0 4 0 0
181 4 0 0 0 0 0 0 0 0
182 16 0 0 16 0 0 0 0 0
fn=_IO_un_link
53 10 0 0 0 0 0 0 0 0
54 20 0 0 10 0 0 0 0 0
82 10 0 0 3 0 0 0 0 0
fn=_IO_unsave_markers
937 24 3 1 0 0 0 8 0 0
939 8 0 0 4 0 0 0 0 0
944 12 3 1 4 0 0 0 0 0
946 12 0 0 12 0 0 0 0 0
fn=__GI__IO_un_link.part.0
52 70 7 1 7 0 0 35 0 0
58 42 7 1 0 0 0 21 0 0
59 70 4 1 21 0 0 14 0 0
60 7 0 0 0 0 0 7 0 0
61 82 16 3 25 0 0 12 0 0
63 22 5 3 7 0 0 0 0 0
65 14 7 1 0 0 0 0 0 0
66 21 4 1 7 0 0 7 0 0
74 14 5 1 0 0 0 7 0 0
76 62 0 0 12 0 0 12 0 0
77 7 0 0 0 0 0 7 0 0
78 44 0 0 7 0 0 14 0 0
79 14 1 0 0 0 0 7 0 0
82 63 0 0 49 0 0 0 0 0
fn=__uflow
173 2 0 0 2 0 0 0 0 0
299 12 1 1 0 0 0 6 1 0
300 10 2 2 2 0 0 0 0 0
305 6 0 0 2 0 0 0 0 0
308 6 0 0 2 0 0 0 0 0
310 4 0 0 0 0 0 0 0 0
316 4 0 0 2 0 0 0 0 0
321 6 0 0 2 0 0 0 0 0
323 8 1 1 4 1 0 0 0 0
324 6 0 0 6 0 0 0 0 0
fn=__underflow
173 2 0 0 2 0 0 0 0 0
269 12 1 1 0 0 0 6 0 0
270 9 0 0 2 0 0 1 0 0
275 6 0 0 2 0 0 0 0 0
278 6 1 1 2 0 0 0 0 0
280 4 0 0 0 0 0 0 0 0
286 4 0 0 2 0 0 0 0 0
291 6 1 1 2 0 0 0 0 0
293 8 0 0 4 0 0 0 0 0
294 6 0 0 6 0 0 0 0 0
fl=./libio/./libio/iofclose.c
fn=fclose@@GLIBC_2.2.5
34 24 6 2 0 0 0 12 0 0
48 9 0 0 3 0 0 0 0 0
49 3 3 1 0 0 0 3 0 0
51 29 4 2 11 0 0 4 0 0
52 6 1 0 0 0 0 0 0 0
53 9 3 1 0 0 0 3 0 0
57 12 0 0 6 0 0 3 0 0
58 9 0 0 3 0 0 0 0 0
71 6 0 0 3 0 0 0 0 0
76 21 0 0 15 0 0 0 0 0
fl=./libio/./libio/iofflush.c
fn=fflush
32 12 1 1 0 0 0 6 0 0
33 4 0 0 0 0 0 0 0 0
39 24 2 2 10 4 4 4 0 0
40 10 0 0 4 2 2 2 0 0
44 10 0 0 8 0 0 0 0 0
fl=./libio/./libio/iofgets.c
fn=fgets
32 56 1 1 0 0 0 40 0 0
37 32 0 0 0 0 0 0 0 0
39 16 0 0 0 0 0 0 0 0
47 112 2 2 40 0 0 16 0 0
51 16 1 1 0 0 0 0 0 0
52 16 0 0 0 0 0 8 0 0
53 56 0 0 0 0 0 8 0 0
56 40 1 1 8 0 0 0 0 0
57 8 0 0 0 0 0 0 0 0
60 8 0 0 0 0 0 8 0 0
61 8 0 0 0 0 0 0 0 0
63 24 0 0 8 0 0 8 0 0
66 56 0 0 48 0 0 0 0 0
fl=./libio/./libio/iofopen.c
fn=fopen@@GLIBC_2.2.5
37 6 0 0 3 0 0 0 0 0
65 14 0 0 0 0 0 7 0 0
67 21 0 0 0 0 0 0 0 0
68 4 0 0 0 0 0 0 0 0
70 14 0 0 0 0 0 7 5 0
72 49 6 1 0 0 0 7 0 0
73 14 0 0 0 0 0 7 0 0
74 14 0 0 0 0 0 7 0 0
75 49 4 1 0 0 0 7 0 0
78 8 2 0 0 0 0 4 0 0
79 8 0 0 0 0 0 4 0 0
85 63 4 1 0 0 0 35 0 0
87 49 3 1 42 0 0 0 0 0
fl=./libio/./libio/iofread.c
fn=fread
31 9 1 1 0 0 0 6 0 0
32 2 0 0 0 0 0 0 0 0
35 6 1 1 0 0 0 0 0 0
37 14 2 2 6 0 0 3 0 0
38 4 0 0 0 0 0 1 0 0
40 5 0 0 0 0 0 0 0 0
41 9 1 1 7 0 0 0 0 0
fl=./libio/./libio/iofread_u.c
fn=fread_unlocked
34 98 1 1 0 0 0 56 0 0
35 28 0 0 0 0 0 0 0 0
38 28 0 0 0 0 0 0 0 0
40 56 0 0 0 0 0 14 0 0
41 42 0 0 0 0 0 0 0 0
42 126 2 2 70 0 0 0 0 0
fl=./libio/./libio/iogetline.c
fn=_IO_getline
33 8 1 1 0 0 0 0 0 0
34 16 0 0 0 0 0 0 0 0
fn=_IO_getline_info
49 120 2 2 0 0 0 80 0 0
51 16 0 0 0 0 0 0 0 0
53 24 0 0 8 0 0 0 0 0
55 32 1 1 8 0 0 0 0 0
57 24 1 1 16 0 0 0 0 0
58 16 0 0 0 0 0 0 0 0
83 24 0 0 0 0 0 0 0 0
85 32 0 0 8 0 0 8 0 0
86 16 0 0 0 0 0 0 0 0
88 24 1 1 8 0 0 0 0 0
89 16 0 0 0 0 0 0 0 0
90 24 0 0 8 0 0 0 0 0
92 8 0 0 0 0 0 0 0 0
94 16 1 1 0 0 0 0 0 0
97 16 0 0 8 0 0 8 0 0
98 8 0 0 0 0 0 0 0 0
107 64 0 0 56 0 0 0 0 0
fl=./libio/./libio/ioseekoff.c
fn=_IO_seekoff_unlocked
33 14 2 2 0 0 0 6 0 0
34 4 0 0 0 0 0 0 0 0
43 9 1 1 2 0 0 0 0 0
59 8 1 1 4 0 0 0 0 0
60 8 0 0 6 0 0 0 0 0
fl=./libio/./libio/iovsprintf.c
fn=__vsprintf_internal
37 14 2 2 1 0 0 3 0 0
45 2 0 0 0 0 0 0 0 0
62 3 1 1 0 0 0 1 0 0
68 3 0 0 1 0 0 1 0 0
70 2 0 0 0 0 0 1 0 0
71 6 0 0 5 0 0 0 0 0
fl=./libio/./libio/libioP.h
fn=_IO_cleanup
1025 1 1 1 0 0 0 0 0 0
fn=_IO_default_uflow
1025 6 0 0 0 0 0 0 0 0
1026 4 0 0 0 0 0 0 0 0
fn=_IO_doallocbuf
1025 9 0 0 0 0 0 0 0 0
1026 6 0 0 0 0 0 0 0 0
fn=_IO_file_close_it@@GLIBC_2.2.5
1025 9 3 1 0 0 0 0 0 0
1026 6 0 0 0 0 0 0 0 0
fn=_IO_file_doallocate
1025 9 3 1 0 0 0 0 0 0
1026 6 0 0 0 0 0 0 0 0
fn=_IO_file_seekoff@@GLIBC_2.2.5
1025 4 2 2 0 0 0 0 0 0
1026 2 0 0 0 0 0 0 0 0
fn=_IO_file_underflow@@GLIBC_2.2.5
1025 16 2 1 0 0 0 0 0 0
1026 8 0 0 0 0 0 0 0 0
fn=_IO_file_xsgetn
1025 19 1 1 0 0 0 0 0 0
1026 4 0 0 0 0 0 0 0 0
fn=_IO_flush_all
1025 2 0 0 0 0 0 0 0 0
fn=_IO_sgetn
1025 45 2 1 0 0 0 0 0 0
1026 30 0 0 0 0 0 0 0 0
fn=__uflow
1025 6 0 0 0 0 0 0 0 0
1026 4 0 0 0 0 0 0 0 0
fn=__underflow
1025 6 0 0 0 0 0 0 0 0
1026 4 0 0 0 0 0 0 0 0
fn=fclose@@GLIBC_2.2.5
951 12 0 0 6 4 0 0 0 0
952 12 0 0 3 2 0 0 0 0
958 6 0 0 0 0 0 3 0 0
979 12 0 0 3 0 0 0 0 0
980 27 0 0 9 0 0 6 0 0
1025 9 0 0 0 0 0 0 0 0
1026 6 3 1 0 0 0 0 0 0
fn=fflush
979 4 0 0 2 0 0 0 0 0
980 16 0 0 6 0 0 4 0 0
1025 6 1 1 0 0 0 0 0 0
1026 4 0 0 0 0 0 0 0 0
fn=fgets
979 24 0 0 0 0 0 0 0 0
980 64 1 1 24 0 0 16 0 0
fn=fread
979 2 1 1 1 0 0 0 0 0
980 9 0 0 3 0 0 2 0 0
fn=fseek
979 2 0 0 1 0 0 0 0 0
fl=./libio/./libio/vsnprintf.c
fn=vsnprintf
63 4 0 0 0 0 0 0 0 0
66 2 0 0 0 0 0 2 1 1
75 6 1 1 4 0 0 0 0 0
76 2 0 0 0 0 0 2 0 0
87 4 0 0 0 0 0 2 0 0
96 8 0 0 0 0 0 2 0 0
102 22 1 1 2 0 0 6 0 0
104 12 0 0 10 0 0 0 0 0
fl=./libio/./libio/vtables.c
fn=check_stdfiles_vtables
545 1 1 1 0 0 0 0 0 0
546 4 0 0 2 2 0 0 0 0
547 3 1 1 2 1 0 0 0 0
548 3 0 0 2 1 0 0 0 0
550 1 0 0 1 0 0 0 0 0
fl=./locale/../string/bits/string_fortified.h
fn=_nl_intern_locale_data
59 11 0 0 0 0 0 3 0 0
fn=_nl_load_locale_from_archive
29 3 0 0 1 0 0 1 0 0
fl=./locale/../sysdeps/unix/sysv/linux/not-cancel.h
fn=_nl_load_locale_from_archive
75 2 0 0 0 0 0 1 0 0
fl=./locale/./locale/findlocale.c
fn=_nl_find_locale
65 16 0 0 2 0 0 0 0 0
74 6 0 0 0 0 0 2 0 0
77 4 2 1 0 0 0 0 0 0
81 14 0 0 0 0 0 2 0 0
84 4 0 0 0 0 0 0 0 0
86 2 0 0 0 0 0 0 0 0
87 8 1 1 4 0 0 0 0 0
95 12 0 0 0 0 0 2 0 0
103 51 2 1 3 0 0 24 0 0
106 6 0 0 3 0 0 3 0 0
114 6 2 1 3 0 0 0 0 0
118 8 2 2 0 0 0 4 0 0
120 6 0 0 0 0 0 4 0 0
122 8 1 1 0 0 0 4 0 0
131 15 0 0 0 0 0 3 0 0
132 10 0 0 0 0 0 2 0 0
136 1 0 0 0 0 0 1 0 0
137 3 1 1 1 1 0 0 0 0
145 4 0 0 2 0 0 2 0 0
149 4 0 0 0 0 0 0 0 0
152 6 0 0 0 0 0 2 0 0
153 4 1 1 0 0 0 0 0 0
282 4 2 1 0 0 0 0 0 0
324 33 0 0 27 0 0 0 0 0
fl=./locale/./locale/hashval.h
fn=_nl_load_locale_from_archive
35 1 0 0 0 0 0 0 0 0
36 35 1 1 0 0 0 0 0 0
38 10 0 0 0 0 0 0 0 0
39 20 0 0 10 0 0 0 0 0
41 2 0 0 0 0 0 0 0 0
fl=./locale/./locale/lc-ctype.c
fn=_nl_postload_ctype
33 3 1 1 0 0 0 0 0 0
38 3 0 0 3 0 0 0 0 0
56 3 0 0 0 0 0 3 1 0
57 6 1 1 3 0 0 0 0 0
58 3 0 0 0 0 0 3 0 0
59 6 0 0 3 0 0 0 0 0
60 3 0 0 0 0 0 3 0 0
61 6 0 0 3 0 0 0 0 0
65 12 0 0 6 1 0 0 0 0
67 6 1 1 3 0 0 3 0 0
69 6 1 1 3 0 0 3 0 0
71 9 0 0 3 0 0 3 0 0
105 18 1 1 12 0 0 3 1 0
106 12 0 0 6 0 0 3 0 0
107 12 0 0 6 0 0 3 0 0
108 9 0 0 6 2 0 3 0 0
109 9 0 0 6 2 0 3 0 0
110 9 0 0 6 1 0 3 0 0
112 3 0 0 3 0 0 0 0 0
fl=./locale/./locale/loadarchive.c
fn=_nl_load_locale_from_archive
118 1 0 0 1 0 0 0 0 0
119 3 1 1 1 1 1 0 0 0
120 2 0 0 2 0 0 0 0 0
121 1 0 0 1 0 0 0 0 0
122 4 0 0 1 0 0 0 0 0
123 4 0 0 0 0 0 0 0 0
134 28 1 1 2 0 0 18 0 0
135 2 0 0 2 0 0 0 0 0
153 4 2 1 0 0 0 2 0 0
159 7 0 0 2 1 0 0 0 0
160 8 0 0 1 0 0 1 0 0
162 2 0 0 1 0 0 1 0 0
163 2 0 0 2 0 0 0 0 0
169 3 1 1 0 0 0 1 0 0
170 4 1 1 1 0 0 0 0 0
172 5 2 2 0 0 0 1 0 0
173 6 0 0 0 0 0 1 0 0
174 2 0 0 0 0 0 0 0 0
176 6 0 0 0 0 0 1 0 0
181 3 1 1 0 0 0 1 0 0
182 3 0 0 0 0 0 1 0 0
183 19 1 1 1 0 0 0 0 0
184 11 1 1 0 0 0 4 0 0
187 1 0 0 1 0 0 0 0 0
189 3 0 0 0 0 0 1 0 0
194 2 0 0 1 1 0 0 0 0
202 2 1 1 0 0 0 1 0 0
205 5 0 0 0 0 0 1 0 0
206 2 0 0 0 0 0 0 0 0
210 5 1 1 0 0 0 1 0 0
225 1 0 0 1 1 0 0 0 0
227 8 0 0 0 0 0 1 0 0
228 2 0 0 0 0 0 0 0 0
235 2 0 0 0 0 0 0 0 0
259 1 1 1 0 0 0 1 0 0
261 1 0 0 0 0 0 1 0 0
265 1 0 0 0 0 0 0 0 0
270 3 0 0 0 0 0 1 0 0
274 2 0 0 1 0 0 1 0 0
277 3 0 0 1 0 0 0 0 0
280 5 1 1 0 0 0 0 0 0
281 12 0 0 1 0 0 0 0 0
287 3 1 1 1 1 1 0 0 0
291 2 0 0 1 0 0 0 0 0
292 11 1 1 3 0 0 4 0 0
302 3 0 0 1 0 0 0 0 0
305 1 0 0 0 0 0 0 0 0
310 4 0 0 2 0 0 0 0 0
314 60 5 5 24 3 3 0 0 0
318 24 1 1 0 0 0 12 0 0
319 23 1 1 0 0 0 12 0 0
460 3 0 0 0 0 0 1 0 0
461 2 0 0 0 0 0 0 0 0
464 4 0 0 2 0 0 2 0 0
465 2 1 1 0 0 0 0 0 0
471 2 0 0 1 0 0 1 0 0
472 4 0 0 0 0 0 1 0 0
474 61 0 0 0 0 0 0 0 0
475 12 0 0 0 0 0 0 0 0
477 84 1 1 24 0 0 24 1 1
480 24 0 0 0 0 0 0 0 0
483 12 0 0 0 0 0 12 0 0
484 24 0 0 12 0 0 12 0 0
493 12 0 0 0 0 0 12 0 0
497 3 0 0 2 0 0 1 0 0
498 3 0 0 2 0 0 0 0 0
499 22 0 0 18 1 0 0 0 0
fl=./locale/./locale/loadlocale.c
fn=_nl_intern_locale_data
69 1 0 0 1 0 0 0 0 0
76 10 1 1 10 0 0 0 0 0
79 40 5 5 20 0 0 0 0 0
86 19 0 0 0 0 0 0 0 0
87 10 3 3 0 0 0 10 0 0
89 1 0 0 0 0 0 1 0 0
90 18 1 1 8 0 0 0 0 0
99 40 2 2 0 0 0 0 0 0
112 24 0 0 0 0 0 0 0 0
123 108 2 2 0 0 0 72 0 0
133 48 0 0 0 0 0 0 0 0
134 139 0 0 12 9 9 0 0 0
141 60 1 1 24 2 2 0 0 0
143 24 0 0 0 0 0 0 0 0
144 12 0 0 0 0 0 0 0 0
152 12 0 0 0 0 0 0 0 0
156 49 2 2 0 0 0 24 0 0
157 36 1 1 12 0 0 0 0 0
160 12 0 0 0 0 0 12 3 3
161 12 0 0 0 0 0 12 4 4
163 11 0 0 0 0 0 11 2 2
166 2 0 0 0 0 0 1 0 0
169 12 1 1 0 0 0 12 0 0
171 13 0 0 1 0 0 12 1 1
172 1179 1 1 0 0 0 0 0 0
174 731 1 1 370 21 21 0 0 0
175 764 1 1 1 0 0 0 0 0
186 557 1 1 105 1 1 0 0 0
195 312 0 0 0 0 0 0 0 0
196 38 1 1 0 0 0 0 0 0
197 92 0 0 0 0 0 0 0 0
198 10 1 1 0 0 0 0 0 0
199 6 1 1 0 0 0 0 0 0
200 14 1 1 0 0 0 0 0 0
201 26 1 1 0 0 0 0 0 0
202 10 1 1 0 0 0 0 0 0
203 4 0 0 0 0 0 0 0 0
204 32 0 0 0 0 0 0 0 0
206 2 1 1 0 0 0 0 0 0
210 175 0 0 0 0 0 0 0 0
213 1119 4 4 358 24 24 0 0 0
214 671 3 3 328 0 0 335 35 35
217 70 3 3 0 0 0 0 0 0
219 37 0 0 0 0 0 35 2 2
220 68 0 0 68 11 11 0 0 0
228 108 0 0 84 0 0 0 0 0
fl=./locale/./locale/localeinfo.h
fn=_nl_find_locale
222 10 0 0 2 1 1 0 0 0
fn=new_composite_name
222 48 0 0 24 0 0 0 0 0
fl=./locale/./locale/localename.c
fn=__current_locale_name
24 194 97 1 0 0 0 0 0 0
25 776 0 0 582 53 0 0 0 0
26 194 0 0 194 0 0 0 0 0
fl=./locale/./locale/nl_langinfo.c
fn=nl_langinfo
30 2 1 1 0 0 0 0 0 0
31 6 0 0 4 0 0 0 0 0
fl=./locale/./locale/nl_langinfo_l.c
fn=nl_langinfo_l
31 2 0 0 0 0 0 0 0 0
32 4 0 0 0 0 0 0 0 0
36 10 0 0 0 0 0 0 0 0
38 2 0 0 0 0 0 0 0 0
42 4 0 0 0 0 0 0 0 0
43 2 0 0 0 0 0 0 0 0
58 2 1 1 2 1 0 0 0 0
61 4 0 0 2 0 0 0 0 0
66 4 0 0 4 0 0 0 0 0
fl=./locale/./locale/setlocale.c
fn=new_composite_name
139 42 1 1 0 0 0 21 0 0
141 9 0 0 0 0 0 3 0 0
144 3 0 0 0 0 0 0 0 0
146 183 0 0 0 0 0 3 0 0
147 36 1 1 0 0 0 0 0 0
151 144 1 1 72 1 0 0 0 0
152 108 0 0 0 0 0 36 0 0
153 144 0 0 72 1 1 0 0 0
154 134 1 1 18 0 0 4 0 0
158 6 0 0 0 0 0 0 0 0
161 7 0 0 1 0 0 1 0 0
163 2 0 0 0 0 0 1 0 0
170 8 1 1 0 0 0 4 0 0
171 16 0 0 2 0 0 0 0 0
174 120 2 1 0 0 0 0 0 0
175 24 0 0 0 0 0 0 0 0
180 96 1 1 48 0 0 0 0 0
181 24 0 0 0 0 0 24 0 0
182 48 0 0 0 0 0 24 0 0
183 48 0 0 0 0 0 24 0 0
184 48 2 1 0 0 0 24 0 0
186 2 0 0 0 0 0 2 0 0
187 2 0 0 0 0 0 0 0 0
188 27 1 1 24 0 0 0 0 0
fn=setlocale
195 18 1 1 6 0 0 0 0 0
198 12 0 0 0 0 0 0 0 0
199 2 0 0 0 0 0 2 0 0
201 6 0 0 0 0 0 6 0 0
210 3 1 1 0 0 0 3 2 0
211 12 0 0 3 1 0 0 0 0
212 3 0 0 0 0 0 3 0 0
218 117 2 2 9 0 0 63 0 0
225 27 0 0 0 0 0 0 0 0
230 18 0 0 0 0 0 0 0 0
231 18 1 1 6 1 0 0 0 0
234 6 1 1 0 0 0 3 0 0
236 21 0 0 3 0 0 3 0 0
249 3 0 0 0 0 0 3 0 0
250 3 0 0 0 0 0 3 0 0
252 9 2 1 0 0 0 3 0 0
253 6 0 0 0 0 0 0 0 0
265 6 0 0 0 0 0 0 0 0
409 3 2 1 0 0 0 3 0 0
414 21 1 1 6 0 0 3 0 0
416 6 0 0 0 0 0 0 0 0
424 6 0 0 3 1 0 0 0 0
429 14 0 0 3 0 0 2 0 0
431 4 0 0 0 0 0 4 0 0
432 6 1 1 2 0 0 0 0 0
437 15 0 0 0 0 0 6 0 0
438 9 0 0 3 0 0 0 0 0
452 3 0 0 3 0 0 0 0 0
457 6 0 0 6 1 0 0 0 0
461 6 0 0 0 0 0 3 0 0
464 6 0 0 3 0 0 3 0 0
466 6 0 0 3 0 0 0 0 0
468 108 2 2 81 0 0 0 0 0
fl=./locale/./locale/uselocale.c
fn=uselocale
30 194 94 1 0 0 0 0 0 0
31 582 94 1 388 0 0 0 0 0
33 388 0 0 0 0 0 0 0 0
36 388 0 0 0 0 0 0 0 0
37 194 0 0 0 0 0 194 0 0
65 582 0 0 388 52 0 194 26 0
66 582 0 0 388 0 0 194 0 0
68 582 95 0 388 71 0 194 0 0
72 582 0 0 0 0 0 0 0 0
73 194 0 0 194 0 0 0 0 0
fl=./malloc/../string/bits/string_fortified.h
fn=_int_realloc
29 6840 0 0 0 0 0 3420 0 0
fn=calloc
59 3506 0 0 0 0 0 0 0 0
fn=tcache_init.part.0
59 88 0 0 0 0 0 81 9 9
fl=./malloc/../sysdeps/unix/sysv/linux/not-cancel.h
fn=ptmalloc_init.part.0
97 6 0 0 0 0 0 0 0 0
fl=./malloc/./malloc/alloc_buffer_alloc_array.c
fn=__libc_alloc_buffer_alloc_array
25 12 1 1 0 0 0 0 0 0
26 6 0 0 6 0 0 0 0 0
28 18 0 0 0 0 0 0 0 0
30 42 0 0 0 0 0 0 0 0
31 6 0 0 0 0 0 0 0 0
32 6 0 0 0 0 0 0 0 0
34 36 0 0 0 0 0 0 0 0
35 18 0 0 6 0 0 6 0 0
38 6 1 1 0 0 0 0 0 0
45 6 0 0 6 0 0 0 0 0
fl=./malloc/./malloc/arena.c
fn=calloc
153 2370 0 0 0 0 0 0 0 0
fn=free
153 31458 0 0 0 0 0 0 0 0
fn=malloc
153 12620 0 0 0 0 0 0 0 0
264 1 1 1 0 0 0 1 0 0
fn=ptmalloc_init.part.0
262 8 1 1 1 0 0 4 0 0
267 1 1 1 0 0 0 1 0 0
292 2 1 1 1 1 0 0 0 0
296 3 1 1 1 1 0 1 0 0
300 4 1 1 0 0 0 1 0 0
301 4 0 0 0 0 0 1 0 0
302 4 1 1 0 0 0 1 0 0
303 4 0 0 0 0 0 1 0 0
304 4 0 0 0 0 0 1 0 0
305 4 0 0 0 0 0 1 0 0
306 4 1 1 0 0 0 1 0 0
308 4 0 0 0 0 0 1 0 0
309 4 0 0 0 0 0 1 0 0
310 4 1 1 0 0 0 1 0 0
313 4 0 0 0 0 0 1 0 0
314 4 0 0 0 0 0 1 0 0
316 2 0 0 1 1 1 0 0 0
326 8 1 1 6 0 0 0 0 0
fn=realloc
153 36669 0 0 5238 0 0 0 0 0
fl=./malloc/./malloc/malloc.c
fn=_int_free
1792 11705 2089 4 11705 470 1 0 0 0
1992 8379 0 0 2793 0 0 0 0 0
3163 6962 1668 4 3481 0 0 3481 0 0
3165 13924 1594 4 3481 1663 8 3481 0 0
3166 3481 0 0 0 0 0 3481 0 0
3167 6962 0 0 0 0 0 3481 0 0
4495 106302 4321 4 0 0 0 60744 220 0
4499 45558 0 0 15186 3 0 0 0 0
4505 60744 0 0 0 0 0 0 0 0
4506 30372 4303 4 0 0 0 0 0 0
4510 75930 0 0 0 0 0 0 0 0
4517 30372 0 0 0 0 0 0 0 0
4518 91116 0 0 45558 1198 1 0 0 0
4521 10116 0 0 0 0 0 0 0 0
4527 30348 0 0 20232 3342 18 0 0 0
4547 50580 2284 1 20232 2872 3 0 0 0
4550 3481 0 0 0 0 0 0 0 0
4561 23410 0 0 0 0 0 0 0 0
4572 11172 290 3 2793 1089 521 0 0 0
4574 8379 0 0 2793 43 0 0 0 0
4593 2793 0 0 0 0 0 0 0 0
4595 2793 0 0 0 0 0 2793 196 0
4596 2793 0 0 0 0 0 0 0 0
4600 8379 0 0 2793 0 0 0 0 0
4602 5586 241 2 2793 52 0 0 0 0
4606 5586 0 0 0 0 0 0 0 0
4608 8379 0 0 0 0 0 2793 0 0
4609 2793 0 0 0 0 0 2793 0 0
4628 11172 0 0 0 0 0 0 0 0
4629 36 0 0 9 8 0 0 0 0
4637 17824 2850 4 8912 0 0 0 0 0
4640 17824 0 0 8912 412 1 0 0 0
4643 17824 0 0 0 0 0 0 0 0
4646 17824 0 0 0 0 0 0 0 0
4658 82204 1933 2 67018 0 0 0 0 0
fn=_int_free_maybe_consolidate
4770 98032 3435 5 8912 438 1 62384 30 0
4776 17824 3215 4 0 0 0 0 0 0
4778 844 0 0 211 0 0 0 0 0
4779 18 7 2 0 0 0 9 2 0
4781 633 157 6 0 0 0 0 0 0
4784 1055 150 4 633 171 2 0 0 0
4785 55 11 1 33 0 0 0 0 0
4798 97988 0 0 80175 3 0 0 0 0
fn=_int_free_merge_chunk
1992 26736 0 0 8912 0 0 0 0 0
4665 71296 6111 9 0 0 0 53472 46 0
4666 8912 0 0 0 0 0 0 0 0
4670 53472 0 0 8912 422 1 0 0 0
4673 35648 0 0 8912 1045 1 0 0 0
4675 26736 3143 5 8912 2678 1 0 0 0
4678 26736 0 0 8912 2083 450 0 0 0
4681 17824 0 0 0 0 0 0 0 0
4682 17824 3076 4 0 0 0 0 0 0
4683 17824 0 0 8912 423 1 0 0 0
4689 17824 0 0 8912 0 0 0 0 0
4691 2174 0 0 2174 0 0 0 0 0
4692 2174 0 0 0 0 0 0 0 0
4693 2174 0 0 0 0 0 0 0 0
4694 8696 0 0 2174 1025 51 0 0 0
4696 4348 398 2 0 0 0 2174 14 0
4701 26736 0 0 0 0 0 0 0 0
4702 62384 125 2 53472 0 0 0 0 0
4714 17824 2761 3 8912 0 0 0 0 0
4720 17254 0 0 8627 3300 659 0 0 0
4721 7562 878 2 0 0 0 3781 7 0
4722 7562 0 0 0 0 0 0 0 0
4724 4846 0 0 4846 0 0 0 0 0
4732 8627 0 0 0 0 0 0 0 0
4733 34508 0 0 8627 0 0 0 0 0
4734 17254 0 0 8627 605 1 0 0 0
4736 8627 2954 3 0 0 0 8627 173 6
4738 17254 0 0 0 0 0 0 0 0
4740 20451 1743 2 0 0 0 6817 343 55
4743 8627 0 0 0 0 0 8627 0 0
4744 8627 0 0 0 0 0 8627 0 0
4746 25881 0 0 0 0 0 8627 0 0
4747 8627 0 0 0 0 0 8627 0 0
4756 285 124 1 0 0 0 0 0 0
4757 855 0 0 0 0 0 285 0 0
4758 570 0 0 0 0 0 285 0 0
fn=_int_malloc
1326 21838 0 0 0 0 0 0 0 0
1345 65514 3983 4 0 0 0 0 0 0
1794 10898 0 0 10898 0 0 0 0 0
1985 16041 335 1 5347 0 0 0 0 0
2008 136 0 0 34 0 0 0 0 0
2017 2 1 1 2 0 0 0 0 0
2552 252 36 2 84 77 0 84 2 0
2553 33 33 2 0 0 0 33 0 0
2564 84 0 0 42 36 0 0 0 0
2565 27 0 0 18 0 0 0 0 0
2568 36 3 0 9 0 0 0 0 0
2576 54 0 0 9 0 0 18 4 0
2577 18 0 0 0 0 0 0 0 0
2589 132 0 0 33 0 0 33 0 0
2590 66 0 0 0 0 0 33 0 0
2599 388 32 1 96 0 0 0 0 0
2605 96 0 0 64 0 0 0 0 0
2608 99 1 1 0 0 0 0 0 0
2669 99 33 2 33 0 0 33 0 0
2677 66 33 2 33 0 0 0 0 0
2678 99 0 0 33 0 0 33 0 0
2691 99 0 0 33 0 0 0 0 0
2693 33 0 0 33 0 0 0 0 0
2699 165 0 0 33 0 0 33 0 0
2707 66 33 2 0 0 0 0 0 0
2709 132 33 2 0 0 0 66 7 0
2710 99 0 0 33 0 0 0 0 0
2711 33 0 0 0 0 0 0 0 0
2712 33 0 0 0 0 0 0 0 0
2715 66 0 0 0 0 0 0 0 0
2744 227 33 2 97 1 1 0 0 0
2745 1 0 0 0 0 0 1 0 0
2746 66 32 1 0 0 0 33 0 0
2752 264 33 2 33 0 0 0 0 0
2753 192 0 0 32 0 0 32 0 0
2755 4 2 2 2 0 0 0 0 0
2782 2 0 0 0 0 0 0 0 0
2783 1 1 1 0 0 0 0 0 0
2795 3 0 0 0 0 0 0 0 0
2814 2 1 1 1 0 0 0 0 0
2817 2 0 0 0 0 0 0 0 0
2818 6 0 0 1 0 0 0 0 0
2820 1 0 0 0 0 0 0 0 0
2821 6 1 1 0 0 0 4 0 0
2833 5 0 0 3 0 0 0 0 0
2873 1 0 0 0 0 0 0 0 0
2875 1 0 0 0 0 0 1 0 0
2876 5 1 1 0 0 0 1 1 1
2877 1 0 0 1 0 0 0 0 0
2888 3 0 0 1 0 0 0 0 0
2921 99 33 2 66 0 0 0 0 0
2922 33 33 2 0 0 0 33 0 0
2926 33 0 0 33 0 0 0 0 0
2930 165 0 0 66 0 0 0 0 0
2932 33 0 0 0 0 0 0 0 0
2933 33 0 0 0 0 0 0 0 0
2934 33 0 0 0 0 0 33 0 0
2935 231 0 0 0 0 0 33 0 0
2936 66 33 2 0 0 0 33 33 33
2938 33 0 0 0 0 0 0 0 0
3159 144 0 0 0 0 0 72 5 0
3163 162 2 0 81 26 0 81 0 0
3165 349 35 3 88 19 0 95 0 0
3166 160 0 0 79 0 0 81 0 0
3167 162 0 0 0 0 0 81 0 0
3168 144 0 0 0 0 0 0 0 0
3178 7 0 0 7 0 0 0 0 0
3182 14 0 0 0 0 0 0 0 0
3186 28 0 0 7 0 0 7 0 0
3190 14 0 0 14 0 0 0 0 0
3191 14 0 0 0 0 0 7 0 0
3199 7 6 1 7 0 0 0 0 0
3846 120109 3875 4 10919 1950 0 76433 698 3
3882 1 0 0 0 0 0 0 0 0
3887 21838 0 0 0 0 0 0 0 0
3914 21901 7 2 21 0 0 0 0 0
3916 10172 0 0 0 0 0 0 0 0
3917 1 0 0 0 0 0 0 0 0
3919 2585 79 1 2564 22 0 0 0 0
3921 5128 0 0 0 0 0 0 0 0
3923 2 0 0 0 0 0 0 0 0
3926 2 0 0 1 0 0 0 0 0
3927 5 0 0 1 0 0 1 0 0
3930 7689 74 1 0 0 0 0 0 0
3932 2 0 0 1 0 0 0 0 0
3933 2 1 1 0 0 0 0 0 0
3939 2 0 0 0 0 0 0 0 0
3940 6 0 0 3 0 0 0 0 0
3945 5 0 0 2 0 0 0 0 0
3946 15 0 0 3 0 0 0 0 0
3948 4 0 0 0 0 0 0 0 0
3950 4 0 0 2 0 0 0 0 0
3951 12 0 0 2 0 0 2 0 0
3977 16710 8249 8 0 0 0 0 0 0
3979 26992 0 0 0 0 0 0 0 0
3980 12428 1552 3 0 0 0 0 0 0
3982 18642 0 0 6214 2750 0 0 0 0
3984 270 0 0 270 252 0 0 0 0
3985 540 0 0 270 50 1 0 0 0
3987 270 0 0 270 230 0 0 0 0
3988 270 0 0 0 0 0 270 0 0
3989 270 0 0 0 0 0 270 0 0
3991 810 0 0 0 0 0 0 0 0
3997 540 0 0 0 0 0 0 0 0
3998 1620 254 1 810 110 0 0 0 0
4003 1566 257 2 540 181 0 0 0 0
4004 666 0 0 0 0 0 0 0 0
4006 144 0 0 0 0 0 0 0 0
4008 72 27 1 72 0 0 0 0 0
4009 72 0 0 72 32 0 0 0 0
4010 144 0 0 0 0 0 0 0 0
4012 72 0 0 0 0 0 72 0 0
4013 72 0 0 0 0 0 72 49 0
4020 270 0 0 0 0 0 0 0 0
4039 31594 38 0 0 0 0 0 0 0
4040 14112 2350 1 4704 2665 0 0 0 0
4041 774 235 0 0 0 0 258 85 0
4058 31942 0 0 10647 2260 0 0 0 0
4059 31944 0 0 0 0 0 10648 413 0
4060 31944 3653 4 21296 0 0 0 0 0
4069 15656 3203 4 0 0 0 7828 0 0
4070 84020 4874 5 19684 1291 0 10648 0 0
4072 10997 0 0 10997 727 0 0 0 0
4073 21994 0 0 10997 3613 0 0 0 0
4074 10997 0 0 0 0 0 0 0 0
4076 21994 0 0 0 0 0 0 0 0
4077 32991 0 0 10997 797 0 0 0 0
4079 10997 0 0 10997 5293 0 0 0 0
4080 43988 3275 4 0 0 0 0 0 0
4082 43988 0 0 10997 0 0 0 0 0
4084 21994 0 0 10997 1857 0 0 0 0
4085 21994 0 0 10997 0 0 0 0 0
4087 21994 0 0 0 0 0 0 0 0
4098 43988 3154 4 0 0 0 0 0 0
4099 7364 1171 2 3682 0 0 0 0 0
4100 4426 0 0 0 0 0 0 0 0
4101 2213 0 0 0 0 0 0 0 0
4104 1759 309 1 0 0 0 0 0 0
4105 1759 337 1 0 0 0 0 0 0
4106 1759 0 0 0 0 0 1759 0 0
4107 5277 0 0 0 0 0 1759 0 0
4108 5277 0 0 0 0 0 1759 1148 17
4109 3518 0 0 0 0 0 0 0 0
4111 3042 0 0 0 0 0 1521 338 3
4115 14072 0 0 0 0 0 1759 0 0
4117 5277 0 0 0 0 0 1759 180 4
4118 1759 0 0 0 0 0 1759 0 0
4121 1961 0 0 0 0 0 0 0 0
4122 5277 382 0 0 0 0 1759 114 0
4123 1759 0 0 0 0 0 0 0 0
4127 9238 0 0 0 0 0 9238 0 0
4128 9238 0 0 0 0 0 9238 0 0
4132 18476 0 0 0 0 0 0 0 0
4134 404 183 1 0 0 0 202 0 0
4135 606 197 2 0 0 0 0 0 0
4140 404 0 0 0 0 0 0 0 0
4141 700 0 0 404 56 0 0 0 0
4144 2 0 0 0 0 0 0 0 0
4161 20905 1702 2 0 0 0 0 0 0
4163 7450 1598 2 0 0 0 3725 0 0
4164 14900 0 0 0 0 0 0 0 0
4165 3725 0 0 3725 3206 0 0 0 0
4169 62897 1859 10 0 0 0 5311 0 0
4170 15410 1418 1 0 0 0 0 0 0
4171 5311 0 0 5311 4052 7 0 0 0
4174 10622 0 0 0 0 0 0 0 0
4177 523 0 0 0 0 0 0 0 0
4179 2092 399 2 1046 357 0 0 0 0
4180 1046 0 0 0 0 0 0 0 0
4186 452 0 0 0 0 0 113 14 0
4187 113 0 0 113 51 0 0 0 0
4188 339 0 0 0 0 0 226 1 0
4192 1230 280 0 410 68 0 0 0 0
4193 930 328 2 0 0 0 0 0 0
4195 55 0 0 55 13 0 0 0 0
4196 165 0 0 55 5 0 0 0 0
4199 410 0 0 0 0 0 0 0 0
4202 464 205 0 232 57 0 0 0 0
4205 712 0 0 0 0 0 178 31 0
4206 178 0 0 178 62 0 0 0 0
4207 356 0 0 178 14 0 0 0 0
4209 178 0 0 0 0 0 178 0 0
4210 534 0 0 178 0 0 178 0 0
4212 410 0 0 410 11 0 0 0 0
4213 820 327 0 410 1 0 0 0 0
4218 19152 1953 2 0 0 0 4788 580 0
4221 63252 3074 4 18072 3309 1 0 0 0
4222 9036 0 0 0 0 0 9036 0 0
4223 9036 0 0 0 0 0 9036 0 0
4224 9036 0 0 0 0 0 9036 2182 1
4225 9036 0 0 0 0 0 9036 0 0
4230 18072 0 0 18072 0 0 0 0 0
4231 18072 0 0 0 0 0 0 0 0
4232 1 1 1 1 1 0 0 0 0
4233 4 0 0 0 0 0 0 0 0
4240 36144 6084 7 18072 0 0 0 0 0
4246 11736 0 0 0 0 0 0 0 0
4248 7 0 0 0 0 0 0 0 0
4257 26061 3508 6 0 0 0 0 0 0
4259 18312 0 0 0 0 0 0 0 0
4262 13734 0 0 4578 3264 1 0 0 0
4263 9338 0 0 570 444 0 0 0 0
4266 489 430 1 489 145 0 0 0 0
4267 3244 0 0 551 69 0 0 0 0
4269 62 0 0 62 26 0 0 0 0
4273 978 0 0 489 0 0 0 0 0
4275 106 0 0 106 0 0 0 0 0
4276 212 0 0 106 67 0 0 0 0
4278 1467 458 2 0 0 0 489 0 0
4279 1467 0 0 0 0 0 978 171 0
4282 1956 0 0 978 0 0 0 0 0
4284 418 0 0 418 0 0 0 0 0
4285 1254 393 2 0 0 0 0 0 0
4291 71 0 0 0 0 0 0 0 0
4295 284 0 0 71 0 0 0 0 0
4296 142 0 0 71 0 0 0 0 0
4299 71 0 0 0 0 0 71 52 0
4300 71 70 1 0 0 0 71 0 0
4301 71 0 0 0 0 0 71 0 0
4302 142 0 0 0 0 0 0 0 0
4304 6 0 0 0 0 0 3 1 0
4307 568 0 0 0 0 0 71 0 0
4309 213 71 0 0 0 0 71 23 0
4310 71 0 0 0 0 0 71 0 0
4313 71 0 0 0 0 0 0 0 0
4330 8198 0 0 0 0 0 0 0 0
4331 16396 2851 4 0 0 0 0 0 0
4332 16396 0 0 0 0 0 0 0 0
4333 16396 0 0 8198 507 0 0 0 0
4334 49188 0 0 0 0 0 0 0 0
4339 46188 0 0 0 0 0 0 0 0
4343 36718 3838 9 0 0 0 0 0 0
4346 34704 1 0 8676 0 0 0 0 0
4348 9012 0 0 0 0 0 0 0 0
4349 4506 1021 2 0 0 0 0 0 0
4353 115444 0 0 0 0 0 0 0 0
4355 48835 0 0 0 0 0 0 0 0
4357 97670 0 0 0 0 0 0 0 0
4361 8887 90 1 8887 3962 0 0 0 0
4364 17774 0 0 0 0 0 0 0 0
4366 20030 0 0 0 0 0 4006 0 0
4367 4006 0 0 0 0 0 0 0 0
4368 4006 0 0 0 0 0 0 0 0
4373 19524 1762 1 4881 2110 1 0 0 0
4376 9765 1 0 1 0 0 0 0 0
4378 14643 0 0 0 0 0 4881 0 0
4381 14643 0 0 0 0 0 9762 1187 1
4384 19524 2730 4 9762 0 0 0 0 0
4386 83 0 0 83 0 0 0 0 0
4387 249 70 1 0 0 0 0 0 0
4394 4798 0 0 0 0 0 0 0 0
4399 19192 0 0 4798 0 0 0 0 0
4400 9596 0 0 4798 0 0 0 0 0
4403 4798 0 0 0 0 0 4798 4006 43
4404 4798 0 0 0 0 0 4798 0 0
4405 4798 0 0 0 0 0 4798 0 0
4408 9596 0 0 0 0 0 0 0 0
4409 1877 894 2 0 0 0 1877 0 0
4410 9596 1677 1 0 0 0 0 0 0
4412 4816 0 0 0 0 0 2408 545 9
4415 38384 0 0 0 0 0 4798 0 0
4417 14394 0 0 0 0 0 4798 929 13
4418 4798 2628 3 0 0 0 4798 0 0
4421 4881 0 0 0 0 0 0 0 0
4443 3317 923 3 3317 0 0 0 0 0
4444 6634 0 0 3317 869 0 0 0 0
4446 6634 0 0 3317 332 0 0 0 0
4449 9951 1029 2 0 0 0 0 0 0
4451 3275 0 0 0 0 0 0 0 0
4452 6550 891 0 0 0 0 0 0 0
4453 3275 0 0 0 0 0 3275 0 0
4454 26200 0 0 0 0 0 3275 0 0
4456 6550 0 0 0 0 0 3275 2840 2275
4459 7528 1330 3 0 0 0 0 0 0
4460 11418 1383 3 0 0 0 3806 361 1
4461 3806 21 1 0 0 0 0 0 0
4466 168 0 0 42 1 0 42 0 0
4482 51 0 0 0 0 0 0 0 0
4487 131028 4005 3 98271 0 0 0 0 0
fn=_int_realloc
4914 41912 6731 6 0 0 0 31434 101 0
4925 20956 0 0 5239 0 0 0 0 0
4926 26195 0 0 5239 3306 0 0 0 0
4927 20956 0 0 0 0 0 0 0 0
4933 10478 3453 3 0 0 0 0 0 0
4935 10478 0 0 0 0 0 0 0 0
4936 15717 0 0 5239 0 0 0 0 0
4938 20956 0 0 0 0 0 0 0 0
4941 10478 0 0 0 0 0 0 0 0
4951 10688 3409 2 5177 3362 0 0 0 0
4952 167 66 1 0 0 0 0 0 0
4953 167 0 0 0 0 0 0 0 0
4955 8101 84 1 0 0 0 165 0 0
4956 330 0 0 0 0 0 165 0 0
4957 495 0 0 0 0 0 165 165 143
4959 330 0 0 0 0 0 0 0 0
4963 10020 0 0 5010 3878 1 0 0 0
4964 10020 0 0 0 0 0 0 0 0
4965 8192 3391 2 0 0 0 0 0 0
4969 4773 0 0 0 0 0 3182 20 0
4975 17105 0 0 0 0 0 6842 24 0
4976 6842 0 0 0 0 0 0 0 0
4979 3421 0 0 0 0 0 0 0 0
4980 3422 0 0 3421 66 0 0 0 0
4985 10263 2607 2 3421 0 0 0 0 0
4987 1 0 0 0 0 0 0 0 0
4992 3420 0 0 0 0 0 0 0 0
4993 23941 0 0 3421 0 0 0 0 0
4997 13680 0 0 0 0 0 3420 0 0
4999 3420 0 0 0 0 0 0 0 0
5006 2 0 0 0 0 0 0 0 0
5008 3308 0 0 0 0 0 0 0 0
5010 3308 0 0 0 0 0 0 0 0
5012 5710 893 1 0 0 0 374 0 0
5013 3558 0 0 1965 0 0 0 0 0
5017 1280 0 0 0 0 0 0 0 0
5020 2560 0 0 0 0 0 1280 0 0
5021 3840 857 2 0 0 0 1280 1207 10
5024 1280 0 0 1280 0 0 0 0 0
5025 5120 0 0 0 0 0 1280 0 0
5029 1654 0 0 0 0 0 0 0 0
5030 47151 2533 2 36673 10 0 0 0 0
fn=alloc_perturb
1985 16695 1992 2 5565 0 0 0 0 0
1987 5565 0 0 5565 0 0 0 0 0
fn=calloc
3699 10683 197 1 0 0 0 7122 0 0
3709 10683 253 1 0 0 0 0 0 0
3717 2374 0 0 1187 12 0 0 0 0
3720 3561 0 0 2374 23 0 0 0 0
3722 2374 237 1 1187 46 0 0 0 0
3732 1187 205 1 1187 37 0 0 0 0
3733 3561 0 0 1187 69 0 0 0 0
3754 3561 0 0 0 0 0 1187 0 0
3756 11862 439 2 1187 14 0 0 0 0
3759 3559 270 1 1187 0 0 0 0 0
3768 6 1 0 0 0 0 0 0 0
3784 1185 0 0 0 0 0 0 0 0
3789 6 0 0 2 0 0 0 0 0
3796 3555 165 1 1185 0 0 0 0 0
3799 5925 0 0 0 0 0 0 0 0
3807 1185 168 1 0 0 0 0 0 0
3809 2370 0 0 0 0 0 0 0 0
3811 2370 0 0 0 0 0 0 0 0
3816 34 0 0 0 0 0 17 0 0
3818 17 0 0 0 0 0 17 0 0
3819 34 0 0 0 0 0 0 0 0
3821 5 0 0 0 0 0 5 0 0
3823 10 0 0 0 0 0 0 0 0
3825 4 0 0 0 0 0 4 0 0
3827 8 0 0 0 0 0 0 0 0
3829 4 0 0 0 0 0 2 0 0
3837 8328 309 3 7141 0 0 0 0 0
fn=free
3359 73751 2095 11 0 0 0 41972 153 0
3363 21586 0 0 0 0 0 0 0 0
3371 20986 0 0 20986 1923 2 0 0 0
3373 10493 0 0 0 0 0 0 0 0
3375 31479 0 0 10493 2025 508 0 0 0
3379 21 5 5 7 7 0 0 0 0
3381 28 0 0 7 7 0 0 0 0
3383 12 0 0 0 0 0 6 0 0
3384 12 0 0 0 0 0 6 0 0
3385 6 0 0 0 0 0 0 0 0
3388 14 0 0 0 0 0 7 0 0
3392 31458 0 0 20972 859 2 0 0 0
3398 31458 804 5 0 0 0 10486 27 0
3401 10493 0 0 0 0 0 10493 1 0
3402 63258 80 4 52765 1 0 0 0 0
fn=malloc
1326 18848 0 0 0 0 0 0 0 0
1345 46743 2669 4 0 0 0 0 0 0
3178 6228 0 0 3114 2000 0 0 0 0
3182 6228 0 0 0 0 0 0 0 0
3186 12456 1159 1 3114 2311 2 3114 0 0
3190 6228 0 0 0 0 0 3114 0 0
3191 3114 0 0 0 0 0 3114 0 0
3248 4 1 1 2 0 0 1 0 0
3294 75392 2700 4 0 0 0 37696 214 1
3301 18848 0 0 9424 1875 1 0 0 0
3311 18094 0 0 0 0 0 0 0 0
3313 37696 0 0 18848 2721 0 0 0 0
3316 18848 1 1 9424 1978 0 0 0 0
3317 4 0 0 1 0 0 0 0 0
3318 23115 1721 2 7705 3102 0 0 0 0
3326 12620 1559 4 6310 1405 0 0 0 0
3328 25240 783 3 0 0 0 6310 236 1
3329 31550 988 4 6310 20 0 0 0 0
3354 56544 1210 3 47120 0 0 0 0 0
fn=malloc_consolidate
4811 2403 264 3 0 0 0 1602 23 0
4826 267 0 0 0 0 0 267 0 0
4828 534 0 0 0 0 0 267 10 0
4839 267 0 0 0 0 0 0 0 0
4841 5340 0 0 5340 1 0 0 0 0
4842 5340 262 3 0 0 0 0 0 0
4845 5526 263 3 0 0 0 0 0 0
4849 8289 264 3 2763 1896 1 0 0 0
4850 11052 0 0 0 0 0 0 0 0
4855 13815 0 0 2763 405 0 0 0 0
4858 5526 0 0 0 0 0 0 0 0
4859 2763 0 0 0 0 0 0 0 0
4860 8289 0 0 2763 855 0 0 0 0
4862 5526 263 3 0 0 0 0 0 0
4863 1213 0 0 1213 0 0 0 0 0
4864 1213 0 0 0 0 0 0 0 0
4865 1213 0 0 0 0 0 0 0 0
4866 4852 0 0 1213 421 1 0 0 0
4868 14556 4 0 6065 0 0 7278 2 0
4871 5526 259 3 2763 35 0 0 0 0
4874 5524 0 0 2762 1726 17 0 0 0
4875 1227 0 0 0 0 0 0 0 0
4876 9816 0 0 3681 0 0 3681 1 0
4878 3070 0 0 0 0 0 1535 0 0
4880 2762 0 0 2762 0 0 0 0 0
4881 5524 0 0 0 0 0 2762 0 0
4882 5524 0 0 2762 0 0 2762 175 0
4884 5524 0 0 0 0 0 0 0 0
4885 456 0 0 0 0 0 228 19 0
4889 8286 0 0 0 0 0 2762 0 0
4891 2762 0 0 0 0 0 2762 0 0
4892 5216 4 2 0 0 0 3989 0 0
4896 1 0 0 0 0 0 0 0 0
4897 2 0 0 0 0 0 1 0 0
4898 2 0 0 0 0 0 1 0 0
4901 7997 0 0 0 0 0 0 0 0
4904 8010 0 0 2670 0 0 0 0 0
4905 2136 0 0 1869 1 0 0 0 0
fn=munmap_chunk
3024 14 5 5 0 0 0 7 0 0
3025 14 0 0 14 14 2 0 0 0
3026 21 0 0 7 0 0 0 0 0
3028 14 0 0 0 0 0 0 0 0
3030 7 0 0 0 0 0 0 0 0
3031 21 5 5 7 0 0 0 0 0
3032 7 0 0 0 0 0 0 0 0
3038 28 0 0 0 0 0 0 0 0
3039 35 0 0 0 0 0 0 0 0
3042 7 0 0 14 0 0 0 0 0
3043 21 5 5 14 0 0 0 0 0
3048 14 0 0 0 0 0 0 0 0
3049 7 0 0 7 0 0 0 0 0
fn=ptmalloc_init.part.0
1946 385 0 0 0 0 0 0 0 0
1949 381 0 0 0 0 0 127 33 32
1957 1 0 0 0 0 0 1 0 0
1958 1 0 0 0 0 0 1 1 1
1960 1 0 0 0 0 0 1 0 0
3143 2 0 0 0 0 0 0 0 0
fn=realloc
1326 10504 0 0 0 0 0 0 0 0
1345 31512 0 0 0 0 0 0 0 0
2008 78 0 0 39 13 0 0 0 0
3056 26 1 1 26 26 0 0 0 0
3057 13 0 0 13 0 0 0 0 0
3058 13 0 0 0 0 0 0 0 0
3063 26 0 0 0 0 0 0 0 0
3065 13 0 0 0 0 0 0 0 0
3066 65 0 0 0 0 0 13 2 0
3067 78 1 1 0 0 0 0 0 0
3071 117 0 0 0 0 0 52 0 0
3074 26 0 0 0 0 0 0 0 0
3077 91 1 1 0 0 0 26 0 0
3080 52 0 0 26 0 0 0 0 0
3085 13 0 0 0 0 0 0 0 0
3087 39 1 1 0 0 0 0 0 0
3089 26 0 0 13 0 0 0 0 0
3090 52 0 0 0 0 0 13 0 0
3093 52 0 0 26 13 0 0 0 0
3095 65 1 1 26 0 0 0 0 0
3407 59158 3513 3 0 0 0 32268 0 0
3413 10756 3556 3 5378 3249 0 0 0 0
3417 10756 0 0 0 0 0 0 0 0
3424 10756 0 0 0 0 0 0 0 0
3425 8 0 0 0 0 0 0 0 0
3433 5374 0 0 0 0 0 0 0 0
3441 10748 3640 6 0 0 0 0 0 0
3443 5363 0 0 0 0 0 0 0 0
3444 10722 0 0 0 0 0 0 0 0
3445 6 0 0 4 0 0 0 0 0
3453 26 0 0 0 0 0 0 0 0
3456 15717 0 0 10478 6306 0 0 0 0
3464 21008 0 0 0 0 0 0 0 0
3465 10504 3515 3 0 0 0 0 0 0
3475 10504 0 0 0 0 0 0 0 0
3489 135 0 0 0 0 0 0 0 0
3506 10478 0 0 5239 3369 0 0 0 0
3508 36673 3467 3 0 0 0 10478 31 0
3509 36671 5930 6 5239 1 0 0 0 0
3538 48394 0 0 37642 5 0 0 0 0
5241 16122 0 0 5374 4038 0 0 0 0
5242 16122 3486 3 0 0 0 0 0 0
5243 10718 0 0 5359 3865 0 0 0 0
5244 5359 0 0 0 0 0 0 0 0
fn=sysmalloc_mmap.isra.0
2008 36 0 0 9 0 0 0 0 0
2400 54 6 3 0 0 0 36 1 0
2413 27 0 0 0 0 0 0 0 0
2418 18 0 0 0 0 0 0 0 0
2421 90 6 3 0 0 0 9 4 1
2424 18 0 0 0 0 0 0 0 0
2428 18 0 0 0 0 0 0 0 0
2432 36 6 3 0 0 0 9 0 0
2448 27 0 0 0 0 0 0 0 0
2466 9 0 0 0 0 0 9 9 8
2467 27 0 0 0 0 0 9 0 0
2471 27 6 2 18 0 0 0 0 0
2472 39 0 0 15 0 0 0 0 0
2475 27 0 0 18 0 0 0 0 0
2476 45 6 2 18 0 0 0 0 0
2481 63 0 0 45 0 0 0 0 0
fn=systrim.constprop.0
2957 66 11 0 0 0 0 44 0 0
2966 33 0 0 22 0 0 0 0 0
2968 11 11 1 0 0 0 0 0 0
2969 22 0 0 0 0 0 0 0 0
2970 10 0 0 0 0 0 0 0 0
2974 33 0 0 11 0 0 0 0 0
2975 11 0 0 0 0 0 0 0 0
2978 55 0 0 22 22 0 0 0 0
2980 22 0 0 0 0 0 0 0 0
2987 3 1 1 0 0 0 1 0 0
2988 4 0 0 1 0 0 0 0 0
3000 3 0 0 0 0 0 1 0 0
3001 2 0 0 0 0 0 1 0 0
3003 1 0 0 0 0 0 0 0 0
3005 2 0 0 0 0 0 0 0 0
3009 2 0 0 0 0 0 0 0 0
3012 1 0 0 1 0 0 0 0 0
3013 4 0 0 1 0 0 1 0 0
3015 2 0 0 0 0 0 0 0 0
3020 66 0 0 55 0 0 0 0 0
fn=tcache_init.part.0
3242 4 1 1 0 0 0 2 0 0
3251 8 1 1 3 0 0 0 0 0
3252 3 0 0 0 0 0 1 0 0
3253 2 0 0 0 0 0 0 0 0
3261 4 0 0 2 0 0 0 0 0
3270 2 1 1 1 0 0 1 0 0
3274 3 0 0 3 0 0 0 0 0
fn=unlink_chunk.isra.0
1608 30712 3764 4 0 0 0 15356 0 0
1610 76780 3994 4 30712 2597 0 0 0 0
1613 30729 17 1 30712 1525 30 0 0 0
1614 30712 0 0 15356 0 0 0 0 0
1616 61424 0 0 30712 8680 282 0 0 0
1619 15356 0 0 0 0 0 15356 0 0
1620 15356 0 0 0 0 0 15356 0 0
1621 57499 2651 2 8929 820 3 0 0 0
1623 10020 0 0 5010 50 1 0 0 0
1624 15030 0 0 10020 16 0 0 0 0
1627 10020 0 0 5010 1216 1 0 0 0
1629 40 0 0 0 0 0 0 0 0
1630 17 0 0 0 0 0 17 0 0
1633 12 0 0 0 0 0 3 0 0
1635 3 3 0 0 0 0 3 0 0
1636 6 0 0 3 0 0 3 0 0
1641 4990 0 0 0 0 0 4990 0 0
1642 4990 0 0 0 0 0 4990 0 0
1645 30712 1293 1 30712 0 0 0 0 0
fl=./malloc/./malloc/morecore.c
fn=__glibc_morecore
25 111 67 4 0 0 0 37 0 0
26 74 0 0 37 0 0 0 0 0
29 37 0 0 0 0 0 37 1 0
30 74 0 0 0 0 0 0 0 0
34 74 0 0 74 0 0 0 0 0
fl=./malloc/./malloc/scratch_buffer_set_array_size.c
fn=__libc_scratch_buffer_set_array_size
30 91 1 1 0 0 0 28 0 0
34 7 0 0 0 0 0 0 0 0
35 14 0 0 0 0 0 0 0 0
45 14 0 0 7 0 0 0 0 0
46 7 0 0 0 0 0 0 0 0
63 42 1 1 35 0 0 0 0 0
fl=./math/../sysdeps/ieee754/dbl-64/e_exp.c
fn=__ieee754_exp_avx
88 2002 0 0 0 0 0 0 0 0
98 1001 33 1 0 0 0 0 0 0
104 1001 0 0 0 0 0 0 0 0
105 3003 0 0 0 0 0 0 0 0
129 2002 0 0 1001 3 1 0 0 0
135 3003 14 1 1001 0 0 0 0 0
137 1001 0 0 0 0 0 0 0 0
139 5005 0 0 2002 0 0 0 0 0
141 3003 0 0 0 0 0 0 0 0
142 2002 0 0 0 0 0 0 0 0
145 1001 0 0 1001 715 33 0 0 0
148 2002 0 0 0 0 0 0 0 0
151 12012 32 2 5005 0 0 0 0 0
152 2002 0 0 0 0 0 0 0 0
157 3003 0 0 1001 0 0 0 0 0
fl=./math/../sysdeps/ieee754/dbl-64/e_fmod.c
fn=fmod@@GLIBC_2.38
66 10 2 1 0 0 0 6 0 0
70 6 2 1 0 0 0 0 0 0
72 6 0 0 0 0 0 0 0 0
73 2 2 1 0 0 0 0 0 0
76 4 0 0 0 0 0 0 0 0
84 4 0 0 0 0 0 0 0 0
85 4 0 0 0 0 0 0 0 0
86 4 0 0 0 0 0 0 0 0
90 10 0 0 0 0 0 0 0 0
108 6 4 2 0 0 0 0 0 0
123 4 0 0 0 0 0 0 0 0
124 2 0 0 0 0 0 0 0 0
125 2 0 0 0 0 0 0 0 0
140 6 2 1 0 0 0 0 0 0
141 4 0 0 0 0 0 0 0 0
142 2 0 0 0 0 0 0 0 0
143 2 0 0 0 0 0 0 0 0
145 6 0 0 0 0 0 0 0 0
146 2 0 0 0 0 0 0 0 0
147 2 0 0 0 0 0 0 0 0
149 6 0 0 0 0 0 0 0 0
151 4 0 0 0 0 0 0 0 0
154 4 0 0 0 0 0 0 0 0
155 4 0 0 0 0 0 0 0 0
174 8 2 1 8 0 0 0 0 0
fl=./math/../sysdeps/ieee754/dbl-64/e_log.c
fn=__ieee754_log_avx
39 7788 0 0 0 0 0 0 0 0
49 3894 3 1 0 0 0 0 0 0
61 19470 0 0 0 0 0 0 0 0
65 399 1 0 0 0 0 0 0 0
67 133 0 0 133 0 0 0 0 0
68 266 0 0 0 0 0 0 0 0
69 266 0 0 0 0 0 0 0 0
70 798 118 2 399 0 0 0 0 0
71 1064 0 0 399 0 0 0 0 0
72 1463 103 1 532 136 1 0 0 0
74 266 0 0 133 121 1 0 0 0
75 399 0 0 0 0 0 0 0 0
76 266 0 0 0 0 0 0 0 0
77 532 114 1 133 0 0 0 0 0
78 266 0 0 0 0 0 0 0 0
79 399 0 0 0 0 0 0 0 0
80 532 0 0 0 0 0 0 0 0
81 133 0 0 0 0 0 0 0 0
82 133 0 0 0 0 0 0 0 0
83 133 0 0 133 0 0 0 0 0
85 11283 0 0 0 0 0 0 0 0
102 7522 0 0 0 0 0 0 0 0
103 7522 0 0 0 0 0 0 0 0
104 3761 0 0 0 0 0 0 0 0
105 15044 3 1 0 0 0 0 0 0
106 11283 0 0 0 0 0 0 0 0
117 33849 0 0 11283 2835 69 0 0 0
119 7522 49 1 0 0 0 0 0 0
122 11283 0 0 7522 0 0 0 0 0
123 7522 0 0 0 0 0 0 0 0
124 15044 0 0 3761 0 0 0 0 0
127 7522 0 0 0 0 0 0 0 0
130 56415 27 2 18805 19 1 0 0 0
131 3761 0 0 3761 0 0 0 0 0
fl=./math/../sysdeps/ieee754/dbl-64/e_pow.c
fn=__ieee754_pow_sse2
45 7021 0 0 0 0 0 0 0 0
62 2006 0 0 0 0 0 0 0 0
63 2006 0 0 0 0 0 0 0 0
64 1003 0 0 0 0 0 0 0 0
65 4012 0 0 0 0 0 0 0 0
67 2006 0 0 0 0 0 0 0 0
70 6018 4 1 1003 7 3 0 0 0
71 2006 0 0 0 0 0 0 0 0
80 2006 0 0 0 0 0 0 0 0
81 2006 0 0 0 0 0 0 0 0
82 3009 0 0 1003 25 1 0 0 0
83 1003 0 0 0 0 0 0 0 0
84 2006 0 0 0 0 0 0 0 0
88 3009 4 1 2006 0 0 0 0 0
89 2006 503 1 0 0 0 0 0 0
90 2006 0 0 2006 8 1 0 0 0
91 2006 0 0 0 0 0 0 0 0
95 3009 0 0 1003 100 1 0 0 0
96 2006 0 0 0 0 0 0 0 0
97 1003 0 0 0 0 0 0 0 0
104 1003 0 0 0 0 0 0 0 0
105 1003 0 0 0 0 0 0 0 0
106 2006 0 0 0 0 0 0 0 0
107 2006 0 0 0 0 0 0 0 0
108 2006 0 0 0 0 0 0 0 0
111 1003 0 0 0 0 0 0 0 0
112 13039 1002 1 6018 7 1 0 0 0
113 5015 5 1 0 0 0 0 0 0
114 2006 0 0 0 0 0 0 0 0
115 2006 0 0 0 0 0 0 0 0
193 1003 0 0 0 0 0 0 0 0
194 3009 0 0 0 0 0 0 0 0
218 2006 1002 1 1003 2 0 0 0 0
225 3009 0 0 1003 0 0 0 0 0
227 1003 0 0 0 0 0 0 0 0
229 5015 1002 2 2006 0 0 0 0 0
231 1003 0 0 0 0 0 0 0 0
233 3009 0 0 0 0 0 0 0 0
234 2006 0 0 0 0 0 0 0 0
237 1003 0 0 1003 8 2 0 0 0
240 2006 505 1 0 0 0 0 0 0
243 12036 0 0 5015 0 0 0 0 0
244 2006 0 0 0 0 0 0 0 0
249 3009 505 2 0 0 0 0 0 0
283 1003 3 2 0 0 0 0 0 0
284 1003 0 0 0 0 0 0 0 0
292 8024 4 2 0 0 0 0 0 0
373 1003 0 0 0 0 0 0 0 0
375 2006 1002 1 0 0 0 0 0 0
376 2006 0 0 0 0 0 0 0 0
377 3009 0 0 0 0 0 0 0 0
380 2006 0 0 1003 0 0 0 0 0
fl=./math/../sysdeps/ieee754/dbl-64/math_config.h
fn=__ieee754_exp_avx
85 2002 0 0 0 0 0 0 0 0
97 1001 0 0 0 0 0 0 0 0
fn=__ieee754_log_avx
85 3894 3 1 0 0 0 0 0 0
fn=__ieee754_pow_sse2
85 4012 0 0 0 0 0 0 0 0
97 9027 4 1 0 0 0 0 0 0
fn=fmod@@GLIBC_2.38
50 4 2 1 0 0 0 0 0 0
59 4 0 0 0 0 0 0 0 0
85 4 0 0 0 0 0 0 0 0
97 4 0 0 0 0 0 0 0 0
127 10 0 0 0 0 0 0 0 0
138 2 0 0 0 0 0 0 0 0
139 2 0 0 0 0 0 0 0 0
140 2 0 0 0 0 0 0 0 0
142 8 0 0 0 0 0 0 0 0
148 4 0 0 0 0 0 0 0 0
fl=./math/../sysdeps/ieee754/dbl-64/s_copysign.c
fn=copysign
29 4 1 1 0 0 0 0 0 0
30 10 0 0 2 0 0 0 0 0
31 2 0 0 2 0 0 0 0 0
fl=./math/../sysdeps/ieee754/dbl-64/s_frexp.c
fn=frexp
36 8 4 1 0 0 0 0 0 0
38 4 0 0 0 0 0 0 0 0
39 12 0 0 0 0 0 0 0 0
42 36 4 1 0 0 0 0 0 0
45 4 0 0 0 0 0 0 0 0
46 8 0 0 0 0 0 0 0 0
56 20 4 1 0 0 0 0 0 0
62 4 0 0 0 0 0 4 0 0
64 4 0 0 4 0 0 0 0 0
fl=./math/../sysdeps/ieee754/dbl-64/s_isinf.c
fn=isinf
17 6906 505 1 0 0 0 0 0 0
19 6906 0 0 0 0 0 0 0 0
21 27624 0 0 0 0 0 0 0 0
22 20718 0 0 0 0 0 0 0 0
23 27624 0 0 0 0 0 0 0 0
24 6906 0 0 6906 0 0 0 0 0
fl=./math/../sysdeps/ieee754/dbl-64/s_isnan.c
fn=isnan
26 13812 29 1 0 0 0 0 0 0
30 20718 0 0 0 0 0 0 0 0
31 6906 0 0 0 0 0 0 0 0
32 6906 0 0 6906 0 0 0 0 0
fl=./math/../sysdeps/ieee754/dbl-64/s_round.c
fn=round
30 1000 505 1 0 0 0 0 0 0
37 1000 0 0 0 0 0 0 0 0
38 4000 0 0 0 0 0 0 0 0
39 2000 0 0 0 0 0 0 0 0
41 2000 0 0 0 0 0 0 0 0
49 2000 0 0 0 0 0 0 0 0
50 2000 0 0 0 0 0 0 0 0
54 3000 20 1 0 0 0 0 0 0
55 2000 0 0 0 0 0 0 0 0
67 1000 0 0 0 0 0 0 0 0
70 1000 0 0 1000 0 0 0 0 0
fl=./math/../sysdeps/ieee754/dbl-64/s_scalbn.c
fn=__scalbn
30 59344 19781 1 0 0 0 0 0 0
33 29672 0 0 0 0 0 0 0 0
34 59344 19781 1 0 0 0 0 0 0
35 59344 0 0 0 0 0 0 0 0
41 59344 0 0 0 0 0 0 0 0
42 59344 0 0 0 0 0 0 0 0
44 178032 0 0 0 0 0 0 0 0
49 59344 0 0 0 0 0 0 0 0
50 148360 19781 1 0 0 0 0 0 0
51 29672 0 0 29672 0 0 0 0 0
fl=./math/../sysdeps/x86_64/fpu/multiarch/e_asin.c
fn=__acos_finite@GLIBC_2.15
35 1 1 1 0 0 0 0 0 0
fn=__asin_finite@GLIBC_2.15
27 2 1 1 1 0 0 0 0 0
fl=./math/../sysdeps/x86_64/fpu/multiarch/e_atan2.c
fn=__atan2_finite@GLIBC_2.15
26 2 1 1 1 0 0 0 0 0
fl=./math/../sysdeps/x86_64/fpu/multiarch/e_exp.c
fn=__exp_finite@GLIBC_2.15
27 2 1 1 1 0 0 0 0 0
fl=./math/../sysdeps/x86_64/fpu/multiarch/e_exp2f.c
fn=exp2f@@GLIBC_2.27
27 2 1 1 1 0 0 0 0 0
fl=./math/../sysdeps/x86_64/fpu/multiarch/e_expf.c
fn=expf@@GLIBC_2.27
27 2 1 1 1 0 0 0 0 0
fl=./math/../sysdeps/x86_64/fpu/multiarch/e_log.c
fn=__log_finite@GLIBC_2.15
27 2 1 1 1 0 0 0 0 0
fl=./math/../sysdeps/x86_64/fpu/multiarch/e_log2.c
fn=log2@@GLIBC_2.29
27 2 1 1 1 0 0 0 0 0
fl=./math/../sysdeps/x86_64/fpu/multiarch/e_log2f.c
fn=log2f@@GLIBC_2.27
27 2 2 2 1 0 0 0 0 0
fl=./math/../sysdeps/x86_64/fpu/multiarch/e_logf.c
fn=logf@@GLIBC_2.27
27 2 1 1 1 0 0 0 0 0
fl=./math/../sysdeps/x86_64/fpu/multiarch/e_pow.c
fn=__pow_finite@GLIBC_2.15
27 2 1 1 1 0 0 0 0 0
fl=./math/../sysdeps/x86_64/fpu/multiarch/e_powf.c
fn=powf@@GLIBC_2.27
30 1 1 1 0 0 0 0 0 0
fl=./math/../sysdeps/x86_64/fpu/multiarch/ifunc-avx-fma4.h
fn=__atan2_finite@GLIBC_2.15
32 4 0 0 2 0 0 0 0 0
36 3 1 1 1 0 0 0 0 0
39 4 0 0 0 0 0 0 0 0
fn=__exp_finite@GLIBC_2.15
32 4 0 0 2 0 0 0 0 0
36 3 1 1 1 0 0 0 0 0
39 4 0 0 0 0 0 0 0 0
fn=__log_finite@GLIBC_2.15
32 4 0 0 2 0 0 0 0 0
36 3 1 1 1 0 0 0 0 0
39 4 0 0 0 0 0 0 0 0
fn=atan
32 8 0 0 4 0 0 0 0 0
36 6 0 0 2 1 0 0 0 0
39 8 1 1 0 0 0 0 0 0
fn=cos
32 12 1 1 6 0 0 0 0 0
36 9 0 0 3 0 0 0 0 0
39 12 0 0 0 0 0 0 0 0
fn=sin
32 12 0 0 6 0 0 0 0 0
36 9 0 0 3 0 0 0 0 0
39 12 0 0 0 0 0 0 0 0
fn=tan
32 8 0 0 4 1 0 0 0 0
36 6 1 1 2 0 0 0 0 0
39 8 0 0 0 0 0 0 0 0
fl=./math/../sysdeps/x86_64/fpu/multiarch/ifunc-fma.h
fn=__log1p
29 4 0 0 2 0 0 0 0 0
fn=cosf
29 4 0 0 2 0 0 0 0 0
fn=exp2f@@GLIBC_2.27
29 4 0 0 2 0 0 0 0 0
fn=expf@@GLIBC_2.27
29 4 1 1 2 0 0 0 0 0
fn=expm1
29 4 0 0 2 0 0 0 0 0
fn=log2@@GLIBC_2.29
29 4 0 0 2 0 0 0 0 0
fn=log2f@@GLIBC_2.27
29 4 0 0 2 0 0 0 0 0
fn=logf@@GLIBC_2.27
29 4 0 0 2 0 0 0 0 0
fn=powf@@GLIBC_2.27
29 4 0 0 2 0 0 0 0 0
30 1 0 0 1 0 0 0 0 0
fn=sincosf
29 4 1 1 2 0 0 0 0 0
fn=sinf
29 4 0 0 2 0 0 0 0 0
fl=./math/../sysdeps/x86_64/fpu/multiarch/ifunc-fma4.h
fn=__acos_finite@GLIBC_2.15
31 3 0 0 2 0 0 0 0 0
35 5 1 1 2 0 0 0 0 0
fn=__asin_finite@GLIBC_2.15
31 3 0 0 2 0 0 0 0 0
35 4 0 0 1 0 0 0 0 0
fn=__pow_finite@GLIBC_2.15
31 3 1 1 2 0 0 0 0 0
35 4 0 0 1 0 0 0 0 0
fn=sincos
31 3 1 1 2 0 0 0 0 0
35 4 0 0 1 0 0 0 0 0
fl=./math/../sysdeps/x86_64/fpu/multiarch/ifunc-sse4_1.h
fn=ceil
29 5 0 0 2 2 2 0 0 0
fn=floor
29 5 1 1 2 2 0 0 0 0
fn=trunc
29 5 0 0 2 0 0 0 0 0
fl=./math/../sysdeps/x86_64/fpu/multiarch/s_atan.c
fn=atan
26 4 1 1 2 0 0 0 0 0
fl=./math/../sysdeps/x86_64/fpu/multiarch/s_ceil-sse4_1.S
fn=__ceil_sse41
21 12 0 0 0 0 0 0 0 0
22 12 0 0 0 0 0 0 0 0
23 12 0 0 12 0 0 0 0 0
fl=./math/../sysdeps/x86_64/fpu/multiarch/s_ceil.c
fn=ceil
31 2 1 1 1 0 0 0 0 0
fl=./math/../sysdeps/x86_64/fpu/multiarch/s_cosf.c
fn=cosf
26 2 1 1 1 0 0 0 0 0
fl=./math/../sysdeps/x86_64/fpu/multiarch/s_expm1.c
fn=expm1
26 2 2 2 1 0 0 0 0 0
fl=./math/../sysdeps/x86_64/fpu/multiarch/s_floor-sse4_1.S
fn=__floor_sse41
21 15 4 3 0 0 0 0 0 0
22 15 0 0 0 0 0 0 0 0
23 15 0 0 15 0 0 0 0 0
fl=./math/../sysdeps/x86_64/fpu/multiarch/s_floor.c
fn=floor
31 2 1 0 1 0 0 0 0 0
fl=./math/../sysdeps/x86_64/fpu/multiarch/s_fma.c
fn=fma
49 10 2 2 4 0 0 0 0 0
fl=./math/../sysdeps/x86_64/fpu/multiarch/s_log1p.c
fn=__log1p
26 2 1 1 1 0 0 0 0 0
fl=./math/../sysdeps/x86_64/fpu/multiarch/s_sin.c
fn=cos
34 6 1 1 3 0 0 0 0 0
fn=sin
27 6 1 1 3 0 0 0 0 0
fl=./math/../sysdeps/x86_64/fpu/multiarch/s_sincos.c
fn=sincos
26 2 1 1 1 0 0 0 0 0
fl=./math/../sysdeps/x86_64/fpu/multiarch/s_sincosf.c
fn=sincosf
26 2 1 1 1 0 0 0 0 0
fl=./math/../sysdeps/x86_64/fpu/multiarch/s_sinf.c
fn=sinf
26 2 1 1 1 0 0 0 0 0
fl=./math/../sysdeps/x86_64/fpu/multiarch/s_tan.c
fn=tan
26 4 1 1 2 0 0 0 0 0
fl=./math/../sysdeps/x86_64/fpu/multiarch/s_trunc.c
fn=trunc
31 2 1 1 1 0 0 0 0 0
fl=./math/./math/w_exp_compat.c
fn=exp@GLIBC_2.2.5
29 4004 502 2 0 0 0 1001 0 0
30 2002 0 0 0 0 0 2002 0 0
31 11011 502 2 3003 8 2 0 0 0
36 2002 0 0 2002 0 0 0 0 0
fl=./math/./math/w_fmod_compat.c
fn=fmod@GLIBC_2.2.5
27 2 2 1 0 0 0 0 0 0
28 22 0 0 4 3 0 0 0 0
33 2 2 1 0 0 0 0 0 0
fl=./math/./math/w_log_compat.c
fn=log@GLIBC_2.2.5
31 3894 529 1 0 0 0 0 0 0
32 11682 0 0 0 0 0 0 0 0
46 3894 4 1 0 0 0 0 0 0
fl=./math/./math/w_pow_compat.c
fn=pow@GLIBC_2.2.5
30 6018 49 4 0 0 0 2006 0 0
31 2006 0 0 0 0 0 2006 0 0
32 7021 0 0 3009 5 1 0 0 0
56 4012 0 0 0 0 0 0 0 0
63 3009 9 1 3009 0 0 0 0 0
fl=./math/./s_ldexp_template.c
fn=ldexp
22 89016 10626 1 0 0 0 29672 0 0
23 296720 19053 1 59344 26722 0 0 0 0
24 29672 0 0 0 0 0 29672 0 0
25 267048 19781 1 59344 0 0 0 0 0
27 59344 0 0 59344 0 0 0 0 0
fl=./misc/../sysdeps/unix/syscall-template.S
fn=epoll_create1
120 5 1 1 0 0 0 0 0 0
122 1 0 0 1 0 0 0 0 0
fn=mprotect
117 45 2 2 0 0 0 0 0 0
122 9 0 0 9 0 0 0 0 0
fn=munmap
117 70 7 5 0 0 0 0 0 0
122 14 0 0 14 0 0 0 0 0
fl=./misc/../sysdeps/unix/sysv/linux/brk.c
fn=brk
36 35 34 1 0 0 0 0 0 0
37 70 0 0 35 0 0 35 0 0
38 70 0 0 0 0 0 0 0 0
44 35 0 0 0 0 0 0 0 0
45 35 0 0 35 0 0 0 0 0
fl=./misc/../sysdeps/unix/sysv/linux/brk_call.h
fn=brk
24 70 0 0 0 0 0 0 0 0
fl=./misc/../sysdeps/unix/sysv/linux/fxstat64.c
fn=__fxstat
35 1056 264 1 0 0 0 0 0 0
50 528 0 0 0 0 0 0 0 0
51 1056 0 0 0 0 0 0 0 0
67 264 0 0 264 0 0 0 0 0
fl=./misc/../sysdeps/unix/sysv/linux/getclktck.c
fn=__getclktck
29 1 1 1 0 0 0 0 0 0
30 5 1 1 2 0 0 0 0 0
31 1 0 0 1 0 0 0 0 0
fl=./misc/../sysdeps/unix/sysv/linux/getpagesize.c
fn=getpagesize
27 2 1 1 0 0 0 0 0 0
28 8 0 0 4 0 0 0 0 0
30 2 0 0 2 0 0 0 0 0
fl=./misc/../sysdeps/unix/sysv/linux/ioctl.c
fn=ioctl
26 216 27 1 27 26 0 81 0 0
28 135 0 0 0 0 0 81 0 0
35 54 0 0 0 0 0 0 0 0
36 81 27 1 0 0 0 0 0 0
38 81 0 0 27 4 0 27 27 0
39 54 0 0 0 0 0 0 0 0
43 162 0 0 108 0 0 0 0 0
fl=./misc/../sysdeps/unix/sysv/linux/lxstat64.c
fn=__lxstat
35 32 8 1 0 0 0 0 0 0
49 16 0 0 0 0 0 0 0 0
50 32 0 0 0 0 0 0 0 0
84 8 0 0 8 0 0 0 0 0
fl=./misc/../sysdeps/unix/sysv/linux/mmap64.c
fn=mmap
47 406 21 2 0 0 0 174 4 3
50 116 0 0 0 0 0 0 0 0
53 310 21 2 7 0 0 0 0 0
58 348 0 0 0 0 0 0 0 0
60 232 0 0 232 0 0 0 0 0
fl=./misc/../sysdeps/unix/sysv/linux/mremap.c
fn=mremap
26 117 2 2 13 13 0 39 13 0
30 39 0 0 0 0 0 0 0 0
37 52 0 0 0 0 0 0 0 0
39 65 0 0 52 0 0 0 0 0
fl=./misc/../sysdeps/unix/sysv/linux/setvmaname.c
fn=__set_vma_name
33 75 8 5 0 0 0 40 0 0
35 56 0 0 23 8 2 9 1 0
40 14 0 0 2 0 0 2 0 0
47 2 2 2 0 0 0 2 0 0
48 1 0 0 0 0 0 0 0 0
49 90 6 3 68 0 0 0 0 0
fl=./misc/../sysdeps/unix/sysv/linux/x86_64/syscall.S
fn=syscall
29 2 2 2 0 0 0 0 0 0
30 2 0 0 0 0 0 0 0 0
31 2 0 0 0 0 0 0 0 0
32 2 0 0 0 0 0 0 0 0
33 2 0 0 0 0 0 0 0 0
34 2 0 0 0 0 0 0 0 0
35 2 0 0 0 0 0 0 0 0
36 2 0 0 2 0 0 0 0 0
37 2 0 0 0 0 0 0 0 0
38 2 0 0 0 0 0 0 0 0
39 2 0 0 0 0 0 0 0 0
40 2 0 0 2 0 0 0 0 0
fl=./misc/../sysdeps/unix/sysv/linux/xstat64.c
fn=__xstat
35 2416 326 1 0 0 0 0 0 0
49 1208 0 0 0 0 0 0 0 0
50 2766 0 0 140 5 0 70 5 0
81 534 0 0 534 0 0 0 0 0
fl=./misc/./misc/init-misc.c
fn=__init_misc
30 5 1 1 0 0 0 3 0 0
31 6 0 0 1 0 0 0 0 0
33 3 0 0 0 0 0 1 0 0
37 5 0 0 1 0 0 1 1 0
38 3 1 1 2 0 0 1 0 0
40 4 0 0 4 0 0 0 0 0
fl=./misc/./misc/sbrk.c
fn=sbrk
37 296 34 1 0 0 0 148 6 0
40 74 0 0 74 67 0 0 0 0
43 74 0 0 37 33 0 0 0 0
58 74 34 1 0 0 0 0 0 0
59 4 1 1 0 0 0 1 0 0
62 74 0 0 0 0 0 0 0 0
63 2 0 0 1 0 0 0 0 0
66 136 0 0 0 0 0 0 0 0
68 2 1 0 0 0 0 0 0 0
74 102 33 1 0 0 0 34 1 0
78 259 0 0 185 0 0 0 0 0
fl=./misc/./misc/tsearch.c
fn=tfind
373 679 150 2 0 0 0 388 0 0
377 194 0 0 0 0 0 0 0 0
378 97 0 0 0 0 0 0 0 0
383 582 0 0 97 0 0 0 0 0
395 679 60 1 485 0 0 0 0 0
fl=./nptl/../string/bits/string_fortified.h
fn=pthread_cond_init@@GLIBC_2.3.2
59 8 0 0 0 0 0 6 1 0
fn=pthread_mutex_init@@GLIBC_2.2.5
59 10 1 1 0 0 0 6 2 2
fl=./nptl/../sysdeps/nptl/futex-internal.h
fn=__pthread_once_slow
209 8 1 1 0 0 0 0 0 0
fl=./nptl/../sysdeps/unix/sysv/linux/x86/elision-conf.c
fn=__lll_elision_init
92 8 1 1 1 0 0 3 0 0
96 5 1 1 0 0 0 1 0 0
98 4 0 0 0 0 0 1 0 0
100 4 1 1 0 0 0 1 0 0
102 4 0 0 0 0 0 1 0 0
104 4 0 0 0 0 0 1 0 0
107 3 0 0 1 1 1 0 0 0
108 1 1 1 0 0 0 1 1 1
109 6 0 0 5 0 0 0 0 0
fl=./nptl/./nptl/cleanup_compat.c
fn=_pthread_cleanup_pop@@GLIBC_2.34
40 1 1 1 0 0 0 0 0 0
43 2 0 0 1 0 0 1 0 0
47 2 0 0 0 0 0 0 0 0
49 1 0 0 1 0 0 0 0 0
fn=_pthread_cleanup_push@@GLIBC_2.34
25 1 1 1 0 0 0 0 0 0
28 1 0 0 0 0 0 1 0 0
29 1 0 0 0 0 0 1 0 0
30 2 0 0 1 0 0 1 0 0
32 1 0 0 0 0 0 1 0 0
33 1 0 0 1 0 0 0 0 0
fl=./nptl/./nptl/libc-cleanup.c
fn=__libc_cleanup_pop_restore
54 24 5 2 0 0 0 0 0 0
55 24 0 0 24 0 0 0 0 0
57 48 0 0 24 0 0 24 0 0
59 24 0 0 24 0 0 0 0 0
60 72 0 0 24 0 0 0 0 0
71 24 8 2 24 0 0 0 0 0
fn=__libc_cleanup_push_defer
24 24 6 2 0 0 0 0 0 0
25 24 0 0 24 0 0 0 0 0
27 48 3 2 24 3 0 24 0 0
29 48 0 0 24 4 0 0 0 0
32 48 0 0 0 0 0 0 0 0
46 72 0 0 0 0 0 24 0 0
48 24 0 0 0 0 0 24 0 0
49 24 0 0 24 0 0 0 0 0
fl=./nptl/./nptl/pthread_cond_init.c
fn=pthread_cond_init@@GLIBC_2.3.2
27 2 1 1 0 0 0 0 0 0
38 12 1 1 2 0 0 0 0 0
44 4 0 0 0 0 0 0 0 0
45 2 0 0 0 0 0 2 0 0
47 2 0 0 0 0 0 0 0 0
50 4 0 0 2 0 0 0 0 0
fl=./nptl/./nptl/pthread_cond_signal.c
fn=pthread_cond_signal@@GLIBC_2.3.2
35 49428 495 2 0 0 0 32952 182 0
36 5492 0 0 0 0 0 0 0 0
41 5492 0 0 5492 0 0 0 0 0
42 16476 479 3 0 0 0 0 0 0
96 49428 723 3 38444 0 0 0 0 0
fl=./nptl/./nptl/pthread_condattr_init.c
fn=pthread_condattr_init
24 1 1 1 0 0 0 0 0 0
31 1 0 0 0 0 0 1 0 0
34 2 0 0 1 0 0 0 0 0
fl=./nptl/./nptl/pthread_condattr_setclock.c
fn=pthread_condattr_setclock@@GLIBC_2.34
28 1 0 0 0 0 0 0 0 0
30 2 0 0 0 0 0 0 0 0
33 1 0 0 0 0 0 0 0 0
40 2 0 0 1 0 0 0 0 0
41 3 0 0 0 0 0 1 0 0
43 1 0 0 0 0 0 0 0 0
44 1 0 0 1 0 0 0 0 0
fl=./nptl/./nptl/pthread_getspecific.c
fn=pthread_getspecific@@GLIBC_2.34
24 2 1 1 0 0 0 0 0 0
29 4 0 0 0 0 0 0 0 0
30 8 0 0 2 0 0 0 0 0
36 4 1 1 0 0 0 0 0 0
54 2 0 0 2 0 0 0 0 0
55 4 0 0 0 0 0 0 0 0
64 4 1 1 2 0 0 0 0 0
fl=./nptl/./nptl/pthread_key_create.c
fn=pthread_key_create@@GLIBC_2.34
25 3 2 1 0 0 0 0 0 0
27 21 0 0 0 0 0 0 0 0
29 6 0 0 6 2 1 0 0 0
31 24 0 0 0 0 0 0 0 0
33 9 2 1 3 0 0 0 0 0
37 9 0 0 0 0 0 3 0 0
40 3 0 0 0 0 0 3 0 0
43 6 0 0 3 0 0 0 0 0
fl=./nptl/./nptl/pthread_key_delete.c
fn=pthread_key_delete@@GLIBC_2.34
25 3 1 1 0 0 0 0 0 0
28 6 0 0 0 0 0 0 0 0
30 15 0 0 3 1 1 0 0 0
32 6 1 1 0 0 0 0 0 0
33 12 0 0 3 0 0 0 0 0
36 3 0 0 0 0 0 0 0 0
40 3 0 0 3 0 0 0 0 0
fl=./nptl/./nptl/pthread_mutex_conf.c
fn=__pthread_tunables_init
55 8 1 1 1 0 0 3 0 0
56 5 1 1 0 0 0 1 0 0
58 4 0 0 0 0 0 1 0 0
60 4 1 1 0 0 0 1 0 0
62 6 0 0 5 0 0 0 0 0
fl=./nptl/./nptl/pthread_mutex_init.c
fn=pthread_mutex_init@@GLIBC_2.2.5
53 24 2 2 2 0 0 12 0 0
65 6 0 0 0 0 0 0 0 0
92 4 0 0 0 0 0 0 0 0
105 12 1 1 0 0 0 0 0 0
136 8 1 1 0 0 0 0 0 0
140 2 0 0 0 0 0 2 0 0
149 2 0 0 0 0 0 0 0 0
151 2 0 0 0 0 0 0 0 0
152 20 0 0 16 0 0 0 0 0
fl=./nptl/./nptl/pthread_mutex_lock.c
fn=pthread_mutex_lock@@GLIBC_2.2.5
44 8239 1 1 8239 0 0 0 0 0
45 57673 724 4 16478 691 0 0 0 0
46 16477 0 0 0 0 0 8239 0 0
77 41195 479 3 0 0 0 16478 145 0
80 24717 0 0 8239 696 3 0 0 0
82 8239 0 0 0 0 0 0 0 0
84 16478 0 0 0 0 0 0 0 0
88 16478 0 0 0 0 0 0 0 0
90 24714 480 3 8238 317 2 0 0 0
94 24714 0 0 8238 0 0 0 0 0
97 2 1 1 0 0 0 0 0 0
108 4 0 0 1 0 0 0 0 0
112 1 0 0 1 0 0 0 0 0
115 2 0 0 1 0 0 0 0 0
124 8239 0 0 0 0 0 0 0 0
130 3 0 0 1 0 0 0 0 0
131 2 0 0 0 0 0 1 0 0
179 8239 0 0 8239 296 2 0 0 0
182 8239 0 0 0 0 0 8239 0 0
184 8239 0 0 8239 0 0 0 0 0
187 8239 0 0 0 0 0 0 0 0
190 24717 0 0 24717 0 0 0 0 0
fl=./nptl/./nptl/pthread_mutex_unlock.c
fn=pthread_mutex_unlock@@GLIBC_2.2.5
39 8239 0 0 8239 0 0 0 0 0
40 32956 655 3 8239 0 0 0 0 0
41 8239 0 0 0 0 0 8239 0 0
51 24717 0 0 8239 0 0 0 0 0
52 16478 0 0 0 0 0 0 0 0
57 16478 0 0 0 0 0 0 0 0
62 8239 0 0 0 0 0 8239 0 0
65 8239 0 0 8239 0 0 0 0 0
70 8239 0 0 0 0 0 0 0 0
72 8239 0 0 0 0 0 0 0 0
74 2 1 1 0 0 0 0 0 0
80 4 0 0 1 0 0 0 0 0
84 3 0 0 2 0 0 0 0 0
87 2 1 1 1 0 0 0 0 0
367 32956 554 3 0 0 0 8239 0 0
369 16478 0 0 16478 0 0 0 0 0
fl=./nptl/./nptl/pthread_once.c
fn=__pthread_once_slow
68 11 1 1 1 0 0 5 0 0
76 1 0 0 1 0 0 0 0 0
80 2 0 0 0 0 0 0 0 0
88 2 1 1 1 1 1 0 0 0
92 2 0 0 1 0 0 0 0 0
101 4 0 0 0 0 0 0 0 0
114 13 2 2 0 0 0 7 0 0
116 1 0 0 0 0 0 1 0 0
118 3 0 0 0 0 0 1 0 0
124 1 0 0 0 0 0 1 0 0
132 10 0 0 7 0 0 0 0 0
fn=pthread_once@@GLIBC_2.34
136 2 1 1 0 0 0 0 0 0
139 2 0 0 2 1 0 0 0 0
140 4 0 0 0 0 0 0 0 0
143 1 0 0 0 0 0 0 0 0
144 2 0 0 1 0 0 0 0 0
fl=./nptl/./nptl/pthread_rwlock_common.c
fn=pthread_rwlock_rdlock@@GLIBC_2.34
298 1164 0 0 582 135 0 0 0 0
310 582 0 0 291 161 0 0 0 0
353 873 0 0 582 0 0 0 0 0
370 582 0 0 0 0 0 0 0 0
390 582 0 0 0 0 0 0 0 0
391 291 0 0 0 0 0 0 0 0
396 4 1 1 0 0 0 0 0 0
402 4 1 1 1 0 0 0 0 0
413 5 0 0 2 0 0 0 0 0
fn=pthread_rwlock_unlock@@GLIBC_2.34
221 1766 1 1 295 0 0 0 0 0
232 291 0 0 291 0 0 0 0 0
236 291 0 0 0 0 0 0 0 0
240 873 94 0 0 0 0 0 0 0
243 1164 97 0 0 0 0 0 0 0
244 582 0 0 0 0 0 0 0 0
254 873 0 0 291 0 0 0 0 0
259 582 0 0 0 0 0 0 0 0
275 873 0 0 0 0 0 0 0 0
531 4 0 0 0 0 0 4 0 0
535 12 0 0 8 0 0 0 0 0
536 8 0 0 0 0 0 0 0 0
538 12 1 1 4 1 0 0 0 0
559 4 0 0 4 0 0 0 0 0
561 32 0 0 4 0 0 0 0 0
569 8 0 0 0 0 0 0 0 0
582 8 0 0 0 0 0 0 0 0
fn=pthread_rwlock_wrlock@@GLIBC_2.34
603 16 0 0 8 1 0 0 0 0
622 24 1 1 8 0 0 0 0 0
624 8 0 0 0 0 0 0 0 0
778 12 0 0 0 0 0 4 0 0
783 8 0 0 0 0 0 0 0 0
788 4 0 0 0 0 0 0 0 0
789 8 0 0 0 0 0 0 0 0
795 12 0 0 2 0 0 0 0 0
802 1 1 1 0 0 0 1 0 0
947 8 0 0 4 0 0 4 0 0
949 4 0 0 0 0 0 0 0 0
fl=./nptl/./nptl/pthread_rwlock_rdlock.c
fn=pthread_rwlock_rdlock@@GLIBC_2.34
23 2328 194 2 0 0 0 1164 4 0
24 291 0 0 0 0 0 0 0 0
27 291 0 0 0 0 0 0 0 0
29 2037 94 1 1455 0 0 0 0 0
fl=./nptl/./nptl/pthread_rwlock_unlock.c
fn=pthread_rwlock_unlock@@GLIBC_2.34
30 1770 95 1 0 0 0 885 0 0
31 295 0 0 0 0 0 0 0 0
38 885 0 0 295 1 0 0 0 0
39 295 0 0 295 0 0 0 0 0
44 1475 2 2 1180 0 0 0 0 0
fl=./nptl/./nptl/pthread_rwlock_wrlock.c
fn=pthread_rwlock_wrlock@@GLIBC_2.34
23 40 1 1 0 0 0 24 0 0
24 4 0 0 0 0 0 0 0 0
27 4 0 0 0 0 0 0 0 0
29 36 0 0 28 0 0 0 0 0
fl=./nptl/./nptl/pthread_self.c
fn=pthread_self
23 51927 13095 3 0 0 0 0 0 0
25 103854 0 0 103854 8340 0 0 0 0
fl=./nptl/./nptl/pthread_setspecific.c
fn=pthread_setspecific@@GLIBC_2.34
25 16 2 2 0 0 0 10 0 0
32 2 0 0 2 0 0 0 0 0
36 4 0 0 0 0 0 0 0 0
39 16 2 2 2 0 0 0 0 0
41 2 0 0 0 0 0 0 0 0
43 6 0 0 0 0 0 0 0 0
46 4 0 0 0 0 0 0 0 0
66 2 0 0 0 0 0 0 0 0
81 1 0 0 0 0 0 1 1 0
86 4 0 0 0 0 0 2 0 0
87 2 2 2 0 0 0 2 0 0
90 14 0 0 12 0 0 0 0 0
fl=./nptl/./nptl/pthread_testcancel.c
fn=pthread_testcancel@@GLIBC_2.34
24 132 62 3 0 0 0 0 0 0
25 132 0 0 132 11 0 0 0 0
26 132 0 0 132 64 2 0 0 0
27 528 0 0 132 0 0 0 0 0
fl=./nptl/./nptl/sem_destroy.c
fn=sem_destroy@@GLIBC_2.34
25 512 314 3 0 0 0 0 0 0
30 1024 0 0 512 0 0 0 0 0
fl=./nptl/./nptl/sem_init.c
fn=sem_init@@GLIBC_2.34
28 512 320 1 0 0 0 0 0 0
32 1024 0 0 0 0 0 0 0 0
50 1024 0 0 0 0 0 512 0 0
59 2560 0 0 0 0 0 512 0 0
61 512 0 0 0 0 0 0 0 0
62 512 0 0 512 0 0 0 0 0
fl=./nptl/./nptl/sem_post.c
fn=sem_post@@GLIBC_2.34
33 1983 805 3 0 0 0 0 0 0
35 1983 0 0 1983 116 1 0 0 0
43 1983 0 0 1983 0 0 0 0 0
46 3966 0 0 0 0 0 0 0 0
52 5949 0 0 1983 0 0 0 0 0
55 3966 0 0 0 0 0 0 0 0
76 1983 0 0 0 0 0 0 0 0
77 1983 0 0 1983 0 0 0 0 0
fl=./nptl/./nptl/sem_wait.c
fn=sem_trywait@@GLIBC_2.34
78 1852 536 1 0 0 0 0 0 0
82 3702 0 0 1851 0 0 0 0 0
83 2 1 1 1 1 0 1 1 0
84 1 0 0 0 0 0 0 0 0
85 1 0 0 1 0 0 0 0 0
fn=sem_wait@@GLIBC_2.34
25 792 62 3 0 0 0 264 3 0
37 132 0 0 0 0 0 132 2 0
44 528 0 0 396 0 0 0 0 0
fl=./nptl/./nptl/sem_waitcommon.c
fn=sem_trywait@@GLIBC_2.34
136 1852 0 0 1852 775 5 0 0 0
139 3704 0 0 0 0 0 0 0 0
141 5553 0 0 1851 0 0 0 0 0
fn=sem_wait@@GLIBC_2.34
136 132 0 0 132 73 6 0 0 0
139 264 0 0 0 0 0 0 0 0
141 396 60 2 132 0 0 0 0 0
fl=./posix/../malloc/dynarray-skeleton.c
fn=__unregister_atfork
243 6 0 0 6 1 1 0 0 0
fl=./posix/../sysdeps/posix/sysconf.c
fn=sysconf
60 42 12 6 3 2 2 0 0 0
83 3 1 1 0 0 0 1 0 0
221 6 1 1 0 0 0 2 0 0
fl=./posix/../sysdeps/unix/sysv/linux/_exit.c
fn=_Exit
27 2 1 1 1 0 0 0 0 0
30 4 0 0 0 0 0 0 0 0
fl=./posix/../sysdeps/unix/sysv/linux/x86/../sysconf.c
fn=sysconf
49 30 0 0 0 0 0 0 0 0
fl=./posix/../sysdeps/unix/sysv/linux/x86/sysconf.c
fn=sysconf
32 36 2 1 3 0 0 18 0 0
33 9 2 1 0 0 0 0 0 0
37 30 3 1 24 0 0 0 0 0
fl=./posix/./posix/confstr.c
fn=confstr
33 11 2 2 1 0 0 4 0 0
41 11 1 1 1 1 1 0 0 0
259 2 0 0 0 0 0 0 0 0
260 1 1 1 0 0 0 0 0 0
280 4 2 2 0 0 0 0 0 0
282 2 0 0 0 0 0 0 0 0
283 16 2 2 2 1 1 2 0 0
291 8 0 0 6 0 0 0 0 0
fl=./posix/./posix/register-atfork.c
fn=__unregister_atfork
71 12 1 1 0 0 0 0 0 0
82 36 1 1 0 0 0 12 0 0
83 24 0 0 6 1 1 0 0 0
109 24 1 1 12 0 0 0 0 0
110 18 0 0 18 0 0 0 0 0
fl=./resource/../sysdeps/unix/sysv/linux/getrlimit64.c
fn=getrlimit
38 2 1 1 0 0 0 0 0 0
39 7 0 0 0 0 0 0 0 0
40 1 0 0 1 0 0 0 0 0
fl=./setjmp/../sysdeps/x86_64/bsd-_setjmp.S
fn=_setjmp
28 1 1 1 0 0 0 0 0 0
30 1 0 0 0 0 0 0 0 0
32 1 0 0 0 0 0 0 0 0
fl=./setjmp/../sysdeps/x86_64/setjmp.S
fn=__sigsetjmp
31 15 2 2 0 0 0 0 0 0
33 15 0 0 0 0 0 15 1 1
42 15 0 0 0 0 0 0 0 0
43 30 0 0 15 0 0 0 0 0
44 15 0 0 0 0 0 15 0 0
48 15 0 0 0 0 0 15 0 0
49 15 0 0 0 0 0 15 0 0
50 15 0 0 0 0 0 15 0 0
51 15 0 0 0 0 0 15 0 0
52 15 0 0 0 0 0 0 0 0
54 30 1 1 15 0 0 0 0 0
56 15 0 0 0 0 0 15 0 0
57 15 1 1 15 0 0 0 0 0
58 15 0 0 0 0 0 0 0 0
60 30 0 0 15 0 0 0 0 0
62 15 0 0 0 0 0 15 0 0
67 1 0 0 1 1 0 0 0 0
68 1 0 0 0 0 0 0 0 0
70 14 0 0 0 0 0 0 0 0
73 14 0 0 0 0 0 0 0 0
74 14 0 0 0 0 0 14 1 1
81 14 0 0 0 0 0 0 0 0
82 14 0 0 14 0 0 0 0 0
85 1 1 1 0 0 0 0 0 0
fl=./setjmp/./setjmp/sigjmp.c
fn=__sigjmp_save
28 6 0 0 0 0 0 2 0 0
29 1 0 0 0 0 0 1 0 0
30 2 0 0 0 0 0 0 0 0
34 4 0 0 3 0 0 0 0 0
fl=./signal/../string/bits/string_fortified.h
fn=__libc_sigaction
29 1120 8 6 560 0 0 560 1 0
fl=./signal/../sysdeps/unix/sysv/linux/internal-signals.h
fn=sigaction
53 68 0 0 0 0 0 0 0 0
fl=./signal/../sysdeps/unix/sysv/linux/libc_sigaction.c
fn=__libc_sigaction
43 528 3 2 66 1 0 132 0 0
48 132 0 0 0 0 0 0 0 0
50 8 0 0 4 0 0 4 0 0
53 20 3 2 4 0 0 8 0 0
58 602 2 1 0 0 0 0 0 0
63 264 0 0 0 0 0 0 0 0
65 132 0 0 66 0 0 66 1 0
67 132 3 2 66 0 0 66 1 0
68 132 0 0 66 0 0 66 0 0
71 396 0 0 264 0 0 0 0 0
fl=./signal/../sysdeps/unix/sysv/linux/sigsetops.h
fn=sigemptyset
54 4 0 0 0 0 0 4 0 0
fl=./signal/./signal/allocrtsig.c
fn=__libc_current_sigrtmax
46 1 0 0 0 0 0 0 0 0
52 2 0 0 2 0 0 0 0 0
fn=__libc_current_sigrtmin
34 1 1 1 0 0 0 0 0 0
40 2 0 0 2 1 0 0 0 0
fl=./signal/./signal/sigaction.c
fn=sigaction
26 68 3 2 0 0 0 0 0 0
27 340 0 0 0 0 0 0 0 0
29 4 1 1 2 1 0 2 1 0
33 66 0 0 0 0 0 0 0 0
34 4 0 0 2 0 0 0 0 0
fl=./signal/./signal/sigempty.c
fn=sigemptyset
26 4 3 2 0 0 0 0 0 0
27 8 0 0 0 0 0 0 0 0
34 4 0 0 0 0 0 0 0 0
35 4 0 0 4 0 0 0 0 0
fl=./stdio-common/../include/printf_buffer.h
fn=__printf_buffer
148 3 1 1 2 0 0 0 0 0
149 3 0 0 0 0 0 2 0 0
163 8 1 1 0 0 0 0 0 0
164 5 2 2 0 0 0 1 0 0
fl=./stdio-common/../include/scratch_buffer.h
fn=__vfscanf_internal
77 24 0 0 0 0 0 16 0 0
78 8 0 0 0 0 0 8 0 0
85 32 1 1 16 0 0 0 0 0
113 112 0 0 0 0 0 16 0 0
fl=./stdio-common/../string/bits/string_fortified.h
fn=__printf_buffer_pad_1
59 3 0 0 0 0 0 1 0 0
fn=__printf_buffer_write
29 33 0 0 0 0 0 11 0 0
fn=__vfscanf_internal
59 8 0 0 0 0 0 8 0 0
fl=./stdio-common/./stdio-common/Xprintf_buffer_done.c
fn=__printf_buffer_done
25 3 2 2 0 0 0 0 0 0
26 9 0 0 3 0 0 0 0 0
31 6 2 2 6 0 0 0 0 0
33 36 0 0 3 0 0 0 0 0
40 3 0 0 3 0 0 0 0 0
fl=./stdio-common/./stdio-common/Xprintf_buffer_pad_1.c
fn=__printf_buffer_pad_1
24 9 2 2 0 0 0 5 0 0
25 3 0 0 1 0 0 0 0 0
33 5 1 1 2 0 0 0 0 0
36 1 0 0 0 0 0 0 0 0
37 2 0 0 0 0 0 0 0 0
39 1 0 0 0 0 0 0 0 0
40 3 0 0 1 0 0 1 0 0
43 2 0 0 0 0 0 0 0 0
44 6 1 1 6 0 0 0 0 0
fl=./stdio-common/./stdio-common/Xprintf_buffer_write.c
fn=__printf_buffer_write
27 168 2 2 0 0 0 105 0 0
28 63 0 0 21 0 0 0 0 0
31 86 0 0 0 0 0 0 0 0
33 55 2 2 22 0 0 0 0 0
36 11 0 0 0 0 0 0 0 0
37 22 0 0 0 0 0 0 0 0
40 33 0 0 11 0 0 11 0 0
41 11 0 0 0 0 0 0 0 0
44 126 2 2 126 0 0 0 0 0
fl=./stdio-common/./stdio-common/_itoa.c
fn=_itoa_word
169 1 1 1 0 0 0 0 0 0
172 4 1 1 0 0 0 0 0 0
174 2 0 0 0 0 0 0 0 0
183 16 2 2 1 1 1 1 0 0
192 2 0 0 1 0 0 0 0 0
fl=./stdio-common/./stdio-common/errlist.c
fn=__get_errlist
27 97 97 1 0 0 0 0 0 0
29 485 0 0 97 55 1 0 0 0
30 194 0 0 97 63 1 0 0 0
31 97 0 0 0 0 0 0 0 0
32 97 0 0 97 0 0 0 0 0
fl=./stdio-common/./stdio-common/fscanf.c
fn=fscanf
31 104 3 3 8 0 0 48 0 0
35 48 0 0 0 0 0 32 0 0
36 16 0 0 0 0 0 8 0 0
40 40 1 1 32 0 0 0 0 0
fl=./stdio-common/./stdio-common/printf-parse.h
fn=__printf_buffer
55 66 4 4 11 0 0 0 0 0
64 10 0 0 0 0 0 0 0 0
65 32 0 0 0 0 0 0 0 0
68 5 0 0 0 0 0 0 0 0
82 51 2 2 0 0 0 15 1 0
fn=__vfscanf_internal
55 320 1 1 80 0 0 48 0 0
fl=./stdio-common/./stdio-common/sprintf.c
fn=sprintf
25 13 3 3 1 0 0 6 0 0
29 6 1 1 0 0 0 4 0 0
30 5 0 0 0 0 0 1 0 0
34 5 0 0 4 0 0 0 0 0
fl=./stdio-common/./stdio-common/vfprintf-internal.c
fn=__printf_buffer
600 45 2 2 0 0 0 24 0 0
627 15 2 2 9 2 0 6 0 0
631 3 0 0 0 0 0 3 0 0
634 3 0 0 0 0 0 3 0 0
638 12 0 0 6 0 0 6 0 0
642 3 0 0 0 0 0 3 0 0
653 9 0 0 0 0 0 3 0 0
654 6 0 0 0 0 0 0 0 0
655 9 0 0 3 0 0 0 0 0
659 6 0 0 3 0 0 0 0 0
663 24 2 2 9 2 2 3 0 0
683 9 0 0 0 0 0 9 0 0
684 9 2 2 0 0 0 9 0 0
685 9 0 0 0 0 0 9 0 0
686 9 0 0 0 0 0 9 0 0
687 9 0 0 0 0 0 0 0 0
690 18 0 0 0 0 0 0 0 0
691 9 0 0 0 0 0 0 0 0
692 9 0 0 0 0 0 0 0 0
693 9 0 0 0 0 0 0 0 0
694 9 0 0 0 0 0 9 0 0
695 9 0 0 0 0 0 0 0 0
698 9 0 0 0 0 0 9 0 0
699 9 0 0 0 0 0 9 0 0
705 126 6 6 27 5 5 0 0 0
709 6 2 2 0 0 0 0 0 0
714 1 0 0 0 0 0 1 0 0
715 17 1 1 3 1 1 0 0 0
813 6 0 0 0 0 0 0 0 0
814 18 0 0 6 0 0 0 0 0
840 18 0 0 0 0 0 0 0 0
855 78 2 2 12 3 3 0 0 0
973 9 0 0 0 0 0 3 0 0
1018 9 0 0 9 0 0 0 0 0
1024 9 2 2 0 0 0 0 0 0
1028 27 2 2 0 0 0 9 0 0
1029 18 0 0 0 0 0 0 0 0
1031 36 0 0 15 0 0 0 0 0
1044 33 2 2 27 0 0 0 0 0
fl=./stdio-common/./stdio-common/vfprintf-process-arg.c
fn=__printf_buffer
35 1 1 1 0 0 0 1 0 0
48 2 0 0 0 0 0 0 0 0
49 1 0 0 1 0 0 0 0 0
50 2 1 1 0 0 0 0 0 0
52 2 0 0 0 0 0 0 0 0
53 8 0 0 2 0 0 1 0 0
57 2 0 0 0 0 0 0 0 0
58 3 0 0 0 0 0 0 0 0
67 1 1 1 0 0 0 0 0 0
136 2 1 1 0 0 0 0 0 0
147 1 0 0 0 0 0 0 0 0
155 15 1 1 2 0 0 7 0 0
161 9 1 1 2 0 0 2 0 0
166 6 1 1 4 0 0 1 0 0
170 2 1 1 0 0 0 1 0 0
186 5 1 1 0 0 0 0 0 0
187 4 1 1 1 0 0 0 0 0
195 7 0 0 0 0 0 1 0 0
197 3 0 0 1 0 0 0 0 0
199 4 1 1 1 0 0 0 0 0
201 7 1 1 2 0 0 1 0 0
206 2 0 0 0 0 0 0 0 0
208 4 1 1 2 0 0 0 0 0
209 1 1 1 0 0 0 0 0 0
211 2 0 0 1 0 0 0 0 0
217 2 0 0 0 0 0 0 0 0
224 2 0 0 0 0 0 0 0 0
233 2 0 0 0 0 0 0 0 0
236 2 0 0 1 0 0 0 0 0
240 5 1 1 2 0 0 1 0 0
403 64 1 1 24 0 0 8 0 0
408 16 1 1 0 0 0 0 0 0
422 48 1 1 0 0 0 0 0 0
430 16 0 0 0 0 0 0 0 0
433 25 1 1 0 0 0 5 0 0
435 12 1 1 0 0 0 3 0 0
455 24 0 0 8 0 0 0 0 0
461 6 1 1 2 0 0 0 0 0
491 8 1 1 0 0 0 0 0 0
501 32 1 1 0 0 0 8 0 0
502 8 0 0 0 0 0 0 0 0
fl=./stdio-common/./stdio-common/vfscanf-internal.c
fn=__vfscanf_internal
206 80 1 1 80 0 0 0 0 0
214 32 0 0 0 0 0 0 0 0
222 192 0 0 0 0 0 48 0 0
223 96 0 0 48 0 0 0 0 0
231 16 0 0 16 0 0 0 0 0
260 528 1 1 256 0 0 0 0 0
263 432 0 0 0 0 0 288 0 0
278 104 2 2 0 0 0 72 3 0
282 8 0 0 0 0 0 8 0 0
283 24 0 0 0 0 0 8 0 0
284 8 0 0 0 0 0 0 0 0
288 40 0 0 24 0 0 16 0 0
289 16 1 1 8 1 0 8 1 0
293 8 0 0 0 0 0 8 0 0
313 8 0 0 0 0 0 8 0 0
325 8 1 1 0 0 0 8 0 0
326 8 0 0 0 0 0 8 0 0
327 8 0 0 0 0 0 8 0 0
328 8 0 0 0 0 0 8 0 0
332 8 1 1 0 0 0 8 0 0
339 40 1 1 16 0 0 24 0 0
345 39 0 0 8 0 0 1 0 0
348 32 0 0 16 0 0 0 0 0
352 16 0 0 16 0 0 0 0 0
359 16 0 0 8 1 0 8 0 0
365 8 0 0 8 1 0 0 0 0
367 32 0 0 8 1 1 8 0 0
372 160 5 5 56 1 0 48 1 0
381 384 1 1 192 1 1 0 0 0
419 176 0 0 0 0 0 0 0 0
443 224 1 1 88 0 0 48 0 0
444 176 0 0 0 0 0 0 0 0
447 200 1 1 120 0 0 0 0 0
449 64 1 1 0 0 0 32 0 0
454 72 0 0 24 0 0 8 0 0
462 24 0 0 8 0 0 0 0 0
470 16 0 0 0 0 0 0 0 0
483 48 0 0 0 0 0 48 0 0
489 240 0 0 48 0 0 0 0 0
506 560 2 2 32 0 0 32 0 0
509 32 0 0 0 0 0 0 0 0
510 32 0 0 0 0 0 0 0 0
530 48 0 0 0 0 0 0 0 0
533 464 1 1 48 1 1 48 0 0
546 48 1 1 16 1 1 0 0 0
554 16 0 0 16 0 0 0 0 0
660 96 1 1 0 0 0 0 0 0
664 96 1 1 0 0 0 48 0 0
665 288 0 0 48 0 0 0 0 0
669 96 0 0 96 0 0 0 0 0
670 480 1 1 48 0 0 192 0 0
676 722 3 3 239 0 0 80 0 0
679 480 0 0 160 3 2 0 0 0
680 384 1 1 144 0 0 48 0 0
681 384 0 0 0 0 0 144 0 0
685 752 3 3 240 2 2 144 0 0
1041 93 1 1 31 0 0 0 0 0
1064 160 0 0 32 0 0 32 0 0
1066 96 0 0 0 0 0 0 0 0
1068 288 1 1 96 0 0 32 0 0
1078 964 2 2 290 0 0 32 0 0
1080 128 1 1 0 0 0 64 0 0
1191 1646 1 1 580 3 0 193 0 0
1193 128 1 1 32 0 0 0 0 0
1449 112 2 2 48 0 0 16 0 0
1454 48 0 0 0 0 0 0 0 0
1463 112 2 2 0 0 0 0 0 0
1465 64 0 0 0 0 0 0 0 0
1469 112 1 1 48 0 0 16 0 0
1471 128 0 0 48 1 1 0 0 0
1483 32 0 0 0 0 0 0 0 0
1493 32 1 1 0 0 0 0 0 0
1500 48 1 1 0 0 0 0 0 0
1741 64 0 0 16 0 0 16 0 0
1812 384 1 1 0 0 0 0 0 0
1814 256 0 0 0 0 0 0 0 0
1816 656 0 0 384 2 2 0 0 0
1821 48 1 1 16 0 0 16 0 0
1876 112 0 0 0 0 0 0 0 0
1878 448 0 0 0 0 0 0 0 0
1880 1008 1 1 336 1 0 112 0 0
1883 32 0 0 0 0 0 0 0 0
1890 32 1 1 0 0 0 0 0 0
1891 32 0 0 0 0 0 0 0 0
1919 160 1 1 48 0 0 32 0 0
1923 32 0 0 16 0 0 0 0 0
1940 48 0 0 0 0 0 0 0 0
1941 32 1 1 0 0 0 0 0 0
1944 64 1 1 16 0 0 16 0 0
1947 48 1 1 32 0 0 0 0 0
1950 80 0 0 16 0 0 16 0 0
1952 32 0 0 0 0 0 0 0 0
1956 16 0 0 0 0 0 0 0 0
1969 32 1 1 0 0 0 0 0 0
1970 192 1 1 64 0 0 32 0 0
1979 32 0 0 16 0 0 0 0 0
3078 32 1 1 0 0 0 0 0 0
3083 16 1 1 0 0 0 0 0 0
3094 48 1 1 16 0 0 0 0 0
3097 48 1 1 0 0 0 0 0 0
3104 104 1 1 32 0 0 24 0 0
3108 16 0 0 8 0 0 0 0 0
3125 16 0 0 8 0 0 0 0 0
3131 96 1 1 80 0 0 0 0 0
fl=./stdio-common/./stdio-common/vfscanf.c
fn=vfscanf
27 8 1 1 0 0 0 0 0 0
28 16 0 0 0 0 0 0 0 0
fl=./stdlib/../stdlib/strtol.c
fn=__strtoul_internal
107 16 1 1 0 0 0 0 0 0
108 64 0 0 32 0 0 0 0 0
fl=./stdlib/../stdlib/strtol_l.c
fn=____strtoul_l_internal
238 208 1 1 0 0 0 144 0 0
252 16 1 1 16 0 0 0 0 0
257 16 0 0 0 0 0 0 0 0
264 32 0 0 0 0 0 0 0 0
292 16 0 0 0 0 0 0 0 0
295 64 0 0 0 0 0 0 0 0
304 96 0 0 64 0 0 0 0 0
306 32 1 1 0 0 0 0 0 0
310 16 0 0 0 0 0 16 0 0
311 32 0 0 0 0 0 0 0 0
316 32 0 0 0 0 0 0 0 0
320 32 1 1 0 0 0 0 0 0
322 112 1 1 48 2 0 0 0 0
327 32 1 1 16 0 0 0 0 0
332 80 2 2 0 0 0 0 0 0
390 32 0 0 16 1 1 0 0 0
391 80 0 0 16 1 1 16 0 0
393 16 0 0 0 0 0 0 0 0
394 16 0 0 0 0 0 0 0 0
395 32 1 1 0 0 0 0 0 0
449 256 0 0 128 0 0 0 0 0
451 512 0 0 0 0 0 0 0 0
453 384 1 1 0 0 0 0 0 0
460 24 0 0 0 0 0 0 0 0
477 40 1 1 28 1 1 0 0 0
478 40 0 0 12 1 1 0 0 0
481 384 0 0 0 0 0 0 0 0
484 512 1 1 0 0 0 0 0 0
489 160 0 0 0 0 0 0 0 0
490 384 0 0 0 0 0 0 0 0
495 32 0 0 0 0 0 0 0 0
500 48 0 0 16 0 0 0 0 0
501 16 0 0 0 0 0 16 0 0
513 32 0 0 0 0 0 0 0 0
524 80 1 1 16 0 0 0 0 0
546 144 0 0 112 0 0 0 0 0
fl=./stdlib/../string/bits/string_fortified.h
fn=msort_with_tmp.part.0
29 718 0 0 534 0 0 2 0 0
fl=./stdlib/./stdlib/cxa_atexit.c
fn=__cxa_atexit
41 2 1 1 0 0 0 0 0 0
43 8 0 0 1 1 0 0 0 0
44 2 0 0 0 0 0 1 0 0
46 2 0 0 0 0 0 0 0 0
52 3 0 0 1 0 0 0 0 0
53 1 0 0 0 0 0 1 0 0
54 1 0 0 0 0 0 1 0 0
55 1 1 1 0 0 0 1 0 0
56 1 0 0 0 0 0 1 0 0
57 4 0 0 2 0 0 0 0 0
58 1 0 0 0 0 0 0 0 0
67 7 1 1 0 0 0 5 0 0
69 6 0 0 6 0 0 0 0 0
fn=__new_exitfn
80 5 1 1 0 0 0 3 0 0
81 1 0 0 0 0 0 0 0 0
86 2 0 0 1 1 1 0 0 0
91 10 0 0 2 1 0 0 0 0
93 4 1 1 1 1 0 0 0 0
101 1 0 0 0 0 0 1 0 0
122 1 0 0 0 0 0 0 0 0
123 1 1 1 0 0 0 1 0 0
134 1 0 0 0 0 0 0 0 0
136 1 1 1 0 0 0 1 0 0
137 1 0 0 1 0 0 0 0 0
141 5 0 0 4 0 0 0 0 0
fl=./stdlib/./stdlib/cxa_finalize.c
fn=__cxa_finalize
30 60 1 1 0 0 0 36 1 1
33 42 0 0 6 0 0 0 0 0
36 42 2 2 12 0 0 0 0 0
40 42 0 0 6 0 0 0 0 0
93 42 2 2 12 1 1 0 0 0
97 36 0 0 6 1 1 0 0 0
105 12 0 0 0 0 0 6 0 0
106 24 0 0 12 0 0 0 0 0
107 48 0 0 42 0 0 0 0 0
fl=./stdlib/./stdlib/cxa_thread_atexit_impl.c
fn=__call_tls_dtors
148 5 1 1 0 0 0 3 0 0
149 4 1 1 2 0 0 0 0 0
165 4 1 1 4 0 0 0 0 0
fl=./stdlib/./stdlib/exit.c
fn=__run_exit_handlers
38 12 1 1 0 0 0 8 1 1
40 2 0 0 0 0 0 0 0 0
41 2 1 1 0 0 0 1 0 0
43 5 1 1 1 1 1 0 0 0
54 2 0 0 2 1 1 0 0 0
56 2 0 0 0 0 0 0 0 0
60 1 0 0 0 0 0 1 1 1
64 6 0 0 2 1 1 0 0 0
66 2 1 1 0 0 0 1 0 0
67 1 0 0 1 0 0 0 0 0
69 7 0 0 1 0 0 0 0 0
94 2 0 0 0 0 0 0 0 0
101 1 0 0 0 0 0 1 0 0
102 1 1 1 1 0 0 0 0 0
103 1 0 0 1 0 0 0 0 0
104 3 0 0 1 0 0 0 0 0
107 4 0 0 2 0 0 0 0 0
108 3 0 0 0 0 0 1 0 0
109 4 1 1 1 0 0 0 0 0
113 3 1 1 1 0 0 0 0 0
119 3 1 1 2 0 0 1 0 0
120 2 0 0 0 0 0 0 0 0
126 4 1 1 2 0 0 0 0 0
128 2 0 0 1 0 0 0 0 0
129 2 0 0 0 0 0 1 0 0
131 2 0 0 0 0 0 1 0 0
fn=exit
137 3 1 1 0 0 0 1 0 0
138 4 0 0 0 0 0 1 0 0
fl=./stdlib/./stdlib/getenv.c
fn=getenv
24 432 10 4 0 0 0 288 0 0
25 384 0 0 144 27 17 0 0 0
28 96 0 0 0 0 0 48 0 0
29 14344 0 0 3598 58 11 0 0 0
31 7106 5 2 3553 230 41 0 0 0
32 1068 0 0 3 0 0 177 0 0
33 3 0 0 0 0 0 0 0 0
37 432 0 0 336 0 0 0 0 0
fl=./stdlib/./stdlib/mbstowcs.c
fn=mbstowcs
28 7216 103 1 902 0 0 2706 0 0
31 1804 100 1 0 0 0 902 0 0
33 1804 0 0 0 0 0 902 0 0
34 4510 0 0 3608 0 0 0 0 0
fl=./stdlib/./stdlib/qsort.c
fn=msort_with_tmp.part.0
196 2136 1 1 0 0 0 1602 7 0
201 1347 0 0 95 0 0 175 0 0
204 356 0 0 0 0 0 0 0 0
205 356 0 0 0 0 0 0 0 0
206 178 0 0 178 0 0 0 0 0
207 534 1 1 178 0 0 0 0 0
212 356 1 1 261 0 0 0 0 0
213 356 0 0 178 0 0 178 0 0
214 356 1 1 178 0 0 178 0 0
215 356 0 0 178 0 0 178 0 0
216 1246 1 1 178 0 0 0 0 0
273 2624 1 1 0 0 0 0 0 0
275 3969 1 1 1134 0 0 567 1 0
277 2799 0 0 567 0 0 558 0 0
278 1116 0 0 558 0 0 0 0 0
279 558 0 0 0 0 0 0 0 0
283 36 0 0 0 0 0 9 0 0
284 18 0 0 9 0 0 0 0 0
285 9 0 0 0 0 0 0 0 0
291 358 0 0 0 0 0 0 0 0
292 4 0 0 2 0 0 0 0 0
293 712 1 1 534 0 0 0 0 0
294 1246 0 0 1068 0 0 0 0 0
fn=qsort
404 3 1 1 0 0 0 0 0 0
405 6 0 0 0 0 0 0 0 0
fn=qsort_r
132 21 0 0 0 0 0 0 0 0
134 6 0 0 0 0 0 0 0 0
135 3 1 1 0 0 0 0 0 0
136 6 0 0 0 0 0 0 0 0
140 6 1 1 0 0 0 0 0 0
201 3 0 0 0 0 0 3 0 0
344 36 2 2 3 0 0 21 0 0
345 18 0 0 0 0 0 0 0 0
350 3 0 0 0 0 0 0 0 0
353 6 0 0 0 0 0 0 0 0
354 3 0 0 0 0 0 0 0 0
356 6 0 0 0 0 0 0 0 0
357 6 1 1 0 0 0 0 0 0
360 5 2 2 2 2 0 3 0 0
361 2 0 0 0 0 0 1 0 0
362 3 0 0 2 0 0 1 0 0
363 4 0 0 2 0 0 0 0 0
385 15 1 1 0 0 0 15 0 0
396 6 0 0 0 0 0 0 0 0
397 2 0 0 0 0 0 1 0 0
398 33 1 1 27 0 0 0 0 0
fl=./stdlib/./stdlib/setenv.c
fn=unsetenv
238 7 1 1 0 0 0 5 0 0
242 9 1 1 1 0 0 1 0 0
248 3 0 0 0 0 0 1 0 0
250 4 0 0 1 1 1 0 0 0
252 2 1 1 2 0 0 0 0 0
253 2 0 0 0 0 0 0 0 0
254 231 0 0 77 0 0 0 0 0
256 456 0 0 0 0 0 76 0 0
267 76 0 0 0 0 0 0 0 0
270 4 1 1 2 0 0 0 0 0
272 1 0 0 0 0 0 0 0 0
273 6 0 0 6 0 0 0 0 0
fl=./stdlib/./stdlib/wcstombs.c
fn=wcstombs
28 62360 31 1 7795 3 0 23385 7 0
31 15590 0 0 0 0 0 7795 0 0
34 15590 0 0 0 0 0 7795 1 0
35 38975 30 1 31180 0 0 0 0 0
fl=./string/../include/rtld-malloc.h
fn=strdup
56 18 0 0 9 0 0 9 0 0
fl=./string/../string/bits/string_fortified.h
fn=memmem
59 80 4 2 0 0 0 64 0 0
fn=strdup
29 16 0 0 0 0 0 0 0 0
fl=./string/../string/strcspn.c
fn=strcspn
32 6 1 1 0 0 0 2 1 1
33 3 0 0 1 0 0 0 0 0
34 2 0 0 1 0 0 0 0 0
39 6 0 0 0 0 0 4 0 0
40 4 1 1 0 0 0 4 0 0
41 4 0 0 0 0 0 4 1 1
42 4 0 0 0 0 0 4 0 0
44 1 0 0 0 0 0 0 0 0
47 9 1 1 3 0 0 3 0 0
48 6 0 0 0 0 0 0 0 0
51 4 0 0 2 0 0 0 0 0
52 4 0 0 2 0 0 0 0 0
53 4 1 1 2 0 0 0 0 0
54 4 0 0 2 0 0 0 0 0
56 3 0 0 0 0 0 0 0 0
61 23 0 0 0 0 0 0 0 0
62 46 0 0 46 1 1 0 0 0
63 46 1 1 46 0 0 0 0 0
64 46 0 0 46 0 0 0 0 0
65 23 0 0 23 0 0 0 0 0
67 138 0 0 23 0 0 0 0 0
69 1 0 0 0 0 0 0 0 0
70 4 0 0 0 0 0 0 0 0
71 3 0 0 3 0 0 0 0 0
fl=./string/../string/strstr.c
fn=__GI_strstr
77 36 3 1 3 0 0 21 0 0
82 9 3 1 3 3 1 0 0 0
84 15 0 0 0 0 0 3 0 0
85 6 0 0 0 0 0 0 0 0
86 6 3 1 0 0 0 0 0 0
161 36 0 0 27 0 0 0 0 0
fl=./string/../sysdeps/x86/cacheinfo.c
fn=__x86_cacheinfo
86 1 1 1 0 0 0 0 0 0
fl=./string/../sysdeps/x86/cacheinfo.h
fn=__x86_cacheinfo
59 1 0 0 1 0 0 0 0 0
62 3 1 1 1 1 0 0 0 0
64 3 0 0 0 0 0 1 0 0
65 1 0 0 0 0 0 1 1 1
71 3 0 0 1 0 0 0 0 0
73 3 1 1 0 0 0 1 0 0
74 1 0 0 0 0 0 1 0 0
78 2 0 0 1 0 0 1 1 1
80 2 0 0 1 0 0 1 0 0
81 2 0 0 1 0 0 1 0 0
82 2 0 0 1 0 0 1 0 0
84 2 1 1 1 1 0 0 0 0
86 2 0 0 1 0 0 0 0 0
fl=./string/../sysdeps/x86_64/multiarch/../multiarch/memset-vec-unaligned-erms.S
fn=memset
132 13 1 1 0 0 0 0 0 0
133 65 0 0 0 0 0 0 0 0
138 13 0 0 0 0 0 0 0 0
139 13 0 0 0 0 0 0 0 0
142 3 0 0 0 0 0 0 0 0
143 3 0 0 0 0 0 0 0 0
145 1 0 0 0 0 0 1 1 1
146 1 0 0 0 0 0 1 0 0
147 1 0 0 1 0 0 0 0 0
244 2 1 1 0 0 0 2 2 2
245 2 0 0 0 0 0 2 0 0
257 2 0 0 0 0 0 0 0 0
260 2 0 0 0 0 0 0 0 0
261 2 0 0 0 0 0 0 0 0
273 2 0 0 0 0 0 2 0 0
274 2 0 0 0 0 0 2 1 1
287 2 0 0 0 0 0 0 0 0
288 2 0 0 0 0 0 0 0 0
290 2 0 0 0 0 0 0 0 0
293 1 0 0 0 0 0 0 0 0
296 2 0 0 0 0 0 0 0 0
299 35 0 0 0 0 0 35 34 34
300 35 0 0 0 0 0 35 0 0
301 35 0 0 0 0 0 35 0 0
302 35 0 0 0 0 0 35 0 0
303 35 0 0 0 0 0 0 0 0
304 35 0 0 0 0 0 0 0 0
305 35 0 0 0 0 0 0 0 0
308 2 0 0 0 0 0 2 1 1
309 2 0 0 0 0 0 2 0 0
310 2 0 0 0 0 0 2 0 0
311 2 0 0 0 0 0 2 0 0
316 2 0 0 2 0 0 0 0 0
350 10 1 1 0 0 0 0 0 0
352 10 0 0 0 0 0 0 0 0
353 10 0 0 0 0 0 0 0 0
392 10 1 1 0 0 0 10 6 6
393 10 0 0 0 0 0 10 0 0
395 10 0 0 10 0 0 0 0 0
fl=./string/../sysdeps/x86_64/multiarch/../multiarch/strchr-sse2.S
fn=index
32 33 1 1 0 0 0 0 0 0
33 33 0 0 0 0 0 0 0 0
34 33 0 0 0 0 0 0 0 0
35 33 0 0 0 0 0 0 0 0
36 33 1 1 0 0 0 0 0 0
37 33 0 0 0 0 0 0 0 0
38 33 0 0 0 0 0 0 0 0
39 33 0 0 0 0 0 0 0 0
40 33 0 0 0 0 0 0 0 0
41 33 0 0 33 2 2 0 0 0
42 33 0 0 0 0 0 0 0 0
43 33 0 0 0 0 0 0 0 0
44 33 0 0 0 0 0 0 0 0
45 33 0 0 0 0 0 0 0 0
46 33 0 0 0 0 0 0 0 0
47 33 0 0 0 0 0 0 0 0
48 33 0 0 0 0 0 0 0 0
49 33 0 0 0 0 0 0 0 0
50 30 0 0 0 0 0 0 0 0
54 30 0 0 0 0 0 0 0 0
55 30 1 1 0 0 0 0 0 0
56 30 0 0 30 0 0 0 0 0
57 30 0 0 0 0 0 0 0 0
59 30 0 0 30 0 0 0 0 0
63 3 0 0 3 1 1 0 0 0
64 3 0 0 0 0 0 0 0 0
65 3 0 0 0 0 0 0 0 0
66 3 0 0 0 0 0 0 0 0
67 3 0 0 0 0 0 0 0 0
68 3 0 0 0 0 0 0 0 0
69 3 0 0 3 1 1 0 0 0
70 3 0 0 0 0 0 0 0 0
71 3 0 0 0 0 0 0 0 0
72 3 0 0 0 0 0 0 0 0
73 3 0 0 0 0 0 0 0 0
74 3 1 1 0 0 0 0 0 0
75 3 0 0 0 0 0 0 0 0
76 3 0 0 3 0 0 0 0 0
77 3 0 0 0 0 0 0 0 0
78 3 0 0 0 0 0 0 0 0
79 3 0 0 0 0 0 0 0 0
80 3 0 0 0 0 0 0 0 0
81 3 0 0 0 0 0 0 0 0
82 3 0 0 0 0 0 0 0 0
83 3 0 0 0 0 0 0 0 0
84 3 0 0 0 0 0 0 0 0
85 3 0 0 0 0 0 0 0 0
86 5 0 0 0 0 0 0 0 0
91 1 1 1 0 0 0 0 0 0
92 1 0 0 0 0 0 0 0 0
95 1 0 0 0 0 0 0 0 0
96 1 0 0 1 0 0 0 0 0
97 1 0 0 1 0 0 0 0 0
98 1 0 0 1 0 0 0 0 0
99 1 0 0 0 0 0 0 0 0
100 1 0 0 1 0 0 0 0 0
101 1 0 0 0 0 0 0 0 0
102 1 0 0 0 0 0 0 0 0
103 1 0 0 1 0 0 0 0 0
104 1 0 0 0 0 0 0 0 0
105 1 0 0 1 0 0 0 0 0
106 1 0 0 1 0 0 0 0 0
107 1 1 1 0 0 0 0 0 0
108 1 0 0 1 0 0 0 0 0
109 1 0 0 0 0 0 0 0 0
110 1 0 0 0 0 0 0 0 0
111 1 0 0 0 0 0 0 0 0
112 1 0 0 0 0 0 0 0 0
114 1 0 0 0 0 0 0 0 0
115 1 0 0 0 0 0 0 0 0
117 1 0 0 1 0 0 0 0 0
118 1 0 0 0 0 0 0 0 0
119 1 0 0 0 0 0 0 0 0
120 1 0 0 0 0 0 0 0 0
121 1 0 0 0 0 0 0 0 0
122 1 0 0 0 0 0 0 0 0
123 1 0 0 0 0 0 0 0 0
124 1 0 0 0 0 0 0 0 0
126 1 0 0 0 0 0 0 0 0
127 1 1 1 0 0 0 0 0 0
128 1 0 0 0 0 0 0 0 0
129 1 0 0 0 0 0 0 0 0
130 1 0 0 0 0 0 0 0 0
131 1 0 0 0 0 0 0 0 0
132 1 0 0 0 0 0 0 0 0
133 1 0 0 0 0 0 0 0 0
134 1 0 0 0 0 0 0 0 0
135 1 0 0 0 0 0 0 0 0
138 3 0 0 0 0 0 0 0 0
142 3 0 0 0 0 0 0 0 0
143 3 0 0 0 0 0 0 0 0
144 3 0 0 3 0 0 0 0 0
145 3 0 0 0 0 0 0 0 0
147 3 0 0 3 0 0 0 0 0
fl=./string/../sysdeps/x86_64/multiarch/../multiarch/strcmp-sse2.S
fn=strcmp
98 980 32 4 0 0 0 0 0 0
131 980 0 0 0 0 0 0 0 0
132 980 0 0 0 0 0 0 0 0
134 980 0 0 0 0 0 0 0 0
135 980 0 0 0 0 0 0 0 0
156 980 0 0 0 0 0 0 0 0
157 980 0 0 0 0 0 0 0 0
158 675 0 0 0 0 0 0 0 0
159 675 0 0 0 0 0 0 0 0
160 492 0 0 492 114 78 0 0 0
161 492 25 4 492 14 8 0 0 0
162 492 0 0 492 0 0 0 0 0
163 492 0 0 492 0 0 0 0 0
180 492 0 0 0 0 0 0 0 0
181 492 0 0 0 0 0 0 0 0
182 492 0 0 0 0 0 0 0 0
183 492 0 0 0 0 0 0 0 0
184 492 0 0 0 0 0 0 0 0
185 492 0 0 0 0 0 0 0 0
186 492 0 0 0 0 0 0 0 0
191 33 0 0 0 0 0 0 0 0
192 99 0 0 0 0 0 0 0 0
201 521 36 4 0 0 0 0 0 0
202 521 0 0 0 0 0 0 0 0
203 521 0 0 0 0 0 0 0 0
204 521 0 0 0 0 0 0 0 0
205 521 0 0 0 0 0 0 0 0
206 521 0 0 0 0 0 0 0 0
207 521 0 0 0 0 0 0 0 0
208 521 0 0 0 0 0 0 0 0
209 507 0 0 0 0 0 0 0 0
210 161 0 0 0 0 0 0 0 0
211 161 0 0 0 0 0 0 0 0
212 161 0 0 0 0 0 0 0 0
214 507 0 0 0 0 0 0 0 0
215 507 0 0 0 0 0 0 0 0
216 507 0 0 0 0 0 0 0 0
217 507 0 0 507 39 4 0 0 0
218 507 0 0 0 0 0 0 0 0
219 507 0 0 0 0 0 0 0 0
229 14 3 1 14 0 0 0 0 0
230 14 0 0 0 0 0 0 0 0
231 14 0 0 0 0 0 0 0 0
233 14 0 0 14 3 1 0 0 0
239 14 0 0 0 0 0 0 0 0
240 14 0 0 0 0 0 0 0 0
241 14 0 0 0 0 0 0 0 0
242 14 0 0 0 0 0 0 0 0
243 14 0 0 0 0 0 0 0 0
248 14 0 0 0 0 0 0 0 0
250 4 0 0 0 0 0 0 0 0
251 4 0 0 0 0 0 0 0 0
252 8 0 0 0 0 0 0 0 0
260 4 3 1 4 0 0 0 0 0
261 4 0 0 4 2 2 0 0 0
264 4 0 0 0 0 0 0 0 0
265 4 0 0 0 0 0 0 0 0
266 4 0 0 0 0 0 0 0 0
267 4 0 0 0 0 0 0 0 0
268 4 0 0 0 0 0 0 0 0
269 4 0 0 0 0 0 0 0 0
300 10 2 1 0 0 0 0 0 0
301 10 0 0 10 1 0 0 0 0
302 10 0 0 10 1 1 0 0 0
303 10 0 0 0 0 0 0 0 0
304 10 0 0 0 0 0 0 0 0
306 10 0 0 0 0 0 0 0 0
307 10 0 0 0 0 0 0 0 0
308 10 2 1 0 0 0 0 0 0
309 10 0 0 0 0 0 0 0 0
310 10 0 0 0 0 0 0 0 0
311 10 0 0 0 0 0 0 0 0
312 10 0 0 0 0 0 0 0 0
313 5 0 0 5 0 0 0 0 0
316 5 0 0 0 0 0 0 0 0
317 5 0 0 0 0 0 0 0 0
318 5 0 0 0 0 0 0 0 0
324 5 0 0 0 0 0 0 0 0
325 5 0 0 0 0 0 0 0 0
326 10 0 0 0 0 0 0 0 0
330 5 2 1 0 0 0 0 0 0
331 5 0 0 0 0 0 0 0 0
334 5 0 0 5 0 0 0 0 0
335 5 0 0 5 2 1 0 0 0
336 5 0 0 0 0 0 0 0 0
338 5 0 0 0 0 0 0 0 0
339 5 0 0 0 0 0 0 0 0
340 5 0 0 0 0 0 0 0 0
344 5 0 0 0 0 0 0 0 0
345 5 0 0 0 0 0 0 0 0
346 5 0 0 0 0 0 0 0 0
347 5 0 0 0 0 0 0 0 0
348 5 0 0 0 0 0 0 0 0
349 5 2 1 0 0 0 0 0 0
424 2 1 1 0 0 0 0 0 0
425 2 0 0 2 0 0 0 0 0
426 2 0 0 2 0 0 0 0 0
427 2 0 0 0 0 0 0 0 0
428 2 0 0 0 0 0 0 0 0
430 2 0 0 0 0 0 0 0 0
431 2 0 0 0 0 0 0 0 0
432 2 1 1 0 0 0 0 0 0
433 2 0 0 0 0 0 0 0 0
434 2 0 0 0 0 0 0 0 0
435 2 0 0 0 0 0 0 0 0
436 2 0 0 0 0 0 0 0 0
437 2 0 0 2 0 0 0 0 0
440 2 0 0 0 0 0 0 0 0
441 2 0 0 0 0 0 0 0 0
442 2 0 0 0 0 0 0 0 0
448 2 0 0 0 0 0 0 0 0
449 2 0 0 0 0 0 0 0 0
450 4 0 0 0 0 0 0 0 0
454 2 1 1 0 0 0 0 0 0
455 2 0 0 0 0 0 0 0 0
458 2 0 0 2 0 0 0 0 0
459 2 0 0 2 0 0 0 0 0
460 2 0 0 0 0 0 0 0 0
462 2 0 0 0 0 0 0 0 0
463 2 0 0 0 0 0 0 0 0
464 2 0 0 0 0 0 0 0 0
468 2 0 0 0 0 0 0 0 0
469 2 0 0 0 0 0 0 0 0
470 2 0 0 0 0 0 0 0 0
471 2 0 0 0 0 0 0 0 0
472 2 0 0 0 0 0 0 0 0
473 2 1 1 0 0 0 0 0 0
542 5 2 1 0 0 0 0 0 0
543 5 0 0 5 2 2 0 0 0
544 5 0 0 5 0 0 0 0 0
545 5 0 0 0 0 0 0 0 0
546 5 0 0 0 0 0 0 0 0
548 5 0 0 0 0 0 0 0 0
549 5 0 0 0 0 0 0 0 0
550 5 2 1 0 0 0 0 0 0
551 5 0 0 0 0 0 0 0 0
552 5 0 0 0 0 0 0 0 0
553 5 0 0 0 0 0 0 0 0
554 5 0 0 0 0 0 0 0 0
555 3 0 0 3 0 0 0 0 0
559 3 0 0 0 0 0 0 0 0
560 3 0 0 0 0 0 0 0 0
561 3 0 0 0 0 0 0 0 0
567 3 0 0 0 0 0 0 0 0
568 3 0 0 0 0 0 0 0 0
569 6 0 0 0 0 0 0 0 0
573 3 3 1 0 0 0 0 0 0
574 3 0 0 0 0 0 0 0 0
577 3 0 0 3 0 0 0 0 0
578 3 0 0 3 1 1 0 0 0
579 3 0 0 0 0 0 0 0 0
581 3 0 0 0 0 0 0 0 0
582 3 0 0 0 0 0 0 0 0
583 3 0 0 0 0 0 0 0 0
587 3 0 0 0 0 0 0 0 0
588 3 0 0 0 0 0 0 0 0
589 3 0 0 0 0 0 0 0 0
590 3 0 0 0 0 0 0 0 0
591 3 0 0 0 0 0 0 0 0
592 3 3 1 0 0 0 0 0 0
661 4 2 1 0 0 0 0 0 0
662 4 0 0 4 0 0 0 0 0
663 4 0 0 4 0 0 0 0 0
664 4 0 0 0 0 0 0 0 0
665 4 0 0 0 0 0 0 0 0
667 4 0 0 0 0 0 0 0 0
668 4 0 0 0 0 0 0 0 0
669 4 2 1 0 0 0 0 0 0
670 4 0 0 0 0 0 0 0 0
671 4 0 0 0 0 0 0 0 0
672 4 0 0 0 0 0 0 0 0
673 4 0 0 0 0 0 0 0 0
674 3 0 0 3 0 0 0 0 0
678 3 0 0 0 0 0 0 0 0
679 3 0 0 0 0 0 0 0 0
680 3 0 0 0 0 0 0 0 0
686 3 0 0 0 0 0 0 0 0
687 3 0 0 0 0 0 0 0 0
688 6 0 0 0 0 0 0 0 0
692 3 2 1 0 0 0 0 0 0
693 3 0 0 0 0 0 0 0 0
696 3 0 0 3 1 1 0 0 0
697 3 0 0 3 1 1 0 0 0
698 3 0 0 0 0 0 0 0 0
700 3 0 0 0 0 0 0 0 0
701 3 0 0 0 0 0 0 0 0
702 3 0 0 0 0 0 0 0 0
706 3 0 0 0 0 0 0 0 0
707 3 0 0 0 0 0 0 0 0
708 3 0 0 0 0 0 0 0 0
709 3 0 0 0 0 0 0 0 0
710 3 0 0 0 0 0 0 0 0
711 3 2 1 0 0 0 0 0 0
780 9 3 2 0 0 0 0 0 0
781 9 0 0 9 2 1 0 0 0
782 9 0 0 9 0 0 0 0 0
783 9 0 0 0 0 0 0 0 0
784 9 0 0 0 0 0 0 0 0
786 9 0 0 0 0 0 0 0 0
787 9 0 0 0 0 0 0 0 0
788 9 3 2 0 0 0 0 0 0
789 9 0 0 0 0 0 0 0 0
790 9 0 0 0 0 0 0 0 0
791 9 0 0 0 0 0 0 0 0
792 9 0 0 0 0 0 0 0 0
793 5 0 0 5 0 0 0 0 0
797 5 0 0 0 0 0 0 0 0
798 5 0 0 0 0 0 0 0 0
799 5 0 0 0 0 0 0 0 0
805 5 0 0 0 0 0 0 0 0
806 5 0 0 0 0 0 0 0 0
807 10 0 0 0 0 0 0 0 0
811 5 2 1 0 0 0 0 0 0
812 5 0 0 0 0 0 0 0 0
815 5 0 0 5 1 1 0 0 0
816 5 0 0 5 1 1 0 0 0
817 5 0 0 0 0 0 0 0 0
819 5 0 0 0 0 0 0 0 0
820 5 0 0 0 0 0 0 0 0
821 5 0 0 0 0 0 0 0 0
825 5 0 0 0 0 0 0 0 0
826 5 0 0 0 0 0 0 0 0
827 5 0 0 0 0 0 0 0 0
828 5 0 0 0 0 0 0 0 0
829 5 0 0 0 0 0 0 0 0
830 5 2 1 0 0 0 0 0 0
837 2 0 0 0 0 0 0 0 0
838 2 0 0 0 0 0 0 0 0
840 2 0 0 0 0 0 0 0 0
841 2 0 0 0 0 0 0 0 0
843 2 0 0 2 0 0 0 0 0
844 2 0 0 2 1 1 0 0 0
845 2 0 0 0 0 0 0 0 0
847 2 0 0 0 0 0 0 0 0
848 2 0 0 0 0 0 0 0 0
849 2 0 0 0 0 0 0 0 0
853 2 0 0 0 0 0 0 0 0
854 2 0 0 0 0 0 0 0 0
855 2 0 0 0 0 0 0 0 0
856 2 0 0 0 0 0 0 0 0
857 2 1 1 0 0 0 0 0 0
858 2 0 0 0 0 0 0 0 0
899 9 1 1 0 0 0 0 0 0
900 9 0 0 9 2 1 0 0 0
901 9 0 0 9 2 2 0 0 0
902 9 0 0 0 0 0 0 0 0
903 9 0 0 0 0 0 0 0 0
905 9 0 0 0 0 0 0 0 0
906 9 0 0 0 0 0 0 0 0
907 9 1 1 0 0 0 0 0 0
908 9 0 0 0 0 0 0 0 0
909 9 0 0 0 0 0 0 0 0
910 9 0 0 0 0 0 0 0 0
911 9 0 0 0 0 0 0 0 0
912 8 0 0 8 0 0 0 0 0
916 8 0 0 0 0 0 0 0 0
917 8 0 0 0 0 0 0 0 0
918 8 0 0 0 0 0 0 0 0
924 8 0 0 0 0 0 0 0 0
925 8 0 0 0 0 0 0 0 0
926 16 0 0 0 0 0 0 0 0
930 8 1 1 0 0 0 0 0 0
931 8 0 0 0 0 0 0 0 0
934 8 0 0 8 3 2 0 0 0
935 8 0 0 8 1 1 0 0 0
936 8 0 0 0 0 0 0 0 0
938 8 0 0 0 0 0 0 0 0
939 8 0 0 0 0 0 0 0 0
940 8 0 0 0 0 0 0 0 0
944 8 0 0 0 0 0 0 0 0
945 8 0 0 0 0 0 0 0 0
946 8 0 0 0 0 0 0 0 0
947 8 0 0 0 0 0 0 0 0
948 8 0 0 0 0 0 0 0 0
949 8 1 1 0 0 0 0 0 0
956 1 0 0 0 0 0 0 0 0
957 1 0 0 0 0 0 0 0 0
959 1 0 0 0 0 0 0 0 0
960 1 0 0 0 0 0 0 0 0
962 1 0 0 1 0 0 0 0 0
963 1 0 0 1 0 0 0 0 0
964 1 0 0 0 0 0 0 0 0
966 1 0 0 0 0 0 0 0 0
967 1 0 0 0 0 0 0 0 0
968 1 0 0 0 0 0 0 0 0
972 1 0 0 0 0 0 0 0 0
973 1 0 0 0 0 0 0 0 0
974 1 0 0 0 0 0 0 0 0
975 1 0 0 0 0 0 0 0 0
976 1 1 1 0 0 0 0 0 0
977 1 0 0 0 0 0 0 0 0
1018 14 4 1 0 0 0 0 0 0
1019 14 0 0 14 4 3 0 0 0
1020 14 0 0 14 3 3 0 0 0
1021 14 0 0 0 0 0 0 0 0
1022 14 0 0 0 0 0 0 0 0
1024 14 0 0 0 0 0 0 0 0
1025 14 0 0 0 0 0 0 0 0
1026 14 4 1 0 0 0 0 0 0
1027 14 0 0 0 0 0 0 0 0
1028 14 0 0 0 0 0 0 0 0
1029 14 0 0 0 0 0 0 0 0
1030 14 0 0 0 0 0 0 0 0
1031 9 0 0 9 0 0 0 0 0
1035 9 0 0 0 0 0 0 0 0
1036 9 0 0 0 0 0 0 0 0
1037 9 0 0 0 0 0 0 0 0
1043 9 0 0 0 0 0 0 0 0
1044 9 0 0 0 0 0 0 0 0
1045 18 0 0 0 0 0 0 0 0
1049 9 2 1 0 0 0 0 0 0
1050 9 0 0 0 0 0 0 0 0
1053 9 0 0 9 3 3 0 0 0
1054 9 0 0 9 2 2 0 0 0
1055 9 0 0 0 0 0 0 0 0
1057 9 0 0 0 0 0 0 0 0
1058 9 0 0 0 0 0 0 0 0
1059 9 0 0 0 0 0 0 0 0
1063 9 0 0 0 0 0 0 0 0
1064 9 0 0 0 0 0 0 0 0
1065 9 0 0 0 0 0 0 0 0
1066 9 0 0 0 0 0 0 0 0
1067 9 0 0 0 0 0 0 0 0
1068 9 2 1 0 0 0 0 0 0
1137 16 4 1 0 0 0 0 0 0
1138 16 0 0 16 3 2 0 0 0
1139 16 0 0 16 0 0 0 0 0
1140 16 0 0 0 0 0 0 0 0
1141 16 0 0 0 0 0 0 0 0
1143 16 0 0 0 0 0 0 0 0
1144 16 0 0 0 0 0 0 0 0
1145 16 4 1 0 0 0 0 0 0
1146 16 0 0 0 0 0 0 0 0
1147 16 0 0 0 0 0 0 0 0
1148 16 0 0 0 0 0 0 0 0
1149 16 0 0 0 0 0 0 0 0
1150 8 0 0 8 0 0 0 0 0
1154 8 0 0 0 0 0 0 0 0
1155 8 0 0 0 0 0 0 0 0
1156 8 0 0 0 0 0 0 0 0
1162 8 0 0 0 0 0 0 0 0
1163 8 0 0 0 0 0 0 0 0
1164 16 0 0 0 0 0 0 0 0
1168 8 4 1 0 0 0 0 0 0
1169 8 0 0 0 0 0 0 0 0
1172 8 0 0 8 0 0 0 0 0
1173 8 0 0 8 1 0 0 0 0
1174 8 0 0 0 0 0 0 0 0
1176 8 0 0 0 0 0 0 0 0
1177 8 0 0 0 0 0 0 0 0
1178 8 0 0 0 0 0 0 0 0
1182 8 0 0 0 0 0 0 0 0
1183 8 0 0 0 0 0 0 0 0
1184 8 0 0 0 0 0 0 0 0
1185 8 0 0 0 0 0 0 0 0
1186 8 0 0 0 0 0 0 0 0
1187 8 4 1 0 0 0 0 0 0
1194 1 0 0 0 0 0 0 0 0
1195 1 0 0 0 0 0 0 0 0
1197 1 0 0 0 0 0 0 0 0
1198 1 0 0 0 0 0 0 0 0
1200 1 0 0 1 0 0 0 0 0
1201 1 0 0 1 1 0 0 0 0
1202 1 0 0 0 0 0 0 0 0
1204 1 0 0 0 0 0 0 0 0
1205 1 0 0 0 0 0 0 0 0
1206 1 0 0 0 0 0 0 0 0
1210 1 0 0 0 0 0 0 0 0
1211 1 0 0 0 0 0 0 0 0
1212 1 0 0 0 0 0 0 0 0
1213 1 0 0 0 0 0 0 0 0
1214 1 1 1 0 0 0 0 0 0
1215 1 0 0 0 0 0 0 0 0
1256 47 2 1 0 0 0 0 0 0
1257 47 0 0 47 3 2 0 0 0
1258 47 0 0 47 2 1 0 0 0
1259 47 0 0 0 0 0 0 0 0
1260 47 0 0 0 0 0 0 0 0
1262 47 0 0 0 0 0 0 0 0
1263 47 0 0 0 0 0 0 0 0
1264 47 2 1 0 0 0 0 0 0
1265 47 0 0 0 0 0 0 0 0
1266 47 0 0 0 0 0 0 0 0
1267 47 0 0 0 0 0 0 0 0
1268 47 0 0 0 0 0 0 0 0
1269 6 0 0 6 0 0 0 0 0
1273 6 0 0 0 0 0 0 0 0
1274 6 0 0 0 0 0 0 0 0
1275 6 0 0 0 0 0 0 0 0
1281 6 0 0 0 0 0 0 0 0
1282 6 0 0 0 0 0 0 0 0
1283 12 0 0 0 0 0 0 0 0
1287 6 2 1 0 0 0 0 0 0
1288 6 0 0 0 0 0 0 0 0
1291 6 0 0 6 0 0 0 0 0
1292 6 0 0 6 2 1 0 0 0
1293 6 0 0 0 0 0 0 0 0
1295 6 0 0 0 0 0 0 0 0
1296 6 0 0 0 0 0 0 0 0
1297 6 0 0 0 0 0 0 0 0
1301 6 0 0 0 0 0 0 0 0
1302 6 0 0 0 0 0 0 0 0
1303 6 0 0 0 0 0 0 0 0
1304 6 0 0 0 0 0 0 0 0
1305 6 0 0 0 0 0 0 0 0
1306 6 2 1 0 0 0 0 0 0
1313 1 0 0 0 0 0 0 0 0
1314 1 0 0 0 0 0 0 0 0
1316 1 0 0 0 0 0 0 0 0
1317 1 0 0 0 0 0 0 0 0
1319 1 0 0 1 0 0 0 0 0
1320 1 0 0 1 0 0 0 0 0
1321 1 0 0 0 0 0 0 0 0
1323 1 0 0 0 0 0 0 0 0
1324 1 0 0 0 0 0 0 0 0
1325 1 0 0 0 0 0 0 0 0
1329 1 0 0 0 0 0 0 0 0
1330 1 0 0 0 0 0 0 0 0
1331 1 0 0 0 0 0 0 0 0
1332 1 0 0 0 0 0 0 0 0
1333 1 1 0 0 0 0 0 0 0
1334 1 0 0 0 0 0 0 0 0
1347 1 1 1 0 0 0 0 0 0
1348 1 0 0 0 0 0 0 0 0
1349 1 0 0 0 0 0 0 0 0
1350 1 0 0 0 0 0 0 0 0
1357 1 0 0 0 0 0 0 0 0
1358 1 0 0 0 0 0 0 0 0
1359 1 0 0 0 0 0 0 0 0
1375 17 4 2 0 0 0 0 0 0
1376 17 0 0 17 1 0 0 0 0
1377 17 0 0 17 1 1 0 0 0
1378 17 0 0 0 0 0 0 0 0
1379 17 0 0 0 0 0 0 0 0
1381 17 0 0 0 0 0 0 0 0
1382 17 0 0 0 0 0 0 0 0
1383 17 3 2 0 0 0 0 0 0
1384 17 0 0 0 0 0 0 0 0
1385 17 0 0 0 0 0 0 0 0
1386 17 0 0 0 0 0 0 0 0
1387 17 0 0 0 0 0 0 0 0
1388 8 0 0 8 0 0 0 0 0
1392 8 0 0 0 0 0 0 0 0
1393 8 0 0 0 0 0 0 0 0
1394 8 0 0 0 0 0 0 0 0
1400 8 0 0 0 0 0 0 0 0
1401 8 0 0 0 0 0 0 0 0
1402 16 0 0 0 0 0 0 0 0
1406 8 4 2 0 0 0 0 0 0
1407 8 0 0 0 0 0 0 0 0
1410 8 0 0 8 0 0 0 0 0
1411 8 0 0 8 2 0 0 0 0
1412 8 0 0 0 0 0 0 0 0
1414 8 0 0 0 0 0 0 0 0
1415 8 0 0 0 0 0 0 0 0
1416 8 0 0 0 0 0 0 0 0
1420 8 0 0 0 0 0 0 0 0
1421 8 0 0 0 0 0 0 0 0
1422 8 0 0 0 0 0 0 0 0
1423 8 0 0 0 0 0 0 0 0
1424 8 0 0 0 0 0 0 0 0
1425 8 3 2 0 0 0 0 0 0
1494 210 40 4 0 0 0 0 0 0
1495 210 0 0 210 39 11 0 0 0
1496 210 0 0 210 39 5 0 0 0
1497 210 0 0 0 0 0 0 0 0
1498 210 0 0 0 0 0 0 0 0
1500 210 0 0 0 0 0 0 0 0
1501 210 0 0 0 0 0 0 0 0
1502 210 38 4 0 0 0 0 0 0
1503 210 0 0 0 0 0 0 0 0
1504 210 0 0 0 0 0 0 0 0
1505 210 0 0 0 0 0 0 0 0
1506 210 0 0 0 0 0 0 0 0
1507 176 0 0 176 0 0 0 0 0
1511 176 0 0 0 0 0 0 0 0
1512 176 0 0 0 0 0 0 0 0
1513 176 0 0 0 0 0 0 0 0
1519 176 0 0 0 0 0 0 0 0
1520 176 0 0 0 0 0 0 0 0
1521 352 0 0 0 0 0 0 0 0
1525 176 35 4 0 0 0 0 0 0
1526 176 0 0 0 0 0 0 0 0
1529 176 0 0 176 40 4 0 0 0
1530 176 0 0 176 35 8 0 0 0
1531 176 0 0 0 0 0 0 0 0
1533 176 0 0 0 0 0 0 0 0
1534 176 0 0 0 0 0 0 0 0
1535 176 0 0 0 0 0 0 0 0
1539 176 0 0 0 0 0 0 0 0
1540 176 0 0 0 0 0 0 0 0
1541 176 0 0 0 0 0 0 0 0
1542 176 0 0 0 0 0 0 0 0
1543 176 0 0 0 0 0 0 0 0
1544 176 35 3 0 0 0 0 0 0
1613 21 2 1 0 0 0 0 0 0
1614 21 0 0 21 4 3 0 0 0
1615 21 0 0 21 5 4 0 0 0
1616 21 0 0 0 0 0 0 0 0
1617 21 0 0 0 0 0 0 0 0
1619 21 0 0 0 0 0 0 0 0
1620 21 0 0 0 0 0 0 0 0
1621 21 2 1 0 0 0 0 0 0
1622 21 0 0 0 0 0 0 0 0
1623 21 0 0 0 0 0 0 0 0
1624 21 0 0 0 0 0 0 0 0
1625 21 0 0 0 0 0 0 0 0
1626 8 0 0 8 0 0 0 0 0
1630 8 0 0 0 0 0 0 0 0
1631 8 0 0 0 0 0 0 0 0
1632 8 0 0 0 0 0 0 0 0
1638 8 0 0 0 0 0 0 0 0
1639 8 0 0 0 0 0 0 0 0
1640 16 0 0 0 0 0 0 0 0
1644 8 2 1 0 0 0 0 0 0
1645 8 0 0 0 0 0 0 0 0
1648 8 0 0 8 4 4 0 0 0
1649 8 0 0 8 0 0 0 0 0
1650 8 0 0 0 0 0 0 0 0
1652 8 0 0 0 0 0 0 0 0
1653 8 0 0 0 0 0 0 0 0
1654 8 0 0 0 0 0 0 0 0
1658 8 0 0 0 0 0 0 0 0
1659 8 0 0 0 0 0 0 0 0
1660 8 0 0 0 0 0 0 0 0
1661 8 0 0 0 0 0 0 0 0
1662 8 0 0 0 0 0 0 0 0
1663 8 2 1 0 0 0 0 0 0
1670 1 0 0 0 0 0 0 0 0
1671 1 0 0 0 0 0 0 0 0
1673 1 0 0 0 0 0 0 0 0
1674 1 0 0 0 0 0 0 0 0
1676 1 0 0 1 0 0 0 0 0
1677 1 0 0 1 1 1 0 0 0
1678 1 0 0 0 0 0 0 0 0
1680 1 0 0 0 0 0 0 0 0
1681 1 0 0 0 0 0 0 0 0
1682 1 0 0 0 0 0 0 0 0
1686 1 0 0 0 0 0 0 0 0
1687 1 0 0 0 0 0 0 0 0
1688 1 0 0 0 0 0 0 0 0
1689 1 0 0 0 0 0 0 0 0
1690 1 1 1 0 0 0 0 0 0
1691 1 0 0 0 0 0 0 0 0
1732 59 6 1 0 0 0 0 0 0
1733 59 0 0 59 7 4 0 0 0
1734 59 0 0 59 3 3 0 0 0
1735 59 0 0 0 0 0 0 0 0
1736 59 0 0 0 0 0 0 0 0
1738 59 0 0 0 0 0 0 0 0
1739 59 0 0 0 0 0 0 0 0
1740 59 6 1 0 0 0 0 0 0
1741 59 0 0 0 0 0 0 0 0
1742 59 0 0 0 0 0 0 0 0
1743 59 0 0 0 0 0 0 0 0
1744 59 0 0 0 0 0 0 0 0
1745 15 0 0 15 0 0 0 0 0
1749 15 0 0 0 0 0 0 0 0
1750 15 0 0 0 0 0 0 0 0
1751 15 0 0 0 0 0 0 0 0
1757 15 0 0 0 0 0 0 0 0
1758 15 0 0 0 0 0 0 0 0
1759 30 0 0 0 0 0 0 0 0
1763 15 3 1 0 0 0 0 0 0
1764 15 0 0 0 0 0 0 0 0
1767 15 0 0 15 0 0 0 0 0
1768 15 0 0 15 5 5 0 0 0
1769 15 0 0 0 0 0 0 0 0
1771 15 0 0 0 0 0 0 0 0
1772 15 0 0 0 0 0 0 0 0
1773 15 0 0 0 0 0 0 0 0
1777 15 0 0 0 0 0 0 0 0
1778 15 0 0 0 0 0 0 0 0
1779 15 0 0 0 0 0 0 0 0
1780 15 0 0 0 0 0 0 0 0
1781 15 0 0 0 0 0 0 0 0
1782 15 3 1 0 0 0 0 0 0
1789 1 0 0 0 0 0 0 0 0
1790 1 0 0 0 0 0 0 0 0
1792 1 0 0 0 0 0 0 0 0
1793 1 0 0 0 0 0 0 0 0
1795 1 0 0 1 0 0 0 0 0
1796 1 0 0 1 0 0 0 0 0
1797 1 0 0 0 0 0 0 0 0
1799 1 0 0 0 0 0 0 0 0
1800 1 0 0 0 0 0 0 0 0
1801 1 0 0 0 0 0 0 0 0
1805 1 0 0 0 0 0 0 0 0
1806 1 0 0 0 0 0 0 0 0
1807 1 0 0 0 0 0 0 0 0
1808 1 0 0 0 0 0 0 0 0
1809 1 1 1 0 0 0 0 0 0
1810 1 0 0 0 0 0 0 0 0
1851 41 5 1 0 0 0 0 0 0
1852 41 0 0 41 5 4 0 0 0
1853 41 0 0 41 4 2 0 0 0
1854 41 0 0 0 0 0 0 0 0
1855 41 0 0 0 0 0 0 0 0
1857 41 0 0 0 0 0 0 0 0
1858 41 0 0 0 0 0 0 0 0
1859 41 5 1 0 0 0 0 0 0
1860 41 0 0 0 0 0 0 0 0
1861 41 0 0 0 0 0 0 0 0
1862 41 0 0 0 0 0 0 0 0
1863 41 0 0 0 0 0 0 0 0
1864 12 0 0 12 0 0 0 0 0
1868 12 0 0 0 0 0 0 0 0
1869 12 0 0 0 0 0 0 0 0
1870 12 0 0 0 0 0 0 0 0
1876 12 0 0 0 0 0 0 0 0
1877 12 0 0 0 0 0 0 0 0
1878 24 0 0 0 0 0 0 0 0
1882 12 4 1 0 0 0 0 0 0
1883 12 0 0 0 0 0 0 0 0
1886 12 0 0 12 3 1 0 0 0
1887 12 0 0 12 3 3 0 0 0
1888 12 0 0 0 0 0 0 0 0
1890 12 0 0 0 0 0 0 0 0
1891 12 0 0 0 0 0 0 0 0
1892 12 0 0 0 0 0 0 0 0
1896 12 0 0 0 0 0 0 0 0
1897 12 0 0 0 0 0 0 0 0
1898 12 0 0 0 0 0 0 0 0
1899 12 0 0 0 0 0 0 0 0
1900 12 0 0 0 0 0 0 0 0
1901 12 3 1 0 0 0 0 0 0
1970 43 5 2 0 0 0 0 0 0
1971 43 0 0 43 3 3 0 0 0
1972 43 0 0 43 5 3 0 0 0
1973 43 0 0 0 0 0 0 0 0
1974 43 0 0 0 0 0 0 0 0
1976 43 0 0 0 0 0 0 0 0
1977 43 0 0 0 0 0 0 0 0
1978 43 5 2 0 0 0 0 0 0
1979 43 0 0 0 0 0 0 0 0
1980 43 0 0 0 0 0 0 0 0
1981 43 0 0 0 0 0 0 0 0
1982 43 0 0 0 0 0 0 0 0
1984 4 0 0 4 0 0 0 0 0
1988 4 0 0 0 0 0 0 0 0
1989 4 0 0 0 0 0 0 0 0
1990 4 0 0 0 0 0 0 0 0
1996 4 0 0 0 0 0 0 0 0
1997 4 0 0 0 0 0 0 0 0
1999 8 0 0 0 0 0 0 0 0
2003 4 2 1 0 0 0 0 0 0
2004 4 0 0 0 0 0 0 0 0
2007 4 0 0 4 2 1 0 0 0
2008 4 0 0 4 1 1 0 0 0
2009 4 0 0 0 0 0 0 0 0
2011 4 0 0 0 0 0 0 0 0
2012 4 0 0 0 0 0 0 0 0
2013 4 0 0 0 0 0 0 0 0
2017 4 0 0 0 0 0 0 0 0
2018 4 0 0 0 0 0 0 0 0
2019 4 0 0 0 0 0 0 0 0
2020 4 0 0 0 0 0 0 0 0
2021 4 0 0 0 0 0 0 0 0
2022 4 2 1 0 0 0 0 0 0
2093 276 28 2 0 0 0 0 0 0
2095 521 7 2 0 0 0 0 0 0
2096 521 0 0 0 0 0 0 0 0
2097 521 0 0 0 0 0 0 0 0
2098 521 0 0 0 0 0 0 0 0
2099 322 0 0 0 0 0 0 0 0
2104 980 36 4 0 0 0 0 0 0
2110 980 0 0 980 0 0 0 0 0
2111 980 0 0 980 0 0 0 0 0
2119 980 0 0 0 0 0 0 0 0
2120 980 0 0 980 0 0 0 0 0
fn=strncmp
98 3 1 1 0 0 0 0 0 0
125 3 0 0 0 0 0 0 0 0
126 3 0 0 0 0 0 0 0 0
127 3 0 0 0 0 0 0 0 0
128 3 0 0 0 0 0 0 0 0
129 3 0 0 0 0 0 0 0 0
131 3 0 0 0 0 0 0 0 0
132 3 0 0 0 0 0 0 0 0
134 3 1 1 0 0 0 0 0 0
135 3 0 0 0 0 0 0 0 0
156 3 0 0 0 0 0 0 0 0
157 3 0 0 0 0 0 0 0 0
158 3 0 0 0 0 0 0 0 0
159 3 0 0 0 0 0 0 0 0
160 3 0 0 3 0 0 0 0 0
161 3 0 0 3 0 0 0 0 0
162 3 0 0 3 0 0 0 0 0
163 3 0 0 3 0 0 0 0 0
180 3 0 0 0 0 0 0 0 0
181 3 0 0 0 0 0 0 0 0
182 3 0 0 0 0 0 0 0 0
183 3 0 0 0 0 0 0 0 0
184 3 0 0 0 0 0 0 0 0
185 3 0 0 0 0 0 0 0 0
186 3 2 1 0 0 0 0 0 0
2104 3 2 1 0 0 0 0 0 0
2107 3 0 0 0 0 0 0 0 0
2108 3 0 0 0 0 0 0 0 0
2110 1 0 0 1 0 0 0 0 0
2111 1 0 0 1 0 0 0 0 0
2119 1 0 0 0 0 0 0 0 0
2120 1 0 0 1 0 0 0 0 0
2123 2 0 0 0 0 0 0 0 0
2124 2 0 0 2 0 0 0 0 0
fl=./string/../sysdeps/x86_64/multiarch/../multiarch/strcpy-sse2-unaligned.S
fn=stpcpy
45 1 0 0 0 0 0 0 0 0
51 1 0 0 0 0 0 0 0 0
58 1 0 0 0 0 0 0 0 0
59 1 0 0 0 0 0 0 0 0
60 1 1 1 0 0 0 0 0 0
103 1 1 1 0 0 0 0 0 0
109 1 0 0 0 0 0 0 0 0
110 1 0 0 1 0 0 0 0 0
111 1 0 0 1 0 0 0 0 0
112 1 0 0 0 0 0 1 1 1
113 1 0 0 0 0 0 0 0 0
114 1 0 0 0 0 0 0 0 0
115 1 0 0 0 0 0 0 0 0
120 1 0 0 0 0 0 0 0 0
124 1 0 0 0 0 0 0 0 0
127 1 1 1 1 0 0 0 0 0
128 1 0 0 0 0 0 1 0 0
129 1 0 0 0 0 0 0 0 0
130 1 0 0 0 0 0 0 0 0
131 1 0 0 0 0 0 0 0 0
136 1 0 0 0 0 0 0 0 0
140 1 0 0 0 0 0 0 0 0
143 1 0 0 1 0 0 0 0 0
144 1 0 0 0 0 0 1 0 0
145 1 0 0 0 0 0 0 0 0
146 1 0 0 0 0 0 0 0 0
147 1 0 0 0 0 0 0 0 0
152 1 0 0 0 0 0 0 0 0
156 1 0 0 0 0 0 0 0 0
301 1 1 1 0 0 0 0 0 0
302 1 0 0 1 0 0 0 0 0
303 1 0 0 1 0 0 0 0 0
304 1 0 0 0 0 0 0 0 0
305 1 0 0 0 0 0 0 0 0
315 1 0 0 0 0 0 0 0 0
316 1 0 0 0 0 0 0 0 0
318 1 0 0 0 0 0 0 0 0
319 1 0 0 0 0 0 1 0 0
320 1 0 0 0 0 0 0 0 0
330 1 0 0 0 0 0 0 0 0
331 1 0 0 0 0 0 0 0 0
333 1 1 1 0 0 0 0 0 0
334 1 0 0 0 0 0 0 0 0
335 1 0 0 0 0 0 0 0 0
344 1 0 0 0 0 0 0 0 0
345 1 0 0 0 0 0 0 0 0
346 1 0 0 0 0 0 0 0 0
347 4 0 0 1 1 1 0 0 0
670 1 1 1 1 0 0 0 0 0
671 1 0 0 1 0 0 0 0 0
672 1 0 0 0 0 0 1 0 0
673 1 0 0 0 0 0 1 0 0
675 1 1 1 0 0 0 0 0 0
682 1 0 0 1 0 0 0 0 0
fl=./string/../sysdeps/x86_64/multiarch/../multiarch/strlen-sse2.S
fn=strlen
57 47 1 1 0 0 0 0 0 0
101 47 0 0 0 0 0 0 0 0
102 47 0 0 0 0 0 0 0 0
103 47 0 0 0 0 0 0 0 0
104 47 0 0 0 0 0 0 0 0
105 47 0 0 0 0 0 0 0 0
106 47 0 0 0 0 0 0 0 0
107 47 0 0 0 0 0 0 0 0
109 47 0 0 0 0 0 0 0 0
111 47 0 0 0 0 0 0 0 0
142 46 0 0 46 7 7 0 0 0
143 46 0 0 0 0 0 0 0 0
144 46 0 0 0 0 0 0 0 0
145 46 0 0 0 0 0 0 0 0
146 46 0 0 0 0 0 0 0 0
147 23 0 0 0 0 0 0 0 0
149 23 0 0 23 0 0 0 0 0
153 23 1 1 0 0 0 0 0 0
154 23 0 0 23 0 0 0 0 0
155 23 0 0 23 0 0 0 0 0
156 23 0 0 23 0 0 0 0 0
157 23 0 0 0 0 0 0 0 0
158 23 0 0 0 0 0 0 0 0
159 23 0 0 0 0 0 0 0 0
160 23 0 0 0 0 0 0 0 0
161 23 0 0 0 0 0 0 0 0
162 23 0 0 0 0 0 0 0 0
163 23 0 0 0 0 0 0 0 0
164 23 0 0 0 0 0 0 0 0
169 174 0 0 18 0 0 0 0 0
173 1 1 1 0 0 0 0 0 0
174 14 1 1 4 1 1 0 0 0
175 8 0 0 1 0 0 0 0 0
243 5 1 1 5 0 0 0 0 0
244 5 0 0 5 0 0 0 0 0
245 5 0 0 5 0 0 0 0 0
246 5 0 0 5 0 0 0 0 0
247 5 0 0 0 0 0 0 0 0
248 5 0 0 0 0 0 0 0 0
249 5 0 0 0 0 0 0 0 0
250 5 0 0 0 0 0 0 0 0
252 1 0 0 0 0 0 0 0 0
254 1 0 0 1 0 0 0 0 0
255 1 0 0 1 0 0 0 0 0
256 1 0 0 1 0 0 0 0 0
257 1 0 0 1 0 0 0 0 0
258 1 0 0 0 0 0 0 0 0
259 1 0 0 0 0 0 0 0 0
260 1 0 0 0 0 0 0 0 0
261 1 0 0 0 0 0 0 0 0
266 4 1 1 0 0 0 0 0 0
268 5 0 0 0 0 0 0 0 0
269 70 0 0 20 0 0 0 0 0
271 5 0 0 0 0 0 0 0 0
272 5 0 0 0 0 0 0 0 0
273 5 0 0 0 0 0 0 0 0
275 5 0 0 5 0 0 0 0 0
fl=./string/../sysdeps/x86_64/multiarch/ifunc-avx2.h
fn=memrchr
38 8 0 0 0 0 0 0 0 0
40 6 0 0 4 2 0 0 0 0
fn=rindex
38 8 0 0 0 0 0 0 0 0
40 6 0 0 4 1 0 0 0 0
fn=strchrnul
38 4 0 0 0 0 0 0 0 0
40 3 0 0 2 0 0 0 0 0
fn=strlen
38 8 0 0 0 0 0 0 0 0
40 6 0 0 4 1 0 0 0 0
fn=strnlen
38 8 0 0 0 0 0 0 0 0
40 6 0 0 4 1 0 0 0 0
fl=./string/../sysdeps/x86_64/multiarch/ifunc-evex.h
fn=memchr
37 8 0 0 0 0 0 0 0 0
38 6 2 1 4 2 0 0 0 0
fn=rawmemchr
37 4 0 0 0 0 0 0 0 0
38 3 0 0 2 2 0 0 0 0
fl=./string/../sysdeps/x86_64/multiarch/ifunc-memcmp.h
fn=bcmp
34 15 3 1 6 4 0 0 0 0
fl=./string/../sysdeps/x86_64/multiarch/ifunc-memmove.h
fn=memcpy@@GLIBC_2.14
56 4 0 0 0 0 0 0 0 0
57 6 0 0 4 0 0 0 0 0
60 6 2 1 2 0 0 0 0 0
61 4 2 1 0 0 0 0 0 0
74 4 0 0 0 0 0 0 0 0
103 4 0 0 2 1 0 0 0 0
108 6 2 1 0 0 0 0 0 0
113 8 0 0 0 0 0 0 0 0
fn=memmove
56 4 0 0 0 0 0 0 0 0
57 6 0 0 4 0 0 0 0 0
60 6 0 0 2 0 0 0 0 0
61 4 1 1 0 0 0 0 0 0
74 4 0 0 0 0 0 0 0 0
103 4 1 1 2 0 0 0 0 0
108 6 1 1 0 0 0 0 0 0
113 8 0 0 0 0 0 0 0 0
fn=mempcpy
56 2 0 0 0 0 0 0 0 0
57 3 0 0 2 0 0 0 0 0
60 3 1 1 1 0 0 0 0 0
61 2 1 1 0 0 0 0 0 0
74 2 0 0 0 0 0 0 0 0
103 2 0 0 1 0 0 0 0 0
108 3 1 1 0 0 0 0 0 0
113 4 0 0 0 0 0 0 0 0
fl=./string/../sysdeps/x86_64/multiarch/ifunc-memset.h
fn=memset
54 10 0 0 4 1 0 0 0 0
57 6 0 0 2 0 0 0 0 0
58 4 1 1 0 0 0 0 0 0
64 4 1 1 0 0 0 0 0 0
73 4 0 0 0 0 0 0 0 0
103 8 0 0 0 0 0 0 0 0
fl=./string/../sysdeps/x86_64/multiarch/ifunc-sse4_2.h
fn=strcspn
36 5 0 0 2 0 0 0 0 0
fn=strpbrk
36 5 1 1 2 1 0 0 0 0
fn=strspn
36 5 1 1 2 0 0 0 0 0
fl=./string/../sysdeps/x86_64/multiarch/ifunc-strcasecmp.h
fn=strcasecmp
36 4 0 0 0 0 0 0 0 0
37 2 0 0 2 0 0 0 0 0
53 3 0 0 1 0 0 0 0 0
56 3 1 1 1 0 0 0 0 0
fn=strcasecmp_l
36 4 0 0 0 0 0 0 0 0
37 2 1 1 2 0 0 0 0 0
53 3 0 0 1 0 0 0 0 0
56 3 0 0 1 0 0 0 0 0
fn=strncasecmp
36 4 0 0 0 0 0 0 0 0
37 2 0 0 2 0 0 0 0 0
53 3 0 0 1 0 0 0 0 0
56 3 1 1 1 0 0 0 0 0
fn=strncasecmp_l
36 4 0 0 0 0 0 0 0 0
37 2 1 1 2 0 0 0 0 0
53 3 0 0 1 0 0 0 0 0
56 3 0 0 1 0 0 0 0 0
fl=./string/../sysdeps/x86_64/multiarch/ifunc-strcpy.h
fn=stpcpy
38 4 0 0 2 0 0 0 0 0
39 3 0 0 1 0 0 0 0 0
54 4 0 0 0 0 0 0 0 0
fn=strcat
38 4 0 0 2 0 0 0 0 0
39 3 1 1 1 0 0 0 0 0
54 4 0 0 0 0 0 0 0 0
fn=strcpy
38 4 0 0 2 0 0 0 0 0
39 3 1 1 1 0 0 0 0 0
54 4 0 0 0 0 0 0 0 0
fl=./string/../sysdeps/x86_64/multiarch/ifunc-strncpy.h
fn=stpncpy
35 5 1 1 2 0 0 0 0 0
fn=strncpy
35 10 0 0 4 2 0 0 0 0
fl=./string/../sysdeps/x86_64/multiarch/memchr-sse2.S
fn=__memchr_sse2
40 922 404 1 0 0 0 0 0 0
41 922 0 0 0 0 0 0 0 0
42 922 0 0 0 0 0 0 0 0
52 922 0 0 0 0 0 0 0 0
53 922 0 0 0 0 0 0 0 0
54 922 0 0 0 0 0 0 0 0
55 919 0 0 0 0 0 0 0 0
58 919 0 0 0 0 0 0 0 0
59 919 0 0 0 0 0 0 0 0
61 919 0 0 0 0 0 0 0 0
62 919 0 0 0 0 0 0 0 0
64 769 0 0 769 2 0 0 0 0
65 769 0 0 0 0 0 0 0 0
66 769 253 1 0 0 0 0 0 0
67 769 0 0 0 0 0 0 0 0
69 769 0 0 0 0 0 0 0 0
70 537 0 0 0 0 0 0 0 0
71 537 0 0 0 0 0 0 0 0
72 486 0 0 0 0 0 0 0 0
73 486 0 0 0 0 0 0 0 0
74 486 0 0 0 0 0 0 0 0
78 486 0 0 0 0 0 0 0 0
79 486 0 0 0 0 0 0 0 0
80 486 0 0 0 0 0 0 0 0
81 251 0 0 0 0 0 0 0 0
85 150 30 0 0 0 0 0 0 0
86 150 0 0 0 0 0 0 0 0
87 150 0 0 150 0 0 0 0 0
89 150 0 0 0 0 0 0 0 0
91 150 105 1 0 0 0 0 0 0
93 150 0 0 0 0 0 0 0 0
94 150 0 0 0 0 0 0 0 0
95 150 0 0 0 0 0 0 0 0
97 18 0 0 0 0 0 0 0 0
103 18 0 0 0 0 0 0 0 0
105 18 0 0 0 0 0 0 0 0
106 18 0 0 0 0 0 0 0 0
107 18 0 0 0 0 0 0 0 0
108 18 0 0 18 0 0 0 0 0
115 132 0 0 0 0 0 0 0 0
116 132 0 0 0 0 0 0 0 0
120 132 0 0 0 0 0 0 0 0
121 132 0 0 0 0 0 0 0 0
122 127 0 0 0 0 0 0 0 0
123 127 0 0 0 0 0 0 0 0
124 176 0 0 0 0 0 0 0 0
128 300 145 1 300 4 0 0 0 0
129 300 0 0 0 0 0 0 0 0
130 300 0 0 0 0 0 0 0 0
131 300 0 0 0 0 0 0 0 0
132 300 0 0 0 0 0 0 0 0
134 287 0 0 287 0 0 0 0 0
135 287 0 0 0 0 0 0 0 0
136 287 0 0 0 0 0 0 0 0
137 287 0 0 0 0 0 0 0 0
138 287 0 0 0 0 0 0 0 0
140 231 0 0 231 3 0 0 0 0
141 231 0 0 0 0 0 0 0 0
142 231 0 0 0 0 0 0 0 0
143 231 0 0 0 0 0 0 0 0
144 231 0 0 0 0 0 0 0 0
146 203 140 1 203 1 0 0 0 0
147 203 0 0 0 0 0 0 0 0
148 203 0 0 0 0 0 0 0 0
149 203 0 0 0 0 0 0 0 0
150 203 0 0 0 0 0 0 0 0
151 203 0 0 0 0 0 0 0 0
153 200 0 0 0 0 0 0 0 0
154 200 0 0 0 0 0 0 0 0
156 134 0 0 0 0 0 0 0 0
157 134 0 0 0 0 0 0 0 0
159 102 0 0 102 0 0 0 0 0
160 102 0 0 0 0 0 0 0 0
161 102 0 0 0 0 0 0 0 0
162 102 0 0 0 0 0 0 0 0
163 102 0 0 0 0 0 0 0 0
165 97 84 1 97 0 0 0 0 0
166 97 0 0 0 0 0 0 0 0
167 97 0 0 0 0 0 0 0 0
168 97 0 0 0 0 0 0 0 0
169 97 0 0 0 0 0 0 0 0
171 97 0 0 97 3 0 0 0 0
172 97 0 0 0 0 0 0 0 0
173 97 0 0 0 0 0 0 0 0
174 97 0 0 0 0 0 0 0 0
175 97 0 0 0 0 0 0 0 0
177 94 0 0 94 1 0 0 0 0
178 94 0 0 0 0 0 0 0 0
179 94 0 0 0 0 0 0 0 0
181 94 0 0 0 0 0 0 0 0
182 94 0 0 0 0 0 0 0 0
183 94 78 0 0 0 0 0 0 0
185 92 0 0 0 0 0 0 0 0
186 92 0 0 0 0 0 0 0 0
187 92 0 0 0 0 0 0 0 0
191 184 0 0 0 0 0 0 0 0
195 842 54 1 0 0 0 0 0 0
196 842 0 0 0 0 0 0 0 0
197 692 0 0 692 79 0 0 0 0
198 692 0 0 692 0 0 0 0 0
199 692 0 0 692 0 0 0 0 0
200 692 0 0 692 0 0 0 0 0
202 692 0 0 0 0 0 0 0 0
203 692 0 0 0 0 0 0 0 0
204 692 0 0 0 0 0 0 0 0
205 692 0 0 0 0 0 0 0 0
207 692 119 1 0 0 0 0 0 0
208 692 0 0 0 0 0 0 0 0
209 692 0 0 0 0 0 0 0 0
210 692 0 0 0 0 0 0 0 0
212 692 0 0 0 0 0 0 0 0
214 692 0 0 0 0 0 0 0 0
215 692 0 0 0 0 0 0 0 0
217 8 0 0 0 0 0 0 0 0
219 8 0 0 0 0 0 0 0 0
220 8 0 0 0 0 0 0 0 0
221 8 0 0 0 0 0 0 0 0
223 7 0 0 0 0 0 0 0 0
224 7 0 0 0 0 0 0 0 0
225 7 0 0 0 0 0 0 0 0
227 5 0 0 5 0 0 0 0 0
228 5 0 0 0 0 0 0 0 0
230 5 0 0 5 0 0 0 0 0
231 5 2 1 0 0 0 0 0 0
232 5 0 0 0 0 0 0 0 0
233 5 0 0 0 0 0 0 0 0
235 1 0 0 0 0 0 0 0 0
236 1 0 0 0 0 0 0 0 0
237 1 0 0 0 0 0 0 0 0
238 1 0 0 1 0 0 0 0 0
242 495 293 0 0 0 0 0 0 0
243 495 0 0 0 0 0 0 0 0
245 179 0 0 179 7 0 0 0 0
246 179 0 0 0 0 0 0 0 0
247 179 0 0 0 0 0 0 0 0
248 179 0 0 0 0 0 0 0 0
249 179 0 0 0 0 0 0 0 0
251 171 0 0 171 0 0 0 0 0
252 171 150 1 0 0 0 0 0 0
253 171 0 0 0 0 0 0 0 0
254 171 0 0 0 0 0 0 0 0
255 171 0 0 0 0 0 0 0 0
257 170 0 0 170 1 0 0 0 0
258 170 0 0 0 0 0 0 0 0
259 170 0 0 0 0 0 0 0 0
260 170 0 0 0 0 0 0 0 0
261 170 0 0 0 0 0 0 0 0
262 158 0 0 0 0 0 0 0 0
263 158 0 0 0 0 0 0 0 0
265 92 0 0 92 0 0 0 0 0
266 92 0 0 0 0 0 0 0 0
267 92 0 0 0 0 0 0 0 0
268 92 0 0 0 0 0 0 0 0
269 84 0 0 0 0 0 0 0 0
270 84 0 0 84 0 0 0 0 0
274 316 184 1 0 0 0 0 0 0
275 316 0 0 316 5 0 0 0 0
276 316 0 0 0 0 0 0 0 0
277 316 0 0 0 0 0 0 0 0
278 316 0 0 0 0 0 0 0 0
279 316 0 0 0 0 0 0 0 0
280 264 0 0 0 0 0 0 0 0
281 264 0 0 0 0 0 0 0 0
283 132 0 0 132 5 0 0 0 0
284 132 0 0 0 0 0 0 0 0
285 132 0 0 0 0 0 0 0 0
286 132 0 0 0 0 0 0 0 0
287 110 0 0 0 0 0 0 0 0
288 110 0 0 110 0 0 0 0 0
292 5 4 0 0 0 0 0 0 0
293 5 0 0 0 0 0 0 0 0
294 5 0 0 5 0 0 0 0 0
298 27 3 0 0 0 0 0 0 0
299 27 0 0 0 0 0 0 0 0
300 27 0 0 27 0 0 0 0 0
304 59 16 0 0 0 0 0 0 0
305 59 0 0 0 0 0 0 0 0
306 59 0 0 59 0 0 0 0 0
310 35 10 1 0 0 0 0 0 0
311 35 0 0 0 0 0 0 0 0
312 35 0 0 35 0 0 0 0 0
316 284 112 0 0 0 0 0 0 0
322 284 0 0 0 0 0 0 0 0
324 284 0 0 0 0 0 0 0 0
325 225 0 0 0 0 0 0 0 0
326 225 0 0 225 0 0 0 0 0
330 22 9 0 0 0 0 0 0 0
336 22 0 0 0 0 0 0 0 0
338 22 0 0 0 0 0 0 0 0
339 4 0 0 0 0 0 0 0 0
340 4 0 0 4 0 0 0 0 0
344 12 7 0 0 0 0 0 0 0
350 12 0 0 0 0 0 0 0 0
352 12 0 0 0 0 0 0 0 0
358 8 7 0 0 0 0 0 0 0
364 8 0 0 0 0 0 0 0 0
366 8 0 0 0 0 0 0 0 0
372 354 223 1 0 0 0 0 0 0
373 354 0 0 354 0 0 0 0 0
fl=./string/../sysdeps/x86_64/multiarch/memchr.c
fn=memchr
29 4 2 1 2 0 0 0 0 0
fl=./string/../sysdeps/x86_64/multiarch/memcmp-sse2.S
fn=__memcmp_sse2
59 45389 3177 2 0 0 0 0 0 0
71 45389 0 0 0 0 0 0 0 0
72 45389 0 0 0 0 0 0 0 0
94 41037 0 0 0 0 0 0 0 0
95 41037 0 0 0 0 0 0 0 0
97 32478 0 0 0 0 0 0 0 0
98 32478 0 0 0 0 0 0 0 0
111 19369 0 0 19369 1010 1 0 0 0
112 19369 0 0 19369 17 0 0 0 0
113 19369 0 0 0 0 0 0 0 0
114 19369 0 0 0 0 0 0 0 0
115 19369 0 0 19369 0 0 0 0 0
116 19369 0 0 19369 0 0 0 0 0
117 19369 0 0 0 0 0 0 0 0
118 19369 0 0 0 0 0 0 0 0
120 19369 0 0 0 0 0 0 0 0
121 19369 0 0 0 0 0 0 0 0
122 14110 0 0 0 0 0 0 0 0
123 14110 0 0 14110 0 0 0 0 0
140 8559 1229 3 8559 139 4 0 0 0
141 8559 0 0 8559 183 0 0 0 0
143 8559 0 0 0 0 0 0 0 0
144 8559 0 0 0 0 0 0 0 0
146 6301 0 0 6301 213 0 0 0 0
147 6301 0 0 6301 76 0 0 0 0
149 6301 0 0 0 0 0 0 0 0
150 6301 0 0 0 0 0 0 0 0
151 6001 0 0 0 0 0 0 0 0
154 6001 0 0 6001 0 0 0 0 0
159 8298 234 0 0 0 0 0 0 0
168 8298 0 0 8298 382 2 0 0 0
169 8298 0 0 8298 169 0 0 0 0
170 8298 0 0 0 0 0 0 0 0
172 8298 0 0 8298 0 0 0 0 0
197 7817 231 0 0 0 0 0 0 0
198 7817 0 0 0 0 0 0 0 0
199 7817 0 0 0 0 0 0 0 0
200 7817 0 0 0 0 0 0 0 0
201 7817 0 0 0 0 0 0 0 0
202 7817 0 0 7817 0 0 0 0 0
215 13109 1813 0 0 0 0 0 0 0
216 13109 0 0 0 0 0 0 0 0
218 4811 0 0 4811 165 2 0 0 0
219 4811 0 0 4811 1 0 0 0 0
229 4811 0 0 0 0 0 0 0 0
230 4811 0 0 0 0 0 0 0 0
234 4811 0 0 0 0 0 0 0 0
235 4811 0 0 0 0 0 0 0 0
240 4811 0 0 4811 0 0 0 0 0
241 4811 0 0 4811 0 0 0 0 0
242 4811 0 0 0 0 0 0 0 0
243 4811 0 0 0 0 0 0 0 0
245 4811 0 0 4811 0 0 0 0 0
255 4352 381 2 0 0 0 0 0 0
257 4352 0 0 4352 90 2 0 0 0
258 4352 0 0 4352 198 1 0 0 0
259 4352 0 0 0 0 0 0 0 0
260 4352 0 0 0 0 0 0 0 0
261 4352 0 0 0 0 0 0 0 0
262 4352 0 0 0 0 0 0 0 0
269 3572 0 0 0 0 0 0 0 0
271 3572 0 0 0 0 0 0 0 0
273 3150 274 2 3150 55 4 0 0 0
274 3150 0 0 3150 82 0 0 0 0
275 3150 0 0 0 0 0 0 0 0
276 3150 0 0 0 0 0 0 0 0
277 3150 0 0 0 0 0 0 0 0
281 3150 0 0 0 0 0 0 0 0
289 2394 0 0 2394 0 0 0 0 0
300 756 0 0 0 0 0 0 0 0
321 756 0 0 0 0 0 0 0 0
322 756 0 0 756 0 0 0 0 0
323 756 0 0 756 0 0 0 0 0
324 756 0 0 0 0 0 0 0 0
326 756 0 0 756 0 0 0 0 0
330 780 17 0 0 0 0 0 0 0
331 780 0 0 780 0 0 0 0 0
332 780 0 0 780 0 0 0 0 0
333 780 0 0 0 0 0 0 0 0
334 780 0 0 780 0 0 0 0 0
341 422 212 1 422 25 0 0 0 0
342 422 0 0 422 41 0 0 0 0
343 422 0 0 0 0 0 0 0 0
344 422 0 0 0 0 0 0 0 0
345 422 0 0 0 0 0 0 0 0
346 422 0 0 0 0 0 0 0 0
348 410 0 0 0 0 0 0 0 0
349 410 0 0 0 0 0 0 0 0
351 264 0 0 0 0 0 0 0 0
352 264 0 0 0 0 0 0 0 0
358 264 0 0 264 178 0 0 0 0
359 264 0 0 264 182 0 0 0 0
360 264 0 0 0 0 0 0 0 0
361 264 0 0 264 11 0 0 0 0
362 264 0 0 264 16 0 0 0 0
363 264 0 0 0 0 0 0 0 0
364 264 192 1 0 0 0 0 0 0
366 264 0 0 0 0 0 0 0 0
367 264 0 0 0 0 0 0 0 0
368 264 0 0 0 0 0 0 0 0
370 264 0 0 0 0 0 0 0 0
371 264 0 0 0 0 0 0 0 0
373 68 0 0 68 15 0 0 0 0
374 68 0 0 68 10 0 0 0 0
375 68 0 0 0 0 0 0 0 0
376 68 0 0 68 7 0 0 0 0
377 68 0 0 68 5 0 0 0 0
378 68 0 0 0 0 0 0 0 0
379 68 0 0 0 0 0 0 0 0
381 68 0 0 0 0 0 0 0 0
382 68 0 0 0 0 0 0 0 0
387 136 0 0 0 0 0 0 0 0
391 410 212 1 410 9 0 0 0 0
392 410 0 0 410 7 0 0 0 0
393 410 0 0 0 0 0 0 0 0
394 410 0 0 410 17 0 0 0 0
395 410 0 0 410 19 0 0 0 0
396 410 0 0 0 0 0 0 0 0
397 410 0 0 0 0 0 0 0 0
398 410 0 0 0 0 0 0 0 0
399 410 0 0 0 0 0 0 0 0
407 410 0 0 0 0 0 0 0 0
408 410 0 0 410 0 0 0 0 0
460 12 2 1 0 0 0 0 0 0
470 12 0 0 12 0 0 0 0 0
471 12 0 0 12 0 0 0 0 0
472 12 0 0 0 0 0 0 0 0
474 12 0 0 12 0 0 0 0 0
fl=./string/../sysdeps/x86_64/multiarch/memcmp.c
fn=bcmp
29 9 6 2 3 0 0 0 0 0
fl=./string/../sysdeps/x86_64/multiarch/memcmpeq.c
fn=memcpy@@GLIBC_2.14
29 2 2 1 0 0 0 0 0 0
fl=./string/../sysdeps/x86_64/multiarch/memcpy.c
fn=memcpy@@GLIBC_2.14
29 2 0 0 2 0 0 0 0 0
fl=./string/../sysdeps/x86_64/multiarch/memmove-vec-unaligned-erms.S
fn=???
206 8 0 0 0 0 0 0 0 0
fn=__memcpy_chk_sse2_unaligned
204 8 0 0 0 0 0 0 0 0
205 8 0 0 0 0 0 0 0 0
206 8 0 0 0 0 0 0 0 0
fn=__memcpy_sse2_unaligned_erms
308 155189 12387 2 0 0 0 0 0 0
309 155189 0 0 0 0 0 0 0 0
311 77883 0 0 0 0 0 0 0 0
315 77883 0 0 0 0 0 0 0 0
316 53021 0 0 0 0 0 0 0 0
317 53021 0 0 0 0 0 0 0 0
318 36495 592 1 36495 675 23 0 0 0
319 36495 0 0 0 0 0 0 0 0
320 27072 0 0 27072 38 21 0 0 0
321 27072 0 0 0 0 0 27072 13 2
323 36495 0 0 0 0 0 36495 10 0
325 53021 54 0 53021 0 0 0 0 0
331 24862 576 0 24862 229 75 0 0 0
332 24862 0 0 24862 0 0 0 0 0
333 24862 0 0 0 0 0 24862 20 3
334 24862 0 0 0 0 0 24862 0 0
335 24862 0 0 24862 0 0 0 0 0
364 77306 966 1 77306 248 86 0 0 0
365 77306 0 0 77306 0 0 0 0 0
366 77306 0 0 0 0 0 77306 349 4
367 77306 0 0 0 0 0 77306 14 1
368 77306 0 0 77306 0 0 0 0 0
375 42965 10240 0 42965 586 291 0 0 0
376 42965 0 0 42965 0 0 0 0 0
377 42965 0 0 0 0 0 42965 4652 25
378 42965 0 0 0 0 0 42965 10844 138
379 42965 0 0 0 0 0 42965 1350 6
380 42965 0 0 0 0 0 42965 0 0
381 42965 0 0 42965 0 0 0 0 0
392 121748 24249 1 0 0 0 0 0 0
393 121748 0 0 0 0 0 0 0 0
395 94177 0 0 94177 2068 534 0 0 0
396 94177 0 0 0 0 0 0 0 0
397 94177 0 0 0 0 0 0 0 0
399 51212 0 0 51212 578 250 0 0 0
400 51212 0 0 51212 538 269 0 0 0
401 51212 0 0 51212 1354 417 0 0 0
402 51212 17885 1 51212 0 0 0 0 0
403 51212 0 0 51212 0 0 0 0 0
404 51212 0 0 51212 0 0 0 0 0
405 51212 0 0 0 0 0 51212 15096 386
406 51212 0 0 0 0 0 51212 8472 1201
407 51212 0 0 0 0 0 51212 2458 216
408 51212 0 0 0 0 0 51212 3514 185
409 51212 0 0 0 0 0 51212 15462 62
410 51212 0 0 0 0 0 51212 0 0
411 51212 0 0 0 0 0 51212 0 0
412 51212 0 0 0 0 0 51212 0 0
413 51212 0 0 51212 0 0 0 0 0
417 27571 4292 1 0 0 0 0 0 0
418 27571 0 0 0 0 0 0 0 0
422 27571 0 0 0 0 0 0 0 0
424 27571 0 0 0 0 0 0 0 0
428 27349 5170 2 27349 6297 1 0 0 0
429 27349 0 0 0 0 0 0 0 0
440 27349 0 0 0 0 0 0 0 0
443 27349 0 0 0 0 0 0 0 0
445 27349 0 0 0 0 0 0 0 0
447 27349 0 0 0 0 0 0 0 0
451 27349 0 0 0 0 0 0 0 0
452 27349 0 0 0 0 0 0 0 0
461 25493 0 0 25493 5874 1241 0 0 0
462 25493 0 0 25493 1731 333 0 0 0
464 25493 0 0 0 0 0 0 0 0
466 25493 0 0 0 0 0 0 0 0
467 25493 0 0 25493 1544 292 0 0 0
468 25493 0 0 25493 3627 313 0 0 0
471 25493 5016 2 0 0 0 0 0 0
473 25493 0 0 0 0 0 0 0 0
475 25493 0 0 0 0 0 0 0 0
477 50986 0 0 0 0 0 0 0 0
483 237142 0 0 237142 30708 1585 0 0 0
484 237142 0 0 237142 33442 1467 0 0 0
485 237142 0 0 237142 38315 1404 0 0 0
486 237142 0 0 237142 38132 1048 0 0 0
487 237142 0 0 0 0 0 0 0 0
488 237142 0 0 0 0 0 237142 43649 9041
489 237142 0 0 0 0 0 237142 35446 6466
490 237142 0 0 0 0 0 237142 84941 16288
491 237142 0 0 0 0 0 237142 30713 6377
492 237142 0 0 0 0 0 0 0 0
493 237142 0 0 0 0 0 0 0 0
494 237142 0 0 0 0 0 0 0 0
496 25493 0 0 0 0 0 25493 9312 664
497 25493 4878 2 0 0 0 25493 0 0
498 25493 0 0 0 0 0 25493 0 0
499 25493 0 0 0 0 0 25493 0 0
501 25493 0 0 0 0 0 25493 548 1
505 25493 0 0 25493 37 0 0 0 0
511 222 0 0 0 0 0 0 0 0
512 222 0 0 0 0 0 0 0 0
518 2078 434 0 2078 295 16 0 0 0
519 2078 0 0 2078 105 15 0 0 0
521 2078 0 0 0 0 0 0 0 0
522 2078 0 0 2078 126 20 0 0 0
523 2078 0 0 2078 412 75 0 0 0
525 2078 0 0 0 0 0 0 0 0
527 2078 0 0 0 0 0 0 0 0
529 4156 0 0 0 0 0 0 0 0
535 21983 809 2 21983 1766 81 0 0 0
536 21983 0 0 21983 1746 50 0 0 0
537 21983 0 0 21983 2186 90 0 0 0
538 21983 0 0 21983 8971 133 0 0 0
539 21983 0 0 0 0 0 0 0 0
540 21983 0 0 0 0 0 21983 4001 670
541 21983 0 0 0 0 0 21983 2244 488
542 21983 0 0 0 0 0 21983 3019 929
543 21983 0 0 0 0 0 21983 9908 4395
544 21983 0 0 0 0 0 0 0 0
545 21983 0 0 0 0 0 0 0 0
546 21983 0 0 0 0 0 0 0 0
548 2078 0 0 0 0 0 2078 132 17
549 2078 0 0 0 0 0 2078 0 0
550 2078 0 0 0 0 0 2078 0 0
551 2078 0 0 0 0 0 2078 0 0
553 2078 0 0 0 0 0 2078 290 17
554 2078 802 2 2078 1 0 0 0 0
fn=__mempcpy_sse2_unaligned
197 666 0 0 0 0 0 0 0 0
198 666 0 0 0 0 0 0 0 0
199 666 0 0 0 0 0 0 0 0
200 666 0 0 0 0 0 0 0 0
fn=memcpy
210 43 2 2 0 0 0 0 0 0
211 43 0 0 0 0 0 0 0 0
217 96 0 0 0 0 0 0 0 0
218 96 0 0 0 0 0 0 0 0
220 53 0 0 53 1 0 0 0 0
221 53 0 0 0 0 0 0 0 0
222 53 0 0 0 0 0 0 0 0
224 26 0 0 26 0 0 0 0 0
225 26 0 0 0 0 0 26 7 7
226 26 1 0 0 0 0 26 1 1
228 26 0 0 26 0 0 0 0 0
308 43 1 1 0 0 0 0 0 0
309 43 0 0 0 0 0 0 0 0
311 15 0 0 0 0 0 0 0 0
315 15 0 0 0 0 0 0 0 0
316 15 0 0 0 0 0 0 0 0
317 15 0 0 0 0 0 0 0 0
318 2 0 0 2 1 1 0 0 0
319 2 0 0 0 0 0 0 0 0
323 2 0 0 0 0 0 2 1 1
325 15 0 0 15 0 0 0 0 0
364 28 1 1 28 0 0 0 0 0
365 28 0 0 28 0 0 0 0 0
366 28 0 0 0 0 0 28 7 7
367 28 0 0 0 0 0 28 1 1
368 28 0 0 28 0 0 0 0 0
375 12 0 0 12 0 0 0 0 0
376 12 0 0 12 0 0 0 0 0
377 12 0 0 0 0 0 12 2 2
378 12 0 0 0 0 0 12 2 2
379 12 0 0 0 0 0 12 2 2
380 12 0 0 0 0 0 12 0 0
381 12 0 0 12 0 0 0 0 0
392 27 1 1 0 0 0 0 0 0
393 27 0 0 0 0 0 0 0 0
395 27 0 0 27 0 0 0 0 0
396 27 2 2 0 0 0 0 0 0
397 27 0 0 0 0 0 0 0 0
399 15 0 0 15 0 0 0 0 0
400 15 0 0 15 0 0 0 0 0
401 15 0 0 15 0 0 0 0 0
402 15 0 0 15 0 0 0 0 0
403 15 0 0 15 0 0 0 0 0
404 15 0 0 15 0 0 0 0 0
405 15 0 0 0 0 0 15 5 5
406 15 0 0 0 0 0 15 0 0
407 15 0 0 0 0 0 15 3 3
408 15 0 0 0 0 0 15 0 0
409 15 0 0 0 0 0 15 3 3
410 15 0 0 0 0 0 15 0 0
411 15 0 0 0 0 0 15 0 0
412 15 2 2 0 0 0 15 0 0
413 15 0 0 15 0 0 0 0 0
fn=memcpy@GLIBC_2.2.5
210 334125 11454 2 0 0 0 0 0 0
211 334125 0 0 0 0 0 0 0 0
217 334791 0 0 0 0 0 0 0 0
218 334791 1615 2 0 0 0 0 0 0
220 179602 0 0 179602 7189 1066 0 0 0
221 179602 0 0 0 0 0 0 0 0
222 179602 0 0 0 0 0 0 0 0
224 57854 0 0 57854 449 98 0 0 0
225 57854 0 0 0 0 0 57854 1298 11
226 57854 0 0 0 0 0 57854 1481 2
230 57854 0 0 57854 0 0 0 0 0
fn=mempcpy
197 53 0 0 0 0 0 0 0 0
198 53 0 0 0 0 0 0 0 0
199 53 0 0 0 0 0 0 0 0
200 53 0 0 0 0 0 0 0 0
fl=./string/../sysdeps/x86_64/multiarch/memmove.c
fn=memmove
29 4 1 1 2 0 0 0 0 0
fl=./string/../sysdeps/x86_64/multiarch/mempcpy.c
fn=mempcpy
33 2 1 1 1 0 0 0 0 0
fl=./string/../sysdeps/x86_64/multiarch/memrchr-sse2.S
fn=__memrchr_sse2
34 442 351 1 0 0 0 0 0 0
39 442 0 0 0 0 0 0 0 0
42 442 0 0 0 0 0 0 0 0
44 442 0 0 0 0 0 0 0 0
45 442 0 0 0 0 0 0 0 0
46 442 0 0 0 0 0 0 0 0
49 442 0 0 0 0 0 0 0 0
50 442 0 0 0 0 0 0 0 0
60 440 0 0 440 90 0 0 0 0
61 440 0 0 0 0 0 0 0 0
62 440 0 0 0 0 0 0 0 0
64 440 0 0 0 0 0 0 0 0
65 440 0 0 0 0 0 0 0 0
69 29 0 0 0 0 0 0 0 0
70 29 0 0 0 0 0 0 0 0
73 24 0 0 0 0 0 0 0 0
74 24 0 0 0 0 0 0 0 0
77 24 0 0 0 0 0 0 0 0
79 29 0 0 29 0 0 0 0 0
83 412 0 0 0 0 0 0 0 0
84 412 0 0 0 0 0 0 0 0
85 412 0 0 412 0 0 0 0 0
95 416 351 1 0 0 0 0 0 0
96 416 0 0 0 0 0 0 0 0
99 8 0 0 0 0 0 0 0 0
100 8 0 0 0 0 0 0 0 0
102 8 0 0 0 0 0 0 0 0
107 8 0 0 8 0 0 0 0 0
108 8 0 0 0 0 0 0 0 0
109 8 0 0 0 0 0 0 0 0
110 8 0 0 0 0 0 0 0 0
112 8 0 0 0 0 0 0 0 0
113 8 0 0 0 0 0 0 0 0
115 3 0 0 0 0 0 0 0 0
116 3 0 0 0 0 0 0 0 0
139 2 2 1 0 0 0 0 0 0
140 2 0 0 0 0 0 0 0 0
142 2 0 0 0 0 0 0 0 0
143 2 0 0 0 0 0 0 0 0
145 2 0 0 2 2 0 0 0 0
146 2 0 0 0 0 0 0 0 0
147 2 0 0 0 0 0 0 0 0
150 2 0 0 0 0 0 0 0 0
153 2 0 0 0 0 0 0 0 0
154 2 0 0 0 0 0 0 0 0
155 2 0 0 0 0 0 0 0 0
156 2 0 0 0 0 0 0 0 0
157 2 2 0 0 0 0 0 0 0
158 2 0 0 0 0 0 0 0 0
175 1 0 0 0 0 0 0 0 0
176 1 0 0 0 0 0 0 0 0
177 1 0 0 1 0 0 0 0 0
181 5 3 2 0 0 0 0 0 0
182 5 0 0 0 0 0 0 0 0
184 1 0 0 1 0 0 0 0 0
185 1 0 0 0 0 0 0 0 0
186 1 0 0 0 0 0 0 0 0
187 1 0 0 0 0 0 0 0 0
188 1 0 0 0 0 0 0 0 0
fl=./string/../sysdeps/x86_64/multiarch/memrchr.c
fn=memrchr
29 6 2 1 2 0 0 0 0 0
fl=./string/../sysdeps/x86_64/multiarch/memset-vec-unaligned-erms.S
fn=???
128 1 0 0 0 0 0 0 0 0
fn=__memset_chk_sse2_unaligned
126 1 1 1 0 0 0 0 0 0
127 1 0 0 0 0 0 0 0 0
128 1 0 0 0 0 0 0 0 0
fn=__memset_sse2_unaligned
132 334536 749 2 0 0 0 0 0 0
133 1672680 0 0 0 0 0 0 0 0
138 334536 0 0 0 0 0 0 0 0
139 334536 0 0 0 0 0 0 0 0
142 273536 2 0 0 0 0 0 0 0
143 273536 0 0 0 0 0 0 0 0
145 149609 0 0 0 0 0 149609 14671 831
146 149609 0 0 0 0 0 149609 0 0
147 149609 0 0 149609 0 0 0 0 0
fn=__memset_sse2_unaligned_erms
181 68485 14144 1 0 0 0 68485 5045 7
182 68485 0 0 0 0 0 68485 5294 24
184 68485 0 0 68485 0 0 0 0 0
244 123927 13333 1 0 0 0 123927 17878 2513
245 123927 0 0 0 0 0 123927 16766 1293
257 123927 0 0 0 0 0 0 0 0
260 123927 0 0 0 0 0 0 0 0
261 123927 0 0 0 0 0 0 0 0
273 55442 0 0 0 0 0 55442 10083 1733
274 55442 0 0 0 0 0 55442 2936 1140
287 55442 0 0 0 0 0 0 0 0
288 55442 0 0 0 0 0 0 0 0
290 55442 0 0 0 0 0 0 0 0
293 16823 0 0 0 0 0 0 0 0
296 33646 0 0 0 0 0 0 0 0
299 109906 671 1 0 0 0 109906 24420 5057
300 109906 0 0 0 0 0 109906 33355 9043
301 109906 0 0 0 0 0 109906 18581 4249
302 109906 0 0 0 0 0 109906 19645 3998
303 109906 0 0 0 0 0 0 0 0
304 109906 0 0 0 0 0 0 0 0
305 109906 0 0 0 0 0 0 0 0
308 55442 12774 1 0 0 0 55442 399 73
309 55442 0 0 0 0 0 55442 797 25
310 55442 0 0 0 0 0 55442 640 30
311 55442 0 0 0 0 0 55442 12628 72
316 55442 0 0 55442 6 0 0 0 0
350 61002 7426 1 0 0 0 0 0 0
352 61002 0 0 0 0 0 0 0 0
353 61002 0 0 0 0 0 0 0 0
354 1543 0 0 0 0 0 0 0 0
355 1543 0 0 0 0 0 0 0 0
356 1400 0 0 0 0 0 0 0 0
357 1400 0 0 0 0 0 0 0 0
358 1318 0 0 0 0 0 0 0 0
359 91 0 0 0 0 0 91 1 0
361 1318 0 0 1318 0 0 0 0 0
392 59459 0 0 0 0 0 59459 785 9
393 59459 0 0 0 0 0 59459 132 0
395 59459 0 0 59459 0 0 0 0 0
406 143 0 0 0 0 0 143 0 0
407 143 0 0 0 0 0 143 0 0
409 143 0 0 143 0 0 0 0 0
420 82 0 0 0 0 0 82 0 0
421 82 0 0 0 0 0 82 0 0
423 82 0 0 82 0 0 0 0 0
fn=__wmemset_sse2_unaligned
114 2 2 0 0 0 0 0 0 0
115 2 0 0 0 0 0 0 0 0
116 6 0 0 0 0 0 0 0 0
118 2 0 0 0 0 0 0 0 0
119 2 0 0 0 0 0 0 0 0
121 2 0 0 0 0 0 0 0 0
fl=./string/../sysdeps/x86_64/multiarch/memset.c
fn=memset
29 4 1 1 2 0 0 0 0 0
fl=./string/../sysdeps/x86_64/multiarch/rawmemchr-sse2.S
fn=__rawmemchr_sse2
31 110 103 1 0 0 0 0 0 0
32 110 0 0 0 0 0 0 0 0
33 110 0 0 0 0 0 0 0 0
35 110 0 0 0 0 0 0 0 0
36 110 0 0 0 0 0 0 0 0
38 110 0 0 0 0 0 0 0 0
39 110 0 0 0 0 0 0 0 0
41 110 0 0 0 0 0 0 0 0
42 110 0 0 0 0 0 0 0 0
44 93 0 0 93 0 0 0 0 0
45 93 0 0 0 0 0 0 0 0
47 93 0 0 0 0 0 0 0 0
48 93 0 0 0 0 0 0 0 0
50 93 0 0 0 0 0 0 0 0
51 21 0 0 0 0 0 0 0 0
52 21 0 0 0 0 0 0 0 0
53 21 21 1 0 0 0 0 0 0
57 17 15 0 0 0 0 0 0 0
58 17 0 0 0 0 0 0 0 0
59 17 0 0 17 0 0 0 0 0
61 17 0 0 0 0 0 0 0 0
63 17 0 0 0 0 0 0 0 0
65 17 0 0 0 0 0 0 0 0
66 17 0 0 0 0 0 0 0 0
67 17 0 0 0 0 0 0 0 0
69 17 0 0 0 0 0 0 0 0
71 17 0 0 0 0 0 0 0 0
72 17 0 0 0 0 0 0 0 0
73 17 0 0 17 0 0 0 0 0
81 21 21 1 21 0 0 0 0 0
82 21 0 0 0 0 0 0 0 0
83 21 0 0 0 0 0 0 0 0
84 21 0 0 0 0 0 0 0 0
85 21 0 0 0 0 0 0 0 0
87 21 0 0 21 0 0 0 0 0
88 21 0 0 0 0 0 0 0 0
89 21 0 0 0 0 0 0 0 0
90 21 0 0 0 0 0 0 0 0
91 21 0 0 0 0 0 0 0 0
93 21 0 0 21 0 0 0 0 0
94 21 21 1 0 0 0 0 0 0
95 21 0 0 0 0 0 0 0 0
96 21 0 0 0 0 0 0 0 0
97 21 0 0 0 0 0 0 0 0
99 18 0 0 18 0 0 0 0 0
100 18 0 0 0 0 0 0 0 0
101 18 0 0 0 0 0 0 0 0
102 18 0 0 0 0 0 0 0 0
103 18 0 0 0 0 0 0 0 0
104 18 0 0 0 0 0 0 0 0
106 14 0 0 0 0 0 0 0 0
107 14 0 0 0 0 0 0 0 0
109 7 0 0 7 0 0 0 0 0
110 7 0 0 0 0 0 0 0 0
111 7 0 0 0 0 0 0 0 0
112 7 0 0 0 0 0 0 0 0
113 7 7 1 0 0 0 0 0 0
115 6 0 0 6 0 0 0 0 0
116 6 0 0 0 0 0 0 0 0
117 6 0 0 0 0 0 0 0 0
118 6 0 0 0 0 0 0 0 0
119 6 0 0 0 0 0 0 0 0
121 2 0 0 2 0 0 0 0 0
122 2 0 0 0 0 0 0 0 0
123 2 0 0 0 0 0 0 0 0
124 2 0 0 0 0 0 0 0 0
125 2 0 0 0 0 0 0 0 0
127 1 0 0 1 0 0 0 0 0
128 1 0 0 0 0 0 0 0 0
129 1 0 0 0 0 0 0 0 0
131 1 0 0 0 0 0 0 0 0
132 1 1 0 0 0 0 0 0 0
133 1 0 0 0 0 0 0 0 0
139 9 7 1 9 0 0 0 0 0
140 9 0 0 9 0 0 0 0 0
141 9 0 0 9 0 0 0 0 0
142 9 0 0 9 0 0 0 0 0
144 9 0 0 0 0 0 0 0 0
145 9 0 0 0 0 0 0 0 0
146 9 0 0 0 0 0 0 0 0
147 9 0 0 0 0 0 0 0 0
149 9 0 0 0 0 0 0 0 0
150 9 0 0 0 0 0 0 0 0
151 9 0 0 0 0 0 0 0 0
152 9 7 1 0 0 0 0 0 0
154 9 0 0 0 0 0 0 0 0
156 9 0 0 0 0 0 0 0 0
157 9 0 0 0 0 0 0 0 0
159 7 0 0 0 0 0 0 0 0
161 7 0 0 0 0 0 0 0 0
162 7 0 0 0 0 0 0 0 0
163 7 0 0 0 0 0 0 0 0
165 6 0 0 0 0 0 0 0 0
166 6 0 0 0 0 0 0 0 0
167 6 0 0 0 0 0 0 0 0
169 4 0 0 4 0 0 0 0 0
170 4 0 0 0 0 0 0 0 0
172 4 0 0 4 0 0 0 0 0
173 4 0 0 0 0 0 0 0 0
174 4 0 0 0 0 0 0 0 0
175 4 0 0 0 0 0 0 0 0
177 2 0 0 0 0 0 0 0 0
178 2 0 0 0 0 0 0 0 0
179 2 2 0 0 0 0 0 0 0
180 2 0 0 2 0 0 0 0 0
184 5 5 0 0 0 0 0 0 0
185 5 0 0 0 0 0 0 0 0
186 5 0 0 5 0 0 0 0 0
190 74 71 1 0 0 0 0 0 0
191 74 0 0 0 0 0 0 0 0
192 74 0 0 74 0 0 0 0 0
196 6 6 0 0 0 0 0 0 0
197 6 0 0 0 0 0 0 0 0
198 6 0 0 6 0 0 0 0 0
202 6 6 1 0 0 0 0 0 0
203 6 0 0 0 0 0 0 0 0
204 6 0 0 6 0 0 0 0 0
fl=./string/../sysdeps/x86_64/multiarch/rawmemchr.c
fn=rawmemchr
31 2 1 1 1 0 0 0 0 0
fl=./string/../sysdeps/x86_64/multiarch/stpcpy.c
fn=stpcpy
33 2 1 1 1 0 0 0 0 0
fl=./string/../sysdeps/x86_64/multiarch/stpncpy.c
fn=stpncpy
31 2 1 1 1 0 0 0 0 0
fl=./string/../sysdeps/x86_64/multiarch/strcasecmp.c
fn=strcasecmp
31 3 1 1 1 0 0 0 0 0
fl=./string/../sysdeps/x86_64/multiarch/strcasecmp_l.c
fn=strcasecmp_l
31 3 1 1 1 0 0 0 0 0
fl=./string/../sysdeps/x86_64/multiarch/strcat.c
fn=strcat
29 2 1 1 1 0 0 0 0 0
fl=./string/../sysdeps/x86_64/multiarch/strchr-sse2.S
fn=__strchr_sse2
32 26035 13280 2 0 0 0 0 0 0
33 26035 0 0 0 0 0 0 0 0
34 26035 0 0 0 0 0 0 0 0
35 26035 0 0 0 0 0 0 0 0
36 26035 12635 3 0 0 0 0 0 0
37 26035 0 0 0 0 0 0 0 0
38 26035 0 0 0 0 0 0 0 0
39 26035 0 0 0 0 0 0 0 0
40 26035 0 0 0 0 0 0 0 0
41 26001 0 0 26001 12080 2 0 0 0
42 26001 0 0 0 0 0 0 0 0
43 26001 0 0 0 0 0 0 0 0
44 26001 0 0 0 0 0 0 0 0
45 26001 0 0 0 0 0 0 0 0
46 26001 0 0 0 0 0 0 0 0
47 26001 0 0 0 0 0 0 0 0
48 26001 0 0 0 0 0 0 0 0
49 26001 0 0 0 0 0 0 0 0
50 25618 0 0 0 0 0 0 0 0
54 25618 0 0 0 0 0 0 0 0
55 25618 12358 3 0 0 0 0 0 0
56 25618 0 0 25618 0 0 0 0 0
57 25618 0 0 0 0 0 0 0 0
59 25618 0 0 25618 0 0 0 0 0
63 383 216 0 383 30 0 0 0 0
64 383 0 0 0 0 0 0 0 0
65 383 0 0 0 0 0 0 0 0
66 383 0 0 0 0 0 0 0 0
67 383 0 0 0 0 0 0 0 0
68 383 0 0 0 0 0 0 0 0
69 383 0 0 383 43 2 0 0 0
70 383 0 0 0 0 0 0 0 0
71 383 0 0 0 0 0 0 0 0
72 383 0 0 0 0 0 0 0 0
73 383 0 0 0 0 0 0 0 0
74 383 245 1 0 0 0 0 0 0
75 383 0 0 0 0 0 0 0 0
76 383 0 0 383 39 1 0 0 0
77 383 0 0 0 0 0 0 0 0
78 383 0 0 0 0 0 0 0 0
79 383 0 0 0 0 0 0 0 0
80 383 0 0 0 0 0 0 0 0
81 383 0 0 0 0 0 0 0 0
82 383 0 0 0 0 0 0 0 0
83 383 0 0 0 0 0 0 0 0
84 383 0 0 0 0 0 0 0 0
85 383 0 0 0 0 0 0 0 0
86 609 1 0 0 0 0 0 0 0
91 113 103 1 0 0 0 0 0 0
92 113 0 0 0 0 0 0 0 0
95 372 0 0 0 0 0 0 0 0
96 372 0 0 372 83 0 0 0 0
97 372 0 0 372 0 0 0 0 0
98 372 0 0 372 0 0 0 0 0
99 372 0 0 0 0 0 0 0 0
100 372 0 0 372 0 0 0 0 0
101 372 0 0 0 0 0 0 0 0
102 372 0 0 0 0 0 0 0 0
103 372 0 0 372 0 0 0 0 0
104 372 0 0 0 0 0 0 0 0
105 372 0 0 372 0 0 0 0 0
106 372 0 0 372 0 0 0 0 0
107 372 103 1 0 0 0 0 0 0
108 372 0 0 372 0 0 0 0 0
109 372 0 0 0 0 0 0 0 0
110 372 0 0 0 0 0 0 0 0
111 372 0 0 0 0 0 0 0 0
112 372 0 0 0 0 0 0 0 0
114 372 0 0 0 0 0 0 0 0
115 372 0 0 0 0 0 0 0 0
117 113 0 0 113 0 0 0 0 0
118 113 0 0 0 0 0 0 0 0
119 113 0 0 0 0 0 0 0 0
120 113 0 0 0 0 0 0 0 0
121 113 0 0 0 0 0 0 0 0
122 113 0 0 0 0 0 0 0 0
123 113 0 0 0 0 0 0 0 0
124 113 0 0 0 0 0 0 0 0
126 113 0 0 0 0 0 0 0 0
127 113 64 0 0 0 0 0 0 0
128 113 0 0 0 0 0 0 0 0
129 113 0 0 0 0 0 0 0 0
130 113 0 0 0 0 0 0 0 0
131 113 0 0 0 0 0 0 0 0
132 113 0 0 0 0 0 0 0 0
133 113 0 0 0 0 0 0 0 0
134 113 0 0 0 0 0 0 0 0
135 113 0 0 0 0 0 0 0 0
138 417 180 1 0 0 0 0 0 0
142 417 0 0 0 0 0 0 0 0
143 417 0 0 0 0 0 0 0 0
144 417 0 0 417 0 0 0 0 0
145 417 0 0 0 0 0 0 0 0
147 417 0 0 417 0 0 0 0 0
151 34 23 1 0 0 0 0 0 0
152 34 0 0 0 0 0 0 0 0
153 34 0 0 0 0 0 0 0 0
154 34 0 0 0 0 0 0 0 0
155 34 0 0 34 0 0 0 0 0
156 34 0 0 0 0 0 0 0 0
157 34 0 0 0 0 0 0 0 0
158 34 0 0 0 0 0 0 0 0
159 34 0 0 0 0 0 0 0 0
160 34 0 0 0 0 0 0 0 0
161 34 0 0 34 0 0 0 0 0
162 34 0 0 0 0 0 0 0 0
163 34 0 0 0 0 0 0 0 0
164 34 0 0 0 0 0 0 0 0
165 34 0 0 0 0 0 0 0 0
166 34 23 2 0 0 0 0 0 0
167 34 0 0 34 0 0 0 0 0
168 34 0 0 0 0 0 0 0 0
169 34 0 0 0 0 0 0 0 0
170 34 0 0 0 0 0 0 0 0
171 34 0 0 0 0 0 0 0 0
172 34 0 0 0 0 0 0 0 0
173 34 0 0 0 0 0 0 0 0
174 34 0 0 34 0 0 0 0 0
175 34 0 0 0 0 0 0 0 0
176 34 0 0 0 0 0 0 0 0
177 34 0 0 0 0 0 0 0 0
178 34 0 0 0 0 0 0 0 0
179 34 0 0 0 0 0 0 0 0
180 34 0 0 0 0 0 0 0 0
181 34 0 0 0 0 0 0 0 0
182 34 23 0 0 0 0 0 0 0
183 34 0 0 0 0 0 0 0 0
184 34 0 0 0 0 0 0 0 0
185 34 0 0 0 0 0 0 0 0
186 34 0 0 0 0 0 0 0 0
187 34 0 0 0 0 0 0 0 0
188 34 0 0 0 0 0 0 0 0
189 5 0 0 0 0 0 0 0 0
fn=__strchrnul_sse2
32 13 2 1 0 0 0 0 0 0
33 13 0 0 0 0 0 0 0 0
34 13 0 0 0 0 0 0 0 0
35 13 0 0 0 0 0 0 0 0
36 13 0 0 0 0 0 0 0 0
37 13 0 0 0 0 0 0 0 0
38 13 0 0 0 0 0 0 0 0
39 13 3 2 0 0 0 0 0 0
40 13 0 0 0 0 0 0 0 0
41 11 0 0 11 2 2 0 0 0
42 11 0 0 0 0 0 0 0 0
43 11 0 0 0 0 0 0 0 0
44 11 0 0 0 0 0 0 0 0
45 11 0 0 0 0 0 0 0 0
46 11 0 0 0 0 0 0 0 0
47 11 0 0 0 0 0 0 0 0
48 11 0 0 0 0 0 0 0 0
49 11 0 0 0 0 0 0 0 0
50 11 0 0 0 0 0 0 0 0
52 11 0 0 0 0 0 0 0 0
59 11 0 0 11 0 0 0 0 0
138 2 0 0 0 0 0 0 0 0
140 2 0 0 0 0 0 0 0 0
147 2 0 0 2 0 0 0 0 0
151 2 1 1 0 0 0 0 0 0
152 2 0 0 0 0 0 0 0 0
153 2 0 0 0 0 0 0 0 0
154 2 0 0 0 0 0 0 0 0
155 2 0 0 2 1 1 0 0 0
156 2 0 0 0 0 0 0 0 0
157 2 0 0 0 0 0 0 0 0
158 2 0 0 0 0 0 0 0 0
159 2 0 0 0 0 0 0 0 0
160 2 0 0 0 0 0 0 0 0
161 2 0 0 2 0 0 0 0 0
162 2 1 1 0 0 0 0 0 0
163 2 0 0 0 0 0 0 0 0
164 2 0 0 0 0 0 0 0 0
165 2 0 0 0 0 0 0 0 0
166 2 0 0 0 0 0 0 0 0
167 2 0 0 2 0 0 0 0 0
168 2 0 0 0 0 0 0 0 0
169 2 0 0 0 0 0 0 0 0
170 2 0 0 0 0 0 0 0 0
171 2 0 0 0 0 0 0 0 0
172 2 0 0 0 0 0 0 0 0
173 2 0 0 0 0 0 0 0 0
174 2 0 0 2 0 0 0 0 0
175 2 0 0 0 0 0 0 0 0
176 2 0 0 0 0 0 0 0 0
177 2 0 0 0 0 0 0 0 0
178 2 1 1 0 0 0 0 0 0
179 2 0 0 0 0 0 0 0 0
180 2 0 0 0 0 0 0 0 0
181 2 0 0 0 0 0 0 0 0
182 2 0 0 0 0 0 0 0 0
183 2 0 0 0 0 0 0 0 0
184 2 0 0 0 0 0 0 0 0
185 2 0 0 0 0 0 0 0 0
186 2 0 0 0 0 0 0 0 0
187 2 0 0 0 0 0 0 0 0
188 2 0 0 0 0 0 0 0 0
fl=./string/../sysdeps/x86_64/multiarch/strchr.c
fn=index
42 8 0 0 0 0 0 0 0 0
43 4 0 0 4 2 0 0 0 0
44 6 2 1 2 0 0 0 0 0
59 8 0 0 0 0 0 0 0 0
65 4 2 1 2 0 0 0 0 0
fl=./string/../sysdeps/x86_64/multiarch/strchrnul.c
fn=strchrnul
31 3 1 1 1 0 0 0 0 0
fl=./string/../sysdeps/x86_64/multiarch/strcmp-sse4_2.S
fn=__strcmp_sse42
108 6089 521 2 0 0 0 0 0 0
144 6089 0 0 0 0 0 0 0 0
145 6089 0 0 0 0 0 0 0 0
147 6089 0 0 0 0 0 0 0 0
148 6089 0 0 0 0 0 0 0 0
169 6089 0 0 0 0 0 0 0 0
170 6089 0 0 0 0 0 0 0 0
171 6089 0 0 0 0 0 0 0 0
172 6089 0 0 0 0 0 0 0 0
173 3695 0 0 3695 263 50 0 0 0
174 3695 0 0 3695 1139 12 0 0 0
192 3695 0 0 0 0 0 0 0 0
193 3695 0 0 0 0 0 0 0 0
194 3695 0 0 0 0 0 0 0 0
195 3695 0 0 0 0 0 0 0 0
196 3695 0 0 0 0 0 0 0 0
197 3695 0 0 0 0 0 0 0 0
198 3695 438 1 0 0 0 0 0 0
203 215 0 0 0 0 0 0 0 0
204 430 0 0 0 0 0 0 0 0
213 2609 90 1 0 0 0 0 0 0
214 2609 0 0 0 0 0 0 0 0
215 2609 0 0 0 0 0 0 0 0
216 2609 0 0 0 0 0 0 0 0
217 2609 0 0 0 0 0 0 0 0
218 2609 0 0 0 0 0 0 0 0
219 2609 0 0 0 0 0 0 0 0
220 2609 0 0 0 0 0 0 0 0
221 2609 0 0 0 0 0 0 0 0
222 2355 0 0 0 0 0 0 0 0
223 1420 0 0 0 0 0 0 0 0
224 1420 0 0 0 0 0 0 0 0
225 1420 0 0 0 0 0 0 0 0
227 2355 0 0 2355 724 18 0 0 0
228 2355 0 0 2355 165 15 0 0 0
229 2355 243 1 0 0 0 0 0 0
230 2355 0 0 0 0 0 0 0 0
231 2355 0 0 0 0 0 0 0 0
232 2355 0 0 2355 233 1 0 0 0
233 2355 0 0 0 0 0 0 0 0
234 2355 0 0 0 0 0 0 0 0
235 2355 0 0 0 0 0 0 0 0
245 254 147 1 254 24 3 0 0 0
246 254 0 0 0 0 0 0 0 0
248 254 0 0 254 1 0 0 0 0
254 254 0 0 0 0 0 0 0 0
255 254 0 0 0 0 0 0 0 0
256 254 0 0 0 0 0 0 0 0
257 254 0 0 0 0 0 0 0 0
258 254 0 0 0 0 0 0 0 0
263 254 204 2 0 0 0 0 0 0
265 20 0 0 0 0 0 0 0 0
266 20 0 0 0 0 0 0 0 0
272 60 0 0 0 0 0 0 0 0
275 20 0 0 20 1 0 0 0 0
277 20 0 0 20 0 0 0 0 0
283 20 0 0 0 0 0 0 0 0
284 20 0 0 0 0 0 0 0 0
309 20 13 1 0 0 0 0 0 0
314 8 0 0 0 0 0 0 0 0
315 8 0 0 8 0 0 0 0 0
316 8 0 0 8 0 0 0 0 0
322 8 0 0 0 0 0 0 0 0
323 8 0 0 8 0 0 0 0 0
334 10 10 0 0 0 0 0 0 0
336 10 0 0 0 0 0 0 0 0
337 10 0 0 0 0 0 0 0 0
338 10 10 1 0 0 0 0 0 0
339 10 0 0 0 0 0 0 0 0
340 10 0 0 0 0 0 0 0 0
341 10 0 0 0 0 0 0 0 0
342 10 0 0 0 0 0 0 0 0
422 9 3 1 0 0 0 0 0 0
424 9 0 0 0 0 0 0 0 0
425 9 0 0 0 0 0 0 0 0
426 9 0 0 0 0 0 0 0 0
427 9 0 0 0 0 0 0 0 0
428 9 0 0 0 0 0 0 0 0
429 9 0 0 0 0 0 0 0 0
430 9 0 0 0 0 0 0 0 0
431 5 0 0 5 0 0 0 0 0
434 5 0 0 0 0 0 0 0 0
435 5 0 0 0 0 0 0 0 0
441 5 0 0 0 0 0 0 0 0
442 5 0 0 0 0 0 0 0 0
443 5 1 1 0 0 0 0 0 0
444 10 0 0 0 0 0 0 0 0
448 5 0 0 0 0 0 0 0 0
449 5 0 0 0 0 0 0 0 0
452 5 0 0 5 0 0 0 0 0
453 5 0 0 5 0 0 0 0 0
455 5 0 0 5 0 0 0 0 0
461 5 0 0 0 0 0 0 0 0
510 4 1 1 0 0 0 0 0 0
512 4 0 0 0 0 0 0 0 0
513 4 0 0 0 0 0 0 0 0
514 4 0 0 0 0 0 0 0 0
515 4 0 0 0 0 0 0 0 0
516 4 0 0 0 0 0 0 0 0
517 4 0 0 0 0 0 0 0 0
518 4 0 0 0 0 0 0 0 0
519 4 0 0 4 0 0 0 0 0
523 4 0 0 0 0 0 0 0 0
524 4 1 1 0 0 0 0 0 0
530 4 0 0 0 0 0 0 0 0
531 4 0 0 0 0 0 0 0 0
532 4 0 0 0 0 0 0 0 0
533 4 0 0 0 0 0 0 0 0
536 4 0 0 0 0 0 0 0 0
537 4 0 0 0 0 0 0 0 0
540 4 0 0 4 0 0 0 0 0
541 4 0 0 4 0 0 0 0 0
543 4 0 0 4 0 0 0 0 0
549 4 0 0 0 0 0 0 0 0
598 23 11 1 0 0 0 0 0 0
600 23 0 0 0 0 0 0 0 0
601 23 0 0 0 0 0 0 0 0
602 23 0 0 0 0 0 0 0 0
603 23 0 0 0 0 0 0 0 0
604 23 0 0 0 0 0 0 0 0
605 23 0 0 0 0 0 0 0 0
606 23 0 0 0 0 0 0 0 0
607 12 0 0 12 0 0 0 0 0
611 12 0 0 0 0 0 0 0 0
612 12 1 1 0 0 0 0 0 0
618 12 0 0 0 0 0 0 0 0
619 12 0 0 0 0 0 0 0 0
620 12 0 0 0 0 0 0 0 0
621 24 0 0 0 0 0 0 0 0
625 12 0 0 0 0 0 0 0 0
626 12 0 0 0 0 0 0 0 0
629 12 0 0 12 2 2 0 0 0
630 12 0 0 12 0 0 0 0 0
632 12 0 0 12 0 0 0 0 0
638 12 0 0 0 0 0 0 0 0
687 73 62 2 0 0 0 0 0 0
689 73 0 0 0 0 0 0 0 0
690 73 0 0 0 0 0 0 0 0
691 73 0 0 0 0 0 0 0 0
692 73 0 0 0 0 0 0 0 0
693 73 0 0 0 0 0 0 0 0
694 73 0 0 0 0 0 0 0 0
695 73 0 0 0 0 0 0 0 0
696 11 1 1 11 0 0 0 0 0
700 11 0 0 0 0 0 0 0 0
701 11 0 0 0 0 0 0 0 0
707 11 0 0 0 0 0 0 0 0
708 11 0 0 0 0 0 0 0 0
709 11 0 0 0 0 0 0 0 0
710 22 0 0 0 0 0 0 0 0
714 11 0 0 0 0 0 0 0 0
715 11 0 0 0 0 0 0 0 0
718 11 0 0 11 0 0 0 0 0
719 11 1 1 11 0 0 0 0 0
721 11 0 0 11 0 0 0 0 0
727 11 0 0 0 0 0 0 0 0
733 1 0 0 0 0 0 0 0 0
734 1 0 0 0 0 0 0 0 0
735 1 0 0 0 0 0 0 0 0
737 1 0 0 1 0 0 0 0 0
739 1 0 0 1 0 0 0 0 0
741 1 0 0 1 0 0 0 0 0
747 1 0 0 0 0 0 0 0 0
777 21 5 2 0 0 0 0 0 0
779 21 0 0 0 0 0 0 0 0
780 21 0 0 0 0 0 0 0 0
781 21 5 2 0 0 0 0 0 0
782 21 0 0 0 0 0 0 0 0
783 21 0 0 0 0 0 0 0 0
784 21 0 0 0 0 0 0 0 0
785 21 0 0 0 0 0 0 0 0
786 8 0 0 8 0 0 0 0 0
790 8 0 0 0 0 0 0 0 0
791 8 0 0 0 0 0 0 0 0
797 8 0 0 0 0 0 0 0 0
798 8 0 0 0 0 0 0 0 0
799 8 0 0 0 0 0 0 0 0
800 16 0 0 0 0 0 0 0 0
804 8 1 1 0 0 0 0 0 0
805 8 0 0 0 0 0 0 0 0
808 8 0 0 8 1 1 0 0 0
809 8 0 0 8 0 0 0 0 0
811 8 0 0 8 0 0 0 0 0
817 8 0 0 0 0 0 0 0 0
823 1 0 0 0 0 0 0 0 0
824 1 0 0 0 0 0 0 0 0
825 1 0 0 0 0 0 0 0 0
827 1 0 0 1 0 0 0 0 0
828 1 0 0 1 0 0 0 0 0
830 1 0 0 1 0 0 0 0 0
836 1 1 1 0 0 0 0 0 0
866 40 27 1 0 0 0 0 0 0
868 40 0 0 0 0 0 0 0 0
869 40 0 0 0 0 0 0 0 0
870 40 0 0 0 0 0 0 0 0
871 40 0 0 0 0 0 0 0 0
872 40 0 0 0 0 0 0 0 0
873 40 0 0 0 0 0 0 0 0
874 40 0 0 0 0 0 0 0 0
875 8 0 0 8 0 0 0 0 0
879 8 0 0 0 0 0 0 0 0
880 8 0 0 0 0 0 0 0 0
886 8 0 0 0 0 0 0 0 0
887 8 0 0 0 0 0 0 0 0
888 8 1 1 0 0 0 0 0 0
889 16 0 0 0 0 0 0 0 0
893 8 0 0 0 0 0 0 0 0
894 8 0 0 0 0 0 0 0 0
897 8 0 0 8 0 0 0 0 0
898 8 0 0 8 0 0 0 0 0
900 8 0 0 8 1 1 0 0 0
906 8 0 0 0 0 0 0 0 0
912 1 0 0 0 0 0 0 0 0
913 1 0 0 0 0 0 0 0 0
914 1 0 0 0 0 0 0 0 0
916 1 0 0 1 0 0 0 0 0
917 1 1 1 1 0 0 0 0 0
919 1 0 0 1 0 0 0 0 0
925 1 0 0 0 0 0 0 0 0
955 91 30 1 0 0 0 0 0 0
957 91 0 0 0 0 0 0 0 0
958 91 0 0 0 0 0 0 0 0
959 91 0 0 0 0 0 0 0 0
960 91 0 0 0 0 0 0 0 0
961 91 0 0 0 0 0 0 0 0
962 91 0 0 0 0 0 0 0 0
963 91 0 0 0 0 0 0 0 0
964 7 0 0 7 0 0 0 0 0
968 7 0 0 0 0 0 0 0 0
969 7 1 1 0 0 0 0 0 0
975 7 0 0 0 0 0 0 0 0
976 7 0 0 0 0 0 0 0 0
977 7 0 0 0 0 0 0 0 0
978 14 0 0 0 0 0 0 0 0
982 7 0 0 0 0 0 0 0 0
983 7 0 0 0 0 0 0 0 0
986 7 0 0 7 0 0 0 0 0
987 7 0 0 7 0 0 0 0 0
989 7 0 0 7 0 0 0 0 0
995 7 0 0 0 0 0 0 0 0
1044 187 141 1 0 0 0 0 0 0
1046 187 0 0 0 0 0 0 0 0
1047 187 0 0 0 0 0 0 0 0
1048 187 0 0 0 0 0 0 0 0
1049 187 0 0 0 0 0 0 0 0
1050 187 0 0 0 0 0 0 0 0
1051 187 0 0 0 0 0 0 0 0
1052 187 0 0 0 0 0 0 0 0
1053 22 9 1 22 0 0 0 0 0
1057 22 0 0 0 0 0 0 0 0
1058 22 0 0 0 0 0 0 0 0
1064 22 0 0 0 0 0 0 0 0
1065 22 0 0 0 0 0 0 0 0
1066 22 0 0 0 0 0 0 0 0
1067 44 0 0 0 0 0 0 0 0
1071 22 0 0 0 0 0 0 0 0
1072 22 0 0 0 0 0 0 0 0
1075 22 0 0 22 3 2 0 0 0
1077 22 9 1 22 0 0 0 0 0
1079 22 0 0 22 5 0 0 0 0
1085 22 0 0 0 0 0 0 0 0
1091 1 0 0 0 0 0 0 0 0
1092 1 0 0 0 0 0 0 0 0
1093 1 0 0 0 0 0 0 0 0
1095 1 0 0 1 0 0 0 0 0
1096 1 0 0 1 0 0 0 0 0
1098 1 0 0 1 0 0 0 0 0
1104 1 0 0 0 0 0 0 0 0
1134 356 155 1 0 0 0 0 0 0
1136 356 0 0 0 0 0 0 0 0
1137 356 0 0 0 0 0 0 0 0
1138 356 149 1 0 0 0 0 0 0
1139 356 0 0 0 0 0 0 0 0
1140 356 0 0 0 0 0 0 0 0
1141 356 0 0 0 0 0 0 0 0
1142 356 0 0 0 0 0 0 0 0
1143 10 0 0 10 0 0 0 0 0
1147 10 0 0 0 0 0 0 0 0
1148 10 0 0 0 0 0 0 0 0
1154 10 0 0 0 0 0 0 0 0
1155 10 0 0 0 0 0 0 0 0
1156 10 0 0 0 0 0 0 0 0
1157 20 0 0 0 0 0 0 0 0
1161 10 1 1 0 0 0 0 0 0
1162 10 0 0 0 0 0 0 0 0
1165 10 0 0 10 0 0 0 0 0
1166 10 0 0 10 0 0 0 0 0
1168 10 0 0 10 0 0 0 0 0
1174 10 0 0 0 0 0 0 0 0
1223 212 143 1 0 0 0 0 0 0
1225 212 0 0 0 0 0 0 0 0
1226 212 0 0 0 0 0 0 0 0
1227 212 0 0 0 0 0 0 0 0
1228 212 0 0 0 0 0 0 0 0
1229 212 0 0 0 0 0 0 0 0
1230 212 0 0 0 0 0 0 0 0
1231 212 0 0 0 0 0 0 0 0
1232 14 0 0 14 0 0 0 0 0
1236 14 0 0 0 0 0 0 0 0
1237 14 0 0 0 0 0 0 0 0
1243 14 0 0 0 0 0 0 0 0
1244 14 0 0 0 0 0 0 0 0
1245 14 2 1 0 0 0 0 0 0
1246 28 0 0 0 0 0 0 0 0
1250 14 0 0 0 0 0 0 0 0
1251 14 0 0 0 0 0 0 0 0
1254 14 0 0 14 0 0 0 0 0
1255 14 0 0 14 0 0 0 0 0
1257 14 0 0 14 0 0 0 0 0
1263 14 0 0 0 0 0 0 0 0
1312 547 159 1 0 0 0 0 0 0
1314 547 0 0 0 0 0 0 0 0
1315 547 0 0 0 0 0 0 0 0
1316 547 0 0 0 0 0 0 0 0
1317 547 0 0 0 0 0 0 0 0
1318 547 0 0 0 0 0 0 0 0
1319 547 0 0 0 0 0 0 0 0
1320 547 0 0 0 0 0 0 0 0
1321 32 0 0 32 0 0 0 0 0
1325 32 0 0 0 0 0 0 0 0
1326 32 18 1 0 0 0 0 0 0
1332 32 0 0 0 0 0 0 0 0
1333 32 0 0 0 0 0 0 0 0
1334 32 0 0 0 0 0 0 0 0
1335 64 0 0 0 0 0 0 0 0
1339 32 0 0 0 0 0 0 0 0
1340 32 0 0 0 0 0 0 0 0
1343 32 0 0 32 0 0 0 0 0
1344 32 0 0 32 0 0 0 0 0
1346 32 0 0 32 17 0 0 0 0
1352 32 0 0 0 0 0 0 0 0
1358 2 1 1 0 0 0 0 0 0
1359 2 0 0 0 0 0 0 0 0
1360 2 0 0 0 0 0 0 0 0
1362 2 0 0 2 0 0 0 0 0
1363 2 0 0 2 0 0 0 0 0
1365 2 0 0 2 0 0 0 0 0
1371 2 0 0 0 0 0 0 0 0
1401 395 166 1 0 0 0 0 0 0
1403 395 0 0 0 0 0 0 0 0
1404 395 0 0 0 0 0 0 0 0
1405 395 0 0 0 0 0 0 0 0
1406 395 0 0 0 0 0 0 0 0
1407 395 0 0 0 0 0 0 0 0
1408 395 0 0 0 0 0 0 0 0
1409 395 0 0 0 0 0 0 0 0
1410 17 3 2 17 0 0 0 0 0
1414 17 0 0 0 0 0 0 0 0
1415 17 0 0 0 0 0 0 0 0
1421 17 0 0 0 0 0 0 0 0
1422 17 0 0 0 0 0 0 0 0
1423 17 0 0 0 0 0 0 0 0
1425 34 0 0 0 0 0 0 0 0
1429 17 0 0 0 0 0 0 0 0
1430 17 0 0 0 0 0 0 0 0
1433 17 0 0 17 2 2 0 0 0
1434 17 3 2 17 0 0 0 0 0
1436 17 0 0 17 2 1 0 0 0
1442 17 0 0 0 0 0 0 0 0
1448 1 0 0 0 0 0 0 0 0
1449 1 0 0 0 0 0 0 0 0
1450 1 0 0 0 0 0 0 0 0
1452 1 0 0 1 0 0 0 0 0
1453 1 0 0 1 0 0 0 0 0
1455 1 0 0 1 0 0 0 0 0
1461 1 0 0 0 0 0 0 0 0
1491 122 46 1 0 0 0 0 0 0
1493 122 0 0 0 0 0 0 0 0
1494 122 0 0 0 0 0 0 0 0
1495 122 46 1 0 0 0 0 0 0
1496 122 0 0 0 0 0 0 0 0
1497 122 0 0 0 0 0 0 0 0
1498 122 0 0 0 0 0 0 0 0
1499 122 0 0 0 0 0 0 0 0
1500 16 0 0 16 0 0 0 0 0
1504 16 0 0 0 0 0 0 0 0
1505 16 0 0 0 0 0 0 0 0
1511 16 0 0 0 0 0 0 0 0
1512 16 0 0 0 0 0 0 0 0
1513 16 0 0 0 0 0 0 0 0
1515 32 0 0 0 0 0 0 0 0
1519 16 1 1 0 0 0 0 0 0
1520 16 0 0 0 0 0 0 0 0
1523 16 0 0 16 1 1 0 0 0
1524 16 0 0 16 0 0 0 0 0
1526 16 0 0 16 0 0 0 0 0
1532 16 0 0 0 0 0 0 0 0
1581 265 152 1 0 0 0 0 0 0
1583 265 0 0 0 0 0 0 0 0
1584 265 0 0 0 0 0 0 0 0
1585 265 0 0 0 0 0 0 0 0
1586 265 0 0 0 0 0 0 0 0
1587 265 0 0 0 0 0 0 0 0
1588 265 0 0 0 0 0 0 0 0
1589 265 0 0 0 0 0 0 0 0
1591 8 0 0 8 0 0 0 0 0
1595 8 0 0 0 0 0 0 0 0
1596 8 0 0 0 0 0 0 0 0
1602 8 0 0 0 0 0 0 0 0
1603 8 0 0 0 0 0 0 0 0
1605 8 1 1 0 0 0 0 0 0
1607 16 0 0 0 0 0 0 0 0
1611 8 0 0 0 0 0 0 0 0
1612 8 0 0 0 0 0 0 0 0
1615 8 0 0 8 1 1 0 0 0
1616 8 0 0 8 0 0 0 0 0
1618 8 0 0 8 0 0 0 0 0
1624 8 0 0 0 0 0 0 0 0
1674 174 0 0 0 0 0 0 0 0
1679 166 0 0 0 0 0 0 0 0
1680 166 0 0 0 0 0 0 0 0
1681 166 0 0 166 0 0 0 0 0
1682 166 0 0 166 0 0 0 0 0
1683 166 0 0 0 0 0 0 0 0
1684 166 0 0 0 0 0 0 0 0
1685 86 0 0 0 0 0 0 0 0
1693 166 0 0 0 0 0 0 0 0
1694 166 0 0 166 0 0 0 0 0
1697 2415 432 2 0 0 0 0 0 0
1698 2415 0 0 0 0 0 0 0 0
1699 2415 0 0 0 0 0 0 0 0
1700 2415 0 0 0 0 0 0 0 0
1701 2664 0 0 0 0 0 0 0 0
1706 5895 625 2 0 0 0 0 0 0
1712 5895 0 0 5895 0 0 0 0 0
1713 5895 0 0 5895 0 0 0 0 0
1721 5895 0 0 0 0 0 0 0 0
1722 5895 0 0 5895 0 0 0 0 0
1725 20 0 0 0 0 0 0 0 0
1726 20 0 0 20 0 0 0 0 0
fn=__strncmp_sse42
108 8821 139 2 0 0 0 0 0 0
138 8821 0 0 0 0 0 0 0 0
139 8821 0 0 0 0 0 0 0 0
140 8821 142 2 0 0 0 0 0 0
141 8821 0 0 0 0 0 0 0 0
142 8821 0 0 0 0 0 0 0 0
144 8821 0 0 0 0 0 0 0 0
145 8821 0 0 0 0 0 0 0 0
147 8821 0 0 0 0 0 0 0 0
148 8821 0 0 0 0 0 0 0 0
169 8821 0 0 0 0 0 0 0 0
170 8821 0 0 0 0 0 0 0 0
171 8821 0 0 0 0 0 0 0 0
172 8821 0 0 0 0 0 0 0 0
173 5127 0 0 5127 1649 50 0 0 0
174 5127 0 0 5127 39 0 0 0 0
192 5127 0 0 0 0 0 0 0 0
193 5127 0 0 0 0 0 0 0 0
194 5127 0 0 0 0 0 0 0 0
195 5127 0 0 0 0 0 0 0 0
196 5127 0 0 0 0 0 0 0 0
197 5127 74 1 0 0 0 0 0 0
198 5127 0 0 0 0 0 0 0 0
200 4 0 0 0 0 0 0 0 0
201 4 0 0 0 0 0 0 0 0
203 4 0 0 0 0 0 0 0 0
204 8 0 0 0 0 0 0 0 0
213 3698 71 1 0 0 0 0 0 0
214 3698 0 0 0 0 0 0 0 0
215 3698 0 0 0 0 0 0 0 0
216 3698 0 0 0 0 0 0 0 0
217 3698 0 0 0 0 0 0 0 0
218 3698 0 0 0 0 0 0 0 0
219 3698 0 0 0 0 0 0 0 0
220 3698 0 0 0 0 0 0 0 0
221 3698 0 0 0 0 0 0 0 0
222 3455 0 0 0 0 0 0 0 0
223 1648 78 0 0 0 0 0 0 0
224 1648 0 0 0 0 0 0 0 0
225 1648 0 0 0 0 0 0 0 0
227 3455 25 2 3455 415 15 0 0 0
228 3455 0 0 3455 480 5 0 0 0
229 3455 0 0 0 0 0 0 0 0
230 3455 0 0 0 0 0 0 0 0
231 3455 0 0 0 0 0 0 0 0
232 3455 0 0 3455 217 2 0 0 0
233 3455 0 0 0 0 0 0 0 0
234 3455 0 0 0 0 0 0 0 0
235 3455 0 0 0 0 0 0 0 0
245 243 0 0 243 1 0 0 0 0
246 243 0 0 0 0 0 0 0 0
248 243 0 0 243 74 0 0 0 0
254 243 0 0 0 0 0 0 0 0
255 243 89 1 0 0 0 0 0 0
256 243 0 0 0 0 0 0 0 0
257 243 0 0 0 0 0 0 0 0
258 243 0 0 0 0 0 0 0 0
263 243 0 0 0 0 0 0 0 0
264 6 0 0 0 0 0 0 0 0
265 1 0 0 0 0 0 0 0 0
266 1 0 0 0 0 0 0 0 0
272 2 0 0 0 0 0 0 0 0
275 1 1 1 1 0 0 0 0 0
277 1 0 0 1 0 0 0 0 0
283 1 0 0 0 0 0 0 0 0
284 1 0 0 0 0 0 0 0 0
309 1 1 0 0 0 0 0 0 0
311 1 0 0 0 0 0 0 0 0
312 1 0 0 0 0 0 0 0 0
334 5 3 2 0 0 0 0 0 0
336 5 0 0 0 0 0 0 0 0
337 5 0 0 0 0 0 0 0 0
338 5 0 0 0 0 0 0 0 0
339 5 0 0 0 0 0 0 0 0
340 5 0 0 0 0 0 0 0 0
341 5 0 0 0 0 0 0 0 0
342 5 0 0 0 0 0 0 0 0
343 1 1 1 1 0 0 0 0 0
344 6 0 0 0 0 0 0 0 0
346 1 0 0 0 0 0 0 0 0
347 1 0 0 0 0 0 0 0 0
353 1 0 0 0 0 0 0 0 0
354 1 0 0 0 0 0 0 0 0
355 1 0 0 0 0 0 0 0 0
356 1 0 0 0 0 0 0 0 0
360 1 1 1 0 0 0 0 0 0
361 1 0 0 0 0 0 0 0 0
364 1 0 0 1 0 0 0 0 0
365 1 0 0 1 0 0 0 0 0
367 1 0 0 1 0 0 0 0 0
373 1 0 0 0 0 0 0 0 0
375 1 0 0 0 0 0 0 0 0
376 1 0 0 0 0 0 0 0 0
379 1 0 0 0 0 0 0 0 0
380 1 0 0 0 0 0 0 0 0
381 1 0 0 0 0 0 0 0 0
383 1 0 0 1 1 1 0 0 0
384 1 1 1 1 0 0 0 0 0
386 1 0 0 1 0 0 0 0 0
392 1 0 0 0 0 0 0 0 0
422 25 20 2 0 0 0 0 0 0
424 25 0 0 0 0 0 0 0 0
425 25 0 0 0 0 0 0 0 0
426 25 0 0 0 0 0 0 0 0
427 25 0 0 0 0 0 0 0 0
428 25 0 0 0 0 0 0 0 0
429 25 0 0 0 0 0 0 0 0
430 25 0 0 0 0 0 0 0 0
510 82 74 1 0 0 0 0 0 0
512 82 0 0 0 0 0 0 0 0
513 82 0 0 0 0 0 0 0 0
514 82 0 0 0 0 0 0 0 0
515 82 0 0 0 0 0 0 0 0
516 82 0 0 0 0 0 0 0 0
517 82 0 0 0 0 0 0 0 0
518 82 0 0 0 0 0 0 0 0
519 2 0 0 2 0 0 0 0 0
521 12 0 0 0 0 0 0 0 0
523 2 1 1 0 0 0 0 0 0
524 2 0 0 0 0 0 0 0 0
530 2 0 0 0 0 0 0 0 0
531 2 0 0 0 0 0 0 0 0
532 2 0 0 0 0 0 0 0 0
533 2 0 0 0 0 0 0 0 0
536 2 0 0 0 0 0 0 0 0
537 2 0 0 0 0 0 0 0 0
540 2 0 0 2 0 0 0 0 0
541 2 0 0 2 0 0 0 0 0
543 2 0 0 2 0 0 0 0 0
549 2 0 0 0 0 0 0 0 0
598 85 75 1 0 0 0 0 0 0
600 85 0 0 0 0 0 0 0 0
601 85 0 0 0 0 0 0 0 0
602 85 72 1 0 0 0 0 0 0
603 85 0 0 0 0 0 0 0 0
604 85 0 0 0 0 0 0 0 0
605 85 0 0 0 0 0 0 0 0
606 85 0 0 0 0 0 0 0 0
607 4 0 0 4 0 0 0 0 0
609 24 0 0 0 0 0 0 0 0
611 4 0 0 0 0 0 0 0 0
612 4 0 0 0 0 0 0 0 0
618 4 0 0 0 0 0 0 0 0
619 4 2 1 0 0 0 0 0 0
620 4 0 0 0 0 0 0 0 0
621 4 0 0 0 0 0 0 0 0
625 4 0 0 0 0 0 0 0 0
626 4 0 0 0 0 0 0 0 0
629 4 0 0 4 0 0 0 0 0
630 4 0 0 4 0 0 0 0 0
632 4 0 0 4 0 0 0 0 0
638 4 0 0 0 0 0 0 0 0
687 117 71 1 0 0 0 0 0 0
689 117 0 0 0 0 0 0 0 0
690 117 0 0 0 0 0 0 0 0
691 117 0 0 0 0 0 0 0 0
692 117 0 0 0 0 0 0 0 0
693 117 0 0 0 0 0 0 0 0
694 117 0 0 0 0 0 0 0 0
695 117 0 0 0 0 0 0 0 0
696 2 1 1 2 0 0 0 0 0
698 12 0 0 0 0 0 0 0 0
700 2 0 0 0 0 0 0 0 0
701 2 0 0 0 0 0 0 0 0
707 2 0 0 0 0 0 0 0 0
708 2 0 0 0 0 0 0 0 0
709 2 0 0 0 0 0 0 0 0
710 2 0 0 0 0 0 0 0 0
714 2 2 1 0 0 0 0 0 0
715 2 0 0 0 0 0 0 0 0
718 2 0 0 2 0 0 0 0 0
719 2 0 0 2 0 0 0 0 0
721 2 0 0 2 1 1 0 0 0
727 2 0 0 0 0 0 0 0 0
777 157 65 1 0 0 0 0 0 0
779 157 0 0 0 0 0 0 0 0
780 157 0 0 0 0 0 0 0 0
781 157 0 0 0 0 0 0 0 0
782 157 0 0 0 0 0 0 0 0
783 157 0 0 0 0 0 0 0 0
784 157 0 0 0 0 0 0 0 0
785 157 0 0 0 0 0 0 0 0
786 18 0 0 18 0 0 0 0 0
788 108 9 1 0 0 0 0 0 0
790 18 0 0 0 0 0 0 0 0
791 18 0 0 0 0 0 0 0 0
797 18 0 0 0 0 0 0 0 0
798 18 0 0 0 0 0 0 0 0
799 18 0 0 0 0 0 0 0 0
800 18 0 0 0 0 0 0 0 0
804 18 0 0 0 0 0 0 0 0
805 18 0 0 0 0 0 0 0 0
808 18 0 0 18 6 1 0 0 0
809 18 10 1 18 0 0 0 0 0
811 18 0 0 18 1 1 0 0 0
817 18 0 0 0 0 0 0 0 0
866 176 91 1 0 0 0 0 0 0
868 176 0 0 0 0 0 0 0 0
869 176 0 0 0 0 0 0 0 0
870 176 0 0 0 0 0 0 0 0
871 176 0 0 0 0 0 0 0 0
872 176 0 0 0 0 0 0 0 0
873 176 0 0 0 0 0 0 0 0
874 176 0 0 0 0 0 0 0 0
875 15 0 0 15 0 0 0 0 0
877 89 0 0 0 0 0 0 0 0
879 14 8 1 0 0 0 0 0 0
880 14 0 0 0 0 0 0 0 0
886 14 0 0 0 0 0 0 0 0
887 14 0 0 0 0 0 0 0 0
888 14 0 0 0 0 0 0 0 0
889 14 0 0 0 0 0 0 0 0
893 14 0 0 0 0 0 0 0 0
894 14 0 0 0 0 0 0 0 0
897 14 0 0 14 1 1 0 0 0
898 14 0 0 14 0 0 0 0 0
900 14 0 0 14 0 0 0 0 0
906 14 0 0 0 0 0 0 0 0
955 208 149 1 0 0 0 0 0 0
957 208 0 0 0 0 0 0 0 0
958 208 0 0 0 0 0 0 0 0
959 208 127 1 0 0 0 0 0 0
960 208 0 0 0 0 0 0 0 0
961 208 0 0 0 0 0 0 0 0
962 208 0 0 0 0 0 0 0 0
963 208 0 0 0 0 0 0 0 0
1044 278 162 1 0 0 0 0 0 0
1046 278 0 0 0 0 0 0 0 0
1047 278 0 0 0 0 0 0 0 0
1048 278 0 0 0 0 0 0 0 0
1049 278 0 0 0 0 0 0 0 0
1050 278 0 0 0 0 0 0 0 0
1051 278 0 0 0 0 0 0 0 0
1052 278 0 0 0 0 0 0 0 0
1053 4 3 1 4 0 0 0 0 0
1055 24 0 0 0 0 0 0 0 0
1057 4 0 0 0 0 0 0 0 0
1058 4 0 0 0 0 0 0 0 0
1064 4 0 0 0 0 0 0 0 0
1065 4 0 0 0 0 0 0 0 0
1066 4 0 0 0 0 0 0 0 0
1067 4 0 0 0 0 0 0 0 0
1071 4 3 1 0 0 0 0 0 0
1072 4 0 0 0 0 0 0 0 0
1075 4 0 0 4 0 0 0 0 0
1077 4 0 0 4 0 0 0 0 0
1079 4 0 0 4 0 0 0 0 0
1085 4 0 0 0 0 0 0 0 0
1134 291 146 1 0 0 0 0 0 0
1136 291 0 0 0 0 0 0 0 0
1137 291 0 0 0 0 0 0 0 0
1138 291 0 0 0 0 0 0 0 0
1139 291 0 0 0 0 0 0 0 0
1140 291 0 0 0 0 0 0 0 0
1141 291 0 0 0 0 0 0 0 0
1142 291 0 0 0 0 0 0 0 0
1143 12 0 0 12 0 0 0 0 0
1145 71 4 1 0 0 0 0 0 0
1147 11 0 0 0 0 0 0 0 0
1148 11 0 0 0 0 0 0 0 0
1154 11 0 0 0 0 0 0 0 0
1155 11 0 0 0 0 0 0 0 0
1156 11 0 0 0 0 0 0 0 0
1157 11 0 0 0 0 0 0 0 0
1161 11 0 0 0 0 0 0 0 0
1162 11 0 0 0 0 0 0 0 0
1165 11 0 0 11 0 0 0 0 0
1166 11 4 1 11 0 0 0 0 0
1168 11 0 0 11 0 0 0 0 0
1174 11 0 0 0 0 0 0 0 0
1223 349 152 1 0 0 0 0 0 0
1225 349 0 0 0 0 0 0 0 0
1226 349 0 0 0 0 0 0 0 0
1227 349 0 0 0 0 0 0 0 0
1228 349 0 0 0 0 0 0 0 0
1229 349 0 0 0 0 0 0 0 0
1230 349 0 0 0 0 0 0 0 0
1231 349 0 0 0 0 0 0 0 0
1232 9 0 0 9 0 0 0 0 0
1234 54 0 0 0 0 0 0 0 0
1236 9 4 2 0 0 0 0 0 0
1237 9 0 0 0 0 0 0 0 0
1243 9 0 0 0 0 0 0 0 0
1244 9 0 0 0 0 0 0 0 0
1245 9 0 0 0 0 0 0 0 0
1246 9 0 0 0 0 0 0 0 0
1250 9 0 0 0 0 0 0 0 0
1251 9 0 0 0 0 0 0 0 0
1254 9 0 0 9 0 0 0 0 0
1255 9 0 0 9 0 0 0 0 0
1257 9 0 0 9 0 0 0 0 0
1263 9 0 0 0 0 0 0 0 0
1312 417 133 1 0 0 0 0 0 0
1314 417 0 0 0 0 0 0 0 0
1315 417 0 0 0 0 0 0 0 0
1316 417 135 1 0 0 0 0 0 0
1317 417 0 0 0 0 0 0 0 0
1318 417 0 0 0 0 0 0 0 0
1319 417 0 0 0 0 0 0 0 0
1320 417 0 0 0 0 0 0 0 0
1321 14 0 0 14 0 0 0 0 0
1323 84 0 0 0 0 0 0 0 0
1325 14 0 0 0 0 0 0 0 0
1326 14 0 0 0 0 0 0 0 0
1332 14 0 0 0 0 0 0 0 0
1333 14 5 2 0 0 0 0 0 0
1334 14 0 0 0 0 0 0 0 0
1335 14 0 0 0 0 0 0 0 0
1339 14 0 0 0 0 0 0 0 0
1340 14 0 0 0 0 0 0 0 0
1343 14 0 0 14 0 0 0 0 0
1344 14 0 0 14 0 0 0 0 0
1346 14 0 0 14 0 0 0 0 0
1352 14 0 0 0 0 0 0 0 0
1401 398 171 2 0 0 0 0 0 0
1403 398 0 0 0 0 0 0 0 0
1404 398 0 0 0 0 0 0 0 0
1405 398 0 0 0 0 0 0 0 0
1406 398 0 0 0 0 0 0 0 0
1407 398 0 0 0 0 0 0 0 0
1408 398 0 0 0 0 0 0 0 0
1409 398 0 0 0 0 0 0 0 0
1410 12 12 1 12 0 0 0 0 0
1412 72 0 0 0 0 0 0 0 0
1414 12 0 0 0 0 0 0 0 0
1415 12 0 0 0 0 0 0 0 0
1421 12 0 0 0 0 0 0 0 0
1422 12 0 0 0 0 0 0 0 0
1423 12 0 0 0 0 0 0 0 0
1425 12 0 0 0 0 0 0 0 0
1429 12 12 1 0 0 0 0 0 0
1430 12 0 0 0 0 0 0 0 0
1433 12 0 0 12 6 2 0 0 0
1434 12 0 0 12 0 0 0 0 0
1436 12 0 0 12 0 0 0 0 0
1442 12 0 0 0 0 0 0 0 0
1491 459 96 1 0 0 0 0 0 0
1493 459 0 0 0 0 0 0 0 0
1494 459 0 0 0 0 0 0 0 0
1495 459 0 0 0 0 0 0 0 0
1496 459 0 0 0 0 0 0 0 0
1497 459 0 0 0 0 0 0 0 0
1498 459 0 0 0 0 0 0 0 0
1499 459 0 0 0 0 0 0 0 0
1500 5 0 0 5 0 0 0 0 0
1502 28 5 2 0 0 0 0 0 0
1504 3 0 0 0 0 0 0 0 0
1505 3 0 0 0 0 0 0 0 0
1511 3 0 0 0 0 0 0 0 0
1512 3 0 0 0 0 0 0 0 0
1513 3 0 0 0 0 0 0 0 0
1515 3 0 0 0 0 0 0 0 0
1519 3 0 0 0 0 0 0 0 0
1520 3 0 0 0 0 0 0 0 0
1523 3 0 0 3 0 0 0 0 0
1524 3 3 2 3 0 0 0 0 0
1526 3 0 0 3 0 0 0 0 0
1532 3 0 0 0 0 0 0 0 0
1581 408 142 2 0 0 0 0 0 0
1583 408 0 0 0 0 0 0 0 0
1584 408 0 0 0 0 0 0 0 0
1585 408 0 0 0 0 0 0 0 0
1586 408 0 0 0 0 0 0 0 0
1587 408 0 0 0 0 0 0 0 0
1588 408 0 0 0 0 0 0 0 0
1589 408 0 0 0 0 0 0 0 0
1591 19 0 0 19 0 0 0 0 0
1593 114 0 0 0 0 0 0 0 0
1595 19 19 2 0 0 0 0 0 0
1596 19 0 0 0 0 0 0 0 0
1602 19 0 0 0 0 0 0 0 0
1603 19 0 0 0 0 0 0 0 0
1605 19 0 0 0 0 0 0 0 0
1607 19 0 0 0 0 0 0 0 0
1611 19 0 0 0 0 0 0 0 0
1612 19 0 0 0 0 0 0 0 0
1615 19 0 0 19 12 0 0 0 0
1616 19 0 0 19 0 0 0 0 0
1618 19 0 0 19 0 0 0 0 0
1624 19 0 0 0 0 0 0 0 0
1674 113 52 1 0 0 0 0 0 0
1676 113 0 0 0 0 0 0 0 0
1677 113 0 0 0 0 0 0 0 0
1679 31 0 0 0 0 0 0 0 0
1680 31 0 0 0 0 0 0 0 0
1681 31 0 0 31 0 0 0 0 0
1682 31 0 0 31 0 0 0 0 0
1683 31 0 0 0 0 0 0 0 0
1684 31 0 0 0 0 0 0 0 0
1685 11 0 0 0 0 0 0 0 0
1693 31 0 0 0 0 0 0 0 0
1694 31 0 0 31 0 0 0 0 0
1697 3580 60 1 0 0 0 0 0 0
1698 3580 0 0 0 0 0 0 0 0
1699 3580 0 0 0 0 0 0 0 0
1700 3580 0 0 0 0 0 0 0 0
1701 1620 0 0 0 0 0 0 0 0
1706 8703 61 1 0 0 0 0 0 0
1709 8703 0 0 0 0 0 0 0 0
1710 8703 0 0 0 0 0 0 0 0
1712 8261 0 0 8261 0 0 0 0 0
1713 8261 0 0 8261 0 0 0 0 0
1721 8261 0 0 0 0 0 0 0 0
1722 8261 0 0 8261 0 0 0 0 0
1725 529 7 0 0 0 0 0 0 0
1726 529 0 0 529 0 0 0 0 0
fl=./string/../sysdeps/x86_64/multiarch/strcmp.c
fn=strcmp
47 8 1 1 0 0 0 0 0 0
48 4 0 0 4 0 0 0 0 0
49 6 0 0 2 0 0 0 0 0
64 6 0 0 2 0 0 0 0 0
67 4 0 0 0 0 0 0 0 0
79 4 1 1 2 0 0 0 0 0
fl=./string/../sysdeps/x86_64/multiarch/strcpy-sse2-unaligned.S
fn=__stpcpy_sse2_unaligned
45 145 99 1 0 0 0 0 0 0
51 145 0 0 0 0 0 0 0 0
58 145 0 0 0 0 0 0 0 0
59 145 0 0 0 0 0 0 0 0
60 145 0 0 0 0 0 0 0 0
62 130 0 0 0 0 0 0 0 0
63 130 0 0 0 0 0 0 0 0
64 130 0 0 0 0 0 0 0 0
65 130 0 0 0 0 0 0 0 0
67 130 0 0 130 0 0 0 0 0
68 130 0 0 0 0 0 0 0 0
69 130 0 0 0 0 0 0 0 0
83 130 0 0 0 0 0 0 0 0
84 130 0 0 0 0 0 0 0 0
86 8 0 0 8 2 2 0 0 0
87 8 1 1 0 0 0 0 0 0
94 8 0 0 0 0 0 0 0 0
95 8 0 0 0 0 0 0 0 0
301 15 1 1 0 0 0 0 0 0
302 15 0 0 15 0 0 0 0 0
303 15 0 0 15 0 0 0 0 0
304 15 0 0 0 0 0 0 0 0
305 15 0 0 0 0 0 0 0 0
315 15 0 0 0 0 0 0 0 0
316 15 0 0 0 0 0 0 0 0
351 122 66 0 0 0 0 0 0 0
352 122 0 0 0 0 0 0 0 0
353 488 0 0 122 64 1 0 0 0
363 15 1 1 0 0 0 0 0 0
364 60 0 0 15 1 1 0 0 0
368 8 1 1 0 0 0 0 0 0
369 8 0 0 0 0 0 0 0 0
370 8 0 0 0 0 0 0 0 0
371 8 0 0 0 0 0 0 0 0
372 32 0 0 8 0 0 0 0 0
551 22 1 1 22 0 0 0 0 0
552 22 0 0 0 0 0 22 0 0
554 22 0 0 0 0 0 0 0 0
561 22 0 0 22 0 0 0 0 0
641 4 0 0 4 0 0 0 0 0
642 4 0 0 0 0 0 4 0 0
644 4 0 0 0 0 0 0 0 0
651 4 0 0 4 0 0 0 0 0
655 4 1 1 4 0 0 0 0 0
656 4 0 0 0 0 0 4 0 0
657 4 0 0 0 0 0 4 0 0
659 4 0 0 0 0 0 0 0 0
666 4 0 0 4 0 0 0 0 0
686 6 1 1 6 0 0 0 0 0
687 6 0 0 6 0 0 0 0 0
688 6 0 0 0 0 0 6 2 2
689 6 0 0 0 0 0 6 0 0
691 6 0 0 0 0 0 0 0 0
698 6 0 0 6 0 0 0 0 0
702 103 99 1 103 0 0 0 0 0
703 103 0 0 103 0 0 0 0 0
704 103 0 0 0 0 0 103 0 0
705 103 0 0 0 0 0 103 0 0
707 103 0 0 0 0 0 0 0 0
714 103 0 0 103 0 0 0 0 0
718 2 0 0 2 0 0 0 0 0
719 2 0 0 2 0 0 0 0 0
720 2 0 0 0 0 0 2 0 0
721 2 0 0 0 0 0 2 0 0
723 2 0 0 0 0 0 0 0 0
730 2 0 0 2 0 0 0 0 0
750 2 2 1 2 0 0 0 0 0
751 2 0 0 2 0 0 0 0 0
752 2 0 0 0 0 0 2 0 0
753 2 0 0 0 0 0 2 0 0
755 2 0 0 0 0 0 0 0 0
762 2 0 0 2 0 0 0 0 0
795 2 2 1 2 0 0 0 0 0
796 2 0 0 2 0 0 0 0 0
797 2 0 0 0 0 0 2 0 0
798 2 0 0 0 0 0 2 0 0
800 2 0 0 0 0 0 0 0 0
807 2 0 0 2 0 0 0 0 0
fn=__strncpy_sse2_unaligned
45 5747 1482 1 0 0 0 0 0 0
47 5747 0 0 0 0 0 0 0 0
48 5747 0 0 0 0 0 0 0 0
49 5747 0 0 0 0 0 0 0 0
51 5261 0 0 0 0 0 0 0 0
53 5261 0 0 0 0 0 0 0 0
58 5261 0 0 0 0 0 0 0 0
59 5261 0 0 0 0 0 0 0 0
60 5261 0 0 0 0 0 0 0 0
62 797 0 0 0 0 0 0 0 0
63 797 0 0 0 0 0 0 0 0
64 797 0 0 0 0 0 0 0 0
65 797 426 1 0 0 0 0 0 0
67 797 0 0 797 195 0 0 0 0
68 797 0 0 0 0 0 0 0 0
69 797 0 0 0 0 0 0 0 0
77 797 0 0 0 0 0 0 0 0
78 797 0 0 0 0 0 0 0 0
79 797 0 0 0 0 0 0 0 0
81 797 0 0 0 0 0 0 0 0
83 773 0 0 0 0 0 0 0 0
84 773 0 0 0 0 0 0 0 0
86 98 0 0 98 0 0 0 0 0
87 98 0 0 0 0 0 0 0 0
90 98 0 0 0 0 0 0 0 0
91 98 0 0 0 0 0 0 0 0
92 98 22 1 0 0 0 0 0 0
94 98 0 0 0 0 0 0 0 0
95 98 0 0 0 0 0 0 0 0
97 98 0 0 98 0 0 0 0 0
98 294 0 0 0 0 0 98 0 0
103 200 22 0 0 0 0 0 0 0
105 200 0 0 0 0 0 0 0 0
106 200 0 0 0 0 0 0 0 0
107 200 0 0 0 0 0 0 0 0
109 200 0 0 0 0 0 0 0 0
110 200 0 0 200 0 0 0 0 0
111 200 0 0 200 0 0 0 0 0
112 200 28 1 0 0 0 200 30 1
113 200 0 0 0 0 0 0 0 0
114 200 0 0 0 0 0 0 0 0
115 200 0 0 0 0 0 0 0 0
117 200 0 0 0 0 0 0 0 0
118 200 0 0 0 0 0 0 0 0
120 182 0 0 0 0 0 0 0 0
122 182 0 0 0 0 0 0 0 0
127 182 0 0 182 0 0 0 0 0
128 182 0 0 0 0 0 182 10 0
129 182 0 0 0 0 0 0 0 0
130 182 0 0 0 0 0 0 0 0
131 182 0 0 0 0 0 0 0 0
133 182 0 0 0 0 0 0 0 0
134 182 24 1 0 0 0 0 0 0
136 178 0 0 0 0 0 0 0 0
138 178 0 0 0 0 0 0 0 0
143 178 0 0 178 0 0 0 0 0
144 178 0 0 0 0 0 178 20 4
145 178 0 0 0 0 0 0 0 0
146 178 0 0 0 0 0 0 0 0
147 178 0 0 0 0 0 0 0 0
149 178 0 0 0 0 0 0 0 0
150 178 0 0 0 0 0 0 0 0
152 142 0 0 0 0 0 0 0 0
154 142 0 0 0 0 0 0 0 0
159 142 0 0 142 0 0 0 0 0
160 142 0 0 0 0 0 142 11 0
161 142 12 1 0 0 0 0 0 0
162 142 0 0 0 0 0 0 0 0
163 142 0 0 0 0 0 0 0 0
165 142 0 0 0 0 0 0 0 0
166 142 0 0 0 0 0 0 0 0
168 128 0 0 0 0 0 0 0 0
170 128 0 0 0 0 0 0 0 0
175 128 0 0 128 0 0 0 0 0
176 128 0 0 0 0 0 128 25 1
177 128 0 0 0 0 0 0 0 0
178 128 0 0 0 0 0 0 0 0
179 128 0 0 0 0 0 0 0 0
181 128 0 0 0 0 0 0 0 0
182 128 0 0 0 0 0 0 0 0
184 120 0 0 0 0 0 0 0 0
186 120 9 1 0 0 0 0 0 0
191 120 0 0 120 0 0 0 0 0
192 120 0 0 0 0 0 120 5 0
193 120 0 0 0 0 0 0 0 0
194 120 0 0 0 0 0 0 0 0
195 120 0 0 0 0 0 0 0 0
197 120 0 0 0 0 0 0 0 0
198 120 0 0 0 0 0 0 0 0
200 108 0 0 0 0 0 0 0 0
202 108 0 0 0 0 0 0 0 0
207 108 0 0 0 0 0 108 8 0
208 108 0 0 0 0 0 0 0 0
209 108 0 0 0 0 0 0 0 0
210 108 0 0 0 0 0 0 0 0
211 108 25 1 0 0 0 0 0 0
212 108 0 0 0 0 0 0 0 0
214 108 0 0 0 0 0 0 0 0
217 108 0 0 108 0 0 0 0 0
218 108 0 0 0 0 0 0 0 0
219 108 0 0 108 0 0 0 0 0
220 108 0 0 108 0 0 0 0 0
221 108 0 0 0 0 0 0 0 0
222 108 0 0 108 0 0 0 0 0
223 108 0 0 0 0 0 0 0 0
224 108 0 0 0 0 0 0 0 0
225 108 0 0 0 0 0 0 0 0
226 108 0 0 0 0 0 0 0 0
227 108 0 0 0 0 0 0 0 0
229 108 0 0 0 0 0 0 0 0
230 108 0 0 0 0 0 0 0 0
232 84 23 1 0 0 0 0 0 0
233 84 0 0 0 0 0 0 0 0
236 256 0 0 0 0 0 0 0 0
237 256 0 0 0 0 0 0 0 0
238 256 0 0 0 0 0 256 18 0
239 256 0 0 256 0 0 0 0 0
240 256 0 0 0 0 0 0 0 0
241 256 0 0 0 0 0 256 28 0
242 256 0 0 256 0 0 0 0 0
243 256 0 0 0 0 0 0 0 0
244 256 0 0 256 0 0 0 0 0
245 256 0 0 0 0 0 256 26 0
246 256 0 0 0 0 0 0 0 0
247 256 0 0 0 0 0 256 27 0
248 256 0 0 256 0 0 0 0 0
249 256 0 0 0 0 0 0 0 0
250 256 7 1 0 0 0 0 0 0
251 256 0 0 0 0 0 0 0 0
252 256 0 0 0 0 0 0 0 0
254 256 0 0 0 0 0 0 0 0
255 256 0 0 0 0 0 0 0 0
257 172 0 0 0 0 0 0 0 0
258 172 0 0 0 0 0 0 0 0
301 4464 1037 1 0 0 0 0 0 0
302 4464 0 0 4464 334 1 0 0 0
303 4464 0 0 4464 0 0 0 0 0
304 4464 0 0 0 0 0 0 0 0
305 4464 0 0 0 0 0 0 0 0
311 4464 0 0 0 0 0 0 0 0
313 4464 0 0 0 0 0 0 0 0
315 3807 0 0 0 0 0 0 0 0
316 3807 0 0 0 0 0 0 0 0
318 104 0 0 0 0 0 0 0 0
319 104 0 0 0 0 0 104 0 0
320 104 0 0 0 0 0 0 0 0
326 104 0 0 0 0 0 0 0 0
328 104 0 0 0 0 0 0 0 0
330 102 0 0 0 0 0 0 0 0
331 102 0 0 0 0 0 0 0 0
333 102 29 0 0 0 0 0 0 0
334 102 0 0 0 0 0 0 0 0
335 102 0 0 0 0 0 0 0 0
351 675 181 0 0 0 0 0 0 0
352 675 0 0 0 0 0 0 0 0
353 2700 0 0 675 175 0 0 0 0
363 3703 460 2 0 0 0 0 0 0
364 14812 615 2 3703 298 1 0 0 0
459 192 47 1 48 47 2 0 0 0
465 192 22 0 0 0 0 0 0 0
466 192 0 0 0 0 0 0 0 0
467 192 0 0 0 0 0 0 0 0
468 192 0 0 0 0 0 0 0 0
469 192 0 0 0 0 0 0 0 0
470 192 0 0 0 0 0 0 0 0
471 768 62 0 192 21 0 0 0 0
484 24 12 1 0 0 0 0 0 0
485 24 0 0 0 0 0 0 0 0
486 24 0 0 0 0 0 0 0 0
487 24 12 0 0 0 0 0 0 0
488 48 0 0 12 12 0 0 0 0
491 659 548 1 0 0 0 0 0 0
492 659 0 0 0 0 0 0 0 0
493 659 0 0 0 0 0 0 0 0
494 2492 0 0 623 539 2 0 0 0
500 192 24 1 0 0 0 0 0 0
501 192 0 0 0 0 0 0 0 0
517 24 11 0 0 0 0 0 0 0
518 24 0 0 0 0 0 0 0 0
524 2 1 0 0 0 0 0 0 0
525 2 0 0 0 0 0 0 0 0
526 2 0 0 0 0 0 0 0 0
528 659 548 1 0 0 0 0 0 0
529 659 540 1 0 0 0 0 0 0
580 4 3 1 4 0 0 0 0 0
581 4 0 0 0 0 0 4 0 0
586 4 0 0 0 0 0 0 0 0
587 4 0 0 0 0 0 0 0 0
588 4 0 0 0 0 0 0 0 0
590 2 0 0 2 0 0 0 0 0
594 433 111 0 433 0 0 0 0 0
595 433 0 0 0 0 0 433 0 0
596 433 0 0 0 0 0 433 0 0
601 433 0 0 0 0 0 0 0 0
602 433 0 0 0 0 0 0 0 0
603 433 0 0 0 0 0 0 0 0
605 9 0 0 9 0 0 0 0 0
609 258 257 1 258 0 0 0 0 0
610 258 0 0 258 0 0 0 0 0
611 258 0 0 0 0 0 258 0 0
612 258 0 0 0 0 0 258 0 0
617 258 0 0 0 0 0 0 0 0
618 258 0 0 0 0 0 0 0 0
619 258 0 0 0 0 0 0 0 0
621 7 0 0 7 0 0 0 0 0
625 2 2 0 2 0 0 0 0 0
626 2 0 0 2 0 0 0 0 0
627 2 0 0 0 0 0 2 0 0
628 2 0 0 0 0 0 2 0 0
633 2 0 0 0 0 0 0 0 0
634 2 0 0 0 0 0 0 0 0
635 2 0 0 0 0 0 0 0 0
637 2 0 0 2 0 0 0 0 0
641 12 12 0 12 0 0 0 0 0
642 12 0 0 0 0 0 12 0 0
647 12 0 0 0 0 0 0 0 0
648 12 0 0 0 0 0 0 0 0
649 12 0 0 0 0 0 0 0 0
651 12 0 0 12 0 0 0 0 0
655 942 248 1 942 0 0 0 0 0
656 942 0 0 0 0 0 942 1 0
657 942 0 0 0 0 0 942 0 0
662 942 0 0 0 0 0 0 0 0
663 942 0 0 0 0 0 0 0 0
664 942 0 0 0 0 0 0 0 0
666 5 0 0 5 0 0 0 0 0
670 6 5 1 6 0 0 0 0 0
671 6 0 0 6 0 0 0 0 0
672 6 0 0 0 0 0 6 2 0
673 6 0 0 0 0 0 6 0 0
678 6 0 0 0 0 0 0 0 0
679 6 0 0 0 0 0 0 0 0
680 6 0 0 0 0 0 0 0 0
682 6 0 0 6 0 0 0 0 0
686 2767 341 1 2767 0 0 0 0 0
687 2767 0 0 2767 0 0 0 0 0
688 2767 0 0 0 0 0 2767 0 0
689 2767 0 0 0 0 0 2767 0 0
694 2767 0 0 0 0 0 0 0 0
695 2767 0 0 0 0 0 0 0 0
696 2767 0 0 0 0 0 0 0 0
698 1 0 0 1 0 0 0 0 0
702 1 1 0 1 0 0 0 0 0
703 1 0 0 1 0 0 0 0 0
704 1 0 0 0 0 0 1 0 0
705 1 0 0 0 0 0 1 0 0
710 1 0 0 0 0 0 0 0 0
711 1 0 0 0 0 0 0 0 0
712 1 0 0 0 0 0 0 0 0
714 1 0 0 1 0 0 0 0 0
718 1 1 1 1 0 0 0 0 0
719 1 0 0 1 0 0 0 0 0
720 1 0 0 0 0 0 1 0 0
721 1 0 0 0 0 0 1 0 0
726 1 0 0 0 0 0 0 0 0
727 1 0 0 0 0 0 0 0 0
728 1 0 0 0 0 0 0 0 0
730 1 0 0 1 0 0 0 0 0
1056 59 13 2 59 0 0 0 0 0
1057 59 0 0 0 0 0 59 0 0
1065 59 0 0 59 0 0 0 0 0
1069 79 45 0 79 0 0 0 0 0
1070 79 0 0 0 0 0 79 0 0
1078 79 0 0 79 0 0 0 0 0
1082 409 403 1 409 0 0 0 0 0
1083 409 0 0 409 0 0 0 0 0
1084 409 0 0 0 0 0 409 0 0
1085 409 0 0 0 0 0 409 0 0
1093 409 0 0 409 0 0 0 0 0
1097 105 70 0 105 0 0 0 0 0
1098 105 0 0 0 0 0 105 0 0
1106 105 0 0 105 0 0 0 0 0
1110 7 7 0 7 0 0 0 0 0
1111 7 0 0 7 0 0 0 0 0
1112 7 0 0 0 0 0 7 0 0
1113 7 0 0 0 0 0 7 0 0
1121 7 0 0 7 0 0 0 0 0
1125 2 2 0 2 0 0 0 0 0
1126 2 0 0 2 0 0 0 0 0
1127 2 0 0 0 0 0 2 0 0
1128 2 0 0 0 0 0 2 0 0
1136 2 0 0 2 0 0 0 0 0
1140 12 12 0 12 0 0 0 0 0
1141 12 0 0 12 0 0 0 0 0
1142 12 0 0 0 0 0 12 0 0
1143 12 0 0 0 0 0 12 0 0
1151 12 0 0 12 0 0 0 0 0
1155 47 6 1 47 0 0 0 0 0
1156 47 0 0 0 0 0 47 3 0
1164 47 0 0 47 0 0 0 0 0
1168 6 5 0 6 0 0 0 0 0
1169 6 0 0 6 0 0 0 0 0
1170 6 0 0 0 0 0 6 0 0
1171 6 0 0 0 0 0 6 0 0
1179 6 0 0 6 0 0 0 0 0
1183 21 5 0 21 0 0 0 0 0
1184 21 0 0 21 0 0 0 0 0
1185 21 0 0 0 0 0 21 2 0
1186 21 0 0 0 0 0 21 1 0
1194 21 0 0 21 0 0 0 0 0
1198 5 3 0 5 0 0 0 0 0
1199 5 0 0 5 0 0 0 0 0
1200 5 0 0 0 0 0 5 0 0
1201 5 0 0 0 0 0 5 0 0
1209 5 0 0 5 0 0 0 0 0
1213 1 1 1 1 0 0 0 0 0
1214 1 0 0 1 0 0 0 0 0
1215 1 0 0 0 0 0 1 0 0
1216 1 0 0 0 0 0 1 0 0
1224 1 0 0 1 0 0 0 0 0
1228 4 2 0 4 0 0 0 0 0
1229 4 0 0 4 0 0 0 0 0
1230 4 0 0 0 0 0 4 0 0
1231 4 0 0 0 0 0 4 0 0
1239 4 0 0 4 0 0 0 0 0
1243 70 8 1 70 0 0 0 0 0
1244 70 0 0 70 0 0 0 0 0
1245 70 0 0 0 0 0 70 1 0
1246 70 0 0 0 0 0 70 2 0
1254 70 0 0 70 0 0 0 0 0
1258 8 4 0 8 0 0 0 0 0
1259 8 0 0 8 0 0 0 0 0
1260 8 0 0 0 0 0 8 1 0
1261 8 0 0 0 0 0 8 1 0
1269 8 0 0 8 0 0 0 0 0
1556 4378 728 2 0 0 0 4378 0 0
1557 4378 0 0 4378 0 0 0 0 0
1576 2 1 1 0 0 0 2 0 0
1577 2 0 0 0 0 0 2 0 0
1578 2 0 0 2 0 0 0 0 0
1659 4380 538 2 0 0 0 0 0 0
1660 4380 0 0 0 0 0 0 0 0
1661 4380 0 0 0 0 0 0 0 0
1662 4380 0 0 0 0 0 0 0 0
1664 4378 0 0 0 0 0 4378 0 0
1665 4378 0 0 0 0 0 0 0 0
1667 4378 0 0 0 0 0 0 0 0
1668 4378 0 0 0 0 0 0 0 0
1669 4378 597 2 0 0 0 0 0 0
1670 4378 0 0 0 0 0 0 0 0
1671 4378 0 0 0 0 0 0 0 0
1672 4378 0 0 0 0 0 0 0 0
1684 4378 0 0 0 0 0 0 0 0
1685 4378 0 0 0 0 0 0 0 0
1686 1612 0 0 0 0 0 1612 0 0
1687 1612 0 0 0 0 0 1612 0 0
1688 1612 0 0 0 0 0 0 0 0
1689 1612 0 0 0 0 0 0 0 0
1690 1612 388 0 0 0 0 0 0 0
1696 2766 420 2 0 0 0 0 0 0
1697 2766 0 0 0 0 0 0 0 0
1698 2766 0 0 0 0 0 2766 0 0
1699 2766 0 0 0 0 0 0 0 0
1700 11064 0 0 2766 265 2 0 0 0
1703 1614 1 0 0 0 0 0 0 0
1704 6456 523 1 1614 160 0 0 0 0
1711 108 18 0 0 0 0 0 0 0
1712 108 0 0 0 0 0 0 0 0
1739 108 9 1 0 0 0 0 0 0
1740 108 0 0 0 0 0 0 0 0
1741 108 0 0 0 0 0 0 0 0
1742 108 0 0 0 0 0 0 0 0
1743 108 54 1 0 0 0 0 0 0
1744 90 0 0 0 0 0 0 0 0
1746 90 0 0 0 0 0 0 0 0
1750 90 0 0 0 0 0 0 0 0
1751 90 0 0 0 0 0 0 0 0
1752 90 0 0 0 0 0 90 8 0
1753 90 0 0 0 0 0 0 0 0
1754 90 0 0 0 0 0 0 0 0
1755 90 0 0 0 0 0 0 0 0
1756 54 0 0 0 0 0 0 0 0
1758 54 0 0 0 0 0 0 0 0
1763 54 0 0 0 0 0 0 0 0
1764 54 0 0 0 0 0 0 0 0
1765 54 0 0 0 0 0 54 4 0
1766 54 27 1 0 0 0 0 0 0
1767 54 0 0 0 0 0 0 0 0
1768 54 0 0 0 0 0 0 0 0
1769 8 0 0 0 0 0 0 0 0
1771 8 0 0 0 0 0 0 0 0
1776 8 0 0 0 0 0 0 0 0
1777 8 0 0 0 0 0 0 0 0
1778 8 0 0 0 0 0 8 2 0
1779 8 0 0 0 0 0 0 0 0
1780 8 0 0 0 0 0 0 0 0
1781 8 0 0 0 0 0 0 0 0
1782 8 0 0 0 0 0 0 0 0
1783 8 0 0 0 0 0 0 0 0
1784 32 4 0 8 1 0 0 0 0
1789 486 471 0 0 0 0 0 0 0
1791 486 0 0 486 0 0 0 0 0
fl=./string/../sysdeps/x86_64/multiarch/strcpy.c
fn=strcpy
29 2 1 1 1 0 0 0 0 0
fl=./string/../sysdeps/x86_64/multiarch/strcspn.c
fn=strcspn
29 2 1 1 1 0 0 0 0 0
fl=./string/../sysdeps/x86_64/multiarch/strlen-sse2.S
fn=__strlen_sse2
57 49731 3187 2 0 0 0 0 0 0
101 49731 0 0 0 0 0 0 0 0
102 49731 0 0 0 0 0 0 0 0
103 49731 0 0 0 0 0 0 0 0
104 49731 0 0 0 0 0 0 0 0
105 49731 0 0 0 0 0 0 0 0
106 49731 0 0 0 0 0 0 0 0
107 49731 0 0 0 0 0 0 0 0
109 49731 0 0 0 0 0 0 0 0
111 49731 0 0 0 0 0 0 0 0
142 49440 0 0 49440 16415 1224 0 0 0
143 49440 3097 2 0 0 0 0 0 0
144 49440 0 0 0 0 0 0 0 0
145 49440 0 0 0 0 0 0 0 0
146 49440 0 0 0 0 0 0 0 0
147 41863 0 0 0 0 0 0 0 0
149 41863 0 0 41863 0 0 0 0 0
153 7577 0 0 0 0 0 0 0 0
154 7577 0 0 7577 48 37 0 0 0
155 7577 0 0 7577 778 143 0 0 0
156 7577 0 0 7577 929 284 0 0 0
157 7577 0 0 0 0 0 0 0 0
158 7577 0 0 0 0 0 0 0 0
159 7577 0 0 0 0 0 0 0 0
160 7577 0 0 0 0 0 0 0 0
161 7577 0 0 0 0 0 0 0 0
162 7577 0 0 0 0 0 0 0 0
163 7577 0 0 0 0 0 0 0 0
164 7577 0 0 0 0 0 0 0 0
169 56742 1258 3 5640 0 0 0 0 0
173 291 43 0 0 0 0 0 0 0
174 4074 115 1 1164 14 9 0 0 0
175 2200 0 0 227 0 0 0 0 0
190 64 19 0 0 0 0 0 0 0
191 64 0 0 0 0 0 0 0 0
192 128 0 0 0 0 0 0 0 0
243 4159 989 1 4159 1102 553 0 0 0
244 4159 0 0 4159 0 0 0 0 0
245 4159 0 0 4159 0 0 0 0 0
246 4159 0 0 4159 0 0 0 0 0
247 4159 0 0 0 0 0 0 0 0
248 4159 0 0 0 0 0 0 0 0
249 4159 0 0 0 0 0 0 0 0
250 4159 0 0 0 0 0 0 0 0
252 2979 0 0 0 0 0 0 0 0
254 2979 0 0 2979 1194 581 0 0 0
255 2979 0 0 2979 0 0 0 0 0
256 2979 568 0 2979 0 0 0 0 0
257 2979 0 0 2979 0 0 0 0 0
258 2979 0 0 0 0 0 0 0 0
259 2979 0 0 0 0 0 0 0 0
260 2979 0 0 0 0 0 0 0 0
261 2979 0 0 0 0 0 0 0 0
262 2158 0 0 0 0 0 0 0 0
266 1180 425 1 0 0 0 0 0 0
268 2001 0 0 0 0 0 0 0 0
269 28014 1141 1 8004 0 0 0 0 0
271 2001 0 0 0 0 0 0 0 0
272 2001 0 0 0 0 0 0 0 0
273 2001 0 0 0 0 0 0 0 0
275 2001 0 0 2001 0 0 0 0 0
fn=__strnlen_sse2
57 456 104 1 0 0 0 0 0 0
78 456 0 0 0 0 0 0 0 0
79 456 0 0 0 0 0 0 0 0
95 456 0 0 0 0 0 0 0 0
96 456 0 0 0 0 0 0 0 0
97 456 0 0 0 0 0 0 0 0
98 456 0 0 0 0 0 0 0 0
101 456 0 0 0 0 0 0 0 0
102 456 104 1 0 0 0 0 0 0
103 456 0 0 0 0 0 0 0 0
104 456 0 0 0 0 0 0 0 0
105 456 0 0 0 0 0 0 0 0
106 456 0 0 0 0 0 0 0 0
107 456 0 0 0 0 0 0 0 0
109 456 0 0 0 0 0 0 0 0
111 456 0 0 0 0 0 0 0 0
138 453 0 0 0 0 0 0 0 0
139 6342 104 1 1812 162 159 0 0 0
169 3201 5 1 3 0 0 0 0 0
173 3 2 0 0 0 0 0 0 0
174 42 0 0 12 0 0 0 0 0
175 24 0 0 0 0 0 0 0 0
180 447 103 1 894 0 0 447 63 0
181 447 0 0 0 0 0 0 0 0
182 447 0 0 0 0 0 0 0 0
183 447 0 0 0 0 0 0 0 0
184 447 99 0 0 0 0 0 0 0
186 447 0 0 447 0 0 0 0 0
190 1 0 0 0 0 0 0 0 0
191 1 0 0 0 0 0 0 0 0
192 2 0 0 0 0 0 0 0 0
197 11 3 1 0 0 0 0 0 0
198 11 0 0 0 0 0 0 0 0
199 11 0 0 0 0 0 0 0 0
201 5 0 0 5 0 0 0 0 0
202 5 0 0 5 0 0 0 0 0
203 5 0 0 5 0 0 0 0 0
204 5 0 0 5 0 0 0 0 0
205 5 0 0 0 0 0 0 0 0
206 5 1 0 0 0 0 0 0 0
207 5 0 0 0 0 0 0 0 0
208 5 0 0 0 0 0 0 0 0
209 5 0 0 0 0 0 0 0 0
213 6 3 1 0 0 0 0 0 0
214 6 0 0 0 0 0 0 0 0
215 6 0 0 0 0 0 0 0 0
216 84 4 1 24 0 0 0 0 0
219 6 0 0 12 0 0 6 0 0
220 6 0 0 0 0 0 0 0 0
221 6 0 0 0 0 0 0 0 0
222 6 0 0 0 0 0 0 0 0
224 6 0 0 6 0 0 0 0 0
fl=./string/../sysdeps/x86_64/multiarch/strlen.c
fn=strlen
29 6 1 1 2 0 0 0 0 0
fl=./string/../sysdeps/x86_64/multiarch/strncase.c
fn=strncasecmp
31 3 1 1 1 0 0 0 0 0
fl=./string/../sysdeps/x86_64/multiarch/strncase_l.c
fn=strncasecmp_l
31 3 1 1 1 0 0 0 0 0
fl=./string/../sysdeps/x86_64/multiarch/strncmp.c
fn=strncmp
43 8 0 0 0 0 0 0 0 0
44 4 2 1 4 0 0 0 0 0
60 6 0 0 2 1 0 0 0 0
61 6 0 0 2 0 0 0 0 0
67 6 2 1 2 0 0 0 0 0
fl=./string/../sysdeps/x86_64/multiarch/strncpy.c
fn=strncpy
29 4 4 2 2 0 0 0 0 0
fl=./string/../sysdeps/x86_64/multiarch/strnlen.c
fn=strnlen
31 6 1 1 2 0 0 0 0 0
fl=./string/../sysdeps/x86_64/multiarch/strpbrk.c
fn=strpbrk
29 2 1 1 1 0 0 0 0 0
fl=./string/../sysdeps/x86_64/multiarch/strrchr-sse2.S
fn=__strrchr_sse2
45 668 56 1 0 0 0 0 0 0
46 668 0 0 0 0 0 0 0 0
47 668 0 0 0 0 0 0 0 0
48 668 0 0 0 0 0 0 0 0
50 668 0 0 0 0 0 0 0 0
51 668 0 0 0 0 0 0 0 0
53 668 0 0 0 0 0 0 0 0
54 668 0 0 0 0 0 0 0 0
55 668 0 0 0 0 0 0 0 0
58 668 0 0 668 221 128 0 0 0
59 668 0 0 0 0 0 0 0 0
60 668 0 0 0 0 0 0 0 0
61 668 0 0 0 0 0 0 0 0
62 668 0 0 0 0 0 0 0 0
63 668 0 0 0 0 0 0 0 0
65 256 26 1 0 0 0 0 0 0
66 256 0 0 0 0 0 0 0 0
67 256 0 0 0 0 0 0 0 0
68 256 0 0 0 0 0 0 0 0
69 256 0 0 0 0 0 0 0 0
70 256 0 0 0 0 0 0 0 0
71 168 0 0 0 0 0 0 0 0
72 168 0 0 0 0 0 0 0 0
80 281 0 0 281 0 0 0 0 0
86 326 29 0 0 0 0 0 0 0
87 326 0 0 0 0 0 0 0 0
88 326 0 0 0 0 0 0 0 0
89 326 0 0 0 0 0 0 0 0
90 301 0 0 0 0 0 0 0 0
91 301 0 0 0 0 0 0 0 0
95 301 0 0 301 0 0 0 0 0
99 349 44 1 0 0 0 0 0 0
100 349 0 0 0 0 0 0 0 0
101 349 0 0 0 0 0 0 0 0
102 349 0 0 0 0 0 0 0 0
103 349 0 0 0 0 0 0 0 0
104 349 0 0 0 0 0 0 0 0
105 35 0 0 0 0 0 0 0 0
106 35 0 0 0 0 0 0 0 0
110 35 0 0 35 0 0 0 0 0
114 60 9 0 0 0 0 0 0 0
115 60 0 0 0 0 0 0 0 0
116 60 0 0 0 0 0 0 0 0
117 60 0 0 0 0 0 0 0 0
118 48 0 0 0 0 0 0 0 0
119 48 0 0 0 0 0 0 0 0
123 48 0 0 48 0 0 0 0 0
127 60 0 0 0 0 0 0 0 0
128 60 0 0 0 0 0 0 0 0
129 60 0 0 0 0 0 0 0 0
130 60 0 0 0 0 0 0 0 0
131 60 0 0 0 0 0 0 0 0
132 60 0 0 0 0 0 0 0 0
143 412 43 1 0 0 0 0 0 0
144 412 0 0 0 0 0 0 0 0
146 412 0 0 412 8 1 0 0 0
147 412 0 0 0 0 0 0 0 0
148 412 0 0 0 0 0 0 0 0
149 412 0 0 0 0 0 0 0 0
150 412 0 0 0 0 0 0 0 0
151 412 0 0 0 0 0 0 0 0
153 63 0 0 63 4 3 0 0 0
154 63 21 1 0 0 0 0 0 0
155 63 0 0 0 0 0 0 0 0
156 63 0 0 0 0 0 0 0 0
157 63 0 0 0 0 0 0 0 0
158 63 0 0 0 0 0 0 0 0
160 3 0 0 0 0 0 0 0 0
162 3 0 0 0 0 0 0 0 0
163 6 0 0 0 0 0 0 0 0
167 3 0 0 3 1 1 0 0 0
168 3 0 0 3 0 0 0 0 0
180 3 0 0 0 0 0 0 0 0
181 3 0 0 0 0 0 0 0 0
184 3 0 0 0 0 0 0 0 0
185 3 0 0 0 0 0 0 0 0
186 3 0 0 0 0 0 0 0 0
187 3 0 0 0 0 0 0 0 0
188 3 2 1 0 0 0 0 0 0
190 3 0 0 0 0 0 0 0 0
191 3 0 0 0 0 0 0 0 0
193 3 0 0 0 0 0 0 0 0
194 3 0 0 0 0 0 0 0 0
196 3 0 0 0 0 0 0 0 0
199 3 0 0 0 0 0 0 0 0
200 3 0 0 0 0 0 0 0 0
203 3 0 0 0 0 0 0 0 0
204 3 0 0 0 0 0 0 0 0
207 3 0 0 0 0 0 0 0 0
208 3 0 0 0 0 0 0 0 0
211 2 0 0 0 0 0 0 0 0
212 2 0 0 0 0 0 0 0 0
213 2 0 0 0 0 0 0 0 0
214 2 0 0 0 0 0 0 0 0
215 2 0 0 0 0 0 0 0 0
216 2 0 0 0 0 0 0 0 0
221 2 0 0 0 0 0 0 0 0
222 2 0 0 0 0 0 0 0 0
224 2 0 0 0 0 0 0 0 0
225 2 0 0 0 0 0 0 0 0
229 2 0 0 2 0 0 0 0 0
233 3 2 1 0 0 0 0 0 0
234 3 0 0 0 0 0 0 0 0
235 3 0 0 0 0 0 0 0 0
236 3 0 0 0 0 0 0 0 0
237 3 0 0 0 0 0 0 0 0
243 3 0 0 0 0 0 0 0 0
244 3 0 0 0 0 0 0 0 0
245 3 0 0 0 0 0 0 0 0
246 3 0 0 0 0 0 0 0 0
248 3 0 0 0 0 0 0 0 0
249 3 0 0 0 0 0 0 0 0
250 3 0 0 0 0 0 0 0 0
251 3 0 0 0 0 0 0 0 0
252 1 0 0 0 0 0 0 0 0
253 1 0 0 0 0 0 0 0 0
257 1 0 0 1 0 0 0 0 0
354 4 3 1 0 0 0 0 0 0
355 4 0 0 0 0 0 0 0 0
356 4 0 0 4 2 1 0 0 0
357 4 0 0 0 0 0 0 0 0
358 4 0 0 0 0 0 0 0 0
359 4 0 0 0 0 0 0 0 0
360 4 0 0 0 0 0 0 0 0
361 4 0 0 0 0 0 0 0 0
362 4 0 0 0 0 0 0 0 0
363 4 4 2 0 0 0 0 0 0
fl=./string/../sysdeps/x86_64/multiarch/strrchr.c
fn=rindex
28 6 1 0 2 0 0 0 0 0
fl=./string/../sysdeps/x86_64/multiarch/strspn.c
fn=strspn
29 2 1 1 1 0 0 0 0 0
fl=./string/./string/memmem.c
fn=memmem
55 26 1 1 2 0 0 14 0 0
59 8 2 1 0 0 0 0 0 0
61 4 0 0 0 0 0 0 0 0
65 4 0 0 0 0 0 0 0 0
68 6 0 0 0 0 0 0 0 0
70 4 0 0 0 0 0 0 0 0
75 2 1 1 0 0 0 0 0 0
79 4 0 0 0 0 0 0 0 0
84 2 0 0 0 0 0 0 0 0
85 2 0 0 0 0 0 0 0 0
88 26 4 2 0 0 0 0 0 0
89 28 0 0 8 0 0 4 0 0
92 18 1 1 6 0 0 2 0 0
93 2 0 0 0 0 0 2 0 0
95 10 0 0 0 0 0 0 0 0
100 6 1 1 0 0 0 0 0 0
101 36 0 0 18 0 0 0 0 0
103 24 0 0 0 0 0 0 0 0
107 2 0 0 0 0 0 0 0 0
108 4 0 0 0 0 0 0 0 0
119 2 0 0 0 0 0 0 0 0
126 22 0 0 18 0 0 0 0 0
fl=./string/./string/strdup.c
fn=strdup
40 78 3 2 0 0 0 39 0 0
41 26 0 0 0 0 0 13 0 0
42 8 0 0 0 0 0 4 0 0
44 26 1 1 0 0 0 0 0 0
47 36 0 0 0 0 0 0 0 0
48 43 0 0 39 0 0 0 0 0
fl=./string/./string/strerror.c
fn=strerror
23 97 95 1 0 0 0 0 0 0
24 291 0 0 194 54 0 0 0 0
fl=./string/./string/strerror_l.c
fn=strerror_l
28 388 0 0 0 0 0 97 0 0
29 485 0 0 0 0 0 97 0 0
30 194 0 0 0 0 0 97 0 0
38 1067 0 0 0 0 0 582 0 0
39 194 55 1 194 0 0 0 0 0
40 97 0 0 0 0 0 97 0 0
41 194 0 0 0 0 0 0 0 0
59 97 55 1 0 0 0 97 0 0
61 873 0 0 679 0 0 0 0 0
fl=./termios/../sysdeps/unix/sysv/linux/tcgetattr.c
fn=tcgetattr
34 1088 272 2 136 0 0 272 0 0
38 1496 136 1 136 0 0 136 0 0
77 816 136 1 544 0 0 0 0 0
fl=./time/../bits/byteswap.h
fn=__tzfile_read
52 40 3 3 20 0 0 0 0 0
73 484 1 1 242 0 0 0 0 0
fl=./time/../include/alloc_buffer.h
fn=__tzfile_read
129 5 1 1 2 0 0 0 0 0
fl=./time/../include/stdio.h
fn=__tzfile_read
341 206 3 3 107 0 0 33 0 0
fl=./time/../string/bits/string_fortified.h
fn=__tzstring_len
29 33 0 0 0 0 0 4 0 0
fl=./time/../sysdeps/unix/sysv/linux/dl-vdso.h
fn=time
40 2 0 0 2 2 0 0 0 0
41 2 0 0 0 0 0 0 0 0
fl=./time/../sysdeps/unix/sysv/linux/time.c
fn=time
38 3 2 2 1 0 0 0 0 0
fn=time_syscall
31 1 1 1 0 0 0 0 0 0
32 4 0 0 0 0 0 0 0 0
33 1 0 0 1 0 0 0 0 0
fl=./time/./time/localtime.c
fn=localtime_r
29 4 1 1 0 0 0 0 0 0
30 6 0 0 2 0 0 0 0 0
fl=./time/./time/offtime.c
fn=__offtime
30 20 1 1 0 0 0 12 0 0
34 14 1 1 0 0 0 0 0 0
35 4 0 0 0 0 0 0 0 0
37 4 0 0 0 0 0 0 0 0
42 4 1 1 0 0 0 0 0 0
47 16 1 1 0 0 0 2 0 0
48 4 0 0 0 0 0 0 0 0
49 10 0 0 0 0 0 2 0 0
50 12 1 1 0 0 0 2 0 0
52 26 0 0 0 0 0 2 0 0
54 4 0 0 0 0 0 0 0 0
55 2 0 0 0 0 0 0 0 0
60 34 3 3 0 0 0 0 0 0
63 30 2 2 0 0 0 0 0 0
66 12 0 0 0 0 0 0 0 0
67 78 3 3 0 0 0 0 0 0
68 78 1 1 0 0 0 0 0 0
69 2 0 0 0 0 0 0 0 0
71 4 0 0 0 0 0 2 0 0
72 8 0 0 0 0 0 0 0 0
78 2 1 1 0 0 0 2 0 0
79 6 0 0 0 0 0 0 0 0
80 88 2 2 18 1 1 0 0 0
82 2 0 0 0 0 0 0 0 0
83 2 0 0 0 0 0 2 0 0
84 4 0 0 0 0 0 2 0 0
85 2 0 0 0 0 0 0 0 0
86 14 0 0 14 0 0 0 0 0
fl=./time/./time/tzfile.c
fn=__tzfile_compute
586 26 2 2 0 0 0 16 0 0
589 4 0 0 0 0 0 0 0 0
591 6 0 0 2 0 0 2 0 0
594 12 0 0 6 0 0 0 0 0
624 6 1 1 2 0 0 0 0 0
660 2 0 0 0 0 0 0 0 0
661 2 0 0 0 0 0 0 0 0
668 10 0 0 0 0 0 0 0 0
669 4 0 0 0 0 0 0 0 0
671 6 1 1 0 0 0 0 0 0
672 6 0 0 2 0 0 0 0 0
674 8 1 1 2 0 0 0 0 0
677 4 0 0 2 0 0 0 0 0
681 2 0 0 0 0 0 0 0 0
711 2 0 0 2 0 0 0 0 0
712 26 3 3 10 0 0 6 0 0
714 6 0 0 2 0 0 0 0 0
717 8 1 1 4 0 0 0 0 0
718 2 0 0 2 0 0 0 0 0
720 4 0 0 2 0 0 0 0 0
722 12 0 0 4 0 0 6 0 0
724 10 1 1 2 0 0 0 0 0
731 6 0 0 2 0 0 0 0 0
734 8 0 0 8 0 0 0 0 0
737 12 1 1 4 0 0 0 0 0
738 6 1 1 4 0 0 2 0 0
739 8 0 0 4 0 0 2 0 0
741 4 0 0 0 0 0 0 0 0
748 4 1 1 2 0 0 0 0 0
751 6 0 0 4 0 0 2 1 0
752 14 0 0 6 0 0 2 0 0
753 4 1 1 2 0 0 2 0 0
754 4 0 0 2 0 0 2 0 0
758 10 0 0 2 0 0 2 0 0
759 4 0 0 0 0 0 2 0 0
762 4 0 0 2 0 0 0 0 0
764 4 1 1 0 0 0 0 0 0
766 2 0 0 2 0 0 0 0 0
783 16 0 0 14 0 0 0 0 0
fn=__tzfile_read
107 14 1 1 1 0 0 7 0 0
114 1 0 0 1 0 0 0 0 0
116 1 0 0 0 0 0 1 1 0
121 1 1 1 0 0 0 1 0 0
123 2 0 0 0 0 0 0 0 0
126 4 0 0 1 0 0 0 0 0
135 4 0 0 2 2 0 0 0 0
145 2 1 1 0 0 0 0 0 0
159 2 1 1 0 0 0 0 0 0
167 4 1 1 0 0 0 1 0 0
168 2 0 0 0 0 0 0 0 0
172 7 0 0 0 0 0 2 0 0
175 2 1 1 1 1 1 1 0 0
176 1 1 1 0 0 0 1 0 0
179 2 0 0 1 0 0 1 1 1
180 2 0 0 1 0 0 1 0 0
181 2 0 0 1 0 0 1 0 0
184 4 0 0 1 0 0 1 0 0
187 14 1 1 2 0 0 2 0 0
189 4 0 0 2 0 0 0 0 0
192 4 0 0 0 0 0 2 0 0
193 4 0 0 0 0 0 2 0 0
194 4 0 0 0 0 0 2 0 0
195 4 0 0 0 0 0 2 0 0
196 2 0 0 0 0 0 0 0 0
197 2 0 0 0 0 0 0 0 0
199 10 0 0 0 0 0 0 0 0
202 6 1 1 1 0 0 0 0 0
208 7 1 1 0 0 0 0 0 0
209 2 0 0 0 0 0 0 0 0
214 5 0 0 0 0 0 1 0 0
225 4 1 1 1 0 0 2 0 0
226 5 0 0 1 0 0 0 0 0
227 2 0 0 1 0 0 0 0 0
228 3 0 0 1 0 0 0 0 0
229 2 0 0 1 0 0 0 0 0
231 1 0 0 0 0 0 0 0 0
234 6 1 1 1 0 0 0 0 0
235 3 0 0 0 0 0 0 0 0
237 1 0 0 0 0 0 0 0 0
238 2 0 0 0 0 0 0 0 0
241 5 1 1 0 0 0 0 0 0
243 1 0 0 0 0 0 0 0 0
244 5 0 0 0 0 0 2 0 0
274 6 1 1 1 0 0 1 0 0
276 3 0 0 0 0 0 1 0 0
280 3 0 0 0 0 0 2 0 0
281 2 0 0 0 0 0 0 0 0
283 2 0 0 0 0 0 2 0 0
288 6 0 0 0 0 0 2 0 0
289 6 1 1 1 0 0 2 0 0
290 6 0 0 1 0 0 2 0 0
291 6 1 1 1 0 0 2 0 0
292 6 1 1 1 0 0 2 0 0
293 4 0 0 2 0 0 0 0 0
294 8 1 1 2 0 0 2 0 0
297 2 0 0 0 0 0 0 0 0
299 3 0 0 1 0 0 1 0 0
302 8 1 1 4 0 0 1 0 0
305 7 1 1 2 0 0 1 0 0
311 731 0 0 2 0 0 0 0 0
312 726 1 1 242 0 0 0 0 0
315 4 0 0 1 0 0 0 0 0
323 1 0 0 1 0 0 0 0 0
329 728 0 0 0 0 0 0 0 0
330 242 0 0 0 0 0 242 0 0
333 25 0 0 9 0 0 0 0 0
337 64 0 0 0 0 0 16 0 0
342 16 0 0 0 0 0 0 0 0
344 24 0 0 8 0 0 8 1 1
346 24 0 0 8 0 0 0 0 0
349 16 0 0 8 0 0 8 0 0
350 8 0 0 0 0 0 8 0 0
353 10 1 1 3 0 0 2 0 0
356 2 0 0 1 0 0 0 0 0
372 28 1 1 1 0 0 0 0 0
377 24 0 0 8 0 0 8 0 0
379 4 1 1 1 0 0 0 0 0
382 28 0 0 0 0 0 0 0 0
387 16 0 0 0 0 0 8 0 0
389 4 1 1 1 0 0 0 0 0
393 2 0 0 1 0 0 0 0 0
395 2 1 1 1 0 0 0 0 0
397 2 0 0 0 0 0 0 0 0
398 9 1 1 2 0 0 1 0 0
402 3 1 1 2 0 0 1 0 0
406 4 0 0 1 0 0 0 0 0
409 2 1 1 0 0 0 1 0 0
412 28 0 0 9 0 0 0 0 0
413 48 0 0 24 0 0 8 0 0
419 3 0 0 1 0 0 1 0 0
421 7 1 1 1 0 0 0 0 0
423 4 0 0 2 0 0 0 0 0
424 8 0 0 6 0 0 0 0 0
426 4 0 0 2 0 0 0 0 0
430 8 1 1 4 0 0 4 0 0
432 11 0 0 2 0 0 0 0 0
436 2 0 0 1 0 0 0 0 0
443 2 0 0 1 0 0 0 0 0
444 2 1 1 1 0 0 0 0 0
446 2 0 0 0 0 0 1 0 0
447 3 0 0 1 0 0 0 0 0
449 1 1 1 1 0 0 0 0 0
452 2 1 1 0 0 0 1 0 0
456 2 0 0 0 0 0 0 0 0
458 9 1 1 3 0 0 0 0 0
460 2 0 0 1 0 0 1 0 0
461 5 0 0 0 0 0 0 0 0
465 1 0 0 0 0 0 0 0 0
470 15 1 1 0 0 0 1 0 0
471 3 0 0 2 0 0 0 0 0
474 2 0 0 1 1 0 1 0 0
475 5 0 0 2 0 0 1 0 0
478 1 0 0 0 0 0 1 0 0
479 2 1 1 1 0 0 1 0 0
480 1 0 0 0 0 0 0 0 0
488 11 1 1 9 0 0 0 0 0
fl=./time/./time/tzset.c
fn=__tz_convert
568 28 2 2 2 0 0 12 0 0
572 6 0 0 2 1 1 0 0 0
577 16 1 1 0 0 0 2 0 0
579 6 0 0 2 0 0 0 0 0
580 14 0 0 0 0 0 2 0 0
592 8 1 1 4 0 0 0 0 0
594 4 0 0 0 0 0 0 0 0
596 4 0 0 0 0 0 0 0 0
603 14 0 0 4 0 0 2 0 0
604 4 0 0 4 0 0 0 0 0
610 22 1 1 16 0 0 0 0 0
fn=__tzstring
120 84 1 1 0 0 0 28 0 0
121 56 1 1 0 0 0 14 0 0
122 28 0 0 28 0 0 0 0 0
fn=__tzstring_len
83 140 1 1 0 0 0 84 0 0
89 105 2 2 35 0 0 0 0 0
90 93 0 0 31 0 0 0 0 0
92 113 0 0 0 0 0 0 0 0
93 168 0 0 0 0 0 28 0 0
98 19 1 1 0 0 0 7 0 0
99 11 1 1 3 0 0 0 0 0
102 4 0 0 0 0 0 4 0 0
103 4 0 0 0 0 0 4 0 0
104 4 0 0 0 0 0 0 0 0
105 4 0 0 0 0 0 4 0 0
108 3 0 0 0 0 0 3 0 0
110 2 0 0 0 0 0 1 0 0
113 126 0 0 98 0 0 0 0 0
fn=tzset_internal
368 4 0 0 0 0 0 3 0 0
372 8 1 1 2 1 1 0 0 0
374 1 0 0 0 0 0 1 0 0
377 3 1 1 0 0 0 1 0 0
378 2 0 0 0 0 0 0 0 0
389 1 0 0 1 0 0 0 0 0
397 1 0 0 0 0 0 1 1 1
398 1 0 0 0 0 0 1 0 0
401 2 2 2 1 0 0 1 0 0
402 4 0 0 0 0 0 2 0 0
405 4 0 0 0 0 0 1 0 0
406 3 0 0 1 0 0 0 0 0
424 4 1 1 4 0 0 0 0 0
fl=./wcsmbs/../sysdeps/x86_64/multiarch/ifunc-avx2.h
fn=wcschr
38 12 2 1 0 0 0 0 0 0
40 9 0 0 6 0 0 0 0 0
fn=wcscmp
38 8 0 0 0 0 0 0 0 0
40 6 0 0 4 0 0 0 0 0
fl=./wcsmbs/../sysdeps/x86_64/multiarch/ifunc-evex.h
fn=wmemchr
37 8 0 0 0 0 0 0 0 0
38 6 1 1 4 0 0 0 0 0
fl=./wcsmbs/../sysdeps/x86_64/multiarch/ifunc-memcmp.h
fn=wmemcmp
34 5 1 1 2 0 0 0 0 0
fl=./wcsmbs/../sysdeps/x86_64/multiarch/ifunc-wcs.h
fn=wcpncpy
39 4 1 1 0 0 0 0 0 0
40 3 0 0 2 0 0 0 0 0
fn=wcscat
39 4 0 0 0 0 0 0 0 0
40 3 0 0 2 0 0 0 0 0
fn=wcsncpy
39 8 0 0 0 0 0 0 0 0
40 6 0 0 4 1 0 0 0 0
fl=./wcsmbs/../sysdeps/x86_64/multiarch/ifunc-wcslen.h
fn=wcslen
40 8 0 0 0 0 0 0 0 0
41 4 0 0 4 0 0 0 0 0
57 8 2 1 2 1 0 0 0 0
fn=wcsnlen
40 4 0 0 0 0 0 0 0 0
41 2 1 1 2 0 0 0 0 0
57 4 0 0 1 0 0 0 0 0
fl=./wcsmbs/../sysdeps/x86_64/multiarch/ifunc-wmemset.h
fn=wmemset
36 10 0 0 4 0 0 0 0 0
fl=./wcsmbs/../sysdeps/x86_64/multiarch/strlen-sse2.S
fn=__wcslen_sse4_1
57 4285 37 1 0 0 0 0 0 0
101 4285 0 0 0 0 0 0 0 0
102 4285 0 0 0 0 0 0 0 0
103 4285 0 0 0 0 0 0 0 0
104 4285 0 0 0 0 0 0 0 0
105 4285 0 0 0 0 0 0 0 0
106 4285 0 0 0 0 0 0 0 0
107 4285 0 0 0 0 0 0 0 0
109 4285 0 0 0 0 0 0 0 0
111 4285 0 0 0 0 0 0 0 0
142 4285 0 0 4285 49 0 0 0 0
143 4285 39 1 0 0 0 0 0 0
144 4285 0 0 0 0 0 0 0 0
145 4285 0 0 0 0 0 0 0 0
146 4285 0 0 0 0 0 0 0 0
147 3965 0 0 0 0 0 0 0 0
148 3965 0 0 0 0 0 0 0 0
149 3965 0 0 3965 0 0 0 0 0
153 320 0 0 0 0 0 0 0 0
154 320 0 0 320 12 0 0 0 0
155 320 0 0 320 12 1 0 0 0
156 320 0 0 320 16 1 0 0 0
157 320 0 0 0 0 0 0 0 0
158 320 0 0 0 0 0 0 0 0
159 320 0 0 0 0 0 0 0 0
160 320 0 0 0 0 0 0 0 0
161 320 0 0 0 0 0 0 0 0
162 320 0 0 0 0 0 0 0 0
163 320 39 1 0 0 0 0 0 0
164 320 0 0 0 0 0 0 0 0
169 2259 0 0 113 0 0 0 0 0
243 523 26 1 523 21 0 0 0 0
244 523 0 0 523 0 0 0 0 0
245 523 0 0 523 0 0 0 0 0
246 523 0 0 523 0 0 0 0 0
247 523 0 0 0 0 0 0 0 0
248 523 0 0 0 0 0 0 0 0
249 523 0 0 0 0 0 0 0 0
250 523 0 0 0 0 0 0 0 0
252 417 0 0 0 0 0 0 0 0
254 417 0 0 417 18 0 0 0 0
255 417 23 1 417 0 0 0 0 0
256 417 0 0 417 0 0 0 0 0
257 417 0 0 417 0 0 0 0 0
258 417 0 0 0 0 0 0 0 0
259 417 0 0 0 0 0 0 0 0
260 417 0 0 0 0 0 0 0 0
261 417 0 0 0 0 0 0 0 0
262 316 0 0 0 0 0 0 0 0
266 106 1 0 0 0 0 0 0 0
268 207 0 0 0 0 0 0 0 0
269 2898 26 1 828 0 0 0 0 0
271 207 0 0 0 0 0 0 0 0
272 207 0 0 0 0 0 0 0 0
273 207 0 0 0 0 0 0 0 0
274 207 0 0 0 0 0 0 0 0
275 207 0 0 207 0 0 0 0 0
fn=__wcsnlen_sse4_1
57 3902 0 0 0 0 0 0 0 0
78 3902 0 0 0 0 0 0 0 0
79 3902 0 0 0 0 0 0 0 0
88 3902 0 0 0 0 0 0 0 0
89 3902 26 1 0 0 0 0 0 0
90 3902 0 0 0 0 0 0 0 0
91 3902 0 0 0 0 0 0 0 0
95 3902 0 0 0 0 0 0 0 0
96 3902 0 0 0 0 0 0 0 0
97 3902 0 0 0 0 0 0 0 0
98 3902 0 0 0 0 0 0 0 0
101 3902 0 0 0 0 0 0 0 0
102 3902 0 0 0 0 0 0 0 0
103 3902 0 0 0 0 0 0 0 0
104 3902 0 0 0 0 0 0 0 0
105 3902 0 0 0 0 0 0 0 0
106 3902 0 0 0 0 0 0 0 0
107 3902 0 0 0 0 0 0 0 0
109 3902 0 0 0 0 0 0 0 0
111 3902 24 1 0 0 0 0 0 0
138 3902 0 0 0 0 0 0 0 0
139 54628 0 0 15608 2 1 0 0 0
169 47450 24 1 3355 0 0 0 0 0
180 545 24 1 1090 0 0 545 12 1
181 545 0 0 0 0 0 0 0 0
182 545 0 0 0 0 0 0 0 0
183 545 0 0 0 0 0 0 0 0
184 545 0 0 0 0 0 0 0 0
185 545 0 0 0 0 0 0 0 0
186 545 0 0 545 0 0 0 0 0
197 8 2 1 0 0 0 0 0 0
198 8 0 0 0 0 0 0 0 0
199 8 0 0 0 0 0 0 0 0
201 8 0 0 8 0 0 0 0 0
202 8 0 0 8 0 0 0 0 0
203 8 0 0 8 0 0 0 0 0
204 8 0 0 8 0 0 0 0 0
205 8 0 0 0 0 0 0 0 0
206 8 0 0 0 0 0 0 0 0
207 8 0 0 0 0 0 0 0 0
208 8 0 0 0 0 0 0 0 0
209 6 0 0 0 0 0 0 0 0
228 2 2 1 0 0 0 0 0 0
229 28 2 1 8 0 0 0 0 0
231 2 0 0 0 0 0 0 0 0
232 2 0 0 0 0 0 0 0 0
233 2 0 0 0 0 0 0 0 0
234 2 0 0 0 0 0 0 0 0
235 2 0 0 2 0 0 0 0 0
fl=./wcsmbs/../sysdeps/x86_64/multiarch/wcpcpy.c
fn=wcpncpy
31 1 1 1 0 0 0 0 0 0
fl=./wcsmbs/../sysdeps/x86_64/multiarch/wcpncpy.c
fn=wcpncpy
31 1 0 0 1 0 0 0 0 0
fl=./wcsmbs/../sysdeps/x86_64/multiarch/wcscat.c
fn=wcscat
31 2 1 1 1 0 0 0 0 0
fn=wcschr
31 3 2 1 0 0 0 0 0 0
fl=./wcsmbs/../sysdeps/x86_64/multiarch/wcschr-sse2.S
fn=__wcschr_sse2
32 15 4 1 0 0 0 0 0 0
34 15 0 0 0 0 0 0 0 0
35 15 0 0 0 0 0 0 0 0
36 15 0 0 0 0 0 0 0 0
37 15 0 0 0 0 0 0 0 0
38 15 0 0 0 0 0 0 0 0
40 15 0 0 0 0 0 0 0 0
41 15 0 0 0 0 0 0 0 0
42 15 0 0 0 0 0 0 0 0
44 14 0 0 14 1 1 0 0 0
45 14 0 0 0 0 0 0 0 0
46 14 0 0 0 0 0 0 0 0
47 14 4 1 0 0 0 0 0 0
48 14 0 0 0 0 0 0 0 0
49 14 0 0 0 0 0 0 0 0
50 14 0 0 0 0 0 0 0 0
51 14 0 0 0 0 0 0 0 0
53 13 0 0 0 0 0 0 0 0
55 13 0 0 13 0 0 0 0 0
56 13 0 0 0 0 0 0 0 0
57 13 0 0 0 0 0 0 0 0
58 13 0 0 0 0 0 0 0 0
59 13 0 0 0 0 0 0 0 0
60 13 0 0 0 0 0 0 0 0
61 13 0 0 0 0 0 0 0 0
62 13 0 0 0 0 0 0 0 0
64 13 0 0 0 0 0 0 0 0
67 1 0 0 0 0 0 0 0 0
68 1 1 1 0 0 0 0 0 0
69 1 0 0 1 0 0 0 0 0
70 1 0 0 0 0 0 0 0 0
71 1 0 0 0 0 0 0 0 0
72 1 0 0 0 0 0 0 0 0
73 1 0 0 0 0 0 0 0 0
75 1 0 0 0 0 0 0 0 0
76 1 0 0 0 0 0 0 0 0
77 1 0 0 0 0 0 0 0 0
78 1 0 0 0 0 0 0 0 0
94 1 0 0 0 0 0 0 0 0
95 1 0 0 0 0 0 0 0 0
96 1 0 0 0 0 0 0 0 0
98 3 0 0 0 0 0 0 0 0
103 47 4 1 47 0 0 0 0 0
104 47 0 0 0 0 0 0 0 0
105 47 0 0 0 0 0 0 0 0
106 47 0 0 0 0 0 0 0 0
107 47 0 0 0 0 0 0 0 0
108 47 0 0 0 0 0 0 0 0
109 47 0 0 0 0 0 0 0 0
110 47 0 0 0 0 0 0 0 0
112 42 3 1 42 0 0 0 0 0
113 42 0 0 0 0 0 0 0 0
114 42 0 0 0 0 0 0 0 0
115 42 0 0 0 0 0 0 0 0
116 42 0 0 0 0 0 0 0 0
117 42 0 0 0 0 0 0 0 0
118 42 0 0 0 0 0 0 0 0
119 42 0 0 0 0 0 0 0 0
121 39 0 0 39 0 0 0 0 0
122 39 0 0 0 0 0 0 0 0
123 39 0 0 0 0 0 0 0 0
124 39 0 0 0 0 0 0 0 0
125 39 0 0 0 0 0 0 0 0
126 39 0 0 0 0 0 0 0 0
127 39 0 0 0 0 0 0 0 0
128 39 0 0 0 0 0 0 0 0
130 38 0 0 38 0 0 0 0 0
131 38 0 0 0 0 0 0 0 0
132 38 3 0 0 0 0 0 0 0
133 38 0 0 0 0 0 0 0 0
134 38 0 0 0 0 0 0 0 0
135 38 0 0 0 0 0 0 0 0
136 38 0 0 0 0 0 0 0 0
137 38 0 0 0 0 0 0 0 0
138 33 0 0 0 0 0 0 0 0
142 15 1 1 0 0 0 0 0 0
143 15 0 0 0 0 0 0 0 0
144 15 0 0 0 0 0 0 0 0
145 14 0 0 0 0 0 0 0 0
146 14 0 0 0 0 0 0 0 0
147 14 0 0 0 0 0 0 0 0
148 7 0 0 0 0 0 0 0 0
149 7 0 0 0 0 0 0 0 0
150 7 0 0 0 0 0 0 0 0
152 14 0 0 0 0 0 0 0 0
153 14 2 0 0 0 0 0 0 0
154 14 0 0 14 0 0 0 0 0
158 1 0 0 0 0 0 0 0 0
159 1 0 0 1 0 0 0 0 0
fl=./wcsmbs/../sysdeps/x86_64/multiarch/wcschr.c
fn=wcschr
31 6 0 0 3 0 0 0 0 0
fl=./wcsmbs/../sysdeps/x86_64/multiarch/wcscmp-sse2.S
fn=__wcscmp_sse2
33 713 27 1 0 0 0 0 0 0
37 713 0 0 0 0 0 0 0 0
38 713 0 0 0 0 0 0 0 0
39 713 0 0 0 0 0 0 0 0
40 713 0 0 0 0 0 0 0 0
41 713 0 0 0 0 0 0 0 0
42 713 0 0 0 0 0 0 0 0
43 713 0 0 0 0 0 0 0 0
44 713 0 0 0 0 0 0 0 0
45 713 0 0 0 0 0 0 0 0
204 713 28 1 0 0 0 0 0 0
205 713 0 0 0 0 0 0 0 0
206 710 0 0 0 0 0 0 0 0
207 710 0 0 0 0 0 0 0 0
208 356 0 0 0 0 0 0 0 0
209 356 0 0 0 0 0 0 0 0
210 356 0 0 0 0 0 0 0 0
211 358 0 0 0 0 0 0 0 0
215 352 0 0 352 0 0 0 0 0
216 352 0 0 352 0 0 0 0 0
217 352 0 0 0 0 0 0 0 0
218 352 0 0 0 0 0 0 0 0
219 352 25 1 0 0 0 0 0 0
221 352 0 0 352 1 1 0 0 0
222 352 0 0 0 0 0 0 0 0
224 351 0 0 351 0 0 0 0 0
225 351 0 0 351 0 0 0 0 0
226 351 0 0 0 0 0 0 0 0
228 351 0 0 351 0 0 0 0 0
229 351 0 0 351 20 0 0 0 0
230 351 0 0 0 0 0 0 0 0
232 351 0 0 351 0 0 0 0 0
233 351 0 0 351 0 0 0 0 0
234 351 0 0 0 0 0 0 0 0
236 351 0 0 351 0 0 0 0 0
237 351 0 0 0 0 0 0 0 0
238 351 0 0 351 0 0 0 0 0
239 351 0 0 0 0 0 0 0 0
240 351 23 1 0 0 0 0 0 0
241 351 0 0 0 0 0 0 0 0
242 351 0 0 0 0 0 0 0 0
244 351 0 0 351 0 0 0 0 0
245 351 0 0 0 0 0 0 0 0
246 351 0 0 351 1 0 0 0 0
247 351 0 0 0 0 0 0 0 0
248 351 0 0 0 0 0 0 0 0
249 351 0 0 0 0 0 0 0 0
250 351 0 0 0 0 0 0 0 0
432 3 1 1 3 0 0 0 0 0
433 3 0 0 0 0 0 0 0 0
434 3 0 0 3 1 1 0 0 0
435 3 0 0 0 0 0 0 0 0
436 3 0 0 0 0 0 0 0 0
437 3 0 0 0 0 0 0 0 0
438 3 0 0 0 0 0 0 0 0
470 355 18 1 355 1 0 0 0 0
471 355 0 0 0 0 0 0 0 0
472 355 0 0 355 1 0 0 0 0
473 355 0 0 0 0 0 0 0 0
474 355 21 1 0 0 0 0 0 0
475 355 0 0 0 0 0 0 0 0
476 355 0 0 0 0 0 0 0 0
478 351 0 0 0 0 0 0 0 0
479 351 0 0 0 0 0 0 0 0
480 351 0 0 0 0 0 0 0 0
506 354 24 1 354 21 0 0 0 0
507 354 0 0 0 0 0 0 0 0
508 354 0 0 354 12 0 0 0 0
509 354 0 0 0 0 0 0 0 0
510 354 22 1 0 0 0 0 0 0
511 354 0 0 0 0 0 0 0 0
512 354 0 0 0 0 0 0 0 0
804 361 27 1 0 0 0 0 0 0
805 361 0 0 0 0 0 0 0 0
806 361 0 0 0 0 0 0 0 0
807 360 0 0 0 0 0 0 0 0
808 360 0 0 0 0 0 0 0 0
816 360 28 1 360 0 0 0 0 0
817 360 0 0 360 0 0 0 0 0
818 360 0 0 0 0 0 0 0 0
823 1 1 0 0 0 0 0 0 0
824 1 0 0 0 0 0 0 0 0
825 1 0 0 1 0 0 0 0 0
826 1 0 0 1 0 0 0 0 0
827 1 0 0 0 0 0 0 0 0
828 1 0 0 1 0 0 0 0 0
874 351 26 1 0 0 0 0 0 0
875 351 0 0 0 0 0 0 0 0
876 351 0 0 0 0 0 0 0 0
893 351 25 1 0 0 0 0 0 0
894 351 0 0 0 0 0 0 0 0
902 351 0 0 351 0 0 0 0 0
903 351 0 0 351 0 0 0 0 0
904 351 0 0 0 0 0 0 0 0
905 351 0 0 351 0 0 0 0 0
944 361 25 1 0 0 0 0 0 0
945 361 0 0 0 0 0 0 0 0
949 361 0 0 361 0 0 0 0 0
fl=./wcsmbs/../sysdeps/x86_64/multiarch/wcscmp.c
fn=wcscmp
30 6 2 1 2 0 0 0 0 0
fl=./wcsmbs/../sysdeps/x86_64/multiarch/wcscpy-ssse3.S
fn=__wcscpy_ssse3
33 40 3 1 0 0 0 0 0 0
35 40 0 0 0 0 0 0 0 0
36 40 0 0 0 0 0 0 0 0
38 40 0 0 40 0 0 0 0 0
39 40 0 0 0 0 0 0 0 0
40 40 0 0 40 0 0 0 0 0
41 40 0 0 0 0 0 0 0 0
42 40 0 0 40 0 0 0 0 0
43 40 0 0 0 0 0 0 0 0
44 40 0 0 40 0 0 0 0 0
45 40 0 0 0 0 0 0 0 0
47 40 0 0 0 0 0 0 0 0
48 40 0 0 0 0 0 0 0 0
50 40 0 0 0 0 0 0 0 0
51 40 0 0 40 0 0 0 0 0
52 40 4 1 0 0 0 40 2 0
54 40 0 0 40 0 0 0 0 0
55 40 0 0 40 0 0 0 0 0
56 40 0 0 0 0 0 40 0 0
58 40 0 0 0 0 0 0 0 0
59 40 0 0 0 0 0 0 0 0
61 40 0 0 0 0 0 0 0 0
62 40 0 0 0 0 0 0 0 0
64 39 0 0 0 0 0 0 0 0
65 39 0 0 0 0 0 0 0 0
66 39 0 0 0 0 0 0 0 0
67 39 0 0 0 0 0 0 0 0
68 39 0 0 0 0 0 0 0 0
69 39 0 0 0 0 0 0 0 0
70 39 0 0 0 0 0 0 0 0
71 39 0 0 0 0 0 0 0 0
75 39 0 0 0 0 0 0 0 0
77 19 0 0 0 0 0 0 0 0
78 19 0 0 0 0 0 0 0 0
79 12 0 0 0 0 0 0 0 0
80 12 0 0 0 0 0 0 0 0
81 5 0 0 0 0 0 0 0 0
84 20 5 1 20 0 0 0 0 0
85 20 0 0 20 0 0 0 0 0
86 20 0 0 0 0 0 20 5 0
87 20 0 0 0 0 0 0 0 0
88 20 0 0 0 0 0 0 0 0
89 20 0 0 0 0 0 0 0 0
91 20 0 0 0 0 0 0 0 0
92 20 0 0 0 0 0 0 0 0
94 20 0 0 20 0 0 0 0 0
95 20 0 0 0 0 0 20 1 0
96 20 17 1 0 0 0 0 0 0
97 20 0 0 0 0 0 0 0 0
98 20 0 0 0 0 0 0 0 0
100 20 0 0 0 0 0 0 0 0
101 20 0 0 0 0 0 0 0 0
103 19 0 0 19 0 0 0 0 0
104 19 0 0 0 0 0 19 4 1
105 19 0 0 0 0 0 0 0 0
106 19 0 0 0 0 0 0 0 0
107 19 0 0 0 0 0 0 0 0
109 19 0 0 0 0 0 0 0 0
110 19 0 0 0 0 0 0 0 0
112 19 0 0 19 0 0 0 0 0
113 19 0 0 0 0 0 19 0 0
114 19 0 0 0 0 0 0 0 0
115 19 15 1 0 0 0 0 0 0
116 19 0 0 0 0 0 0 0 0
118 19 0 0 0 0 0 0 0 0
119 19 0 0 0 0 0 0 0 0
121 18 0 0 18 0 0 0 0 0
122 18 0 0 0 0 0 18 7 0
123 18 0 0 0 0 0 0 0 0
124 18 0 0 0 0 0 0 0 0
125 18 0 0 0 0 0 0 0 0
127 18 0 0 0 0 0 0 0 0
128 18 0 0 0 0 0 0 0 0
130 17 0 0 17 0 0 0 0 0
131 17 0 0 0 0 0 17 1 0
132 17 0 0 0 0 0 0 0 0
133 17 0 0 0 0 0 0 0 0
134 17 0 0 0 0 0 0 0 0
136 17 6 1 0 0 0 0 0 0
137 17 0 0 0 0 0 0 0 0
139 16 0 0 0 0 0 16 5 1
140 16 0 0 0 0 0 0 0 0
141 16 0 0 0 0 0 0 0 0
142 16 0 0 0 0 0 0 0 0
143 16 0 0 0 0 0 0 0 0
144 16 0 0 0 0 0 0 0 0
146 32 0 0 0 0 0 0 0 0
150 52 0 0 52 0 0 0 0 0
151 52 0 0 0 0 0 0 0 0
152 52 0 0 52 0 0 0 0 0
153 52 0 0 52 0 0 0 0 0
154 52 4 1 0 0 0 0 0 0
155 52 0 0 52 0 0 0 0 0
156 52 0 0 0 0 0 0 0 0
157 52 0 0 0 0 0 0 0 0
158 52 0 0 0 0 0 0 0 0
159 52 0 0 0 0 0 0 0 0
160 52 0 0 0 0 0 0 0 0
161 52 0 0 0 0 0 0 0 0
162 52 0 0 0 0 0 0 0 0
163 52 0 0 0 0 0 0 0 0
164 52 0 0 0 0 0 0 0 0
165 36 0 0 0 0 0 36 3 0
166 36 0 0 0 0 0 36 8 0
167 36 0 0 0 0 0 36 6 0
168 36 0 0 0 0 0 36 2 0
169 36 0 0 0 0 0 0 0 0
172 16 0 0 0 0 0 0 0 0
173 16 0 0 0 0 0 0 0 0
174 16 4 1 0 0 0 0 0 0
175 16 0 0 0 0 0 0 0 0
177 10 0 0 0 0 0 0 0 0
179 10 0 0 0 0 0 0 0 0
180 10 0 0 0 0 0 10 1 0
181 10 0 0 0 0 0 0 0 0
182 10 0 0 0 0 0 0 0 0
183 10 0 0 0 0 0 0 0 0
185 7 0 0 0 0 0 0 0 0
187 7 0 0 0 0 0 0 0 0
188 7 0 0 0 0 0 7 0 0
189 7 0 0 0 0 0 0 0 0
190 7 0 0 0 0 0 0 0 0
191 7 0 0 0 0 0 0 0 0
207 7 3 1 7 0 0 0 0 0
208 7 0 0 7 0 0 0 0 0
210 11 0 0 0 0 0 0 0 0
211 11 0 0 0 0 0 0 0 0
212 11 0 0 0 0 0 0 0 0
214 11 0 0 0 0 0 0 0 0
215 11 0 0 0 0 0 0 0 0
217 11 2 1 0 0 0 0 0 0
218 11 0 0 0 0 0 11 1 0
219 11 0 0 11 0 0 0 0 0
221 11 0 0 0 0 0 0 0 0
222 11 0 0 0 0 0 0 0 0
223 11 0 0 0 0 0 0 0 0
224 11 0 0 0 0 0 0 0 0
225 11 0 0 0 0 0 0 0 0
227 11 0 0 0 0 0 0 0 0
228 11 0 0 0 0 0 0 0 0
230 8 0 0 0 0 0 0 0 0
231 8 0 0 0 0 0 8 1 0
232 8 0 0 8 0 0 0 0 0
234 8 0 0 0 0 0 0 0 0
235 8 0 0 0 0 0 0 0 0
236 8 0 0 0 0 0 0 0 0
237 8 0 0 0 0 0 0 0 0
238 8 1 1 0 0 0 0 0 0
240 8 0 0 0 0 0 0 0 0
241 8 0 0 0 0 0 0 0 0
243 6 0 0 0 0 0 0 0 0
244 6 0 0 0 0 0 6 0 0
245 6 0 0 6 0 0 0 0 0
247 6 0 0 0 0 0 0 0 0
248 6 0 0 0 0 0 0 0 0
249 6 0 0 0 0 0 0 0 0
250 6 0 0 0 0 0 0 0 0
252 6 0 0 0 0 0 0 0 0
253 6 0 0 0 0 0 0 0 0
255 4 0 0 0 0 0 0 0 0
256 4 0 0 0 0 0 4 0 0
257 4 0 0 0 0 0 0 0 0
258 4 1 1 0 0 0 0 0 0
260 4 0 0 0 0 0 0 0 0
261 4 0 0 0 0 0 0 0 0
262 4 0 0 0 0 0 0 0 0
263 4 0 0 0 0 0 0 0 0
264 4 0 0 0 0 0 0 0 0
266 8 0 0 4 0 0 0 0 0
270 4 0 0 4 0 0 0 0 0
271 4 0 0 4 0 0 0 0 0
272 4 0 0 0 0 0 0 0 0
273 4 0 0 4 0 0 0 0 0
274 4 0 0 0 0 0 0 0 0
275 4 0 0 4 0 0 0 0 0
276 4 0 0 0 0 0 0 0 0
277 4 0 0 0 0 0 0 0 0
278 4 1 1 0 0 0 0 0 0
279 4 0 0 0 0 0 0 0 0
280 4 0 0 0 0 0 0 0 0
281 4 0 0 0 0 0 0 0 0
282 4 0 0 0 0 0 0 0 0
283 4 0 0 0 0 0 0 0 0
284 4 0 0 0 0 0 0 0 0
285 4 0 0 0 0 0 0 0 0
299 7 1 1 7 0 0 0 0 0
300 7 0 0 0 0 0 0 0 0
301 7 0 0 0 0 0 7 1 0
302 7 0 0 0 0 0 0 0 0
306 7 0 0 7 0 0 0 0 0
307 7 0 0 7 0 0 0 0 0
309 8 0 0 0 0 0 0 0 0
310 8 0 0 0 0 0 0 0 0
311 8 0 0 0 0 0 0 0 0
313 8 0 0 0 0 0 0 0 0
314 8 0 0 0 0 0 0 0 0
316 7 6 1 0 0 0 0 0 0
317 7 0 0 0 0 0 7 0 0
318 7 0 0 7 0 0 0 0 0
320 7 0 0 0 0 0 0 0 0
321 7 0 0 0 0 0 0 0 0
322 7 0 0 0 0 0 0 0 0
323 7 0 0 0 0 0 0 0 0
324 7 0 0 0 0 0 0 0 0
326 7 0 0 0 0 0 0 0 0
327 7 0 0 0 0 0 0 0 0
329 7 0 0 0 0 0 0 0 0
330 7 0 0 0 0 0 7 3 0
331 7 0 0 7 0 0 0 0 0
333 7 0 0 0 0 0 0 0 0
334 7 0 0 0 0 0 0 0 0
335 7 0 0 0 0 0 0 0 0
336 7 0 0 0 0 0 0 0 0
337 7 5 1 0 0 0 0 0 0
339 7 0 0 0 0 0 0 0 0
340 7 0 0 0 0 0 0 0 0
342 6 0 0 0 0 0 0 0 0
343 6 0 0 0 0 0 6 0 0
344 6 0 0 6 0 0 0 0 0
346 6 0 0 0 0 0 0 0 0
347 6 0 0 0 0 0 0 0 0
348 6 0 0 0 0 0 0 0 0
349 6 0 0 0 0 0 0 0 0
351 6 0 0 0 0 0 0 0 0
352 6 0 0 0 0 0 0 0 0
354 1 0 0 0 0 0 0 0 0
355 1 0 0 0 0 0 1 1 0
356 1 0 0 0 0 0 0 0 0
357 1 1 1 0 0 0 0 0 0
359 1 0 0 0 0 0 0 0 0
360 1 0 0 0 0 0 0 0 0
361 1 0 0 0 0 0 0 0 0
362 1 0 0 0 0 0 0 0 0
363 1 0 0 0 0 0 0 0 0
365 2 0 0 1 0 0 0 0 0
369 1 0 0 1 0 0 0 0 0
370 1 0 0 1 0 0 0 0 0
371 1 0 0 0 0 0 0 0 0
372 1 0 0 1 0 0 0 0 0
373 1 0 0 0 0 0 0 0 0
374 1 0 0 1 0 0 0 0 0
375 1 0 0 0 0 0 0 0 0
376 1 0 0 0 0 0 0 0 0
377 1 1 1 0 0 0 0 0 0
378 1 0 0 0 0 0 0 0 0
379 1 0 0 0 0 0 0 0 0
380 1 0 0 0 0 0 0 0 0
381 1 0 0 0 0 0 0 0 0
382 1 0 0 0 0 0 0 0 0
383 1 0 0 0 0 0 0 0 0
384 1 0 0 0 0 0 0 0 0
398 7 6 0 7 0 0 0 0 0
399 7 0 0 0 0 0 0 0 0
400 7 0 0 0 0 0 7 0 0
401 7 0 0 0 0 0 0 0 0
405 5 5 1 5 0 0 0 0 0
406 5 0 0 5 0 0 0 0 0
408 7 0 0 0 0 0 0 0 0
409 7 0 0 0 0 0 0 0 0
410 7 0 0 0 0 0 0 0 0
412 7 0 0 0 0 0 0 0 0
413 7 0 0 0 0 0 0 0 0
415 5 4 1 0 0 0 0 0 0
416 5 0 0 0 0 0 5 0 0
417 5 0 0 5 0 0 0 0 0
419 5 0 0 0 0 0 0 0 0
420 5 0 0 0 0 0 0 0 0
421 5 0 0 0 0 0 0 0 0
422 5 0 0 0 0 0 0 0 0
423 5 0 0 0 0 0 0 0 0
425 5 0 0 0 0 0 0 0 0
426 5 0 0 0 0 0 0 0 0
428 4 0 0 0 0 0 0 0 0
429 4 0 0 0 0 0 4 2 0
430 4 0 0 4 0 0 0 0 0
432 4 0 0 0 0 0 0 0 0
433 4 0 0 0 0 0 0 0 0
434 4 0 0 0 0 0 0 0 0
435 4 0 0 0 0 0 0 0 0
436 4 3 1 0 0 0 0 0 0
438 4 0 0 0 0 0 0 0 0
439 4 0 0 0 0 0 0 0 0
441 4 0 0 0 0 0 0 0 0
442 4 0 0 0 0 0 4 0 0
443 4 0 0 4 0 0 0 0 0
445 4 0 0 0 0 0 0 0 0
446 4 0 0 0 0 0 0 0 0
447 4 0 0 0 0 0 0 0 0
448 4 0 0 0 0 0 0 0 0
450 4 0 0 0 0 0 0 0 0
451 4 0 0 0 0 0 0 0 0
453 2 0 0 0 0 0 0 0 0
454 2 0 0 0 0 0 2 0 0
455 2 0 0 0 0 0 0 0 0
456 2 2 1 0 0 0 0 0 0
458 2 0 0 0 0 0 0 0 0
459 2 0 0 0 0 0 0 0 0
460 2 0 0 0 0 0 0 0 0
461 2 0 0 0 0 0 0 0 0
462 2 0 0 0 0 0 0 0 0
464 4 0 0 2 0 0 0 0 0
468 12 0 0 12 0 0 0 0 0
469 12 0 0 12 0 0 0 0 0
470 12 0 0 0 0 0 0 0 0
471 12 0 0 12 0 0 0 0 0
472 12 0 0 0 0 0 0 0 0
473 12 0 0 12 0 0 0 0 0
474 12 0 0 0 0 0 0 0 0
475 12 0 0 0 0 0 0 0 0
476 12 2 1 0 0 0 0 0 0
477 12 0 0 0 0 0 0 0 0
478 12 0 0 0 0 0 0 0 0
479 12 0 0 0 0 0 0 0 0
480 12 0 0 0 0 0 0 0 0
481 12 0 0 0 0 0 0 0 0
482 12 0 0 0 0 0 0 0 0
483 12 0 0 0 0 0 0 0 0
484 10 0 0 0 0 0 0 0 0
485 10 0 0 0 0 0 0 0 0
486 10 0 0 0 0 0 0 0 0
487 10 0 0 0 0 0 0 0 0
488 10 0 0 0 0 0 10 8 0
489 10 0 0 0 0 0 10 0 0
490 10 0 0 0 0 0 10 0 0
491 10 0 0 0 0 0 10 0 0
492 10 0 0 0 0 0 0 0 0
493 10 0 0 0 0 0 0 0 0
496 5 0 0 5 0 0 0 0 0
497 5 0 0 0 0 0 0 0 0
498 5 0 0 0 0 0 5 1 0
499 5 0 0 0 0 0 0 0 0
503 40 7 1 0 0 0 0 0 0
504 40 0 0 0 0 0 0 0 0
506 40 0 0 0 0 0 0 0 0
507 40 0 0 0 0 0 0 0 0
508 23 0 0 0 0 0 0 0 0
509 23 0 0 0 0 0 0 0 0
511 17 0 0 17 0 0 0 0 0
512 17 0 0 0 0 0 17 1 0
513 17 0 0 0 0 0 0 0 0
514 17 0 0 17 0 0 0 0 0
518 17 4 0 0 0 0 0 0 0
519 17 0 0 0 0 0 0 0 0
521 3 0 0 3 0 0 0 0 0
522 3 0 0 0 0 0 3 2 0
523 3 0 0 3 0 0 0 0 0
524 3 0 0 0 0 0 3 0 0
525 3 0 0 0 0 0 0 0 0
526 3 0 0 3 0 0 0 0 0
530 6 2 1 6 0 0 0 0 0
531 6 0 0 0 0 0 6 0 0
532 6 0 0 0 0 0 0 0 0
533 6 0 0 6 0 0 0 0 0
544 14 4 1 14 0 0 0 0 0
545 14 0 0 0 0 0 14 1 0
546 14 0 0 14 0 0 0 0 0
547 14 0 0 0 0 0 14 0 0
548 14 0 0 0 0 0 0 0 0
549 14 0 0 14 0 0 0 0 0
fl=./wcsmbs/../sysdeps/x86_64/multiarch/wcscpy.c
fn=wcscpy
42 8 0 0 0 0 0 0 0 0
43 4 2 1 4 0 0 0 0 0
54 8 0 0 2 1 0 0 0 0
60 4 2 1 2 0 0 0 0 0
fl=./wcsmbs/../sysdeps/x86_64/multiarch/wcslen.c
fn=wcslen
29 4 2 1 2 0 0 0 0 0
fl=./wcsmbs/../sysdeps/x86_64/multiarch/wcsncpy.c
fn=wcsncpy
31 4 2 1 2 0 0 0 0 0
fl=./wcsmbs/../sysdeps/x86_64/multiarch/wcsnlen.c
fn=wcsnlen
30 2 1 1 1 0 0 0 0 0
fl=./wcsmbs/../sysdeps/x86_64/multiarch/wmemchr.c
fn=wmemchr
31 4 1 1 2 0 0 0 0 0
fl=./wcsmbs/../sysdeps/x86_64/multiarch/wmemcmp.c
fn=wmemcmp
29 3 2 2 1 0 0 0 0 0
fl=./wcsmbs/../sysdeps/x86_64/multiarch/wmemset.c
fn=wmemset
31 4 2 2 2 0 0 0 0 0
fl=./wcsmbs/../wcsmbs/wcsncpy.c
fn=__wcsncpy_generic
27 20 4 2 0 0 0 10 0 0
28 8 0 0 0 0 0 2 0 0
29 4 0 0 0 0 0 0 0 0
30 10 0 0 0 0 0 2 0 0
31 8 2 1 0 0 0 0 0 0
32 10 0 0 10 0 0 0 0 0
fl=./wcsmbs/./wcsmbs/mbsrtowcs.c
fn=mbsrtowcs
27 902 100 1 0 0 0 0 0 0
28 5412 103 1 1804 4 0 0 0 0
fl=./wcsmbs/./wcsmbs/mbsrtowcs_l.c
fn=__mbsrtowcs_l
41 13530 0 0 902 0 0 8118 44 0
51 902 0 0 0 0 0 902 6 0
52 902 0 0 0 0 0 902 0 0
53 902 0 0 0 0 0 902 44 0
56 902 101 1 902 53 0 0 0 0
59 902 0 0 902 65 0 0 0 0
60 902 0 0 902 0 0 0 0 0
61 1804 0 0 902 74 0 0 0 0
65 1804 101 1 902 0 0 0 0 0
69 2706 0 0 1804 0 0 902 2 0
70 2255 204 2 0 0 0 902 35 0
72 1353 0 0 902 0 0 451 0 0
73 902 0 0 0 0 0 451 0 0
75 902 0 0 0 0 0 0 0 0
76 3157 105 1 0 0 0 1353 0 0
79 458 0 0 0 0 0 458 0 0
81 5496 107 1 1374 0 0 1832 0 0
84 2290 0 0 458 0 0 0 0 0
86 1832 0 0 916 0 0 0 0 0
88 902 0 0 0 0 0 0 0 0
91 1354 101 2 451 0 0 1 0 0
104 1353 0 0 451 0 0 451 0 0
105 902 0 0 0 0 0 451 0 0
109 2706 103 1 0 0 0 902 0 0
113 1353 0 0 0 0 0 451 0 0
115 5412 100 1 902 0 0 1804 0 0
117 2706 0 0 902 0 0 0 0 0
120 1353 0 0 451 0 0 0 0 0
122 902 0 0 451 0 0 0 0 0
125 451 0 0 451 0 0 0 0 0
129 902 100 1 451 0 0 451 0 0
131 2706 0 0 451 0 0 0 0 0
135 902 0 0 0 0 0 0 0 0
136 1353 0 0 451 0 0 0 0 0
138 902 0 0 0 0 0 0 0 0
139 1804 0 0 902 0 0 0 0 0
140 902 0 0 451 0 0 451 0 0
141 902 103 1 0 0 0 0 0 0
160 10824 0 0 8118 0 0 0 0 0
fl=./wcsmbs/./wcsmbs/wcsmbsload.c
fn=__wcsmbs_load_conv
91 19 1 1 3 0 0 3 0 0
111 6 0 0 2 0 0 0 0 0
115 2 0 0 2 0 0 0 0 0
119 2 0 0 0 0 0 2 0 0
152 13 1 1 1 0 0 7 0 0
153 1 1 1 1 0 0 0 0 0
156 3 0 0 0 0 0 1 0 0
160 2 0 0 1 0 0 0 0 0
169 4 0 0 0 0 0 1 0 0
170 2 0 0 0 0 0 0 0 0
174 1 0 0 1 0 0 0 0 0
181 132 8 8 21 5 4 9 0 0
187 1 0 0 0 0 0 1 0 0
189 2 1 1 0 0 0 0 0 0
190 1 0 0 0 0 0 1 0 0
196 2 0 0 0 0 0 0 0 0
207 1 0 0 0 0 0 1 0 0
210 2 1 1 0 0 0 1 0 0
211 11 0 0 9 0 0 0 0 0
fl=./wcsmbs/./wcsmbs/wcsmbsload.h
fn=__mbsrtowcs_l
69 902 0 0 902 66 0 0 0 0
70 2706 102 1 902 53 0 0 0 0
71 1 0 0 0 0 0 1 0 0
72 3 0 0 2 0 0 0 0 0
fl=./wcsmbs/./wcsmbs/wcsrtombs.c
fn=wcsrtombs
38 116925 40 2 7795 0 0 54565 7 1
47 7795 0 0 0 0 0 7795 7 1
48 7795 0 0 0 0 0 7795 0 0
49 31180 24 1 0 0 0 7795 2 0
52 23385 0 0 23385 31 0 0 0 0
55 7795 0 0 7795 26 0 0 0 0
56 7795 0 0 7795 16 0 0 0 0
57 15590 0 0 7795 20 0 0 0 0
61 15590 0 0 0 0 0 0 0 0
65 31165 58 1 11690 0 0 7790 10 1
66 3895 0 0 0 0 0 3895 0 0
69 11685 0 0 7790 0 0 3895 0 0
70 7790 0 0 0 0 0 3895 0 0
73 35055 38 1 0 0 0 15580 0 0
77 3895 0 0 0 0 0 3895 0 0
79 42845 28 1 11685 0 0 15580 1 1
84 15580 0 0 3895 0 0 0 0 0
86 15580 0 0 7790 0 0 0 0 0
88 7790 0 0 0 0 0 0 0 0
91 7790 25 1 3895 0 0 0 0 0
93 7790 0 0 0 0 0 0 0 0
101 27300 23 1 3900 0 0 11700 0 0
104 3900 0 0 0 0 0 3900 0 0
105 7800 0 0 0 0 0 3900 0 0
107 46800 34 1 3900 0 0 15600 0 0
112 11700 0 0 3900 0 0 0 0 0
116 15600 0 0 7800 0 0 0 0 0
117 7800 1 1 3900 0 0 0 0 0
119 7800 4 1 0 0 0 0 0 0
120 15600 0 0 7800 0 0 0 0 0
121 3900 0 0 0 0 0 3900 0 0
122 7800 0 0 0 0 0 0 0 0
141 85745 29 0 70155 0 0 0 0 0
fl=./wcsmbs/./wcsmbs/wmemcpy.c
fn=wmemcpy
24 2 2 0 0 0 0 0 0 0
25 4 0 0 0 0 0 0 0 0
fl=./wcsmbs/./wcsmbsload.h
fn=wcsrtombs
69 7795 0 0 7795 26 0 0 0 0
70 23385 0 0 7795 13 0 0 0 0
fl=???
fn=(below main)
0 11 1 1 1 0 0 3 0 0
fn=???
0 1034161 80332 199 1012551 90368 52 219 5 2
fn=AttributeError_dealloc
0 5328 342 3 1800 11 0 1176 4 0
fn=AttributeError_init
0 9856 460 4 2112 36 0 1760 0 0
fn=BaseException_clear
0 30285 2226 3 10164 20 0 4407 0 0
fn=BaseException_dealloc
0 101219 3628 18 32268 143 1 16480 20 0
fn=BaseException_get_args
0 3515 502 0 1506 0 0 1 0 0
fn=BaseException_get_tb
0 16 1 1 6 0 0 2 0 0
fn=BaseException_init
0 30372 2161 4 6100 0 0 6036 0 0
fn=BaseException_new
0 41925 1255 2 7720 359 0 14905 1 0
fn=BaseException_traverse
0 152 4 4 40 2 0 20 0 0
fn=Dialect_clear
0 36 1 1 9 2 0 5 0 0
fn=Dialect_dealloc
0 60 1 1 18 1 0 21 0 0
fn=Dialect_traverse
0 624 4 3 144 0 0 120 0 0
fn=ImportError_clear
0 938 62 3 250 1 0 157 0 0
fn=ImportError_dealloc
0 527 31 1 217 0 0 155 1 0
fn=ImportError_init
0 2579 152 5 622 28 0 496 0 0
fn=InsertThousandsGrouping_fill.llvm.9504702192703139781
0 5154 16 9 1064 0 0 732 0 0
fn=InsertThousandsGrouping_fill.llvm.9504702192703139781.warm
0 72 5 5 12 0 0 7 0 0
fn=MarkupIterator_next
0 72109 82 12 8328 22 0 9131 48 0
fn=MarkupIterator_next.warm
0 871 23 3 0 0 0 0 0 0
fn=MemoryError_dealloc
0 448 2 2 192 0 0 128 0 0
fn=OPENSSL_cpuid_setup
0 80 6 6 8 1 1 15 2 2
fn=OPENSSL_cpuid_setup.cold
0 39 4 4 1 0 0 0 0 0
fn=OSError_clear
0 3453 132 2 866 0 0 629 0 0
fn=OSError_dealloc
0 1700 54 1 700 1 0 500 1 0
fn=OSError_init
0 1600 194 2 500 0 0 700 0 0
fn=OSError_new
0 9174 665 7 2160 136 0 2097 0 0
fn=PyArg_ParseTuple
0 19575 2102 3 3132 4 0 6264 246 2
fn=PyArg_ParseTupleAndKeywords
0 664107 24320 2 74235 101 0 148470 10271 0
fn=PyArg_ParseTupleAndKeywords.warm
0 8016 1001 1 2004 0 0 0 0 0
fn=PyArg_UnpackTuple
0 4123731 38793 4 866800 66 0 651722 16666 0
fn=PyArg_ValidateKeywordArguments
0 19 2 2 9 0 0 5 0 0
fn=PyByteArray_FromStringAndSize
0 13500 86 4 3450 0 0 3950 37 6
fn=PyByteArray_Resize
0 6726 348 4 1824 203 1 1254 49 4
fn=PyBytes_FromObject
0 5275 192 9 876 0 0 853 16 0
fn=PyBytes_FromObject.warm
0 4 1 1 2 0 0 1 0 0
fn=PyBytes_FromString
0 936 68 3 192 19 0 240 10 3
fn=PyBytes_FromStringAndSize
0 69815 3131 4 11242 376 6 13946 627 34
fn=PyCMethod_New
0 281125 9904 10 72893 2122 15 63236 892 294
fn=PyCMethod_New.warm
0 6 2 2 0 0 0 4 0 0
fn=PyCapsule_GetPointer
0 44 2 2 10 0 0 4 0 0
fn=PyCapsule_New
0 66 6 3 20 4 0 24 0 0
fn=PyCell_Set
0 23 2 2 6 0 0 4 0 0
fn=PyClassMethod_New
0 98 6 1 21 0 0 28 0 0
fn=PyCodec_LookupError
0 240 2 2 72 8 0 48 0 0
fn=PyCompile_OpcodeStackEffectWithJump
0 128724 719 5 29673 1693 32 16715 0 0
fn=PyConfig_Clear
0 954 75 35 640 35 8 314 0 0
fn=PyConfig_SetBytesArgv
0 28 2 2 6 1 0 10 0 0
fn=PyContextVar_New
0 21 1 1 4 0 0 6 0 0
fn=PyDescr_NewClassMethod
0 2278 42 3 539 0 0 649 0 0
fn=PyDescr_NewGetSet
0 34202 758 3 8041 0 0 10079 0 0
fn=PyDescr_NewMember
0 22752 144 3 5616 40 34 6372 0 0
fn=PyDescr_NewMethod
0 62188 105 4 14594 118 3 17332 0 0
fn=PyDescr_NewWrapper
0 64744 200 2 15420 0 0 20807 0 0
fn=PyDict_Clear
0 34985 36 6 13064 777 0 8980 1 0
fn=PyDict_Contains
0 595155 13413 16 144428 5184 2 57364 6 0
fn=PyDict_Contains.cold
0 2611 244 5 325 0 0 0 0 0
fn=PyDict_Contains.warm
0 1224 111 4 337 3 0 168 0 0
fn=PyDict_Copy
0 107419 3682 13 36881 1254 0 25675 374 0
fn=PyDict_Copy.warm
0 8 2 2 0 0 0 2 0 0
fn=PyDict_DelItem
0 37511 609 4 10900 0 0 7559 1 0
fn=PyDict_GetItem
0 21252 237 2 9108 83 0 4554 0 0
fn=PyDict_GetItemWithError
0 2644898 28691 35 777616 36202 74 299001 1390 2
fn=PyDict_Keys
0 134831 420 4 40156 2367 0 5453 6 0
fn=PyDict_MergeFromSeq2
0 8431 105 7 2266 0 0 939 0 0
fn=PyDict_New
0 18135 1164 3 5482 242 0 6281 220 0
fn=PyDict_SetDefault
0 3196687 14919 33 930526 59348 64 390996 3497 11
fn=PyDict_SetItem
0 9903682 110235 70 3036512 42687 393 1294552 15733 402
fn=PyDict_SetItem.warm
0 347 12 7 44 0 0 46 0 0
fn=PyDict_SetItemString
0 2288 18 2 704 0 0 616 1 0
fn=PyErr_CheckSignals
0 327555 16927 2 112950 2262 2 56475 18 0
fn=PyErr_Clear
0 39 3 1 15 0 0 6 0 0
fn=PyErr_Format
0 11178 573 6 1758 1 0 3468 401 0
fn=PyErr_GivenExceptionMatches
0 98905 3921 8 31082 1364 4 4812 0 0
fn=PyErr_GivenExceptionMatches.warm
0 2307 165 4 465 0 0 369 0 0
fn=PyErr_NewException
0 2774 71 8 502 26 0 585 2 0
fn=PyErr_NewExceptionWithDoc
0 88 6 6 20 0 0 22 0 0
fn=PyErr_SetFromErrnoWithFilenameObjects
0 8366 419 5 1484 0 0 1906 0 0
fn=PyEval_EvalCode
0 16171 1068 6 3191 726 12 3408 0 0
fn=PyEval_EvalCode.warm
0 2 1 0 1 1 0 0 0 0
fn=PyEval_RestoreThread
0 68 4 2 16 0 0 20 0 0
fn=PyEval_SaveThread
0 52 2 1 20 0 0 12 0 0
fn=PyFile_NewStdPrinter
0 32 3 2 12 2 0 9 0 0
fn=PyFile_OpenCodeObject
0 4096 256 2 896 135 0 768 0 0
fn=PyFile_WriteObject
0 116 4 4 24 1 0 23 0 0
fn=PyFloat_AsDouble
0 40059 515 2 13353 4 0 0 0 0
fn=PyFloat_FromDouble
0 106320 11 4 47251 22 0 23627 6 0
fn=PyFloat_FromString
0 347 18 3 72 0 0 89 0 0
fn=PyFloat_GetInfo
0 140 13 13 41 2 1 49 0 0
fn=PyFloat_Unpack8
0 1606 15 1 438 43 13 0 0 0
fn=PyGC_Collect
0 45 4 4 14 2 1 11 0 0
fn=PyImport_AddModuleObject
0 80 4 2 22 2 0 16 0 0
fn=PyImport_GetModule
0 69 5 5 18 0 0 17 0 0
fn=PyImport_Import
0 30437 1892 8 8050 406 0 6147 53 0
fn=PyImport_Import.warm
0 374 22 3 45 3 0 64 1 0
fn=PyImport_ImportFrozenModuleObject
0 97 7 6 20 2 0 18 0 0
fn=PyImport_ImportModule
0 200 17 2 50 7 0 50 0 0
fn=PyImport_ImportModuleLevelObject
0 205373 8542 25 44660 4931 8 25128 173 1
fn=PyImport_ImportModuleLevelObject.warm
0 8166 597 12 1318 99 1 987 2 0
fn=PyInit__abc
0 21 2 2 7 1 0 6 0 0
fn=PyInit__ast
0 2 1 1 0 0 0 0 0 0
fn=PyInit__bisect
0 2 1 0 0 0 0 0 0 0
fn=PyInit__bz2
0 2 1 0 0 0 0 0 0 0
fn=PyInit__codecs
0 21 2 2 7 1 1 6 0 0
fn=PyInit__collections
0 21 2 2 7 1 0 6 0 0
fn=PyInit__csv
0 2 1 1 0 0 0 0 0 0
fn=PyInit__datetime
0 14 2 2 2 0 0 3 0 0
fn=PyInit__decimal
0 670 31 25 112 29 9 128 21 7
fn=PyInit__decimal.warm
0 380 31 20 51 7 3 81 4 3
fn=PyInit__functools
0 21 2 2 7 2 1 6 0 0
fn=PyInit__heapq
0 2 1 0 0 0 0 0 0 0
fn=PyInit__imp
0 21 2 2 7 2 1 6 0 0
fn=PyInit__io
0 21 2 2 7 1 1 6 0 0
fn=PyInit__json
0 21 2 2 7 1 0 6 0 0
fn=PyInit__locale
0 21 2 2 7 2 2 6 0 0
fn=PyInit__lzma
0 2 1 0 0 0 0 0 0 0
fn=PyInit__opcode
0 2 1 1 0 0 0 0 0 0
fn=PyInit__operator
0 21 2 2 7 2 2 6 0 0
fn=PyInit__random
0 2 1 1 0 0 0 0 0 0
fn=PyInit__sha2
0 2 1 0 0 0 0 0 0 0
fn=PyInit__signal
0 21 2 2 7 2 1 6 0 0
fn=PyInit__socket
0 2 1 1 0 0 0 0 0 0
fn=PyInit__sre
0 21 2 2 7 1 0 6 0 0
fn=PyInit__stat
0 21 2 2 7 1 1 6 0 0
fn=PyInit__statistics
0 2 1 0 0 0 0 0 0 0
fn=PyInit__string
0 2 1 0 0 0 0 0 0 0
fn=PyInit__struct
0 2 1 0 0 0 0 0 0 0
fn=PyInit__thread
0 21 2 2 7 1 1 6 0 0
fn=PyInit__tokenize
0 2 1 1 0 0 0 0 0 0
fn=PyInit__typing
0 2 1 1 0 0 0 0 0 0
fn=PyInit__weakref
0 21 2 2 7 1 1 6 0 0
fn=PyInit_array
0 2 1 0 0 0 0 0 0 0
fn=PyInit_binascii
0 2 1 0 0 0 0 0 0 0
fn=PyInit_errno
0 21 2 1 7 1 1 6 0 0
fn=PyInit_itertools
0 21 2 2 7 1 1 6 0 0
fn=PyInit_math
0 2 1 1 0 0 0 0 0 0
fn=PyInit_posix
0 21 2 2 7 1 1 6 0 0
fn=PyInit_select
0 2 1 1 0 0 0 0 0 0
fn=PyInit_time
0 21 2 2 7 2 1 6 0 0
fn=PyInit_zlib
0 2 1 0 0 0 0 0 0 0
fn=PyInterpreterState_Delete
0 1674 10 10 561 518 121 15 0 0
fn=PyInterpreterState_Get
0 45 6 2 20 0 0 5 0 0
fn=PyInterpreterState_New
0 14429 11 11 14 4 1 12335 1548 1546
fn=PyList_Append
0 801407 24385 7 308104 735 24 205529 11024 156
fn=PyList_Insert
0 3 1 1 2 2 0 0 0 0
fn=PyList_New
0 46087 1697 4 13724 396 0 12021 187 0
fn=PyList_SetItem
0 68 3 1 32 0 0 8 0 0
fn=PyLong_AsDouble
0 1377150 55198 4 468688 10439 0 205430 829 0
fn=PyLong_AsDouble.cold
0 29672 19781 1 0 0 0 0 0 0
fn=PyLong_AsLong
0 226376 936 5 60948 233 0 17414 2 0
fn=PyLong_AsLong.warm
0 72 5 5 9 1 0 6 0 0
fn=PyLong_AsLongAndOverflow
0 9500 846 2 3000 0 0 2000 0 0
fn=PyLong_AsLongAndOverflow.cold
0 19000 846 2 1000 0 0 0 0 0
fn=PyLong_AsSsize_t
0 49664 3520 2 15520 589 0 0 0 0
fn=PyLong_AsUnsignedLong
0 42256 109 3 12421 420 0 224 0 0
fn=PyLong_FromDouble
0 40898 1028 11 12027 9 0 9711 7 0
fn=PyLong_FromLong
0 112222 2208 6 21966 65 0 19783 238 0
fn=PyLong_FromLongLong
0 93911 2063 5 14963 0 0 19775 162 1
fn=PyLong_FromSsize_t
0 324 13 4 57 1 0 62 0 0
fn=PyLong_FromString
0 266696 1742 33 38912 341 2 10021 47 0
fn=PyLong_FromString.warm
0 179 27 2 1 1 1 4 2 2
fn=PyLong_FromUnicodeObject
0 6994 66 2 1448 0 0 1547 2 0
fn=PyLong_FromUnsignedLongLong
0 39812 1293 4 8608 0 0 8608 178 0
fn=PyLong_GetInfo
0 47 4 4 13 0 0 18 0 0
fn=PyMapping_GetItemString
0 29 2 2 6 0 0 7 0 0
fn=PyMarshal_Init
0 21 2 2 7 1 1 6 0 0
fn=PyMarshal_ReadObjectFromString
0 53 4 4 15 1 0 18 0 0
fn=PyMem_Malloc
0 6 1 1 2 0 0 0 0 0
fn=PyMem_RawFree
0 9580 3 2 4790 8 0 0 0 0
fn=PyMem_RawMalloc
0 14346 4 1 4782 0 0 0 0 0
fn=PyMem_SetAllocator
0 27 2 2 8 0 0 8 0 0
fn=PyMember_GetOne
0 98123 2825 8 28709 1561 1 6504 29 0
fn=PyMember_GetOne.warm
0 399 133 1 266 0 0 0 0 0
fn=PyMember_SetOne
0 15650 269 5 5083 190 3 2691 0 0
fn=PyMember_SetOne.warm
0 18 2 1 3 0 0 3 1 0
fn=PyMemoryView_FromBuffer
0 550 32 6 165 0 0 209 6 1
fn=PyMemoryView_FromObjectAndFlags.llvm.10799086579308954786
0 7440 480 4 1920 120 0 1680 0 0
fn=PyMethod_New
0 1816 108 6 529 5 0 482 3 0
fn=PyMethod_New.cold
0 46 18 1 0 0 0 0 0 0
fn=PyModuleDef_Init
0 520 40 2 160 23 20 160 0 0
fn=PyModule_AddIntConstant
0 10572 11 0 2460 3 0 2540 0 0
fn=PyModule_AddObject
0 195 9 1 45 0 0 45 0 0
fn=PyModule_AddObjectRef
0 35000 206 2 11000 40 0 7000 0 0
fn=PyModule_AddStringConstant
0 96 6 2 20 0 0 24 0 0
fn=PyModule_AddType
0 923 47 3 228 15 10 160 0 0
fn=PyModule_Create2
0 36 2 1 10 1 0 6 1 0
fn=PyModule_ExecDef
0 2494 191 4 794 102 0 370 0 0
fn=PyModule_FromDefAndSpec2
0 5207 320 8 1065 176 84 698 0 0
fn=PyModule_FromDefAndSpec2.cold
0 80 40 1 0 0 0 0 0 0
fn=PyModule_GetDef
0 14 4 0 8 0 0 2 0 0
fn=PyModule_GetDict
0 7 1 1 4 0 0 1 0 0
fn=PyModule_GetFilenameObject
0 38 3 3 10 1 0 7 0 0
fn=PyModule_GetNameObject
0 1052 92 2 423 0 0 103 0 0
fn=PyModule_GetState
0 245 18 3 140 3 0 35 0 0
fn=PyModule_NewObject
0 3012 201 5 739 0 0 957 13 0
fn=PyNumber_Add
0 304863 14277 10 84830 5303 4 34029 0 0
fn=PyNumber_Add.warm
0 2004 503 1 0 0 0 0 0 0
fn=PyNumber_And
0 84965 1001 2 22689 339 0 15033 0 0
fn=PyNumber_And.warm
0 2646 224 3 574 312 0 93 0 0
fn=PyNumber_AsOff_t
0 2600 130 1 650 0 0 650 0 0
fn=PyNumber_AsSsize_t
0 175260 2368 3 52664 364 0 21798 4 0
fn=PyNumber_FloorDivide
0 206 9 2 54 6 1 36 0 0
fn=PyNumber_InPlaceAdd
0 141256 10065 1 39656 0 0 40640 0 0
fn=PyNumber_InPlaceAdd.warm
0 4332 263 2 1854 210 0 0 0 0
fn=PyNumber_InPlaceAnd
0 264 9 1 0 0 0 0 0 0
fn=PyNumber_InPlaceLshift
0 3362 60 2 984 38 0 492 0 0
fn=PyNumber_InPlaceOr
0 640 124 1 0 0 0 0 0 0
fn=PyNumber_InPlaceSubtract
0 16 4 0 0 0 0 0 0 0
fn=PyNumber_InPlaceXor
0 36 4 0 0 0 0 0 0 0
fn=PyNumber_Index
0 13150 407 4 4374 13 0 2215 0 0
fn=PyNumber_Lshift
0 102 6 2 27 3 0 18 0 0
fn=PyNumber_Multiply
0 2283788 57256 9 525367 46043 1 233231 0 0
fn=PyNumber_Or
0 8170 231 3 2156 47 2 1428 0 0
fn=PyNumber_Or.warm
0 10 2 1 1 1 0 1 0 0
fn=PyNumber_Remainder
0 16983 96 3 4330 55 0 1842 0 0
fn=PyNumber_Rshift
0 884 52 2 234 2 0 156 0 0
fn=PyNumber_Subtract
0 210 40 1 0 0 0 0 0 0
fn=PyNumber_ToBase
0 6400 2 2 1536 0 0 1536 1 0
fn=PyNumber_TrueDivide
0 3102409 42811 4 812676 16945 4 490932 0 0
fn=PyNumber_TrueDivide.warm
0 98940 9893 1 9894 3 0 9894 0 0
fn=PyNumber_Xor
0 102 34 0 0 0 0 0 0 0
fn=PyOS_FSPath
0 12640 138 0 5914 5 0 3348 3 0
fn=PyOS_FSPath.warm
0 25 3 2 5 1 0 4 0 0
fn=PyOS_double_to_string
0 95182 7662 36 17591 1009 3 16448 6 0
fn=PyOS_setsig
0 17 1 1 3 0 0 5 0 0
fn=PyOS_snprintf
0 58 3 3 6 0 0 20 0 0
fn=PyOS_string_to_double
0 609 29 6 151 10 0 103 4 0
fn=PyOS_string_to_double.warm
0 16 12 2 0 0 0 0 0 0
fn=PyObject_Bytes
0 4706 134 1 1532 0 0 766 0 0
fn=PyObject_Call
0 34566 2025 3 13000 914 0 6117 2 0
fn=PyObject_CallFunction
0 7634 581 2 694 152 0 2776 62 0
fn=PyObject_CallFunctionObjArgs
0 6358 271 2 578 38 0 2601 27 0
fn=PyObject_CallMethod
0 3625 205 5 722 51 0 829 1 0
fn=PyObject_CallMethodObjArgs
0 10481 865 3 1784 288 5 2899 2 0
fn=PyObject_CallOneArg
0 170793 8108 15 61654 2297 14 38095 160 0
fn=PyObject_CallOneArg.warm
0 1275 124 5 275 1 0 175 0 0
fn=PyObject_ClearWeakRefs
0 26843 30 10 11191 575 2 5987 0 0
fn=PyObject_DelItem
0 360 4 1 96 0 0 24 0 0
fn=PyObject_Dir
0 142 8 4 38 9 0 22 0 0
fn=PyObject_Free
0 1202630 49 0 481052 4 0 0 0 0
fn=PyObject_GC_Del
0 1079948 38175 5 367296 1840 10 34942 0 0
fn=PyObject_GC_Track
0 7500 1000 2 3500 0 0 2000 0 0
fn=PyObject_GC_UnTrack
0 39 1 1 15 5 0 9 3 0
fn=PyObject_GenericGetAttr
0 100789507 157823 42 33744288 1559731 254 11355180 2268 13
fn=PyObject_GenericGetAttr.warm
0 6202 240 14 1538 91 0 574 0 0
fn=PyObject_GenericGetDict
0 7672 391 5 2479 17 0 1568 16 0
fn=PyObject_GenericSetAttr
0 32223527 62360 41 10284093 165487 77 3467159 11016 33
fn=PyObject_GenericSetAttr.warm
0 1639 73 1 298 0 0 447 0 0
fn=PyObject_GetAttr
0 97656 2378 8 37206 713 9 18564 7 0
fn=PyObject_GetAttr.warm
0 345 22 1 23 0 0 46 0 0
fn=PyObject_GetAttrString
0 910 24 3 210 11 0 210 0 0
fn=PyObject_GetItem
0 34688 476 2 9750 264 0 4875 0 0
fn=PyObject_GetIter
0 198240 21495 2 74340 6282 4 24780 0 0
fn=PyObject_Hash
0 99 5 1 36 4 0 27 0 0
fn=PyObject_IS_GC
0 5 0 0 3 0 0 0 0 0
fn=PyObject_IsTrue
0 62 4 1 11 0 0 0 0 0
fn=PyObject_LengthHint
0 28669 1810 7 8969 997 9 4976 24 0
fn=PyObject_Repr
0 25264 185 4 8676 63 2 3374 2 0
fn=PyObject_RichCompare
0 2144838 22036 4 648691 0 0 349293 0 0
fn=PyObject_RichCompareBool
0 2992340 33736 15 802302 7381 0 376158 219 0
fn=PyObject_SelfIter
0 13110 438 0 4370 0 0 2185 0 0
fn=PyObject_SetAttr
0 135455 2151 8 47490 1107 2 27579 16 0
fn=PyObject_SetAttr.warm
0 66 6 2 18 0 0 12 0 0
fn=PyObject_SetAttrString
0 102 2 2 30 0 0 21 0 0
fn=PyObject_SetItem
0 8760 112 2 2190 74 3 1314 0 0
fn=PyObject_Str
0 390007 17038 3 111150 569 0 67135 16 0
fn=PyObject_Type
0 7 2 2 3 1 0 0 0 0
fn=PyObject_Vectorcall
0 3878 174 7 1593 168 2 852 3 0
fn=PyObject_VectorcallDict
0 18 3 1 3 0 0 0 0 0
fn=PyObject_VectorcallMethod
0 42 4 3 10 0 0 9 0 0
fn=PyRun_StringFlags
0 6072 437 4 1686 408 0 1262 0 0
fn=PySeqIter_New
0 280 24 3 96 0 0 72 0 0
fn=PySequence_Concat
0 666 29 1 185 59 0 111 0 0
fn=PySequence_DelItem
0 2223 186 2 702 197 0 351 0 0
fn=PySequence_Fast
0 60292 863 2 10002 9 0 6619 0 0
fn=PySequence_Fast.warm
0 9030 429 11 2517 262 1 1889 31 0
fn=PySequence_List
0 6114 512 4 1858 136 0 1594 66 0
fn=PySequence_Tuple
0 33436 1774 6 10468 165 0 9412 2 0
fn=PySet_Add
0 90895 1036 14 21334 149 0 12217 2 0
fn=PySet_Add.warm
0 8 1 1 2 0 0 0 0 0
fn=PySet_Clear
0 3244 125 5 708 37 0 756 4 0
fn=PySet_Contains
0 102146 397 7 27996 43 0 12054 0 0
fn=PySet_Discard
0 19601 77 2 6125 1 0 2452 0 0
fn=PySet_Discard.warm
0 60 2 1 5 2 0 5 0 0
fn=PySlice_New
0 663 31 3 221 5 0 182 3 0
fn=PySlice_Unpack
0 175466 4566 14 53857 935 0 20387 46 0
fn=PyStructSequence_New
0 29888 1446 3 4784 565 0 5980 0 0
fn=PyStructSequence_New.warm
0 84 10 2 36 2 0 0 0 0
fn=PySymtable_Lookup
0 12537 441 5 2985 43 0 2786 11 0
fn=PySys_Audit
0 24477 1881 4 7164 1092 0 7761 85 0
fn=PyThreadState_Clear
0 57 4 3 22 2 2 5 0 0
fn=PyThread_GetInfo
0 44 3 3 4 0 0 10 0 0
fn=PyThread_acquire_lock_timed
0 76723 2248 12 9921 0 0 9921 156 0
fn=PyThread_allocate_lock
0 9216 640 2 2560 6 1 1536 0 0
fn=PyThread_allocate_lock.warm
0 13 2 2 1 1 1 5 0 0
fn=PyTuple_GetSlice
0 6464 405 6 1975 37 0 1182 0 0
fn=PyTuple_New
0 1183963 12842 13 331147 10449 2 233132 3000 1568
fn=PyTuple_Pack
0 206120 6266 25 57099 3524 151 56822 294 2
fn=PyType_FromModuleAndSpec
0 24 3 0 0 0 0 0 0 0
fn=PyType_GenericAlloc
0 3362393 107847 14 1028214 7870 23 691919 961 57
fn=PyType_GenericAlloc.warm
0 45 15 1 0 0 0 30 0 0
fn=PyType_GenericNew
0 2199 46 0 733 94 0 0 0 0
fn=PyType_GetModuleByDef
0 8048 1006 2 4024 2493 0 503 0 0
fn=PyType_GetSlot
0 24 1 1 8 2 0 0 0 0
fn=PyType_IsSubtype
0 76 4 1 20 4 0 0 0 0
fn=PyType_Modified
0 36393 2502 10 12366 1783 99 5578 384 67
fn=PyUnicode_Append
0 5608 340 8 1070 7 0 489 0 0
fn=PyUnicode_AsEncodedString
0 12834 223 13 2228 215 0 958 1 0
fn=PyUnicode_AsEncodedString.warm
0 18 2 1 8 0 0 0 0 0
fn=PyUnicode_AsUTF8AndSize
0 95284 2765 6 28684 751 2 16896 102 0
fn=PyUnicode_AsUTF8AndSize.warm
0 71 7 7 12 1 0 9 0 0
fn=PyUnicode_AsWideCharString
0 25802 211 6 8446 50 0 7816 219 45
fn=PyUnicode_Compare
0 7320 480 4 1320 133 0 480 0 0
fn=PyUnicode_Concat
0 469490 6348 21 76902 527 3 59099 483 28
fn=PyUnicode_Contains
0 219722 860 5 45823 378 0 11059 0 0
fn=PyUnicode_Contains.warm
0 23 4 3 0 0 0 1 0 0
fn=PyUnicode_Decode
0 3755 112 11 655 68 0 347 3 0
fn=PyUnicode_DecodeASCII
0 4276 15 11 590 0 0 588 0 0
fn=PyUnicode_DecodeFSDefault
0 7 1 1 1 0 0 2 0 0
fn=PyUnicode_DecodeFSDefaultAndSize
0 109218 179 7 19855 3 1 13676 116 16
fn=PyUnicode_DecodeUTF8
0 812627 1359 8 135819 27 14 158465 1496 33
fn=PyUnicode_DecodeUTF8.warm
0 22590 116 21 1519 118 3 3458 154 0
fn=PyUnicode_DecodeUTF8Stateful
0 136371 2516 18 20235 12 2 22015 515 23
fn=PyUnicode_DecodeUTF8Stateful.cold
0 2 1 1 0 0 0 0 0 0
fn=PyUnicode_DecodeUTF8Stateful.warm
0 22329 23 23 863 95 29 4514 161 160
fn=PyUnicode_FSConverter
0 6175 396 4 1834 2 0 1313 5 0
fn=PyUnicode_FSDecoder
0 581 21 3 112 7 0 35 0 0
fn=PyUnicode_FindChar
0 2320 50 5 370 0 0 214 0 0
fn=PyUnicode_Format
0 95757 840 43 17915 108 3 13974 1 0
fn=PyUnicode_Format.warm
0 935 7 7 141 4 0 171 0 0
fn=PyUnicode_FromEncodedObject
0 69 0 0 18 1 0 9 0 0
fn=PyUnicode_FromFormat
0 1080 109 2 60 0 0 540 4 0
fn=PyUnicode_FromFormatV
0 164844 3233 35 24710 636 8 8877 623 0
fn=PyUnicode_FromFormatV.cold
0 448 203 2 0 0 0 0 0 0
fn=PyUnicode_FromKindAndData
0 1952 3 1 0 0 0 890 0 0
fn=PyUnicode_FromKindAndData.warm
0 2063 8 6 922 0 0 26 1 1
fn=PyUnicode_FromOrdinal
0 17 1 1 4 0 0 3 0 0
fn=PyUnicode_FromString
0 1402874 13620 21 197130 127 0 207168 3672 652
fn=PyUnicode_FromString.warm
0 300 11 11 38 0 0 30 0 0
fn=PyUnicode_FromWideChar
0 121728 708 7 21646 0 0 11960 6 5
fn=PyUnicode_FromWideChar.warm
0 96 2 1 40 0 0 0 0 0
fn=PyUnicode_GetLength
0 30 3 1 24 0 0 0 0 0
fn=PyUnicode_InternFromString
0 1272 8 1 530 0 0 424 0 0
fn=PyUnicode_New
0 164010 2969 12 30040 7 0 38228 1837 176
fn=PyUnicode_Partition
0 9860 464 10 2686 17 0 1296 0 0
fn=PyUnicode_READ_CHAR
0 108 6 2 18 2 0 0 0 0
fn=PyUnicode_RPartition
0 129606 4514 8 27861 756 0 14103 12 0
fn=PyUnicode_RichCompare
0 299986 1452 10 82707 2181 4 25417 2 0
fn=PyUnicode_Splitlines
0 7502 64 8 1542 31 3 164 5 0
fn=PyUnicode_Substring
0 203947 3130 7 41850 34 0 35470 320 10
fn=PyWeakref_NewRef
0 112984 3309 15 25288 977 132 22995 191 16
fn=Py_BuildValue
0 12841 383 5 1981 362 11 1853 0 0
fn=Py_CompileStringObject
0 658 35 5 140 9 0 140 0 0
fn=Py_DecodeLocale
0 608 10 2 156 4 0 108 0 0
fn=Py_FinalizeEx
0 101 12 10 28 8 5 39 4 1
fn=Py_GenericAlias
0 286 18 3 73 3 0 66 0 0
fn=Py_InitializeFromConfig
0 230 22 19 42 7 2 71 5 1
fn=Py_RunMain
0 138 14 13 42 10 4 31 3 2
fn=Py_XDECREF
0 9 3 1 3 0 0 0 0 0
fn=StopIteration_dealloc
0 13581 1005 1 4527 3 0 3018 0 0
fn=StopIteration_init
0 15593 1005 2 5030 0 0 2515 0 0
fn=StopIteration_traverse
0 40 1 1 8 1 0 8 0 0
fn=Struct___init__
0 6006 18 18 959 16 1 214 13 0
fn=_PyAST_Fini
0 2266 201 201 551 266 69 432 1 0
fn=_PyAST_FunctionDef
0 4802 144 3 1822 0 0 1826 110 13
fn=_PyAST_FunctionDef.warm
0 62 6 3 8 0 0 16 1 1
fn=_PyAST_Optimize
0 2868 157 2 902 0 0 656 0 0
fn=_PyArena_AddPyObject
0 37579 403 7 11671 16 0 6268 141 17
fn=_PyArena_New
0 4756 335 4 1394 15 0 1640 28 1
fn=_PyArg_ParseTupleAndKeywords_SizeT
0 5713 436 3 683 10 0 1242 39 0
fn=_PyArg_ParseTuple_SizeT
0 109450 994 4 17512 118 0 35024 321 2
fn=_PyArg_UnpackKeywords
0 7248 419 22 1535 45 5 911 2 0
fn=_PyArg_UnpackKeywordsWithVararg
0 2079 86 22 416 7 1 324 1 0
fn=_PyArg_UnpackKeywordsWithVararg.warm
0 1051 24 5 183 0 0 87 0 0
fn=_PyArg_UnpackStack
0 20230 731 6 2890 0 0 3468 52 0
fn=_PyArg_UnpackStack.warm
0 4088 287 1 1168 0 0 584 0 0
fn=_PyArgv_AsWstrList
0 292 3 3 88 3 0 80 1 0
fn=_PyAssemble_MakeCodeObject
0 680752 9277 78 143013 618 0 52245 417 24
fn=_PyAssemble_MakeCodeObject.warm
0 36 6 2 0 0 0 3 0 0
fn=_PyBuiltin_Init
0 640 44 43 169 1 0 134 1 0
fn=_PyBuiltins_AddExceptions
0 1522 7 6 479 21 0 280 2 0
fn=_PyBytesWriter_Finish
0 1286 98 8 244 11 0 236 1 0
fn=_PyBytesWriter_Finish.warm
0 28 4 4 8 0 0 6 0 0
fn=_PyBytesWriter_Resize
0 156 12 8 45 3 1 42 3 0
fn=_PyBytes_Resize
0 47732 1002 7 14336 225 0 10670 112 4
fn=_PyCfgBuilder_UseLabel
0 6636 261 2 1979 0 0 1679 0 0
fn=_PyCfg_OptimizeCodeUnit
0 971076 15152 127 217171 307 4 51106 118 0
fn=_PyCfg_ResolveJumps
0 193488 1588 11 35737 228 2 5494 0 0
fn=_PyCfg_Stackdepth
0 138963 1270 10 35495 0 0 13076 0 0
fn=_PyCode_ConstantKey
0 117036 759 6 16504 255 0 14432 0 0
fn=_PyCode_ConstantKey.warm
0 12020 168 13 1532 163 0 712 0 0
fn=_PyCode_GetVarnames
0 914 24 6 282 63 0 86 1 0
fn=_PyCode_New
0 7322002 5684 20 1160390 5129 0 303199 12485 7587
fn=_PyCode_New.warm
0 2347 93 1 0 0 0 12 0 0
fn=_PyCode_Validate
0 563718 2362 9 199820 1105 0 4633 0 0
fn=_PyCodecInfo_GetIncrementalDecoder
0 129 9 6 24 3 1 24 0 0
fn=_PyCodecInfo_GetIncrementalEncoder
0 86 6 2 16 0 0 16 0 0
fn=_PyCodecRegistry_Init.llvm.3917056810285595903
0 478 13 12 134 2 0 84 2 0
fn=_PyCodec_DecodeInternal.llvm.3917056810285595903
0 568 32 4 152 8 0 120 0 0
fn=_PyCodec_Lookup
0 3072 92 12 594 48 1 334 0 0
fn=_PyCodec_Lookup.warm
0 110 10 5 40 7 0 7 0 0
fn=_PyCodec_LookupTextEncoding
0 494 40 6 104 0 0 91 0 0
fn=_PyCompile_ConstCacheMergeOne
0 45071 394 3 9709 20 0 9938 0 0
fn=_PyCompile_EnsureArrayLargeEnough
0 1273 42 1 536 0 0 402 0 0
fn=_PyConfig_AsDict
0 1236 82 82 238 7 0 191 1 0
fn=_PyConfig_Copy
0 939 66 42 270 7 0 228 4 0
fn=_PyConfig_FromDict
0 562 39 39 51 0 0 70 1 0
fn=_PyConfig_InitPathConfig
0 1189 41 37 240 11 0 184 4 0
fn=_PyConfig_Read
0 821 67 67 280 6 6 158 0 0
fn=_PyConfig_Read.cold
0 4 2 2 0 0 0 0 0 0
fn=_PyConfig_Write
0 153 11 11 37 0 0 42 1 1
fn=_PyContext_Init
0 51 4 4 17 3 0 9 1 0
fn=_PyDictKeys_StringLookup
0 256789 2780 14 70434 6027 24 27942 23 0
fn=_PyDictKeys_StringLookup.warm
0 76 3 3 14 0 0 8 0 0
fn=_PyDictView_New
0 248 8 2 80 0 0 64 0 0
fn=_PyDict_DelItemIf
0 17415 1075 5 4300 1 0 2795 0 0
fn=_PyDict_DelItem_KnownHash
0 115996 2233 5 35324 438 0 25252 11 0
fn=_PyDict_DelItem_KnownHash.warm
0 432 8 2 48 0 0 72 0 0
fn=_PyDict_Fini
0 14850 12 3 5620 776 34 1605 0 0
fn=_PyDict_FromItems
0 112549 7058 5 26842 3352 1 21166 1104 0
fn=_PyDict_FromItems.warm
0 1840 118 14 300 8 0 520 14 0
fn=_PyDict_FromKeys
0 11812 436 6 3196 78 0 1766 0 0
fn=_PyDict_GetItem_KnownHash
0 1365951 7327 19 378885 24788 210 165966 608 3
fn=_PyDict_GetItem_KnownHash.warm
0 4453 271 7 789 132 0 200 3 0
fn=_PyDict_Pop_KnownHash
0 15030 919 4 3984 47 0 2981 0 0
fn=_PyDict_SetItem_KnownHash
0 2980 128 2 1043 21 0 149 0 0
fn=_PyDict_SetItem_KnownHash.cold
0 102 43 1 0 0 0 51 0 0
fn=_PyDict_SetItem_Take2
0 259474 750 52 74479 547 1 31252 70 9
fn=_PyDict_SetItem_Take2.warm
0 3 2 2 1 0 0 0 0 0
fn=_PyErr_ChainStackItem
0 775 50 4 310 0 0 217 0 0
fn=_PyErr_Clear
0 364 17 1 112 1 1 56 0 0
fn=_PyErr_SetImportErrorSubclassWithNameFrom.llvm.13280232741218167654
0 144 10 10 37 3 0 33 1 0
fn=_PyErr_SetObject
0 215370 10140 17 55418 3967 4 22454 18 1
fn=_PyEvalFramePushAndInit.llvm.14798314073197351364
0 107370 3738 21 27907 1307 3 16207 212 3
fn=_PyEval_EvalFrameDefault
0 540676892 3956852 1386 161954127 6714505 6800 74982367 436515 22288
fn=_PyEval_EvalFrameDefault.cold
0 62918 7301 8 23075 1 0 19491 4 0
fn=_PyEval_EvalFrameDefault.warm
0 1141727 73684 262 486399 4123 7 260703 27 2
fn=_PyEval_GetFrameLocals
0 108 12 2 48 0 0 6 0 0
fn=_PyEval_SliceIndex
0 21123 481 3 6633 30 0 2856 35 0
fn=_PyEval_Vector
0 76919 3467 6 19299 976 0 16229 467 2
fn=_PyEval_Vector.warm
0 34 3 3 7 1 0 8 1 1
fn=_PyExc_InitGlobalObjects
0 287 16 16 84 0 0 67 1 0
fn=_PyExc_InitState
0 205 17 17 65 3 3 33 0 0
fn=_PyFaulthandler_Fini
0 19 3 3 8 1 1 4 0 0
fn=_PyFaulthandler_Init
0 21 3 3 3 0 0 12 2 2
fn=_PyFloat_FormatAdvancedWriter
0 17886 1507 6 2168 0 0 2710 221 0
fn=_PyFrame_ClearExceptCode
0 22596862 45459 24 6652835 115676 26 1955813 668 0
fn=_PyFrame_ClearExceptCode.warm
0 24 4 1 8 1 0 4 0 0
fn=_PyFrame_GetLocals
0 3334 158 11 1044 70 0 454 8 0
fn=_PyFrame_LocalsToFast
0 498 40 2 240 23 0 158 0 0
fn=_PyFrame_LocalsToFast.warm
0 72 4 2 22 2 0 2 0 0
fn=_PyFrame_New_NoTrack
0 1178 114 7 323 2 0 266 10 2
fn=_PyFunction_FromConstructor
0 18420 1278 6 5326 379 1 5639 259 24
fn=_PyFunction_FromConstructor.warm
0 20 4 1 0 0 0 10 0 0
fn=_PyFunction_Vectorcall
0 6678448 178081 29 1593900 99375 42 1110954 2928 26
fn=_PyFunction_Vectorcall.warm
0 21778 2708 4 6295 283 0 6802 276 0
fn=_PyFuture_FromAST
0 2412 164 2 866 8 0 542 0 0
fn=_PyGC_DumpShutdownStats
0 18 2 2 7 2 0 3 0 0
fn=_PyGC_Fini
0 60 5 5 22 6 1 15 2 0
fn=_PyGC_Init
0 68 5 5 18 4 1 21 1 1
fn=_PyGen_Finalize
0 152046 11233 4 43536 26 3 21768 1 0
fn=_PyGen_Finalize.cold
0 66 28 3 0 0 0 0 0 0
fn=_PyGen_Finalize.warm
0 6 2 1 2 0 0 0 0 0
fn=_PyIOBase_check_readable
0 6681 393 3 1179 0 0 1048 0 0
fn=_PyIOBase_check_writable
0 102 8 4 18 0 0 16 0 0
fn=_PyIO_find_line_ending
0 32875 7 7 8089 366 0 1384 0 0
fn=_PyImport_AcquireLock
0 32352 513 1 8088 585 0 8088 56 0
fn=_PyImport_AcquireLock.warm
0 5 1 1 0 0 0 2 0 0
fn=_PyImport_ClearCore
0 61 2 2 19 5 0 10 0 0
fn=_PyImport_ClearModulesByIndex
0 1286 4 4 384 23 4 10 0 0
fn=_PyImport_Fini
0 231 7 7 79 11 8 32 0 0
fn=_PyImport_Fini2
0 31 4 4 12 1 1 14 1 0
fn=_PyImport_FiniCore
0 32 3 3 7 3 1 8 0 0
fn=_PyImport_FixupBuiltin
0 84 4 2 16 0 0 16 0 0
fn=_PyImport_FixupExtensionObject
0 60 4 2 10 0 0 14 0 0
fn=_PyImport_GetBuiltinModuleNames
0 1938 3 3 214 27 0 310 0 0
fn=_PyImport_GetModuleAttrString
0 6283 394 3 1177 113 0 1440 0 0
fn=_PyImport_Init
0 371 6 6 120 28 27 23 0 0
fn=_PyImport_InitCore
0 173 13 10 35 2 0 35 2 0
fn=_PyImport_InitExternal
0 67 6 4 14 3 0 13 2 0
fn=_PyIncrementalNewlineDecoder_decode
0 393 34 19 84 2 0 52 2 0
fn=_PyIncrementalNewlineDecoder_decode.cold
0 196 4 2 46 0 0 0 0 0
fn=_PyLong_Add
0 201685 4537 19 35514 4 0 26167 178 2
fn=_PyLong_AsByteArray
0 178 12 12 18 0 0 20 0 0
fn=_PyLong_AsInt
0 7343 620 3 1802 10 0 905 0 0
fn=_PyLong_Format
0 48950 23 10 5466 4 0 5438 6 0
fn=_PyLong_Format.warm
0 10 2 1 0 0 0 2 0 0
fn=_PyLong_FormatAdvancedWriter
0 5216 13 11 1120 3 0 928 0 0
fn=_PyLong_FormatAdvancedWriter.warm
0 192 2 2 64 0 0 0 0 0
fn=_PyLong_Frexp
0 3619984 83979 9 623112 42498 1 385736 139 0
fn=_PyLong_FromByteArray
0 59275 1572 11 6503 0 0 4866 2 0
fn=_PyLong_FromBytes
0 4600 20 1 1000 0 0 1000 0 0
fn=_PyLong_FromSTwoDigits.llvm.16785204152912487848
0 2119 200 6 458 0 0 380 3 0
fn=_PyLong_New
0 47154 1176 3 9756 4 0 9756 78 0
fn=_PyLong_Subtract
0 1372 80 9 374 0 0 230 0 0
fn=_PyMem_ArenaAlloc
0 196 14 1 28 0 0 28 0 0
fn=_PyMem_ArenaFree
0 18 2 1 0 0 0 0 0 0
fn=_PyMem_RawCalloc
0 8274 2 1 0 0 0 0 0 0
fn=_PyMem_RawFree
0 21284 495 2 0 0 0 0 0 0
fn=_PyMem_RawMalloc
0 37408 2588 3 0 0 0 0 0 0
fn=_PyMem_RawRealloc
0 26890 3421 2 0 0 0 0 0 0
fn=_PyMem_RawWcsdup
0 42 4 2 8 0 0 10 0 0
fn=_PyMem_SetDefaultAllocator
0 36 3 3 8 0 0 13 1 0
fn=_PyModuleSpec_IsInitializing
0 29 2 2 4 0 0 2 0 0
fn=_PyModule_Add
0 78 2 1 18 0 0 18 0 0
fn=_PyModule_ClearDict
0 348855 11 11 82778 5490 682 3312 2 0
fn=_PyModule_CreateInitialized
0 479 28 6 99 17 11 97 0 0
fn=_PyModule_CreateInitialized.cold
0 10 4 1 0 0 0 0 0 0
fn=_PyNamespace_New
0 137 12 4 34 3 0 41 0 0
fn=_PyNumber_Index
0 31361 1676 2 10365 149 0 266 0 0
fn=_PyNumber_PowerNoMod
0 62150 2100 3 15280 364 0 6168 0 0
fn=_PyODict_SetItem_KnownHash
0 4480 16 4 1232 0 0 1320 11 0
fn=_PyOS_GetOpt
0 222 5 5 51 1 1 48 0 0
fn=_PyObjectDict_SetItem
0 20421 1061 3 7565 302 0 3790 0 0
fn=_PyObject_Call
0 72 6 6 27 3 1 15 0 0
fn=_PyObject_CallFunctionVa.llvm.18397689215175225355
0 99056 2176 13 21097 1989 10 14649 83 0
fn=_PyObject_CallFunctionVa.llvm.18397689215175225355.warm
0 426 89 2 265 0 0 134 0 0
fn=_PyObject_CallFunction_SizeT
0 8756 271 2 796 17 0 3184 2 0
fn=_PyObject_CallMethod
0 270 16 4 48 8 0 72 1 0
fn=_PyObject_CallMethod_SizeT
0 70 5 5 14 2 0 16 0 0
fn=_PyObject_CallNoArgs.llvm.6655508213601744725
0 26 3 2 9 0 0 4 0 0
fn=_PyObject_Call_Prepend
0 7980 291 3 2100 92 0 1540 5 0
fn=_PyObject_Calloc
0 507795 4274 11 177080 8270 0 92719 1761 1621
fn=_PyObject_ClearManagedDict
0 11571 35 27 3744 466 24 1712 2 0
fn=_PyObject_FastCallDictTstate
0 71402 2328 3 22235 820 0 12829 0 0
fn=_PyObject_FastCallDictTstate.warm
0 2689 110 8 675 26 0 378 0 0
fn=_PyObject_Free
0 44296884 6479 18 10146490 354053 413 5391627 8993 476
fn=_PyObject_Free.warm
0 794 26 12 201 6 2 240 41 1
fn=_PyObject_GC_New
0 466110 8455 8 140197 6999 27 82827 986 219
fn=_PyObject_GC_NewVar
0 120226 5514 15 32474 1083 3 22559 600 41
fn=_PyObject_GenericGetAttrWithDict
0 277192 5594 18 90098 4701 24 32142 198 3
fn=_PyObject_GenericSetAttrWithDict
0 66407 2636 6 18737 616 0 10157 21 0
fn=_PyObject_GetInstanceAttribute
0 3339 146 4 1076 85 0 419 3 0
fn=_PyObject_GetMethod
0 254182 4950 43 84353 6990 58 34700 131 0
fn=_PyObject_GetMethod.warm
0 6131 250 21 1519 134 6 907 30 0
fn=_PyObject_IsAbstract
0 20812 174 2 3636 16 0 2998 0 0
fn=_PyObject_LookupAttr
0 1028649 25531 47 336841 21176 40 127327 1353 3
fn=_PyObject_LookupAttr.cold
0 164 4 4 40 2 0 24 0 0
fn=_PyObject_LookupAttr.warm
0 402 25 3 48 3 0 126 0 0
fn=_PyObject_LookupSpecial
0 323140 5641 14 113408 8937 11 36770 95 0
fn=_PyObject_MakeTpCall
0 115012 7584 12 34072 2278 2 22042 32 1
fn=_PyObject_MakeTpCall.warm
0 4366 342 7 1058 7 0 696 17 1
fn=_PyObject_Malloc
0 34509232 7606 23 13919603 344331 48 7095688 284354 144904
fn=_PyObject_Malloc.warm
0 1212 93 13 286 29 8 289 29 15
fn=_PyObject_Realloc
0 8550942 118622 29 2529687 132375 5 1199616 28834 7524
fn=_PyObject_Realloc.cold
0 192 16 8 48 6 1 46 3 0
fn=_PyObject_Realloc.warm
0 3620 327 14 591 196 0 1090 107 92
fn=_PyObject_StoreInstanceAttribute
0 25252481 111419 20 7410140 125548 5 4275792 2993 7
fn=_PyObject_StoreInstanceAttribute.warm
0 284 22 1 42 0 0 0 0 0
fn=_PyObject_VectorcallTstate.llvm.18397689215175225355
0 130937 3217 10 34985 2945 12 20223 9 0
fn=_PyPathConfig_ClearGlobal
0 59 8 8 33 1 1 28 1 0
fn=_PyPathConfig_ComputeSysPath0
0 34 2 2 7 3 0 8 2 1
fn=_PyPathConfig_ReadGlobal
0 74 4 2 24 4 2 12 3 0
fn=_PyPathConfig_UpdateGlobal
0 524 42 20 158 5 0 136 1 0
fn=_PyPegen_Parser_Free
0 68274 246 2 42538 560 0 8688 0 0
fn=_PyPegen_Parser_New
0 6232 410 5 1558 0 0 2706 94 8
fn=_PyPegen_check_fstring_conversion
0 3434 44 2 1717 0 0 808 33 0
fn=_PyPegen_collect_call_seqs
0 5502 324 3 1998 0 0 1877 97 15
fn=_PyPegen_collect_call_seqs.warm
0 52 4 2 4 0 0 12 1 0
fn=_PyPegen_concatenate_strings
0 18123 470 23 4876 0 0 1866 16 0
fn=_PyPegen_constant_from_string
0 7280 86 5 2660 0 0 1680 105 11
fn=_PyPegen_constant_from_token
0 5224 68 4 1880 0 0 1228 90 0
fn=_PyPegen_constant_from_token.warm
0 126 14 2 14 0 0 42 0 0
fn=_PyPegen_decode_string
0 1747 57 0 0 0 0 0 0 0
fn=_PyPegen_decode_string.warm
0 5188 16 8 402 2 0 398 7 4
fn=_PyPegen_empty_arguments
0 3562 234 17 1352 0 0 936 75 0
fn=_PyPegen_expect_soft_keyword
0 7644 361 4 3072 0 0 893 0 0
fn=_PyPegen_expect_token
0 2463935 1478 11 1259572 1819 9 592001 1878 41
fn=_PyPegen_expect_token.warm
0 77085 634 5 31640 0 0 11985 368 6
fn=_PyPegen_fill_token
0 322017 2748 14 103822 943 11 57570 1159 13
fn=_PyPegen_formatted_value
0 7777 208 6 2323 0 0 1717 66 1
fn=_PyPegen_joined_str
0 13560 242 16 3355 130 0 1874 83 0
fn=_PyPegen_joined_str.warm
0 814 66 3 484 10 0 154 18 0
fn=_PyPegen_make_arguments
0 20603 929 16 6026 0 0 3709 200 14
fn=_PyPegen_make_module
0 1944 162 5 810 0 0 594 22 0
fn=_PyPegen_name_default_pair
0 7012 22 4 2647 0 0 1897 46 19
fn=_PyPegen_name_token
0 832237 1545 12 358002 668 2 179818 6805 959
fn=_PyPegen_name_token.warm
0 32126 970 8 8028 0 0 4966 148 4
fn=_PyPegen_number_token
0 12614 114 1 2968 0 0 2968 24 0
fn=_PyPegen_parse
0 5224 595 9 1514 55 0 1372 5 1
fn=_PyPegen_parse_string
0 8507 186 6 2089 24 0 1400 55 0
fn=_PyPegen_run_parser
0 1066 147 1 328 12 0 328 0 0
fn=_PyPegen_run_parser_from_string
0 5672 392 4 738 138 0 909 0 0
fn=_PyPegen_seq_flatten
0 12668 252 5 4120 68 0 1055 0 0
fn=_PyPegen_seq_flatten.warm
0 26 2 1 6 0 0 2 0 0
fn=_PyPegen_seq_insert_in_front
0 5954 93 2 2384 0 0 1014 0 0
fn=_PyPegen_set_expr_context
0 6930 52 4 2703 0 0 1691 127 48
fn=_PyPegen_set_expr_context.warm
0 20 2 2 2 0 0 6 0 0
fn=_PyPegen_update_memo
0 624 24 3 272 0 0 176 4 0
fn=_PyPreCmdline_Read
0 149 11 9 36 1 1 41 2 1
fn=_PyPreConfig_Read
0 308 20 20 109 3 1 75 1 0
fn=_PyPreConfig_Read.cold
0 4 1 1 0 0 0 0 0 0
fn=_PyPreConfig_Write
0 64 5 5 14 1 0 18 2 1
fn=_PyRuntimeState_Fini
0 232 15 13 73 2 1 65 0 0
fn=_PyRuntimeState_Init
0 139 12 12 36 7 7 61 5 4
fn=_PyST_GetScope
0 3541 136 2 1129 62 0 642 0 0
fn=_PySignal_Fini
0 1597 5 5 399 19 17 141 0 0
fn=_PySignal_Init
0 115 15 14 5 1 0 80 18 16
fn=_PySlice_FromIndices
0 456 21 2 108 0 0 96 0 0
fn=_PySlice_GetLongIndices
0 14193 611 5 3420 4 0 2394 0 0
fn=_PyStack_UnpackDict
0 78961 2634 8 21494 50 0 9436 91 0
fn=_PyStaticCode_Fini
0 842847 5 5 97420 2996 2236 68155 1059 884
fn=_PyStaticCode_Init
0 994397 8 8 145522 7805 6130 21340 181 181
fn=_PyStaticType_ClearWeakRefs
0 4343 7 7 1758 45 0 825 8 0
fn=_PyStaticType_Dealloc
0 18984 8 8 8458 275 184 3569 138 93
fn=_PyStaticType_Dealloc.warm
0 3375 3 3 641 185 0 9 0 0
fn=_PyStructSequence_InitBuiltinWithFlags
0 2170 57 15 379 46 27 533 80 58
fn=_PyStructSequence_InitBuiltinWithFlags.cold
0 24 6 1 0 0 0 0 0 0
fn=_PyStructSequence_NewType
0 2506 75 12 397 20 17 645 37 13
fn=_PySymtable_Build
0 17907 1296 17 4080 268 1 5574 212 2
fn=_PySys_Audit
0 4144 516 4 259 0 0 1813 5 0
fn=_PySys_ClearAttrString
0 392 4 2 126 3 1 98 0 0
fn=_PySys_ClearAuditHooks
0 30 2 1 9 3 0 6 0 0
fn=_PySys_Create
0 992 68 64 166 5 0 210 4 1
fn=_PySys_FiniTypes
0 100 9 9 38 14 10 21 2 0
fn=_PySys_GetRequiredAttr
0 29 2 2 11 3 1 6 0 0
fn=_PySys_GetRequiredAttrString
0 82 6 3 24 2 0 20 0 0
fn=_PySys_ReadPreinitWarnOptions
0 58 5 5 17 0 0 22 0 0
fn=_PySys_ReadPreinitXOptions
0 58 4 4 17 0 0 22 0 0
fn=_PySys_UpdateConfig
0 760 40 40 204 5 0 140 0 0
fn=_PyThreadState_Bind
0 40 3 3 15 1 0 11 0 0
fn=_PyThreadState_DeleteExcept
0 36 2 2 12 1 0 9 0 0
fn=_PyThreadState_PushFrame
0 9768 400 1 2220 16 0 1776 43 0
fn=_PyToken_OneChar
0 12824 244 2 4274 205 3 0 0 0
fn=_PyToken_OneChar.warm
0 4 2 1 2 0 0 0 0 0
fn=_PyToken_TwoChars
0 14545 93 2 4203 476 6 0 0 0
fn=_PyTokenizer_Free
0 4695 410 5 1804 141 0 581 0 0
fn=_PyTokenizer_FromUTF8
0 6396 574 7 738 1 0 4100 0 0
fn=_PyTokenizer_Get
0 245255 570 22 77943 22 0 49433 362 1
fn=_PyTokenizer_Get.warm
0 1048 86 9 354 0 0 356 0 0
fn=_PyTraceMalloc_Fini
0 515 6 6 159 18 17 20 0 0
fn=_PyTraceMalloc_Init
0 172 15 15 25 5 2 74 6 6
fn=_PyTraceMalloc_Stop
0 26 2 1 10 3 1 6 0 0
fn=_PyTuple_FromArray
0 133060 8501 10 42057 1910 3 28840 305 26
fn=_PyTuple_FromArraySteal
0 173998 5015 4 67323 2172 0 43474 155 12
fn=_PyTuple_FromArraySteal.warm
0 9 3 1 0 0 0 0 0 0
fn=_PyTuple_Resize
0 18312 1055 9 4468 12 0 2441 0 0
fn=_PyType_AllocNoTrack
0 21800 1268 5 6136 313 0 4080 3 0
fn=_PyType_CalculateMetaclass
0 13124 883 2 4613 543 0 1176 0 0
fn=_PyType_FromMetaclass_impl.llvm.13679223780078999484
0 85890 1141 36 17097 838 403 7931 1 0
fn=_PyType_FromMetaclass_impl.llvm.13679223780078999484.cold
0 11 2 2 1 0 0 4 0 0
fn=_PyType_GetDocFromInternalDoc
0 682 57 3 88 0 0 115 0 0
fn=_PyType_GetSubclasses
0 2208 132 5 837 56 0 530 7 0
fn=_PyType_Lookup
0 265357 4362 24 95683 6499 24 29971 305 4
fn=_PyTypes_InitTypes
0 3242 4 4 672 188 160 785 124 107
fn=_PyUnicodeWriter_Dealloc
0 20 2 1 8 0 0 0 0 0
fn=_PyUnicodeWriter_Finish
0 61613 2374 11 13259 5 0 6931 4 0
fn=_PyUnicodeWriter_PrepareInternal
0 92555 1971 21 18446 16 0 16368 586 12
fn=_PyUnicodeWriter_PrepareInternal.warm
0 7624 46 9 2483 0 0 2467 76 60
fn=_PyUnicodeWriter_WriteASCIIString
0 22008 2014 3 4192 3 3 4716 0 0
fn=_PyUnicodeWriter_WriteStr
0 59819 1171 11 11988 21 0 5222 5 0
fn=_PyUnicodeWriter_WriteSubstring
0 31428 150 6 5668 0 0 3268 2 0
fn=_PyUnicode_ClearInterned
0 16 1 1 4 0 0 5 0 0
fn=_PyUnicode_ClearInterned.warm
0 398923 8 8 122300 14489 4837 11842 3 0
fn=_PyUnicode_DecodeUnicodeEscapeInternal2
0 6740 24 12 1846 2 1 1138 4 0
fn=_PyUnicode_EqualToASCIIString
0 230 2 1 80 0 0 60 0 0
fn=_PyUnicode_ExactDealloc
0 16 2 2 5 0 0 1 0 0
fn=_PyUnicode_FormatAdvancedWriter
0 3133 10 2 1141 0 0 1002 0 0
fn=_PyUnicode_FormatAdvancedWriter.warm
0 744 14 14 136 0 0 44 0 0
fn=_PyUnicode_FormatLong
0 31264 8 8 5616 2 1 3264 0 0
fn=_PyUnicode_FromASCII
0 110604 3845 4 21822 2 0 26074 358 8
fn=_PyUnicode_FromUCS1
0 60 8 1 15 0 0 10 0 0
fn=_PyUnicode_FromUCS1.warm
0 496 22 6 57 0 0 52 2 0
fn=_PyUnicode_FromUCS4.llvm.9504702192703139781
0 76043 19 13 11855 536 0 8432 201 192
fn=_PyUnicode_InitEncodings
0 77 6 5 20 2 0 20 2 0
fn=_PyUnicode_InitGlobalObjects
0 4653 6 5 1029 0 0 540 2 2
fn=_PyUnicode_InitGlobalObjects.warm
0 12 1 1 7 0 0 2 2 0
fn=_PyUnicode_InitInternDict
0 40 2 2 10 2 1 14 2 1
fn=_PyUnicode_InitStaticStrings.llvm.9504702192703139781
0 7033 583 583 2814 2 0 1407 0 0
fn=_PyUnicode_InitTypes
0 92 7 7 19 4 4 26 5 3
fn=_PyUnicode_InsertThousandsGrouping
0 6194 8 7 1250 4 4 1242 0 0
fn=_PyUnicode_InsertThousandsGrouping.warm
0 345 12 11 33 0 0 30 0 0
fn=_PyUnicode_InternImmortal
0 3021418 2379 11 905530 15887 257 570347 184 1
fn=_PyUnicode_InternImmortal.warm
0 4 1 1 0 0 0 1 0 0
fn=_PyUnicode_InternMortal
0 513367 2343 6 190560 2851 5 105323 87 0
fn=_PyUnicode_JoinArray
0 457536 8824 57 105726 518 2 35846 74 8
fn=_PyUnicode_JoinArray.cold
0 46 2 2 0 0 0 0 0 0
fn=_PyUnicode_JoinArray.warm
0 8837 9 9 2676 8 1 2628 80 9
fn=_PyUnicode_TransformDecimalAndSpaceToASCII
0 4258 179 1 1512 6 0 856 0 0
fn=_PyUnicode_TranslateCharmap
0 9971 62 17 1820 3 0 2106 4 0
fn=_PyUnicode_XStrip
0 249972 3538 11 42229 400 0 30287 114 0
fn=_PyVectorcall_Call.llvm.18397689215175225355
0 6796 362 9 1890 35 0 1268 0 0
fn=_PyWarnings_Init
0 21 2 1 7 2 1 6 0 0
fn=_PyWarnings_InitState
0 176 14 14 50 6 2 39 1 0
fn=_PyWideStringList_AsList
0 258 1 1 94 1 0 52 0 0
fn=_PyWideStringList_Copy
0 2521 10 5 748 7 0 520 2 1
fn=_Py_ADJUST_ERANGE1
0 15045 1002 1 4012 0 0 3009 0 0
fn=_Py_BaseObject_RichCompare
0 2736 185 1 684 125 0 228 0 0
fn=_Py_BuildValue_SizeT
0 209 22 4 11 0 0 99 0 0
fn=_Py_CheckFunctionResult
0 442 34 1 170 0 0 102 0 0
fn=_Py_ClearArgcArgv
0 98 4 4 59 1 0 23 0 0
fn=_Py_ClearStandardStreamEncoding
0 79 10 10 24 2 1 26 0 0
fn=_Py_CreateMonitoringObject
0 1015 21 21 196 4 3 159 0 0
fn=_Py_DecodeLocaleEx
0 9896 138 1 3190 2 0 2961 0 0
fn=_Py_Deepfreeze_Fini
0 1546 121 121 1 0 0 772 0 0
fn=_Py_Deepfreeze_Init
0 3088 217 217 0 0 0 772 0 0
fn=_Py_EncodeLocaleEx
0 96 21 1 24 19 0 0 0 0
fn=_Py_EncodeLocaleEx.cold
0 144 22 1 24 18 0 0 0 0
fn=_Py_EncodeUTF8Ex
0 516 9 5 82 0 0 90 1 0
fn=_Py_GetErrorHandler
0 2134 147 2 291 0 0 485 0 0
fn=_Py_HashDouble
0 420 32 8 48 16 2 8 0 0
fn=_Py_HashPointer
0 7535 452 1 1507 0 0 0 0 0
fn=_Py_HashRandomization_Init
0 42 2 2 7 0 0 11 0 0
fn=_Py_Instrument
0 155 24 2 93 8 5 0 0 0
fn=_Py_IsLocaleCoercionTarget
0 10 1 1 2 0 0 2 0 0
fn=_Py_IsLocaleCoercionTarget.cold
0 15 1 1 0 0 0 2 0 0
fn=_Py_MakeCoro
0 1922065 117837 10 604800 32049 4 410083 17345 45
fn=_Py_MakeCoro.cold
0 2 1 1 0 0 0 1 0 0
fn=_Py_MakeCoro.warm
0 43346 1018 7 38 0 0 46 1 0
fn=_Py_MakeShimCode
0 106 8 6 22 2 1 33 0 0
fn=_Py_Mangle
0 6045 173 4 1778 12 0 1099 0 0
fn=_Py_MaybeMangle
0 83304 524 3 31239 554 0 24297 35 0
fn=_Py_PreInitializeFromConfig
0 1320 3 1 396 3 0 462 1 0
fn=_Py_PreInitializeFromPyArgv
0 51 4 3 16 0 0 17 0 0
fn=_Py_SetFileSystemEncoding
0 65 4 4 14 0 0 15 0 0
fn=_Py_SourceAsString
0 2542 164 2 738 0 0 574 2 0
fn=_Py_Specialize_BinarySubscr
0 9163 455 9 1971 102 1 1794 5 0
fn=_Py_Specialize_LoadAttr
0 286995 8148 36 77046 3931 6 51402 225 2
fn=_Py_Specialize_StoreAttr
0 52461 2023 7 12588 126 0 8825 33 0
fn=_Py_VaBuildStack_SizeT
0 28525 672 3 4860 0 0 7082 125 0
fn=_Py_VaBuildStack_SizeT.warm
0 48 4 1 12 0 0 6 0 0
fn=_Py_abspath
0 45 3 3 10 0 0 11 1 1
fn=_Py_asdl_arg_seq_new
0 110944 682 6 25416 0 0 20808 0 0
fn=_Py_asdl_int_seq_new
0 2352 134 4 637 0 0 539 0 0
fn=_Py_bytes_find
0 8184 111 1 2232 0 0 2232 0 0
fn=_Py_bytes_maketrans
0 148 6 6 74 5 4 54 7 7
fn=_Py_clear_generic_types
0 64 5 5 14 8 2 13 0 0
fn=_Py_convert_optional_to_ssize_t
0 116 8 4 34 7 0 20 1 0
fn=_Py_dg_dtoa
0 170773 14715 138 27906 3370 11 22125 548 3
fn=_Py_dg_dtoa.cold
0 32 5 5 2 0 0 4 1 1
fn=_Py_dg_dtoa.warm
0 36 4 4 5 0 0 7 2 1
fn=_Py_dg_strtod
0 474 48 14 69 0 0 66 1 0
fn=_Py_dict_lookup
0 377654 7358 32 106305 6126 607 58932 258 3
fn=_Py_fstat
0 21 1 1 4 0 0 6 0 0
fn=_Py_get__collections_abc_toplevel
0 5 1 0 2 1 0 0 0 0
fn=_Py_get__sitebuiltins_toplevel
0 5 1 0 2 1 0 0 0 0
fn=_Py_get_abc_toplevel
0 5 1 0 2 1 0 0 0 0
fn=_Py_get_codecs_toplevel
0 5 1 0 2 1 0 0 0 0
fn=_Py_get_env_flag
0 98 1 1 21 0 0 28 0 0
fn=_Py_get_genericpath_toplevel
0 5 1 0 2 1 0 0 0 0
fn=_Py_get_importlib__bootstrap_external_toplevel
0 5 2 1 2 1 0 0 0 0
fn=_Py_get_importlib__bootstrap_toplevel
0 5 1 1 2 1 0 0 0 0
fn=_Py_get_importlib_machinery_toplevel
0 5 1 0 2 1 0 0 0 0
fn=_Py_get_importlib_util_toplevel
0 5 1 0 2 1 0 0 0 0
fn=_Py_get_io_toplevel
0 5 1 1 2 1 1 0 0 0
fn=_Py_get_ntpath_toplevel
0 5 1 1 2 1 0 0 0 0
fn=_Py_get_os_toplevel
0 5 1 1 2 1 0 0 0 0
fn=_Py_get_posixpath_toplevel
0 5 1 0 2 1 0 0 0 0
fn=_Py_get_runpy_toplevel
0 5 1 1 2 1 0 0 0 0
fn=_Py_get_site_toplevel
0 5 1 1 2 1 0 0 0 0
fn=_Py_get_stat_toplevel
0 5 1 0 2 1 0 0 0 0
fn=_Py_get_zipimport_toplevel
0 5 1 0 2 1 0 0 0 0
fn=_Py_hashtable_get_entry_generic
0 1082728 1432 4 365718 46919 284 219990 378 1
fn=_Py_hashtable_set
0 200816 22 8 51496 5506 3 41578 7 0
fn=_Py_initialize_generic
0 67 11 5 3 0 0 15 2 2
fn=_Py_make_parameters
0 92 6 3 24 3 0 18 0 0
fn=_Py_make_typealias
0 7 1 1 3 0 0 0 0 0
fn=_Py_make_typevar
0 70 1 0 10 0 0 25 0 0
fn=_Py_module_getattro
0 11374 1428 1 0 0 0 0 0 0
fn=_Py_module_getattro_impl
0 701408 11353 38 234552 16111 66 84623 406 6
fn=_Py_module_getattro_impl.cold
0 820 211 3 0 0 0 0 0 0
fn=_Py_open_impl.llvm.9628032256191913418
0 95 7 4 16 1 0 21 1 0
fn=_Py_read
0 14355 528 4 3393 0 0 4437 1 0
fn=_Py_set_function_type_params
0 42 2 1 12 0 0 9 0 0
fn=_Py_slot_tp_getattr_hook
0 15621 161 2 3582 119 0 3256 15 0
fn=_Py_slot_tp_getattr_hook.warm
0 293 35 3 76 0 0 61 0 0
fn=_Py_slot_tp_getattro
0 27 2 1 3 0 0 9 0 0
fn=_Py_string_to_number_with_underscores
0 232 12 2 48 0 0 64 0 0
fn=_Py_subscript_generic
0 48 4 1 8 0 0 14 0 0
fn=_Py_type_getattro
0 7806814 75031 21 2728099 98744 82 844887 12302 18
fn=_Py_type_getattro.warm
0 41719 1447 9 12370 581 2 4140 98 0
fn=_Py_type_getattro_impl
0 152643 6863 8 52789 4921 19 17410 135 0
fn=_Py_type_getattro_impl.warm
0 77850 2378 16 26917 1066 7 11233 260 23
fn=_Py_union_type_or
0 958 43 15 203 7 0 144 0 0
fn=_Py_wfopen
0 318 11 5 50 3 0 48 0 0
fn=_Py_wgetcwd
0 32 2 2 7 1 0 7 1 1
fn=_Py_wreadlink
0 126 3 3 30 3 0 21 1 1
fn=_Py_wreadlink.cold
0 20 2 2 4 0 0 4 1 1
fn=_Py_write
0 55 3 3 13 0 0 17 0 0
fn=_Py_wstat
0 455 14 3 104 3 0 78 0 0
fn=__do_global_dtors_aux
0 8 1 1 3 1 0 3 0 0
fn=__libc_csu_init
0 47 2 2 10 1 1 10 0 0
fn=_abc__abc_init
0 76415 2093 19 20727 835 0 9442 2 0
fn=_abc__abc_init.cold
0 3 1 1 2 1 0 1 0 0
fn=_abc__abc_init.warm
0 25 5 1 0 0 0 10 0 0
fn=_abc__abc_instancecheck
0 76 5 5 21 3 0 13 2 0
fn=_abc__abc_instancecheck.warm
0 34 4 3 7 0 0 7 0 0
fn=_abc__abc_register
0 3751 133 5 1272 23 0 642 0 0
fn=_abc__abc_subclasscheck
0 17304 591 25 4184 196 7 2100 21 0
fn=_abc__abc_subclasscheck.cold
0 44 26 2 0 0 0 0 0 0
fn=_abcmodule_exec
0 20 1 1 4 0 0 6 0 0
fn=_abcmodule_traverse
0 156 6 3 36 12 0 24 0 0
fn=_add_errcode
0 6120 3 3 1088 0 0 1360 0 0
fn=_add_methods_to_object
0 31537 154 4 7376 356 346 4501 0 0
fn=_add_to_weak_set
0 7124 145 4 1017 28 0 1716 0 0
fn=_buffered_init
0 11571 399 2 1064 1 0 1064 0 0
fn=_buffered_init.warm
0 45 6 1 15 0 0 9 0 0
fn=_buffered_raw_tell
0 7019 269 2 1457 130 0 1324 0 0
fn=_bufferedreader_raw_read
0 188 14 8 33 1 0 49 0 0
fn=_bufferedwriter_flush_unlocked
0 129 7 5 39 0 0 34 0 0
fn=_bufferedwriter_raw_write
0 107 7 7 21 1 1 30 0 0
fn=_bz2_clear
0 42 2 2 14 3 0 6 0 0
fn=_bz2_exec
0 46 3 3 4 0 0 10 0 0
fn=_bz2_free
0 1 1 1 0 0 0 0 0 0
fn=_bz2_traverse
0 224 8 6 64 7 0 40 0 0
fn=_call_dialect
0 30 3 1 6 0 0 9 0 0
fn=_codecs_lookup_error
0 126 2 2 30 0 0 24 0 0
fn=_codecs_register
0 22 2 2 9 2 0 4 0 0
fn=_codecs_utf_8_decode
0 1132 84 14 263 8 0 175 0 0
fn=_codecs_utf_8_decode.warm
0 56 8 1 0 0 0 8 0 0
fn=_csv_clear
0 87 4 4 22 6 0 15 0 0
fn=_csv_free
0 1 0 0 0 0 0 0 0 0
fn=_csv_state_from_type
0 36 4 2 6 0 0 9 0 0
fn=_csv_traverse
0 384 8 6 72 14 6 72 0 0
fn=_datetime_exec
0 555 36 36 52 6 2 145 6 4
fn=_destroy
0 120 4 2 25 7 0 20 1 0
fn=_fini
0 2 1 1 1 0 0 0 0 0
fn=_float_div_mod
0 82 6 3 14 1 0 18 0 0
fn=_float_div_mod.cold
0 4 2 1 0 0 0 0 0 0
fn=_functools_clear
0 65 3 2 20 7 0 11 0 0
fn=_functools_exec
0 113 7 7 19 4 0 19 1 0
fn=_functools_free
0 1 0 0 0 0 0 0 0 0
fn=_functools_traverse
0 468 12 6 108 24 0 84 0 0
fn=_heapq_heappop
0 111013 10905 1 31718 0 0 0 0 0
fn=_heapq_heappush
0 364803 24962 2 111027 10000 0 47583 0 0
fn=_imp__fix_co_filename
0 2880 240 2 1200 42 0 480 0 0
fn=_imp_acquire_lock
0 7077 493 1 4044 0 0 2022 3 0
fn=_imp_create_builtin
0 1807 125 3 492 11 0 370 0 0
fn=_imp_exec_builtin
0 861 78 1 246 15 0 164 0 0
fn=_imp_extension_suffixes
0 198 8 4 42 4 0 40 0 0
fn=_imp_find_frozen
0 5103 451 4 1079 1 0 628 0 0
fn=_imp_get_frozen_object
0 752 64 3 192 4 0 192 0 0
fn=_imp_is_builtin
0 285961 743 4 54231 4572 0 19589 0 0
fn=_imp_is_frozen
0 14 2 1 3 0 0 1 0 0
fn=_imp_is_frozen_package
0 18 2 1 5 0 0 2 0 0
fn=_imp_release_lock
0 29319 2161 3 10110 230 0 7077 2 0
fn=_init
0 7 1 1 2 1 0 1 0 0
fn=_io_BufferedReader___init__
0 12183 786 6 3144 131 0 2358 0 0
fn=_io_BufferedWriter___init__
0 190 11 6 48 2 0 40 0 0
fn=_io_BufferedWriter_write
0 169 15 15 45 2 1 31 1 0
fn=_io_FileIO___init__
0 33113 2266 20 6911 446 1 5571 134 0
fn=_io_FileIO___init__.warm
0 21 6 2 0 0 0 0 0 0
fn=_io_FileIO_close
0 11998 920 11 2905 12 0 2639 0 0
fn=_io_FileIO_fileno
0 81 27 1 27 0 0 0 0 0
fn=_io_FileIO_isatty
0 5168 405 3 1496 0 0 1360 0 0
fn=_io_FileIO_readable
0 938 132 1 402 0 0 0 0 0
fn=_io_FileIO_readall
0 129 129 1 0 0 0 0 0 0
fn=_io_FileIO_readall_impl
0 14964 1032 7 2967 2 0 2967 59 14
fn=_io_FileIO_readinto
0 186 12 8 42 1 0 28 0 0
fn=_io_FileIO_seekable
0 100 10 3 40 0 0 25 0 0
fn=_io_FileIO_tell
0 7061 402 3 1469 2 0 1732 0 0
fn=_io_FileIO_writable
0 28 4 1 12 0 0 0 0 0
fn=_io_FileIO_write
0 121 9 9 25 1 1 20 0 0
fn=_io_IncrementalNewlineDecoder___init__
0 160 9 6 42 1 0 26 0 0
fn=_io_IncrementalNewlineDecoder___init__.cold
0 7 1 1 0 0 0 0 0 0
fn=_io_StringIO___init__
0 232 10 10 60 11 2 46 2 0
fn=_io_StringIO___init__.cold
0 51 8 8 6 1 0 7 0 0
fn=_io_StringIO_read
0 102 8 4 24 2 0 14 0 0
fn=_io_StringIO_seek
0 184 6 3 40 1 0 32 0 0
fn=_io_StringIO_truncate
0 85 6 3 22 0 0 17 0 0
fn=_io_StringIO_write
0 27 2 2 11 1 0 6 0 0
fn=_io_StringIO_write.warm
0 33 3 3 4 1 0 6 1 0
fn=_io_TextIOWrapper___init__
0 1780 130 55 345 12 0 306 0 0
fn=_io_TextIOWrapper_close
0 612 34 24 118 1 0 93 0 0
fn=_io_TextIOWrapper_fileno
0 999 81 2 243 0 0 162 0 0
fn=_io_TextIOWrapper_flush
0 413 20 15 119 6 0 70 0 0
fn=_io_TextIOWrapper_read
0 121 9 8 34 3 0 19 0 0
fn=_io_TextIOWrapper_write
0 282 18 18 90 5 4 40 0 0
fn=_io__Buffered__dealloc_warn
0 132 6 3 27 1 0 21 0 0
fn=_io__Buffered_close
0 19684 1320 20 4256 8 2 4123 2 0
fn=_io__Buffered_fileno
0 945 81 2 216 27 1 162 0 0
fn=_io__Buffered_flush
0 294 12 8 90 3 2 60 0 0
fn=_io__Buffered_read
0 17415 1548 12 4644 2 0 2838 0 0
fn=_io__Buffered_read1
0 222 16 9 50 3 0 48 1 1
fn=_io__Buffered_readable
0 105 9 6 24 0 0 18 0 0
fn=_io__Buffered_seekable
0 175 13 6 40 0 0 30 0 0
fn=_io__Buffered_simple_flush
0 4690 262 4 1072 0 0 804 0 0
fn=_io__Buffered_writable
0 70 6 3 16 0 0 12 0 0
fn=_io__IOBase_close
0 9576 528 8 1995 0 0 1862 0 0
fn=_io__IOBase_flush
0 4005 4 1 801 0 0 534 0 0
fn=_io__IOBase_readable
0 4 1 1 2 0 0 0 0 0
fn=_io__IOBase_readlines
0 120 8 4 36 10 0 34 4 0
fn=_io__IOBase_writable
0 6 2 0 3 0 0 0 0 0
fn=_io_open
0 48094 3115 43 8853 1089 3 6553 3 0
fn=_io_open_code
0 1920 254 1 640 0 0 256 0 0
fn=_io_text_encoding
0 50 2 2 10 0 0 8 0 0
fn=_json_exec
0 56 5 3 7 1 0 11 0 0
fn=_list_clear
0 8515 9 9 2103 456 1 1055 0 0
fn=_locale_exec
0 1226 7 7 181 17 15 190 1 0
fn=_loop0_85_rule
0 26882 352 7 5600 11 0 4858 22 0
fn=_loop1_119_rule
0 13731 323 5 4378 0 0 3184 4 0
fn=_odict_get_index
0 7808 67 11 2384 5 0 1780 0 0
fn=_posix_clear
0 167 7 7 46 15 0 27 0 0
fn=_posix_free
0 1 1 0 0 0 0 0 0 0
fn=_posix_traverse
0 1140 30 15 204 24 6 180 0 0
fn=_pystat_fromstructstat
0 86080 5060 11 17754 618 0 22596 180 0
fn=_random_Random_random
0 226403 5 4 49219 893 0 29527 169 0
fn=_random_Random_random.warm
0 92741 58 6 20625 309 0 6864 0 0
fn=_random_Random_seed
0 48 2 1 12 0 0 12 0 0
fn=_random_clear
0 38 2 1 14 3 0 6 0 0
fn=_random_exec
0 54 3 2 9 0 0 12 0 0
fn=_random_free
0 1 0 0 0 0 0 0 0 0
fn=_random_traverse
0 156 6 3 36 12 0 24 0 0
fn=_select_clear
0 52 2 2 15 4 0 9 0 0
fn=_select_exec
0 161 11 11 5 2 0 39 1 0
fn=_select_free
0 1 1 1 0 0 0 0 0 0
fn=_select_traverse
0 304 8 6 80 8 3 48 0 0
fn=_set_char
0 81 9 3 15 0 0 18 0 0
fn=_set_char_or_none
0 117 6 2 21 0 0 24 0 0
fn=_set_int
0 60 3 1 12 0 0 15 0 0
fn=_set_str
0 74 9 3 21 0 0 17 0 0
fn=_sha2_clear
0 11 1 1 4 1 0 2 0 0
fn=_sha2_clear.warm
0 52 3 1 14 5 0 8 0 0
fn=_sha2_free
0 1 1 0 0 0 0 0 0 0
fn=_sha2_traverse
0 468 12 6 108 24 3 84 0 0
fn=_signal_module_clear
0 25 2 2 7 3 0 5 0 0
fn=_signal_module_free
0 10 1 1 5 0 0 1 0 0
fn=_signal_module_traverse
0 200 8 6 56 8 0 40 0 0
fn=_sre_SRE_Pattern_findall
0 416 11 11 89 0 0 94 0 0
fn=_sre_SRE_Pattern_match
0 91315 1464 24 21255 477 0 20256 65 2
fn=_sre_SRE_Pattern_match.warm
0 554 105 1 0 0 0 0 0 0
fn=_sre_SRE_Pattern_sub
0 1366 85 3 385 44 0 210 0 0
fn=_sre_SRE_Pattern_sub.warm
0 646 68 2 68 0 0 68 0 0
fn=_sre_ascii_iscased
0 116 2 1 24 4 0 16 0 0
fn=_sre_ascii_tolower
0 6016 13 4 1152 27 0 512 0 0
fn=_sre_compile
0 32439 449 12 6558 161 0 6109 167 38
fn=_sre_unicode_iscased
0 747 39 3 166 24 0 34 0 0
fn=_sre_unicode_tolower
0 130 4 2 20 3 0 10 0 0
fn=_stringio_readline
0 7996 7 4 2436 1 0 1740 0 0
fn=_structmodule_clear
0 69 3 3 20 3 0 11 0 0
fn=_structmodule_exec
0 588 5 5 117 23 23 34 3 3
fn=_structmodule_free
0 1 1 1 0 0 0 0 0 0
fn=_structmodule_traverse
0 320 8 6 72 8 0 54 0 0
fn=_textiowrapper_fix_encoder_state
0 46 10 4 20 0 0 8 0 0
fn=_textiowrapper_readline
0 725 10 8 139 0 0 99 0 0
fn=_textiowrapper_readline.warm
0 52 6 4 8 0 0 6 0 0
fn=_textiowrapper_set_decoder
0 382 25 12 76 0 0 62 0 0
fn=_textiowrapper_set_encoder
0 431 28 12 84 4 1 67 0 0
fn=_textiowrapper_writeflush
0 266 8 4 112 1 1 84 0 0
fn=_textiowrapper_writeflush.warm
0 151 10 10 41 6 0 22 1 0
fn=_tmp_262_rule
0 16161 408 4 3595 1 0 4362 0 0
fn=_typing__idfunc
0 15 2 2 6 0 0 0 0 0
fn=_typing_exec
0 54 4 4 10 2 2 11 0 0
fn=_validate_charset
0 2935 68 2 486 59 3 0 0 0
fn=_validate_inner
0 22677 444 19 3595 105 5 1807 4 0
fn=_weakref__remove_dead_weakref
0 3655 215 1 1290 1 0 430 0 0
fn=abc_data_dealloc
0 3394 10 4 1194 155 0 759 0 0
fn=abc_data_traverse
0 34252 50 6 9392 0 0 5260 0 0
fn=acquire_timed
0 22727 1600 8 3496 0 0 4370 42 0
fn=add_all_subclasses
0 33 2 2 9 0 0 8 0 0
fn=add_ast_fields
0 29 2 2 7 1 0 4 0 0
fn=add_attributes
0 1247 46 3 299 28 3 307 15 0
fn=add_subclass
0 90188 4511 9 19684 594 1 19258 215 0
fn=addop_binary
0 440 30 3 130 10 1 130 0 0
fn=analyze_block
0 209840 4099 57 50199 374 0 33911 132 0
fn=analyze_descriptor.llvm.376768788688223897
0 181711 4903 16 51571 2693 7 45692 50 0
fn=any_find_slice
0 22904 1885 9 3030 33 0 1754 0 0
fn=anylib_find
0 528 9 1 165 0 0 33 0 0
fn=args_rule
0 22680 1546 16 6829 3 0 4542 3 0
fn=args_rule.warm
0 184 14 7 58 2 0 24 1 1
fn=arguments_rule
0 23156 624 6 8663 4 0 3009 63 13
fn=array_clear
0 11 1 1 4 1 0 2 0 0
fn=array_clear.warm
0 72 4 4 22 7 0 8 0 0
fn=array_free
0 1 1 1 0 0 0 0 0 0
fn=array_modexec
0 118 8 8 12 0 0 30 2 0
fn=array_traverse
0 224 4 0 64 16 2 40 0 0
fn=as_ucs4.llvm.9504702192703139781
0 70 6 3 14 5 0 10 0 0
fn=as_ucs4.llvm.9504702192703139781.warm
0 21696 4 2 3096 297 0 3096 771 460
fn=ascii_upper_or_lower
0 64647 317 6 18824 48 2 12839 38 2
fn=ascii_upper_or_lower.cold
0 20 1 1 10 1 0 0 0 0
fn=ascii_upper_or_lower.warm
0 4 2 2 1 0 0 0 0 0
fn=asciilib_find
0 5518 42 6 1537 0 0 539 1 0
fn=assemble_emit_exception_table_entry
0 436 16 8 88 0 0 66 0 0
fn=assign_version_tag.llvm.13679223780078999484
0 140688 4548 8 34521 882 4 24762 70 0
fn=assign_version_tag.llvm.13679223780078999484.warm
0 144 17 1 24 17 0 24 0 0
fn=assignment_expression_rule
0 57980 200 3 18042 14 0 12186 12 0
fn=ast_dealloc
0 960 3 3 352 0 0 256 0 0
fn=ast_traverse
0 5376 8 6 1536 0 0 1024 0 0
fn=astfold_arguments
0 15972 296 6 4305 764 0 975 2 0
fn=astfold_body.llvm.8369496230942388996
0 10027 162 3 2438 56 0 1357 2 0
fn=astfold_expr.llvm.8369496230942388996
0 108016 689 21 33801 2956 4 17399 24 0
fn=astfold_stmt.llvm.8369496230942388996
0 17415 314 14 5215 381 4 3208 5 0
fn=astmodule_exec
0 782 58 57 130 39 0 131 0 0
fn=atexit_callfuncs.llvm.2698433402251132605
0 4 1 1 2 0 0 0 0 0
fn=atom_rule
0 211422 1201 10 66780 41 0 48942 245 1
fn=atom_rule.warm
0 4344 237 18 1008 0 0 864 18 0
fn=attrgetter_dealloc
0 42 3 3 14 4 0 11 1 0
fn=attrgetter_new
0 214 9 9 47 3 1 23 0 0
fn=attrgetter_traverse
0 208 8 6 48 0 0 40 0 0
fn=augassign_rule
0 7440 425 11 1260 0 0 1920 0 0
fn=best_base
0 33386 1769 4 10012 673 8 5464 71 0
fn=binary_iop.llvm.11163701328291538456
0 34962 501 3 10836 330 0 7904 0 0
fn=binary_iop1.llvm.11163701328291538456
0 642158 30214 4 190736 19358 0 60714 687 0
fn=binary_op.llvm.11163701328291538456
0 4446 153 4 1244 42 4 848 1 0
fn=binascii_clear
0 36 2 2 10 4 0 8 0 0
fn=binascii_exec
0 51 5 3 9 1 0 12 0 0
fn=binascii_free
0 1 0 0 0 0 0 0 0 0
fn=binascii_traverse
0 224 8 6 64 8 2 40 0 0
fn=bisect_clear
0 12 1 1 4 2 0 3 0 0
fn=bisect_free
0 1 1 1 0 0 0 0 0 0
fn=bisect_modexec
0 12 1 1 2 0 0 4 0 0
fn=bitwise_and_rule
0 571359 787 9 208437 64 0 79449 1180 95
fn=bitwise_and_rule.warm
0 18 2 2 2 0 0 6 0 0
fn=bitwise_or_rule
0 595353 1000 9 218332 66 0 81182 1171 94
fn=bitwise_or_rule.warm
0 72 8 2 8 0 0 24 0 0
fn=bitwise_xor_rule
0 550567 866 9 205491 82 0 75351 1241 100
fn=bitwise_xor_rule.warm
0 57 6 2 9 0 0 18 1 1
fn=block_rule
0 11244 432 6 4026 256 0 2532 67 5
fn=bool_repr
0 33 2 1 6 1 0 0 0 0
fn=bool_vectorcall
0 3710 323 3 456 6 0 284 0 0
fn=bool_vectorcall.warm
0 80 5 1 20 3 0 10 0 0
fn=bounded_lru_cache_wrapper
0 7625 495 8 2332 403 0 1804 75 0
fn=buffered_closed_get
0 1380 143 3 552 2 1 0 0 0
fn=buffered_dealloc
0 12088 785 11 4111 80 0 3053 15 0
fn=buffered_traverse
0 1024 14 6 224 34 6 192 0 0
fn=build_string
0 44350 258 30 8297 20 0 4737 13 0
fn=build_string.warm
0 203 6 3 35 4 0 28 0 0
fn=builtin___build_class__
0 94783 6866 16 25217 1701 0 15011 29 0
fn=builtin___build_class__.warm
0 1238 84 8 364 3 0 224 0 0
fn=builtin___import__
0 15938 1019 5 3246 123 2 1470 82 0
fn=builtin___import__.warm
0 107 17 2 0 0 0 12 0 0
fn=builtin_abs
0 32 2 1 8 0 0 2 0 0
fn=builtin_all
0 1147 35 5 245 0 0 185 0 0
fn=builtin_all.warm
0 56 1 1 28 0 0 14 0 0
fn=builtin_any
0 5521 75 3 407 0 0 1027 0 0
fn=builtin_any.warm
0 2497 44 2 1307 0 0 230 0 0
fn=builtin_callable
0 864 64 1 324 35 0 0 0 0
fn=builtin_chr
0 9240 15 5 1760 1 0 660 0 0
fn=builtin_compile
0 924 90 12 189 18 1 133 0 0
fn=builtin_delattr
0 1170 56 1 360 0 0 180 0 0
fn=builtin_dir
0 40 2 1 6 0 0 8 0 0
fn=builtin_eval
0 1659 168 6 378 10 0 189 0 0
fn=builtin_exec
0 21286 1845 14 4860 703 4 2083 0 0
fn=builtin_exec.warm
0 162 18 3 48 4 0 6 0 0
fn=builtin_getattr
0 72655 1254 6 21948 39 0 10627 2 0
fn=builtin_globals
0 504 21 2 240 9 0 24 0 0
fn=builtin_hasattr
0 37670 1637 2 10943 1 0 5127 22 0
fn=builtin_hash
0 2330 131 8 360 23 0 358 7 0
fn=builtin_id
0 550 42 4 99 7 0 121 4 0
fn=builtin_isinstance
0 1980 69 1 660 0 0 264 2 0
fn=builtin_issubclass
0 2325 102 1 775 0 0 310 0 0
fn=builtin_iter
0 208 4 2 48 0 0 48 0 0
fn=builtin_len
0 3980 143 8 1092 91 2 846 1 0
fn=builtin_max
0 86456 10405 1 0 0 0 0 0 0
fn=builtin_min
0 10508 1112 0 0 0 0 0 0 0
fn=builtin_next
0 349030 1524 4 95190 14967 1 63460 0 0
fn=builtin_ord
0 10240 317 3 2240 8 0 960 0 0
fn=builtin_print
0 117 10 10 21 1 0 19 0 0
fn=builtin_repr
0 246 14 1 0 0 0 0 0 0
fn=builtin_round
0 70000 4500 5 20000 534 0 7000 0 0
fn=builtin_setattr
0 11886 219 1 4245 0 0 1698 0 0
fn=builtin_sorted
0 2153 140 16 592 68 2 358 11 0
fn=builtin_sorted.warm
0 8 1 1 0 0 0 1 0 0
fn=builtin_sum
0 8816076 119382 20 1095322 1740 1 865797 395 0
fn=builtin_sum.cold
0 6461 846 2 500 0 0 923 0 0
fn=builtin_vars
0 572 33 2 88 0 0 88 0 0
fn=bytearray___init__
0 7905 566 6 1947 20 0 1032 0 0
fn=bytearray_ass_subscript
0 84231 187 4 24066 3 0 10696 0 0
fn=bytearray_ass_subscript.cold
0 2674 72 1 0 0 0 0 0 0
fn=bytearray_dealloc
0 4743 100 1 2553 12 0 729 0 0
fn=bytearray_find
0 2232 107 1 744 0 0 0 0 0
fn=bytearray_iter
0 30 3 3 9 0 0 9 0 0
fn=bytearray_length
0 104 27 0 104 0 0 0 0 0
fn=bytearray_subscript
0 39250 214 10 15575 25 0 7850 64 30
fn=bytearray_translate
0 26650 190 8 13400 38 0 6700 76 27
fn=bytearrayiter_dealloc
0 48 3 3 17 0 0 7 0 0
fn=bytes_buffer_getbuffer
0 8539 492 6 1274 184 2 2351 110 0
fn=bytes_concat
0 879 41 12 240 3 0 125 6 0
fn=bytes_decode
0 918 61 9 195 2 0 104 2 0
fn=bytes_decode.warm
0 75 8 4 20 0 0 10 0 0
fn=bytes_hash
0 17392 125 2 6481 85 0 1661 0 0
fn=bytes_iter
0 179 12 3 60 4 0 53 0 0
fn=bytes_length
0 960 39 0 960 0 0 0 0 0
fn=bytes_maketrans
0 240 8 8 54 0 0 38 0 0
fn=bytes_new
0 52 5 5 14 2 0 7 0 0
fn=bytes_new.warm
0 2 1 1 0 0 0 0 0 0
fn=bytes_richcompare
0 5500 372 3 1500 4 1 500 0 0
fn=bytes_subscript
0 47700 1099 9 8202 127 0 6747 12 0
fn=cache_struct_converter
0 226 3 3 55 1 0 47 0 0
fn=calc_number_widths
0 4862 15 12 1313 0 0 1000 0 0
fn=calc_number_widths.warm
0 378 3 3 131 1 1 50 0 0
fn=calcsize
0 180 2 2 55 2 0 50 0 0
fn=call_typing_args_kwargs
0 4570 288 6 969 151 0 1049 0 0
fn=call_typing_func_object
0 294 21 2 49 4 0 70 0 0
fn=can_optimize_super_call
0 6844 46 1 3007 333 0 2105 16 0
fn=can_optimize_super_call.warm
0 576 60 9 204 51 0 24 0 0
fn=capsule_dealloc
0 1196 118 2 476 8 0 121 0 0
fn=cell_clear
0 127 2 2 35 5 0 24 0 0
fn=cell_dealloc
0 69074 2676 9 22885 837 6 8363 158 0
fn=cell_traverse
0 65498 34 3 8636 604 87 8632 0 0
fn=cfg_to_instr_sequence
0 126762 826 7 34260 0 0 19200 0 0
fn=cfg_to_instr_sequence.warm
0 33 3 3 4 0 0 7 0 0
fn=cfunc_noargs
0 96 1 1 18 6 0 14 0 0
fn=cfunction_call
0 658227 24106 2 236002 13477 3 104888 1 0
fn=cfunction_vectorcall_FASTCALL.llvm.1389210256044623945
0 48605 426 4 17672 993 3 10311 10 0
fn=cfunction_vectorcall_FASTCALL.llvm.1389210256044623945.warm
0 8 2 1 0 0 0 0 0 0
fn=cfunction_vectorcall_FASTCALL_KEYWORDS.llvm.1389210256044623945
0 55932 1535 3 20142 1681 6 6714 0 0
fn=cfunction_vectorcall_NOARGS.llvm.1389210256044623945
0 210777 5613 6 68890 2233 2 27556 97 0
fn=cfunction_vectorcall_O.llvm.1389210256044623945
0 50431 1877 4 20868 400 5 8695 2 0
fn=chain_dealloc
0 303 11 3 102 10 0 68 3 0
fn=chain_new
0 195 15 3 60 23 2 35 0 0
fn=chain_next
0 799 27 4 253 5 0 148 1 0
fn=charmaptranslate_lookup
0 4719 15 4 1133 1 0 1004 0 0
fn=check_compare
0 2212 72 3 717 90 0 329 12 0
fn=check_force_ascii.llvm.9628032256191913418
0 54 2 2 10 0 0 10 0 0
fn=check_force_ascii.llvm.9628032256191913418.cold
0 4 2 1 0 0 0 0 0 0
fn=check_null_or_callable
0 110 0 0 34 1 0 30 0 0
fn=check_set_special_type_attr
0 16 2 2 3 0 0 2 0 0
fn=classmethod_get
0 55975 1733 2 18923 2415 3 1840 0 0
fn=clear_tp_subclasses
0 168 2 2 64 0 0 16 0 0
fn=clone_combined_dict_keys.llvm.12822448453316641776
0 280051 3610 18 78156 4462 276 17732 37 0
fn=cm_clear
0 88 4 4 28 5 0 19 0 0
fn=cm_dealloc
0 4507 12 6 1632 369 0 854 1 0
fn=cm_descr_get
0 16170 530 1 4410 1611 0 0 0 0
fn=cm_get___isabstractmethod__
0 715 38 1 165 7 0 110 0 0
fn=cm_init
0 4398 178 2 966 0 0 948 0 0
fn=cm_traverse
0 40258 64 6 8604 281 32 7102 0 0
fn=cmp_base
0 312 16 2 96 0 0 72 0 0
fn=cmp_constdefs
0 1701 2 0 1134 47 46 0 0 0
fn=code_dealloc
0 552908 1363 25 180348 29242 20494 87520 8 0
fn=code_dealloc.warm
0 42 8 3 4 1 0 14 0 0
fn=code_getvarnames
0 4 4 1 0 0 0 0 0 0
fn=code_hash
0 638530 1100 8 121415 270 0 9900 24 0
fn=codegen_addop_i
0 5148 124 2 1573 0 0 1716 2 0
fn=codegen_addop_j
0 1872 52 2 572 0 0 624 0 0
fn=codegen_addop_noarg.llvm.1838710423278835948
0 16272 385 2 4520 0 0 5424 79 0
fn=collections_exec
0 178 14 11 28 4 0 27 5 0
fn=collections_traverse
0 552 12 6 120 12 3 96 0 0
fn=compatible_for_assignment
0 39 4 4 10 0 0 7 0 0
fn=compatible_with_tp_base
0 16 3 3 8 0 0 0 0 0
fn=compiler_add_const
0 6075 243 3 1547 14 0 1192 0 0
fn=compiler_addcompare
0 1826 120 6 621 44 2 574 0 0
fn=compiler_addop_load_const
0 46107 956 6 10569 168 0 10149 172 0
fn=compiler_addop_name
0 43529 342 7 9008 0 0 8143 1 0
fn=compiler_addop_name.warm
0 48 12 1 0 0 0 0 0 0
fn=compiler_addop_o
0 54331 361 4 12841 0 0 15568 64 0
fn=compiler_addop_o.warm
0 32 2 2 2 0 0 3 0 0
fn=compiler_body.llvm.1838710423278835948
0 3492 312 4 1142 115 0 544 0 0
fn=compiler_call_helper
0 5741 229 7 1239 80 0 1074 0 0
fn=compiler_call_simple_kw_helper
0 142 10 5 38 0 0 34 0 0
fn=compiler_check_debug_args
0 9451 158 4 3148 697 0 117 0 0
fn=compiler_codegen.llvm.1838710423278835948
0 2704 287 3 574 56 0 574 0 0
fn=compiler_enter_scope.llvm.1838710423278835948
0 59345 2046 28 15169 524 0 14734 462 0
fn=compiler_exit_scope.llvm.1838710423278835948
0 9340 455 4 3570 204 0 2423 0 0
fn=compiler_free.llvm.1838710423278835948
0 6028 334 4 2214 207 0 998 0 0
fn=compiler_function
0 30164 964 21 9697 583 0 3793 0 0
fn=compiler_jump_if
0 3398 120 6 924 121 3 496 0 0
fn=compiler_make_closure
0 8563 451 8 2315 30 0 2081 102 0
fn=compiler_nameop
0 114243 1819 16 32604 240 1 15716 57 0
fn=compiler_try_except
0 672 48 24 152 2 0 120 0 0
fn=compiler_unit_free.llvm.1838710423278835948
0 22502 1538 8 7878 292 0 5339 0 0
fn=compiler_unwind_fblock_stack
0 1344 74 1 588 6 0 336 0 0
fn=compiler_visit_argannotation
0 7256 68 3 2020 99 0 1030 0 0
fn=compiler_visit_expr.llvm.1838710423278835948
0 117382 1413 48 38585 2075 4 17022 73 0
fn=compiler_visit_expr.llvm.1838710423278835948.warm
0 40 4 4 11 0 0 4 0 0
fn=compiler_visit_kwonlydefaults
0 585 69 1 234 0 0 0 0 0
fn=compiler_visit_stmt.llvm.1838710423278835948
0 17998 865 23 5464 711 6 2786 1 0
fn=compiler_visit_stmt.llvm.1838710423278835948.cold
0 252 74 1 0 0 0 0 0 0
fn=compound_stmt_rule
0 83170 3152 39 18223 187 0 21268 121 6
fn=config_dict_get_int
0 2220 3 3 481 1 0 370 2 0
fn=config_dict_get_wstr
0 1575 6 6 370 7 0 335 0 0
fn=config_dict_get_wstrlist
0 1296 8 8 341 14 0 233 0 0
fn=config_get_codec_name
0 202 9 6 46 3 0 44 0 0
fn=config_get_env_dup
0 100 2 2 24 0 0 36 0 0
fn=config_init_env_warnoptions
0 37 3 3 11 0 0 12 0 0
fn=config_init_hash_seed
0 26 0 0 6 0 0 10 0 0
fn=config_init_import.llvm.17942910402485820182
0 64 7 3 22 0 0 22 3 0
fn=config_read_env_vars
0 134 9 9 27 0 0 31 0 0
fn=conjunction_rule
0 237229 971 8 92054 39 0 51458 873 107
fn=conjunction_rule.warm
0 105 16 3 16 0 0 20 1 1
fn=contains_typevartuple
0 42 2 1 14 2 0 8 0 0
fn=context_init
0 174 4 4 42 0 0 72 0 0
fn=context_new
0 160 5 4 45 2 0 43 1 0
fn=context_new.warm
0 6 1 1 3 1 1 2 0 0
fn=context_setattrs
0 123 10 10 30 0 0 21 0 0
fn=contextvar_generate_hash
0 22 2 2 3 0 0 4 0 0
fn=contextvar_new
0 41 3 3 7 0 0 12 0 0
fn=convertitem.llvm.11509138324930172611
0 51562 4373 7 18900 32 1 12660 56 0
fn=count_dealloc
0 108 9 4 39 11 1 24 0 0
fn=count_next
0 895853 73486 4 173443 0 0 188790 843 0
fn=count_traverse
0 616 15 5 154 0 0 110 0 0
fn=countformat.llvm.4859233971528862624
0 82040 501 1 11584 632 5 888 0 0
fn=crc32_set_func
0 17 1 1 1 0 0 1 1 1
fn=crc64_set_func
0 17 1 1 1 0 0 1 0 0
fn=create_builtin
0 32488 170 4 5658 586 0 3289 0 0
fn=create_builtin.warm
0 84 6 3 26 10 0 6 2 0
fn=create_gil.llvm.7660091261208025340
0 26 2 2 4 0 0 7 0 0
fn=create_stdio
0 638 39 13 84 7 0 117 3 0
fn=create_stdio.cold
0 6 3 1 0 0 0 0 0 0
fn=csv_exec
0 132 9 9 8 2 0 33 1 0
fn=csv_register_dialect
0 171 15 4 42 6 0 33 0 0
fn=date_new
0 640 6 2 180 0 0 140 0 0
fn=date_toordinal
0 35 2 2 5 1 0 0 0 0
fn=datetime_alloc
0 54 2 2 18 1 0 12 0 0
fn=datetime_destructor
0 8 1 1 3 0 0 2 0 0
fn=decode_current_locale.llvm.9628032256191913418
0 65623 260 4 11163 29 0 6312 0 0
fn=decode_to_dict
0 392 7 4 108 3 1 83 0 0
fn=decorators_rule
0 6240 192 5 1920 0 0 1536 0 0
fn=deduce_unreachable
0 1038 92 6 151 16 0 460 17 0
fn=deduce_unreachable.warm
0 4676920 275 18 1331442 350694 45906 639264 204 2
fn=defdict_dealloc
0 379 5 2 137 5 0 100 0 0
fn=defdict_init
0 950 35 5 288 19 0 169 0 0
fn=defdict_missing
0 1706 102 3 385 44 0 279 1 0
fn=defdict_tp_clear
0 60 1 1 30 9 0 10 0 0
fn=defdict_tp_clear.cold
0 40 1 1 10 0 0 10 0 0
fn=defdict_traverse
0 2800 12 4 600 92 21 500 0 0
fn=delitem_common.llvm.12822448453316641776
0 197722 4401 13 55965 689 0 32597 2 0
fn=deque_append
0 26022 2000 2 10000 500 0 7008 929 0
fn=deque_append_internal
0 3629 2 2 1382 0 0 1038 21 7
fn=deque_append_internal.cold
0 30 2 2 2 0 0 8 0 0
fn=deque_clear
0 16 3 2 8 0 0 0 0 0
fn=deque_dealloc
0 246 12 8 96 17 1 56 0 0
fn=deque_extend
0 1955 4 2 8 2 0 364 0 0
fn=deque_extend.warm
0 14 2 1 10 0 0 0 0 0
fn=deque_init
0 104 8 2 28 4 0 24 0 0
fn=deque_item
0 9894 1068 1 4074 889 0 1164 0 0
fn=deque_iter
0 16500 1000 2 5500 993 0 6000 414 0
fn=deque_len
0 35352 13357 0 35352 0 0 0 0 0
fn=deque_new
0 128 12 2 28 0 0 56 0 0
fn=deque_popleft
0 23460 1404 2 10557 907 0 5865 0 0
fn=deque_popleft.cold
0 178 55 2 8 0 0 68 0 0
fn=deque_traverse
0 630 12 8 216 8 4 144 0 0
fn=dequeiter_clear
0 6500 500 1 1500 0 0 1000 0 0
fn=dequeiter_dealloc
0 15500 1000 2 4500 0 0 4500 1 0
fn=dequeiter_next
0 7300 1000 2 3508 133 0 336 0 0
fn=deregister_tm_clones
0 4 0 0 1 0 0 0 0 0
fn=descr_dealloc
0 163034 89 8 57012 2452 0 14394 139 0
fn=descr_traverse
0 612776 0 0 79628 1390 54 79628 0 0
fn=dialect_new
0 975 80 27 216 0 0 203 0 0
fn=dict___contains__
0 1222 16 2 329 0 0 188 0 0
fn=dict_add_o
0 7001 330 3 1695 0 0 1665 0 0
fn=dict_ass_sub
0 5674 131 0 662 0 0 922 0 0
fn=dict_ass_sub.warm
0 2340 206 1 780 42 0 0 0 0
fn=dict_dealloc
0 3454091 62243 40 1045364 51096 14877 409929 2716 25
fn=dict_fromkeys
0 882 75 1 89 0 0 0 0 0
fn=dict_get
0 217895 9183 30 54355 3331 10 23081 137 0
fn=dict_get.warm
0 24 2 1 12 0 0 0 0 0
fn=dict_init
0 936 38 2 168 0 0 168 9 0
fn=dict_iter.llvm.12822448453316641776
0 5735 292 2 1665 1 0 2035 21 0
fn=dict_length
0 1304 350 3 1304 0 0 0 0 0
fn=dict_merge.llvm.12822448453316641776
0 32851 998 28 8048 89 2 4101 1 0
fn=dict_merge.llvm.12822448453316641776.warm
0 6 1 1 3 0 0 2 0 0
fn=dict_new
0 800 46 2 256 9 0 224 1 0
fn=dict_pop
0 8940 555 3 2519 84 0 1540 0 0
fn=dict_popitem
0 156 18 6 48 3 0 36 0 0
fn=dict_setdefault
0 3959 137 1 1267 0 0 882 0 0
fn=dict_subscript
0 153308 3410 25 41990 3215 2 18362 30 0
fn=dict_subscript.warm
0 1751 81 23 395 17 0 217 1 0
fn=dict_tp_clear
0 1175 9 3 470 0 0 470 0 0
fn=dict_traverse
0 3609505 263 21 434210 83587 24460 335682 91 0
fn=dict_update
0 4405 210 2 580 2 0 695 0 0
fn=dict_update.warm
0 12 1 1 2 0 0 2 0 0
fn=dict_update_arg
0 3572 411 3 1055 0 0 689 0 0
fn=dict_vectorcall
0 8308 480 3 1964 153 0 2122 0 0
fn=dict_vectorcall.warm
0 594 27 1 189 0 0 54 0 0
fn=dictbytype
0 54576 531 7 13146 86 0 10795 164 0
fn=dictitems_iter
0 11040 914 8 2640 0 0 3600 26 0
fn=dictitems_new
0 7440 674 6 2400 18 0 1920 17 0
fn=dictiter_dealloc
0 35390 1670 8 12236 60 0 4283 9 0
fn=dictiter_iternextitem
0 269551 2327 13 95874 3137 0 41182 0 0
fn=dictiter_iternextkey
0 77694 883 8 25239 534 3 8636 1 0
fn=dictiter_iternextvalue
0 27704 86 3 8904 229 0 3030 0 0
fn=dictiter_iternextvalue.warm
0 842 1 1 140 0 0 0 0 0
fn=dictiter_len
0 3510 390 2 1365 0 0 585 0 0
fn=dictkeys_decref.llvm.12822448453316641776
0 468577 283 9 126428 34503 1774 27492 15 0
fn=dictkeys_iter
0 2541 154 2 770 0 0 847 10 0
fn=dictkeys_new
0 2418 156 2 780 1 0 624 2 0
fn=dictresize.llvm.12822448453316641776
0 1792669 51029 23 413165 26195 12 203413 3597 818
fn=dictresize.llvm.12822448453316641776.cold
0 2859 60 3 629 0 0 203 0 0
fn=dictvalues_iter
0 9273 84 3 2810 0 0 3091 3 0
fn=dictvalues_new
0 8742 52 3 2820 1 0 2256 1 0
fn=dictview_dealloc
0 28709 1206 8 9614 2 0 3895 1 0
fn=dictview_len
0 30 6 0 18 0 0 0 0 0
fn=dictview_traverse
0 24 1 1 4 0 0 4 0 0
fn=disjunction_rule
0 235935 757 8 91566 68 0 51154 804 102
fn=disjunction_rule.warm
0 1285 121 13 457 1 0 231 14 0
fn=divrem1
0 549 6 6 48 0 0 47 2 0
fn=do_argstrip
0 43061 1762 5 9186 24 3 3020 0 0
fn=do_argstrip.warm
0 8 4 1 0 0 0 0 0 0
fn=do_mkvalue.llvm.4859233971528862624
0 209142 3958 21 66172 1366 7 38367 120 0
fn=do_mkvalue.llvm.4859233971528862624.warm
0 21324 597 8 4227 2 0 3138 4 0
fn=do_string_format
0 1428 8 1 238 11 1 595 0 0
fn=dotted_as_name_rule
0 816 56 7 288 0 0 144 4 0
fn=dotted_name_rule
0 1600 34 5 488 0 0 360 0 0
fn=double_starred_kvpair_rule
0 1728 35 2 528 0 0 480 0 0
fn=drop_gil.llvm.7660091261208025340
0 107090 1143 9 21967 412 2 27459 134 0
fn=elif_stmt_rule
0 1368 72 4 456 0 0 288 0 0
fn=else_block_rule
0 714 54 3 222 0 0 160 0 0
fn=encode_current_locale.llvm.9628032256191913418
0 139295 167 5 8420 0 0 16390 3 3
fn=encode_current_locale.llvm.9628032256191913418.cold
0 15400 32 1 0 0 0 0 0 0
fn=enum_dealloc
0 2169 133 6 736 41 0 368 0 0
fn=enum_new_impl
0 2025 102 6 298 37 1 643 1 0
fn=enum_next
0 266580 210 16 72316 164 0 48867 4 0
fn=enumerate_vectorcall
0 822 93 4 172 0 0 141 0 0
fn=enumerate_vectorcall.warm
0 265 36 8 74 7 1 0 0 0
fn=env_to_dict
0 216 5 5 52 0 0 53 0 0
fn=errno_exec
0 982 63 62 7 1 0 142 0 0
fn=except_block_rule
0 366 20 9 108 0 0 70 0 0
fn=exec_code_in_module
0 22 3 1 4 1 0 5 0 0
fn=expression_rule
0 195219 664 7 76214 410 0 42026 748 108
fn=expression_rule.warm
0 306 25 7 56 0 0 72 5 1
fn=expressions_rule
0 2940 196 7 868 4 0 644 8 0
fn=factor_rule
0 488610 2755 16 183030 71 0 75500 1902 213
fn=factor_rule.warm
0 84 8 4 8 0 0 24 2 2
fn=faulthandler_disable.llvm.6463670448734997959
0 8 3 3 4 1 1 1 0 0
fn=fileio_dealloc
0 8428 528 8 3077 96 0 2006 20 0
fn=fileio_dealloc_warn
0 18 2 1 9 0 0 0 0 0
fn=fileio_new
0 1876 267 1 536 0 0 804 0 0
fn=fileio_traverse
0 800 7 3 192 0 0 160 0 0
fn=fill_number
0 3400 10 8 1300 0 0 650 0 0
fn=fill_number.warm
0 2162 14 12 376 0 0 162 0 0
fn=fill_time
0 211524 4534 10 58104 2249 0 48420 732 4
fn=filter_dealloc
0 60 4 4 21 2 0 11 1 0
fn=filter_next
0 109 6 4 18 1 0 11 0 0
fn=filter_vectorcall
0 35 3 3 8 1 1 7 0 0
fn=finalize_interp_clear.llvm.17409484234675140496
0 1294 19 18 329 91 74 286 1 0
fn=finalize_interp_clear.llvm.17409484234675140496.warm
0 59919 12 12 12123 2559 565 13161 1028 1010
fn=finalize_iterator
0 28 2 1 10 0 0 4 0 0
fn=finalize_iterator.cold
0 10 1 0 4 0 0 2 0 0
fn=finalize_modules.llvm.17409484234675140496
0 16758 29 29 3916 752 184 1326 0 0
fn=finalize_modules.llvm.17409484234675140496.warm
0 46 4 4 19 6 0 11 0 0
fn=finally_block_rule
0 104 6 2 32 0 0 24 0 0
fn=find_ann.llvm.1838710423278835948
0 2628 112 4 746 25 1 474 0 0
fn=find_frozen
0 47339 1053 8 7385 3275 40 6426 0 0
fn=find_internal.llvm.13623251158506191672
0 30520 444 5 5580 0 0 4464 0 0
fn=fix_up_extension.llvm.4544646981347616587
0 881 43 15 220 16 0 146 6 0
fn=float___format__
0 12466 1009 4 2168 0 0 3794 1 0
fn=float___round__
0 24000 2000 2 7000 38 0 7000 1 0
fn=float___round__.warm
0 1000 13 1 0 0 0 0 0 0
fn=float___trunc___impl
0 7682 612 7 1718 246 1 1588 1 0
fn=float_abs
0 40 2 2 20 1 0 8 0 0
fn=float_add
0 410887 57642 10 166376 7928 0 68257 396 0
fn=float_add.warm
0 328701 24419 2 84959 3044 0 24274 0 0
fn=float_bool
0 30 2 1 12 0 0 0 0 0
fn=float_dealloc
0 5357805 39343 6 2312124 653 2 733557 0 0
fn=float_div
0 2880075 54510 8 1105253 12291 3 443465 800 0
fn=float_div.warm
0 76367 6361 1 0 0 0 0 0 0
fn=float_floor_div
0 84 10 5 32 2 0 20 2 0
fn=float_floor_div.cold
0 4 2 1 0 0 0 0 0 0
fn=float_from_string_inner.llvm.1744512156746163663
0 433 24 4 126 37 0 56 5 0
fn=float_hash
0 8 4 1 4 1 0 0 0 0
fn=float_mul
0 1785594 56458 14 612657 36180 2 231777 1722 0
fn=float_mul.warm
0 31204 5310 1 0 0 0 0 0 0
fn=float_neg
0 43668 507 2 21334 104 0 9970 21 0
fn=float_new_impl
0 64 0 0 8 0 0 0 0 0
fn=float_pow
0 92250 1070 11 24065 3 1 15044 0 0
fn=float_pow.warm
0 2004 506 4 0 0 0 0 0 0
fn=float_repr
0 676 3 2 156 9 0 182 0 0
fn=float_richcompare
0 4336847 34261 8 1278316 15323 5 668937 10571 0
fn=float_sub
0 1308 64 4 497 30 3 183 4 0
fn=float_sub.warm
0 175 10 5 72 0 0 54 0 0
fn=float_vectorcall
0 128 12 2 32 0 0 24 0 0
fn=flush_std_files.llvm.17409484234675140496
0 283 21 21 60 13 2 36 0 0
fn=fold_iter
0 2608 84 7 696 117 0 416 0 0
fn=format_float_internal.llvm.12512253103730487364
0 43744 3009 12 10246 1 0 8112 501 0
fn=format_float_internal.llvm.12512253103730487364.cold
0 4 2 1 0 0 0 0 0 0
fn=format_float_internal.llvm.12512253103730487364.warm
0 2646 14 8 546 4 2 324 0 0
fn=frame_dealloc
0 175159 8911 24 52012 299 1 21897 8 0
fn=frame_dummy
0 1 0 0 0 0 0 0 0 0
fn=frozenset_hash
0 19692 84 4 2376 6 0 60 0 0
fn=frozenset_vectorcall
0 1028 43 2 165 12 0 256 0 0
fn=frozenset_vectorcall.warm
0 19 3 3 1 1 0 7 0 0
fn=fstring_replacement_field_rule
0 22364 251 11 7072 0 0 5094 0 0
fn=fstring_replacement_field_rule.warm
0 2121 82 3 202 0 0 404 0 0
fn=func_clear
0 631528 13457 20 179598 10279 63 95673 822 38
fn=func_clear.warm
0 201 14 4 76 1 0 67 0 0
fn=func_dealloc
0 545781 13200 10 191624 12399 55 67640 911 3
fn=func_descr_get
0 1794877 71445 6 509391 21122 0 465357 17355 22
fn=func_descr_get.warm
0 44093 14258 1 20 3 0 6 0 0
fn=func_get_annotations
0 10807 577 8 3460 40 0 3108 39 0
fn=func_get_code
0 251 22 2 55 4 0 53 0 0
fn=func_get_defaults
0 112 8 4 20 4 0 20 0 0
fn=func_get_kwdefaults
0 88 4 2 16 0 0 16 0 0
fn=func_get_name
0 2360 181 1 1416 46 0 0 0 0
fn=func_get_qualname
0 1456 169 1 774 16 0 166 0 0
fn=func_get_type_params
0 592 68 1 222 9 0 0 0 0
fn=func_set_annotations
0 726 59 2 198 0 0 132 1 0
fn=func_set_defaults
0 127 12 4 30 0 0 20 0 0
fn=func_set_name
0 1710 62 1 588 15 0 183 0 0
fn=func_set_qualname
0 5093 88 1 1519 31 1 817 0 0
fn=func_set_type_params
0 544 28 1 192 0 0 64 0 0
fn=func_traverse
0 3982910 409 32 648992 53286 12396 399960 6 0
fn=func_type_comment_rule
0 4128 115 4 1056 0 0 1056 0 0
fn=function_def_raw_rule
0 16200 563 14 4948 173 0 2958 91 0
fn=functools_wraps
0 17700 699 8 1954 0 0 3161 0 0
fn=ga_dealloc
0 276 10 5 107 18 0 43 3 0
fn=ga_dealloc.cold
0 3 1 1 2 1 0 1 0 0
fn=ga_getattro
0 590 14 6 160 9 2 64 0 0
fn=ga_hash
0 76 4 1 20 0 0 20 1 0
fn=ga_new
0 35 2 2 9 0 0 7 0 0
fn=ga_parameters
0 30 2 1 10 0 0 6 0 0
fn=ga_richcompare
0 634 4 2 170 17 0 54 0 0
fn=ga_traverse
0 1164 15 6 266 10 0 210 0 0
fn=gallop_left
0 1164474 33 10 272679 8951 0 147077 0 0
fn=gallop_right
0 1268402 47 14 273539 10954 0 147402 303 1
fn=gc_collect_main.llvm.4354118032299403194
0 4149510 1212 159 1128988 407591 717 171400 383 6
fn=gc_collect_main.llvm.4354118032299403194.cold
0 92 92 5 0 0 0 0 0 0
fn=gc_collect_main.llvm.4354118032299403194.warm
0 3 1 1 1 1 0 0 0 0
fn=gc_traverse
0 73544 41 3 24720 2804 354 2056 0 0
fn=gen_close
0 2512 131 10 722 37 3 344 0 0
fn=gen_close_iter
0 34 2 2 8 0 0 4 1 0
fn=gen_dealloc
0 2676891 100062 18 907320 37810 2 474646 839 0
fn=gen_dealloc.cold
0 3 1 1 0 0 0 1 0 0
fn=gen_dealloc.warm
0 12 4 2 4 0 0 0 0 0
fn=gen_iternext
0 390575 5527 8 120263 11 0 94833 38 0
fn=gen_send
0 44571 704 1 0 0 0 0 0 0
fn=gen_send_ex
0 193544 14455 2 44664 0 0 29776 0 0
fn=gen_send_ex.warm
0 7014 1002 2 2505 716 0 1002 0 0
fn=gen_send_ex2
0 760391 73886 9 179250 11932 1 194138 2225 0
fn=gen_send_ex2.warm
0 165449 26612 3 44574 0 0 29216 8360 0
fn=gen_traverse
0 4660 21 13 891 74 15 532 0 0
fn=generic_class_getitem
0 40 8 0 0 0 0 0 0 0
fn=generic_dealloc
0 357 6 2 153 4 0 102 0 0
fn=generic_init_subclass
0 185 37 1 0 0 0 0 0 0
fn=generic_traverse
0 1898 7 3 292 0 0 292 0 0
fn=genexp_rule
0 7863 252 8 2699 0 0 1756 0 0
fn=get_closed
0 2715 144 3 1086 0 0 0 0 0
fn=get_datetime_capi
0 24 3 3 5 1 0 17 2 0
fn=get_error_handler_wide.llvm.9504702192703139781
0 7722 51 1 1053 0 0 1755 1 0
fn=get_integer
0 66463 2018 4 15299 2517 4 7840 41 0
fn=get_locale_info
0 492 3 2 98 1 0 147 0 0
fn=get_locale_info.warm
0 31 2 2 4 0 0 7 0 0
fn=get_memory_error
0 544 3 3 144 3 1 144 0 0
fn=get_num_global_allocated_blocks.llvm.14003496154323926769
0 18 1 1 8 1 1 3 0 0
fn=get_ref_type
0 595 40 3 210 14 0 140 0 0
fn=getpath_abspath
0 877 6 6 76 0 0 72 0 0
fn=getpath_abspath.cold
0 35 4 4 2 0 0 1 0 0
fn=getpath_dirname
0 286 14 2 65 0 0 52 0 0
fn=getpath_isdir
0 120 5 3 24 0 0 18 0 0
fn=getpath_isfile
0 390 12 2 80 1 0 60 0 0
fn=getpath_joinpath
0 19725 59 13 2113 0 0 1741 0 0
fn=getpath_joinpath.cold
0 525 26 4 30 0 0 15 0 0
fn=getpath_readlines
0 212 11 3 52 1 0 53 0 0
fn=getpath_readlines.cold
0 232 4 4 17 1 0 22 0 0
fn=getpath_readlines.warm
0 992 14 14 55 2 2 198 11 1
fn=getpath_realpath
0 134 5 4 24 0 0 27 1 1
fn=getpath_realpath.cold
0 12 1 1 3 0 0 2 0 0
fn=getset_get
0 268217 4110 4 91155 5804 15 9548 0 0
fn=getset_get.warm
0 16 2 2 6 0 0 2 0 0
fn=getset_set
0 9634 363 2 3644 125 0 524 0 0
fn=getstring
0 2292 157 3 861 36 0 627 2 0
fn=hashtable_destroy_str
0 16 1 1 8 0 0 0 0 0
fn=hashtable_hash_str
0 650 44 1 150 0 0 150 0 0
fn=hashtable_key_from_2_strings
0 2806 178 4 460 1 0 690 0 0
fn=hashtable_unicode_compare.llvm.9504702192703139781
0 587694 1227 4 71670 11438 94 28668 0 0
fn=hashtable_unicode_hash.llvm.9504702192703139781
0 929418 1403 4 209387 1113 525 102128 360 2
fn=heappop_internal
0 697796 33399 3 206167 784 0 142731 0 0
fn=heapq_exec
0 19 1 0 3 0 0 5 0 0
fn=i2b
0 11 1 1 5 0 0 3 0 0
fn=i2b.cold
0 11 1 1 1 0 0 2 0 0
fn=imp_module_exec
0 29 2 2 7 1 0 6 0 0
fn=import_add_module.llvm.4544646981347616587
0 121 9 3 29 3 0 23 0 0
fn=import_find_extension
0 1932 126 3 588 55 0 504 0 0
fn=import_get_module.llvm.4544646981347616587
0 91 6 4 26 6 2 20 1 1
fn=import_star.llvm.7451131693333883409
0 98957 240 11 18667 863 0 5981 0 0
fn=incrementalnewlinedecoder_dealloc
0 133 9 6 46 13 0 34 0 0
fn=incrementalnewlinedecoder_traverse
0 64 2 2 14 0 0 12 0 0
fn=init_identifiers
0 432 35 35 2 0 0 173 14 13
fn=init_interp_main
0 619 50 41 140 19 0 113 7 0
fn=init_timezone
0 144 10 10 17 2 0 28 1 0
fn=init_types.llvm.16069275407038042540
0 2056 208 147 272 92 2 407 108 16
fn=initialize_structseq_dict
0 4461 79 12 1008 23 0 710 4 0
fn=ins1.llvm.4231398084858002475
0 1063 57 6 198 5 0 185 1 0
fn=insert_to_emptydict.llvm.12822448453316641776
0 13644 1006 8 4188 205 0 3898 117 32
fn=insertdict.llvm.12822448453316641776
0 201318 887 23 56645 275 0 23632 178 0
fn=insertdict.llvm.12822448453316641776.cold
0 81 1 1 27 0 0 27 0 0
fn=instr_sequence_to_cfg
0 288741 3134 20 85682 515 1 41827 111 18
fn=instr_sequence_to_cfg.cold
0 1413 163 1 0 0 0 0 0 0
fn=instr_sequence_use_label
0 37404 941 8 8938 0 0 7698 0 0
fn=int_bit_length
0 738 43 2 148 1 0 84 0 0
fn=int_bit_length.warm
0 2 1 1 1 0 0 0 0 0
fn=int_from_bytes
0 24010 609 6 5067 22 0 3469 0 0
fn=int_from_bytes.warm
0 722 121 1 0 0 0 0 0 0
fn=int_to_bytes
0 95 8 8 20 1 0 14 0 0
fn=intern_string_constants.llvm.7647040428114912363
0 1756798 901 4 411686 15761 2056 93270 861 0
fn=intern_string_constants.llvm.7647040428114912363.warm
0 1531 80 8 203 0 0 508 2 0
fn=interpreter_clear.llvm.14942267709159860110
0 698 56 54 219 44 23 81 5 4
fn=inversion_rule
0 452751 3647 21 130542 41 0 109954 1066 103
fn=inversion_rule.warm
0 5933 441 27 2170 4 0 1036 44 1
fn=invoke_gc_callback.llvm.4354118032299403194
0 3612 130 8 1204 191 1 946 11 0
fn=iobase_enter
0 4680 260 2 780 0 0 650 0 0
fn=iobase_exit
0 4160 390 2 780 0 0 780 0 0
fn=iobase_finalize
0 10202 402 9 3007 4 0 1925 1 0
fn=iobase_iter
0 108 6 4 18 1 0 15 1 0
fn=iomodule_clear
0 205 9 8 51 17 0 32 0 0
fn=iomodule_clear.cold
0 3 1 1 2 0 0 1 0 0
fn=iomodule_exec
0 446 32 30 64 4 0 68 5 0
fn=iomodule_free
0 1 0 0 0 0 0 0 0 0
fn=iomodule_traverse
0 1392 37 16 240 36 8 216 0 0
fn=is_dead_weakref
0 5805 430 2 1935 1 0 215 0 0
fn=iter_dealloc
0 9800 246 3 3430 16 0 1225 21 0
fn=iter_iternext
0 25995 476 4 7855 97 0 4295 0 0
fn=iter_len
0 248 16 2 80 0 0 48 0 0
fn=itertools_chain_from_iterable
0 40 4 1 8 0 0 14 0 0
fn=itertools_count
0 216 18 9 41 5 0 34 0 0
fn=itertools_permutations
0 2232 61 11 378 8 1 336 0 0
fn=itertoolsmodule_clear
0 296 14 14 72 27 0 46 0 0
fn=itertoolsmodule_clear.cold
0 9 3 3 6 0 0 3 0 0
fn=itertoolsmodule_exec
0 438 30 28 32 0 0 80 3 0
fn=itertoolsmodule_free
0 1 1 0 0 0 0 0 0 0
fn=itertoolsmodule_traverse
0 1980 51 24 324 48 12 300 0 0
fn=k_mul.llvm.16785204152912487848
0 4231421 144379 21 853751 19995 0 601409 582 0
fn=kvpair_rule
0 1824 36 3 528 0 0 528 0 0
fn=kwarg_or_double_starred_rule
0 153 8 3 54 0 0 33 0 0
fn=kwarg_or_starred_rule
0 712 23 10 254 0 0 148 2 2
fn=kwargs_rule
0 498 39 18 138 0 0 115 0 0
fn=l_divmod
0 87 8 8 18 0 0 11 0 0
fn=lambda_param_no_default_rule
0 23060 63 3 6210 0 0 5870 0 0
fn=lambda_param_rule
0 61353 105 5 23809 9 0 11649 413 14
fn=lambda_param_with_default_rule
0 2394 42 2 756 0 0 756 0 0
fn=lambda_parameters_rule
0 5253 231 11 1116 0 0 954 0 0
fn=lambda_slash_no_default_rule
0 6292 210 10 1046 0 0 1084 0 0
fn=lambda_slash_no_default_rule.warm
0 1610 84 4 514 0 0 236 0 0
fn=lambda_slash_with_default_rule
0 8018 273 13 1812 0 0 1383 0 0
fn=lambda_star_etc_rule
0 1260 84 4 357 0 0 336 0 0
fn=lambdef_rule
0 14864 402 7 5469 12 0 3548 14 5
fn=list___init__
0 5160 430 2 1290 0 0 645 0 0
fn=list___reversed__
0 5611 15 4 1810 0 0 1629 0 0
fn=list_append
0 72486 1387 10 19980 193 0 14026 247 7
fn=list_ass_item
0 1053 0 0 234 0 0 117 0 0
fn=list_ass_slice.llvm.4231398084858002475
0 2180963 129437 25 391901 108 0 356799 3 0
fn=list_ass_slice.llvm.4231398084858002475.warm
0 390 3 3 85 1 0 5 0 0
fn=list_ass_subscript
0 7458 561 13 2321 28 1 1320 2 0
fn=list_ass_subscript.warm
0 48 8 1 16 4 0 8 0 0
fn=list_builtin_module_names
0 36 2 2 12 2 0 6 0 0
fn=list_concat
0 4119 103 3 1308 79 0 661 21 3
fn=list_contains
0 105876 223 7 29689 38 0 7182 0 0
fn=list_dealloc
0 12835883 115453 26 3677407 543941 150 1421129 10475 18
fn=list_extend.llvm.4231398084858002475
0 1335539 6466 35 274816 108064 1325 265669 15227 14596
fn=list_extend.llvm.4231398084858002475.warm
0 8192 651 5 734 0 0 966 0 0
fn=list_index
0 57 7 7 14 0 0 11 0 0
fn=list_inplace_concat
0 1710 93 1 456 0 0 342 0 0
fn=list_insert
0 341 19 4 77 0 0 66 0 0
fn=list_item
0 12607 20 1 7765 388 0 175 0 0
fn=list_item.warm
0 160 20 1 60 20 0 40 0 0
fn=list_iter
0 3649479 63278 14 1216493 14085 0 846256 478 1
fn=list_iter.warm
0 105782 17244 1 0 0 0 0 0 0
fn=list_length
0 123866 12673 0 123866 0 0 0 0 0
fn=list_new_prealloc.llvm.4231398084858002475
0 9228 680 8 2966 120 0 2796 84 0
fn=list_pop
0 91909 5836 8 23194 247 1 15708 0 0
fn=list_remove
0 34320 2859 4 8580 362 0 7865 5 0
fn=list_repeat
0 3177 191 6 612 0 0 554 2 0
fn=list_reverse
0 102 7 2 27 0 0 12 0 0
fn=list_richcompare
0 12567 1600 12 4689 308 0 2522 0 0
fn=list_richcompare.warm
0 377 56 2 105 5 1 0 0 0
fn=list_sort
0 929 56 4 137 2 0 157 0 0
fn=list_sort.warm
0 6 1 1 1 0 0 0 0 0
fn=list_sort_impl.llvm.4231398084858002475
0 17599240 4484 104 3083559 120121 0 1765668 1631 79
fn=list_stdlib_module_names
0 2418 2 2 301 39 38 606 1 0
fn=list_stdlib_module_names.warm
0 20 2 1 6 1 0 3 0 0
fn=list_subscript
0 47933 1806 31 13783 852 4 7122 177 0
fn=list_to_tuple.llvm.7451131693333883409
0 1292 277 0 646 0 0 0 0 0
fn=list_traverse
0 4198950 89 6 666191 41397 33559 343714 5 0
fn=list_vectorcall
0 57784 4390 13 16375 251 0 11674 0 0
fn=list_vectorcall.warm
0 1286 637 2 0 0 0 0 0 0
fn=listiter_dealloc
0 2171947 5919 4 741054 12297 1 265024 12205 1
fn=listiter_next
0 4175596 21882 4 1804804 95037 233 520978 0 0
fn=listiter_traverse
0 312 6 2 52 3 0 52 0 0
fn=listreviter_dealloc
0 7623 87 8 2539 0 0 909 0 0
fn=listreviter_next
0 3247 12 4 802 0 0 557 0 0
fn=load_args_for_super
0 684 48 4 264 5 0 132 0 0
fn=locale_clear
0 15 0 0 4 2 0 4 0 0
fn=locale_free
0 10 1 1 5 0 0 1 0 0
fn=locale_traverse
0 160 4 3 56 8 2 32 0 0
fn=lock_PyThread_acquire_lock
0 122 4 4 24 0 0 23 0 0
fn=lock_PyThread_release_lock
0 60 2 2 20 0 0 15 0 0
fn=lock_acquire_parse_args
0 16602 1230 6 3059 387 2 3060 35 0
fn=lock_dealloc
0 7958 545 9 2775 349 2 1851 2 1
fn=lock_locked_lock
0 15 1 1 6 0 0 0 0 0
fn=lock_traverse
0 2040 32 3 340 0 0 340 0 0
fn=long_abs
0 22 2 2 7 0 0 4 0 0
fn=long_add
0 72 10 1 48 0 0 0 0 0
fn=long_and
0 145326 4548 17 41849 107 0 18566 42 0
fn=long_bitwise
0 5539 280 12 987 0 0 751 1 0
fn=long_bool
0 1326 62 0 442 0 0 0 0 0
fn=long_dealloc
0 3459654 6761 6 940936 63593 125 0 0 0
fn=long_div
0 158 10 3 50 0 0 21 0 0
fn=long_hash
0 49852 1488 2 13596 114 0 0 0 0
fn=long_invert
0 1240 36 0 248 0 0 0 0 0
fn=long_lshift
0 7665 348 12 1611 0 0 965 1 1
fn=long_mul
0 630146 9343 14 239022 9534 0 101094 11 0
fn=long_neg
0 1802 135 4 404 0 0 306 3 0
fn=long_new
0 48757 1262 2 11517 0 0 7448 8 0
fn=long_new_impl
0 64722 1772 9 15855 306 0 10507 11 0
fn=long_new_impl.warm
0 10 2 2 2 0 0 2 0 0
fn=long_or
0 16959 845 5 5203 10 1 1917 11 0
fn=long_pow
0 6915 417 27 1571 50 0 664 4 0
fn=long_richcompare
0 272984 5676 17 71085 816 11 0 0 0
fn=long_rshift
0 4284 337 15 714 17 0 427 0 0
fn=long_sub
0 246 34 1 164 0 0 0 0 0
fn=long_to_decimal_string
0 2109124 147360 20 413965 237 0 324256 4109 0
fn=long_to_decimal_string_internal.llvm.16785204152912487848
0 768 36 18 176 3 0 106 2 0
fn=long_true_divide
0 599661 54255 12 223379 7464 0 113928 306 0
fn=long_true_divide.warm
0 231 32 1 99 0 0 66 0 0
fn=long_xor
0 737 34 2 266 0 0 0 0 0
fn=longrangeiter_dealloc
0 30 2 2 11 0 0 3 0 0
fn=lookup_maybe_method
0 6720 342 3 2348 319 0 850 0 0
fn=lookup_maybe_method.warm
0 1532 116 8 471 72 0 250 9 0
fn=lookup_method
0 13742 835 13 5362 579 2 2532 101 0
fn=lookup_method.cold
0 12 2 2 3 2 1 3 0 0
fn=lru_cache_call
0 162 70 1 81 53 0 0 0 0
fn=lru_cache_dealloc
0 1322 4 2 441 92 0 360 0 0
fn=lru_cache_descr_get
0 35 5 0 0 0 0 0 0 0
fn=lru_cache_descr_get.warm
0 30 5 1 10 0 0 5 0 0
fn=lru_cache_make_key
0 2690 131 2 807 1 0 638 9 0
fn=lru_cache_new
0 5248 269 10 1506 342 0 1395 11 0
fn=lru_cache_tp_clear
0 4019 13 7 1067 220 1 866 15 0
fn=lru_cache_tp_traverse
0 35648 58 12 6832 1522 408 5652 0 0
fn=lru_list_elem_dealloc
0 2343 6 3 754 31 2 489 0 0
fn=lshift
0 2189 34 15 619 1 1 394 2 1
fn=lshift.warm
0 20 3 3 1 0 0 3 1 1
fn=lzma_clear
0 65 2 2 20 4 0 9 0 0
fn=lzma_exec
0 232 17 15 4 1 0 43 1 0
fn=lzma_free
0 1 0 0 0 0 0 0 0 0
fn=lzma_traverse
0 336 8 6 80 2 0 56 0 0
fn=main
0 10 2 2 1 1 1 5 0 0
fn=make_dict_from_instance_attributes.llvm.12822448453316641776
0 6258 138 7 1388 212 0 455 18 0
fn=make_flags
0 19 1 1 3 0 0 5 0 0
fn=make_impl_info
0 194 13 13 46 1 1 46 0 0
fn=make_pending_calls.llvm.7660091261208025340
0 104 8 8 37 4 0 21 1 0
fn=make_range_object
0 69255 1852 11 14939 159 0 8766 40 0
fn=make_range_object.warm
0 124 7 7 18 0 0 14 0 0
fn=make_type
0 9093 446 4 2597 492 29 2796 26 0
fn=make_typevar.llvm.7451131693333883409
0 16 3 1 0 0 0 0 0 0
fn=make_typevar_with_bound.llvm.7451131693333883409
0 4 1 0 0 0 0 0 0 0
fn=make_version_info
0 24 2 2 4 0 0 10 0 0
fn=map_dealloc
0 5010 191 2 1695 8 0 886 1 0
fn=map_next
0 50352 804 11 16129 184 0 7200 3 0
fn=map_next.cold
0 22 11 1 0 0 0 0 0 0
fn=map_next.warm
0 572 55 5 143 7 0 110 0 0
fn=map_vectorcall
0 8611 382 4 1905 205 0 1753 0 0
fn=mappingproxy_contains
0 642 115 0 428 0 0 0 0 0
fn=mappingproxy_dealloc
0 45339 1215 6 15468 42 0 6185 11 0
fn=mappingproxy_get
0 29120 953 3 5040 0 0 5600 6 0
fn=mappingproxy_getitem
0 1136 14 0 568 0 0 0 0 0
fn=mappingproxy_getiter
0 30 12 1 15 0 0 0 0 0
fn=mappingproxy_items
0 4587 416 2 973 0 0 834 0 0
fn=mappingproxy_keys
0 924 84 2 196 0 0 168 0 0
fn=mappingproxy_len
0 494 26 1 182 22 0 26 0 0
fn=mappingproxy_new
0 1035 64 3 322 11 0 184 0 0
fn=mappingproxy_traverse
0 288 6 3 48 0 0 48 0 0
fn=mappingproxy_values
0 264 24 3 56 0 0 48 0 0
fn=marshal_loads
0 13800 960 8 3600 739 0 3360 85 0
fn=marshal_module_exec
0 10 0 0 3 0 0 2 0 0
fn=match_dealloc
0 13283 351 3 4155 14 0 3135 1 0
fn=match_dealloc.warm
0 6 1 1 2 0 0 1 0 0
fn=match_getslice
0 13468 117 3 2886 64 0 1443 0 0
fn=match_getslice_by_index
0 11580 129 3 2898 0 0 1443 0 0
fn=match_getslice_by_index.warm
0 2151 11 2 1195 0 0 0 0 0
fn=match_group
0 5772 15 1 1443 0 0 481 0 0
fn=math_2
0 112 7 6 38 0 0 32 0 0
fn=math_ceil
0 192 11 3 60 0 0 60 0 0
fn=math_clear
0 26 1 1 9 5 0 4 0 0
fn=math_copysign
0 12 1 1 2 1 1 0 0 0
fn=math_exec
0 66 4 4 10 4 3 19 0 0
fn=math_exp
0 46046 4004 4 12012 2 0 10010 0 0
fn=math_exp.warm
0 1001 24 2 0 0 0 0 0 0
fn=math_floor
0 342 2 2 132 4 0 84 0 0
fn=math_floor.cold
0 198 8 2 36 0 0 45 0 0
fn=math_free
0 1 1 1 0 0 0 0 0 0
fn=math_fsum
0 10485024 69 7 1073987 52851 38 588296 1 0
fn=math_fsum.warm
0 735 67 7 247 33 1 65 4 0
fn=math_log
0 243152 4020 11 62395 24 0 54395 11 0
fn=math_log.warm
0 4893 1528 2 0 0 0 0 0 0
fn=math_sqrt
0 50200 2014 3 12048 3 0 9036 2 0
fn=math_sqrt.warm
0 1004 1003 1 0 0 0 0 0 0
fn=mbuf_add_view.llvm.10799086579308954786
0 28231 1056 16 8806 1 0 8547 334 21
fn=mbuf_dealloc
0 4714 385 6 1441 110 0 523 0 0
fn=mbuf_traverse
0 226 9 1 40 0 0 36 0 0
fn=member_get
0 76419 2323 2 20108 2093 7 8046 27 1
fn=member_get.warm
0 341 10 3 91 0 0 1 0 0
fn=member_set
0 4810 132 2 1443 0 0 481 0 0
fn=member_set.warm
0 148 3 1 38 0 0 0 0 0
fn=memory_dealloc
0 20441 1360 11 7207 583 0 3596 218 0
fn=memory_getbuf
0 8388 524 8 1967 8 0 1965 0 0
fn=memory_getbuf.cold
0 786 262 4 0 0 0 0 0 0
fn=memory_releasebuf
0 262 131 2 262 0 0 0 0 0
fn=memory_richcompare
0 1112 80 10 296 17 1 96 0 0
fn=memory_subscript
0 12768 768 6 3456 11 0 1400 0 0
fn=memory_traverse
0 240 9 1 40 0 0 40 0 0
fn=memoryview
0 1560 120 1 480 0 0 240 0 0
fn=merge_at
0 18328287 220 87 5369843 67383 0 2012415 18552 1
fn=merge_at.cold
0 2 1 1 0 0 0 0 0 0
fn=merge_at.warm
0 1006764 90 46 177489 49 0 143970 1318 0
fn=merge_consts_recursive
0 28520 590 5 6388 1 0 5790 5 0
fn=merge_consts_recursive.warm
0 6482 72 11 982 1 0 432 0 0
fn=meth_dealloc
0 736537 14204 23 253329 2197 5 97541 328 0
fn=meth_dealloc.warm
0 81 3 2 18 6 0 9 0 0
fn=meth_get__doc__
0 4 1 1 3 0 0 0 0 0
fn=meth_get__name__
0 45 2 0 30 8 0 0 0 0
fn=meth_get__qualname__
0 15 2 2 7 0 0 3 0 0
fn=meth_hash
0 1365 10 1 420 50 0 0 0 0
fn=meth_richcompare
0 615 30 3 145 8 0 45 0 0
fn=meth_traverse
0 282761 68 6 70824 5477 1131 40798 0 0
fn=method_check_args
0 20246 576 2 7720 4 0 1506 0 0
fn=method_dealloc
0 1237138 46373 8 398774 8685 1 155216 230 0
fn=method_dealloc.warm
0 9 2 1 6 1 0 3 0 0
fn=method_get
0 622856 21231 15 178777 7505 26 132486 2369 135
fn=method_get.warm
0 177 16 2 63 4 0 46 0 0
fn=method_get_doc
0 45 15 0 15 0 0 0 0 0
fn=method_getattro
0 3059 42 2 1178 37 1 456 0 0
fn=method_new
0 286 8 1 88 0 0 22 0 0
fn=method_new_impl
0 550 19 2 88 15 0 66 0 0
fn=method_output_as_list.llvm.11163701328291538456
0 16758 1174 8 4410 624 0 3381 64 0
fn=method_traverse
0 24978 78 6 4752 0 0 3960 0 0
fn=method_vectorcall.llvm.17611161040159501181
0 172277 10433 7 55453 5032 1 32708 33 1
fn=method_vectorcall.llvm.17611161040159501181.warm
0 16 2 1 1 0 0 2 0 0
fn=method_vectorcall_FASTCALL.llvm.4423039280050994690
0 27047 687 2 8041 231 5 5848 1 0
fn=method_vectorcall_FASTCALL_KEYWORDS.llvm.4423039280050994690
0 2400 171 3 720 22 1 480 0 0
fn=method_vectorcall_FASTCALL_KEYWORDS_METHOD.llvm.4423039280050994690
0 20034 645 9 6678 204 2 3816 0 0
fn=method_vectorcall_NOARGS.llvm.4423039280050994690
0 91264 2687 11 31673 1794 21 8988 78 1
fn=method_vectorcall_O.llvm.4423039280050994690
0 26556 1500 11 9206 564 11 2368 2 0
fn=method_vectorcall_VARARGS.llvm.4423039280050994690
0 431983 5111 12 150924 1689 3 88064 209 0
fn=method_vectorcall_VARARGS.llvm.4423039280050994690.cold
0 342 97 1 0 0 0 0 0 0
fn=method_vectorcall_VARARGS.llvm.4423039280050994690.warm
0 9063 484 5 2052 4 0 1368 25 0
fn=method_vectorcall_VARARGS_KEYWORDS.llvm.4423039280050994690
0 15548 385 5 4054 107 0 3334 0 0
fn=min_max
0 4985399 147419 16 1216815 44260 3 636997 0 0
fn=min_max.warm
0 14089 2664 4 164 0 0 1333 0 0
fn=module___init__
0 3915 270 2 1215 0 0 540 0 0
fn=module_add_int_constant
0 728 2 2 144 0 0 170 0 0
fn=module_clear
0 1634 7 2 503 102 0 332 0 0
fn=module_dealloc
0 8900 12 7 3205 623 49 1017 100 11
fn=module_dict_for_exec
0 50 3 3 14 1 0 10 0 0
fn=module_dir
0 56 4 3 14 0 0 10 0 0
fn=module_init_dict.llvm.5916971608013666709
0 10607 723 4 1638 0 0 2053 0 0
fn=module_traverse
0 36373 87 8 7524 936 219 3786 0 0
fn=mpd_setminalloc
0 11 1 1 3 1 1 3 0 0
fn=mro_hierarchy
0 60 6 6 13 0 0 12 0 0
fn=mro_implementation
0 109770 2800 18 34427 1265 11 14204 433 0
fn=mro_internal
0 92422 4321 8 22349 292 3 15202 8 0
fn=mro_internal.cold
0 15 3 3 2 0 0 3 0 0
fn=mro_internal.warm
0 393 3 1 131 0 0 0 0 0
fn=mult
0 1042 31 9 245 0 0 149 1 0
fn=mult.warm
0 58 9 3 2 0 0 6 2 2
fn=multadd
0 248 12 5 74 0 0 66 2 1
fn=mutablemapping_add_pairs
0 3842 32 8 1126 0 0 600 0 0
fn=mutablemapping_update
0 248 10 2 60 0 0 52 0 0
fn=mutablemapping_update_arg
0 172 12 3 40 0 0 36 0 0
fn=named_expression_rule
0 43560 195 3 10916 5 0 10002 0 0
fn=namespace_dealloc
0 570 5 4 209 54 0 133 13 0
fn=namespace_init
0 476 34 2 221 0 0 102 0 0
fn=namespace_new
0 578 51 3 185 0 0 203 1 0
fn=namespace_traverse
0 1920 13 3 320 34 5 320 0 0
fn=newPyEpoll_Object
0 32 2 2 5 0 0 9 0 0
fn=new_compiler.llvm.1838710423278835948
0 10426 742 9 2928 683 0 3345 226 0
fn=new_compiler.llvm.1838710423278835948.warm
0 60 12 1 0 0 0 12 0 0
fn=new_date_ex
0 990 12 3 154 7 1 242 0 0
fn=new_datetime_ex2
0 281 7 7 60 1 0 71 0 0
fn=new_dict_with_shared_keys.llvm.12822448453316641776
0 15540 742 4 3795 61 0 4680 82 51
fn=new_module
0 7020 540 4 2160 5 0 2430 8 0
fn=new_threadstate.llvm.14942267709159860110
0 63 7 7 17 2 2 24 4 3
fn=newblock
0 44 3 1 16 0 0 8 0 0
fn=none_hash
0 3448 113 0 1724 0 0 0 0 0
fn=none_repr
0 42 17 0 0 0 0 0 0 0
fn=notify_code_watchers
0 184120 410 3 92060 515 3 64442 59 1
fn=object___format__
0 45 5 1 20 0 0 5 0 0
fn=object_dealloc
0 146992 717 3 73496 878 3 0 0 0
fn=object_init
0 33420 990 2 17467 1 0 3188 0 0
fn=object_init_subclass
0 1452 642 1 726 0 0 0 0 0
fn=object_isinstance.llvm.11163701328291538456
0 12288 397 2 3584 182 0 1024 7 0
fn=object_issubclass.llvm.11163701328291538456
0 21513 983 7 4953 30 0 2554 1 0
fn=object_new
0 1944737 32048 8 522053 82115 13 320420 466 183
fn=object_new.warm
0 240 59 1 0 0 0 60 0 0
fn=object_recursive_isinstance.llvm.11163701328291538456
0 282113 3198 6 85526 1792 2 39282 118 0
fn=object_richcompare
0 38695 1234 1 6030 110 0 3515 0 0
fn=object_richcompare.warm
0 30000 2905 3 5000 0 0 2000 0 0
fn=object_str
0 54665 10434 2 21866 18 0 0 0 0
fn=object_subclasshook
0 80 19 1 40 0 0 0 0 0
fn=object_vacall.llvm.18397689215175225355
0 54013 1707 6 9932 313 3 7838 122 0
fn=odict_dealloc
0 1432 36 8 616 37 0 208 0 0
fn=odict_init
0 328 10 2 72 1 0 56 0 0
fn=odict_mp_ass_sub
0 2464 13 3 528 8 0 528 0 0
fn=odictiter_dealloc
0 376 32 4 128 3 0 40 2 0
fn=odictiter_iternext
0 6800 83 6 2432 112 0 936 0 0
fn=odictvalues_iter
0 336 20 6 112 3 0 104 0 0
fn=odictvalues_new
0 16 6 1 0 0 0 0 0 0
fn=operator_clear
0 35 2 2 9 4 0 7 0 0
fn=operator_exec
0 99 7 6 16 0 0 17 1 0
fn=operator_free
0 13 1 0 6 2 0 1 0 0
fn=operator_traverse
0 384 12 6 96 24 3 72 0 0
fn=optimize_and_assemble.llvm.1838710423278835948
0 142730 3340 27 37424 548 0 8927 3 0
fn=optimize_and_assemble.llvm.1838710423278835948.cold
0 398 199 1 0 0 0 0 0 0
fn=optimize_and_assemble.llvm.1838710423278835948.warm
0 4 4 2 0 0 0 0 0 0
fn=os__path_normpath
0 10321 59 8 977 15 2 881 0 0
fn=os__path_normpath.cold
0 210 18 4 12 0 0 6 0 0
fn=os_fspath
0 6336 837 1 1728 0 0 1152 0 0
fn=os_get_terminal_size
0 1080 81 3 270 54 1 243 0 0
fn=os_listdir
0 55213 498 19 9521 110 2 13381 24 0
fn=os_listdir.cold
0 7 2 2 1 1 0 1 0 0
fn=os_lstat
0 608 48 5 176 24 2 144 0 0
fn=os_register_at_fork
0 88 6 3 12 0 0 14 0 0
fn=os_register_at_fork_impl
0 106 6 3 14 0 0 22 0 0
fn=os_stat
0 44916 1541 5 13593 1303 2 10638 36 0
fn=oserror_init
0 6413 352 4 1430 22 0 1427 0 0
fn=oserror_init.cold
0 132 63 1 0 0 0 0 0 0
fn=param_no_default_rule
0 84220 149 4 23360 0 0 20420 0 0
fn=param_rule
0 270063 367 10 98596 235 0 54043 1369 186
fn=param_rule.warm
0 105 10 3 10 0 0 30 0 0
fn=param_with_default_rule
0 24627 152 7 6660 0 0 6501 0 0
fn=params_rule
0 20173 808 27 4613 14 0 4009 7 0
fn=parse_args_finds_unicode
0 17570 900 4 3765 0 0 6275 273 1
fn=parse_internal_render_format_spec.llvm.12512253103730487364
0 90502 5529 11 13238 2 2 13261 3 0
fn=parse_internal_render_format_spec.llvm.12512253103730487364.warm
0 83 7 6 11 1 1 14 0 0
fn=parser_init
0 272 8 1 136 42 10 0 0 0
fn=parser_init.warm
0 721 40 10 214 56 34 168 6 1
fn=partial_call
0 1907 103 3 478 22 0 404 1 0
fn=partial_call.cold
0 4 2 2 0 0 0 0 0 0
fn=partial_clear
0 1692 73 5 505 26 0 324 0 0
fn=partial_dealloc
0 1485 69 4 495 57 0 405 13 0
fn=partial_new
0 3141 206 7 910 65 1 732 1 0
fn=partial_traverse
0 1848 18 6 396 19 2 308 0 0
fn=partial_vectorcall
0 1044 59 2 324 2 0 252 0 0
fn=path_converter
0 53962 2093 8 14522 568 0 12075 113 0
fn=pattern_clear
0 23 2 2 8 2 0 4 0 0
fn=pattern_dealloc
0 2370 16 7 772 95 22 514 2 0
fn=pattern_subx
0 9021 602 23 1952 60 0 1679 29 0
fn=pattern_subx.warm
0 50 10 1 0 0 0 10 0 0
fn=pattern_traverse
0 10664 40 4 2592 142 52 1744 0 0
fn=permutations_dealloc
0 1062 10 4 432 2 0 252 0 0
fn=permutations_next
0 2862 31 10 846 3 0 618 0 0
fn=permutations_traverse
0 64 2 2 14 0 0 12 0 0
fn=posix_do_stat
0 43348 2313 6 9706 21 0 8985 86 0
fn=posix_do_stat.cold
0 1198 482 1 0 0 0 0 0 0
fn=posixmodule_exec
0 5505 107 101 438 23 8 937 13 7
fn=pow5mult
0 253 15 7 58 5 2 41 2 1
fn=pow5mult.warm
0 6 1 1 0 0 0 3 0 0
fn=prepare_localsplus
0 55778 1955 26 13066 310 1 3512 0 0
fn=primary_rule
0 1002564 2034 25 347859 118 0 166720 1801 135
fn=primary_rule.warm
0 280 32 7 47 0 0 91 2 0
fn=probe_faccessat
0 2 0 0 1 0 0 0 0 0
fn=probe_fchmodat
0 2 1 1 1 0 0 0 0 0
fn=probe_fchownat
0 2 0 0 1 0 0 0 0 0
fn=probe_fdopendir
0 2 0 0 1 0 0 0 0 0
fn=probe_fstatat
0 2 0 0 1 0 0 0 0 0
fn=probe_futimens
0 2 0 0 1 0 0 0 0 0
fn=probe_linkat
0 2 0 0 1 0 0 0 0 0
fn=probe_mkdirat
0 2 0 0 1 0 0 0 0 0
fn=probe_mkfifoat
0 2 0 0 1 0 0 0 0 0
fn=probe_mknodat
0 2 0 0 1 0 0 0 0 0
fn=probe_openat
0 2 0 0 1 0 0 0 0 0
fn=probe_readlinkat
0 2 0 0 1 0 0 0 0 0
fn=probe_renameat
0 2 0 0 1 0 0 0 0 0
fn=probe_symlinkat
0 2 0 0 1 0 0 0 0 0
fn=probe_unlinkat
0 2 0 0 1 0 0 0 0 0
fn=probe_utimensat
0 2 0 0 1 0 0 0 0 0
fn=product_dealloc
0 1344 8 3 504 0 0 312 0 0
fn=product_new
0 1764 14 5 324 0 0 492 0 0
fn=product_next
0 8252 36 13 3057 6 0 1842 1 0
fn=product_next.warm
0 732 5 2 144 0 0 108 0 0
fn=property_copy
0 481 18 3 107 0 0 40 0 0
fn=property_copy.cold
0 16 6 1 0 0 0 0 0 0
fn=property_dealloc
0 9350 26 6 3517 600 0 1415 3 0
fn=property_descr_get
0 2339 172 2 444 7 1 495 4 0
fn=property_descr_get.warm
0 153 8 2 68 0 0 17 0 0
fn=property_descr_set
0 150 10 4 35 0 0 35 0 0
fn=property_get___isabstractmethod__
0 888 30 1 200 7 0 166 0 0
fn=property_get___isabstractmethod__.warm
0 25 3 1 10 0 0 0 0 0
fn=property_init
0 22721 592 9 4209 0 0 3864 1 0
fn=property_set_name
0 3945 78 2 1246 59 0 414 0 0
fn=property_setter
0 32 7 1 0 0 0 0 0 0
fn=property_traverse
0 82043 96 9 17334 1272 68 10728 0 0
fn=pycore_interp_init
0 2144 25 18 442 116 107 520 75 61
fn=pyepoll_dealloc
0 21 1 1 5 0 0 7 0 0
fn=pyepoll_internal_close
0 34 1 1 10 0 0 10 0 0
fn=pymain_main.llvm.3091606941442138709
0 93 10 9 21 2 2 36 2 0
fn=pymain_run_module
0 124 9 8 18 5 4 25 1 0
fn=pymain_sys_path_add_path0
0 22 1 1 3 0 0 5 0 0
fn=pysiphash
0 7365948 54217 33 648845 14652 439 171306 50 0
fn=pyurandom
0 53 5 5 9 1 0 10 2 0
fn=r_long
0 1175048 121 1 377694 2590 1399 167864 142 1
fn=r_object.llvm.4986627077936473126
0 12571520 5147 43 2892324 40022 8941 1914685 13938 4355
fn=r_object.llvm.4986627077936473126.cold
0 38 9 1 0 0 0 0 0 0
fn=r_object.llvm.4986627077936473126.warm
0 8173 198 22 1617 150 1 1543 38 1
fn=r_string
0 272920 121 1 95522 0 0 68230 0 0
fn=random_seed
0 25689 13 13 3144 2 0 1894 2 0
fn=random_seed_urandom
0 25593 6 6 3122 24 0 1877 2 0
fn=range_dealloc
0 12784 411 2 6086 29 0 608 0 0
fn=range_from_array
0 14103 486 3 3068 5 0 2566 0 0
fn=range_iter
0 24672 1066 6 6016 194 0 5327 13 0
fn=range_iter.warm
0 394 39 5 29 2 0 10 0 0
fn=range_subscript
0 14364 665 6 4104 158 0 2736 0 0
fn=range_vectorcall
0 1885 225 1 0 0 0 0 0 0
fn=rangeiter_next
0 4345 59 2 1309 0 0 1144 0 0
fn=read_object.llvm.4986627077936473126
0 3872 242 2 847 51 0 605 0 0
fn=realize
0 786 6 5 369 4 0 13 0 0
fn=register_at_forker
0 46 4 2 8 2 0 5 0 0
fn=register_tm_clones
0 9 1 1 1 0 0 0 0 0
fn=release_sentinel
0 19 2 2 6 2 0 4 0 0
fn=remove_all_subclasses
0 96692 83 16 28771 1689 116 17507 75 0
fn=remove_importlib_frames.llvm.4544646981347616587
0 1552 72 9 448 64 1 144 8 0
fn=replace
0 37933 1295 37 7139 119 0 3738 3 0
fn=resize_buffer
0 39 3 3 8 1 0 6 0 0
fn=resize_compact.llvm.9504702192703139781
0 18183 415 4 2552 0 0 1914 16 0
fn=reversed_dealloc
0 63 6 1 25 0 0 13 0 0
fn=reversed_new_impl
0 9222 27 9 2576 2 1 1661 0 0
fn=reversed_next
0 143 8 4 50 0 0 17 0 0
fn=reversed_vectorcall
0 2576 7 2 736 0 0 552 0 0
fn=rlock_acquire
0 13361 827 2 3448 17 0 3448 0 0
fn=rlock_dealloc
0 7826 546 6 2730 478 0 1820 57 1
fn=rlock_new
0 4004 364 2 728 0 0 1456 96 2
fn=rlock_release
0 12068 792 2 3448 0 0 3448 0 0
fn=rlock_traverse
0 1800 32 3 300 0 0 300 0 0
fn=rsplit
0 1282 48 10 206 9 0 120 0 0
fn=run_mod.llvm.16950199646776546913
0 6975 425 5 1125 172 0 1575 75 0
fn=s_dealloc
0 288 3 3 114 18 0 66 2 0
fn=s_new
0 84 2 2 24 0 0 30 0 0
fn=s_traverse
0 900 6 5 216 18 6 180 0 0
fn=scan_block_for_locals
0 89732 681 6 21714 120 3 955 0 0
fn=scanner_clear
0 57 4 4 18 3 0 11 0 0
fn=scanner_dealloc
0 31 2 2 10 4 0 9 0 0
fn=scanner_new
0 190 13 13 36 1 0 37 1 0
fn=scanner_traverse
0 480 12 9 88 8 3 80 0 0
fn=select_epoll
0 31 2 2 6 0 0 5 0 0
fn=select_epoll_close
0 1 1 1 0 0 0 0 0 0
fn=select_epoll_close_impl
0 10 0 0 2 0 0 4 0 0
fn=select_epoll_impl
0 12 1 1 1 0 0 1 0 0
fn=set_add
0 37067 518 15 7756 54 1 5185 0 0
fn=set_add.warm
0 39 6 2 3 0 0 0 0 0
fn=set_add_entry.llvm.16588745773912062074
0 21225 224 4 4919 14 0 3456 8 0
fn=set_and
0 231 22 2 44 0 0 33 0 0
fn=set_clear
0 59 5 5 17 0 0 25 0 0
fn=set_collection_flag_recursive
0 204 7 0 60 0 0 36 0 0
fn=set_contains
0 300828 3221 8 69137 2859 36 31412 3 0
fn=set_contains.cold
0 10352 194 2 1294 0 0 0 0 0
fn=set_contains_entry
0 2344 63 6 511 9 0 258 0 0
fn=set_contains_key
0 6831 133 5 1887 88 0 870 0 0
fn=set_dealloc
0 286942 1145 10 65739 3468 781 27497 63 0
fn=set_difference_update
0 52 2 2 16 0 0 12 0 0
fn=set_difference_update_internal
0 206 14 14 53 5 1 22 0 0
fn=set_direct_contains
0 1404 58 0 312 0 0 312 0 0
fn=set_discard
0 78 6 2 18 0 0 15 0 0
fn=set_discard_entry.llvm.16588745773912062074
0 47385 237 15 13620 10 0 7477 1 0
fn=set_flags_from_config
0 437 31 16 106 11 0 80 0 0
fn=set_inheritable.llvm.9628032256191913418
0 2882 129 0 786 131 0 655 0 0
fn=set_intersection
0 1862 71 7 292 0 0 164 0 0
fn=set_ior
0 16478 164 2 2996 1 0 2996 0 0
fn=set_issubset
0 2325 40 4 408 0 0 142 0 0
fn=set_issuperset
0 5747 198 6 1422 2 0 713 0 0
fn=set_iter
0 10770 561 3 3231 1 0 3949 2 0
fn=set_len
0 854 137 0 854 0 0 0 0 0
fn=set_or
0 310 15 4 40 0 0 70 0 0
fn=set_pop
0 1344 48 3 200 0 0 80 0 0
fn=set_richcompare
0 205 30 3 47 10 1 33 0 0
fn=set_table_resize.llvm.16588745773912062074
0 13036 235 6 2489 0 0 1252 33 0
fn=set_traverse
0 827108 87 8 104018 15479 4578 28546 4 0
fn=set_update_internal.llvm.16588745773912062074
0 245950 1961 37 54111 806 0 27388 49 0
fn=set_update_internal.llvm.16588745773912062074.warm
0 3561 71 7 823 6 0 308 0 0
fn=set_vectorcall
0 4837 328 3 924 20 0 1031 0 0
fn=set_vectorcall.warm
0 2601 196 2 153 65 0 1071 0 0
fn=setiter_dealloc
0 14369 671 7 5029 7 0 1797 2 0
fn=setiter_iternext
0 70502 656 6 12685 645 7 1824 0 0
fn=setup_confname_table
0 5845 7 6 1490 17 0 980 0 0
fn=setup_ga
0 39 3 3 11 1 0 9 0 0
fn=sha2_exec
0 78 7 5 9 0 0 15 0 0
fn=shift_expr_rule
0 706803 938 10 261555 83 0 102223 1180 102
fn=shift_expr_rule.warm
0 133 14 4 21 0 0 42 3 1
fn=siftdown
0 2436751 44537 4 662538 32656 0 498278 0 0
fn=siftup
0 1037289 39685 5 265352 7657 0 222187 0 0
fn=signal_module_exec
0 1988 41 39 436 21 0 162 1 0
fn=signaldict_init
0 18 1 1 6 0 0 6 0 0
fn=simple_stmt_rule
0 119425 3516 63 36981 94 0 28065 463 112
fn=simple_stmt_rule.warm
0 1161 79 18 371 0 0 195 15 2
fn=simple_stmts_rule
0 22006 993 9 6166 26 0 5531 74 23
fn=simple_stmts_rule.warm
0 192 14 7 46 0 0 40 0 0
fn=single_subscript_attribute_target_rule
0 37829 588 12 13234 0 0 8881 33 23
fn=single_target_rule
0 12908 241 3 3054 0 0 2994 0 0
fn=skipitem.llvm.11509138324930172611
0 836 44 2 220 20 1 176 0 0
fn=slash_no_default_rule
0 23552 715 24 5258 8 0 4498 13 0
fn=slash_with_default_rule
0 29459 822 26 7384 6 0 5584 14 0
fn=slice_dealloc
0 82867 1176 6 38995 3 0 17059 1 0
fn=slice_dealloc.warm
0 14 2 2 4 0 0 0 0 0
fn=slice_new
0 29 3 3 5 0 0 7 0 0
fn=slice_traverse
0 256 5 3 56 0 0 48 0 0
fn=slot_mp_ass_subscript
0 4522 189 2 476 1 0 948 0 0
fn=slot_mp_subscript
0 2394 193 1 266 11 0 798 1 0
fn=slot_nb_and
0 3034 243 3 1066 2 0 656 0 0
fn=slot_nb_bool
0 440 15 2 90 0 0 80 0 0
fn=slot_nb_int
0 896 35 1 224 0 0 336 0 0
fn=slot_nb_or
0 374 31 3 112 4 0 77 0 0
fn=slot_nb_or.warm
0 10 3 2 0 0 0 3 0 0
fn=slot_sq_contains
0 3162 42 5 672 7 0 432 0 0
fn=slot_sq_item
0 16950 223 2 4520 0 0 5085 0 0
fn=slot_sq_length
0 19107 421 2 4053 166 0 4053 3 0
fn=slot_tp_call
0 5273 177 4 1287 3 0 1141 1 0
fn=slot_tp_call.cold
0 18 2 2 0 0 0 3 0 0
fn=slot_tp_descr_get
0 3045 103 2 522 1 0 783 0 0
fn=slot_tp_finalize
0 40 3 3 11 0 0 8 0 0
fn=slot_tp_hash
0 2215 148 5 634 47 0 280 1 0
fn=slot_tp_hash.warm
0 1726 81 9 189 9 0 63 1 0
fn=slot_tp_init
0 3028965 125827 27 823166 103940 9 397102 131 5
fn=slot_tp_iter
0 243 18 1 45 0 0 54 0 0
fn=slot_tp_iternext
0 1400 3 0 350 0 0 525 0 0
fn=slot_tp_new
0 40351 2533 12 11063 1397 0 6659 20 0
fn=slot_tp_new.warm
0 107 18 2 10 0 0 29 0 0
fn=slot_tp_repr
0 250 18 2 50 0 0 60 0 0
fn=slot_tp_richcompare
0 12613 141 4 4084 166 3 1958 0 0
fn=slot_tp_richcompare.warm
0 463 32 7 154 12 0 78 0 0
fn=slot_tp_setattro
0 15751 373 2 1658 0 0 3229 3 0
fn=slot_tp_str
0 376 13 0 94 1 0 141 0 0
fn=sm_dealloc
0 3321 17 6 1233 331 0 637 8 0
fn=sm_descr_get
0 10528 8 0 3948 897 1 1316 0 0
fn=sm_get___isabstractmethod__
0 65 4 1 15 3 0 10 0 0
fn=sm_init
0 1376 62 2 301 0 0 301 0 0
fn=sm_traverse
0 21422 29 2 5652 255 27 4178 0 0
fn=sock_destroy_api
0 6 1 1 0 0 0 2 0 0
fn=sock_free_api
0 21 1 1 9 1 0 2 0 0
fn=sock_get_api
0 24 2 1 8 4 0 6 0 0
fn=socket_clear
0 35 2 2 9 3 0 7 0 0
fn=socket_exec
0 1990 135 135 12 2 1 338 1 0
fn=socket_free
0 1 1 1 0 0 0 0 0 0
fn=socket_traverse
0 320 8 3 80 10 3 60 0 0
fn=solid_base
0 69848 790 1 29712 1466 11 7200 11 0
fn=split.llvm.9504702192703139781
0 43182 775 18 8479 117 0 4171 0 0
fn=split.llvm.9504702192703139781.warm
0 8 1 1 1 0 0 1 0 0
fn=sre_clear
0 68 3 3 20 5 0 10 0 0
fn=sre_clear.cold
0 3 1 1 2 0 0 1 0 0
fn=sre_exec
0 152 12 10 22 1 0 36 2 0
fn=sre_free
0 1 1 0 0 0 0 0 0 0
fn=sre_search
0 9289 140 4 909 0 0 2419 0 0
fn=sre_search.warm
0 55 2 1 7 0 0 0 0 0
fn=sre_traverse
0 504 11 6 120 11 1 84 0 0
fn=sre_ucs1_count
0 287129 895 9 57191 412 4 14682 0 0
fn=sre_ucs1_match
0 540970 4067 62 161819 1318 10 84476 255 6
fn=star_etc_rule
0 6528 288 7 1728 0 0 1728 0 0
fn=star_expression_rule
0 96129 746 5 41809 21 0 20587 291 39
fn=star_expression_rule.warm
0 21 2 2 2 0 0 6 0 0
fn=star_expressions_rule
0 45710 1045 8 14052 14 0 10842 6 0
fn=star_named_expression_rule
0 39920 154 3 11679 55 0 7401 24 0
fn=star_named_expressions_rule
0 10796 198 4 3812 4 0 2018 0 0
fn=star_target_rule
0 47397 445 10 20145 0 0 10409 229 55
fn=star_target_rule.warm
0 21 2 2 2 0 0 6 0 0
fn=star_targets_rule
0 20323 369 6 6265 1 0 4331 0 0
fn=starred_expression_rule
0 12860 187 3 3546 0 0 2231 0 0
fn=starunpack_helper
0 6980 148 4 1879 256 0 742 0 0
fn=stat_S_ISDIR
0 36 4 2 4 0 0 4 0 0
fn=stat_S_ISREG
0 18 2 2 2 0 0 2 0 0
fn=stat_exec
0 654 39 39 41 0 0 105 0 0
fn=state_fini
0 1395 83 3 500 0 0 391 0 0
fn=state_getslice
0 252 3 3 42 0 0 0 0 0
fn=state_init
0 3382 216 7 576 36 0 1259 2 0
fn=statements_rule
0 28836 935 10 8128 158 0 5904 154 6
fn=ste_dealloc
0 12736 246 3 4577 517 0 1990 64 0
fn=stopiteration_error.llvm.7451131693333883409
0 744 24 2 310 13 1 155 0 0
fn=stringio_clear
0 40 2 2 14 3 0 4 0 0
fn=stringio_clear.cold
0 13 2 2 3 2 0 3 0 0
fn=stringio_closed
0 14 2 1 6 0 0 0 0 0
fn=stringio_dealloc
0 80 2 2 28 4 0 26 2 0
fn=stringio_iternext
0 4729 6 3 1402 5 0 525 0 0
fn=stringio_new
0 42 2 1 12 0 0 12 0 0
fn=stringlib_parse_args_finds.llvm.13623251158506191672
0 26412 547 5 4836 0 0 9672 12 0
fn=strings_rule
0 57033 1355 35 18977 21 0 10521 106 8
fn=striter_dealloc
0 243 12 3 85 0 0 30 0 0
fn=striter_next
0 4149 6 2 1551 94 0 266 0 0
fn=structseq_dealloc
0 177028 2042 9 48540 1186 8 21676 0 0
fn=structseq_new
0 7722 270 10 1674 82 2 1188 0 0
fn=subtype_clear
0 9844 15 10 3732 269 7 1447 1 0
fn=subtype_clear.warm
0 252 2 2 80 12 0 24 0 0
fn=subtype_dealloc
0 6320328 213994 70 2267979 174668 375 703537 20098 16
fn=subtype_dealloc.cold
0 57980 15297 3 28990 0 0 28990 1 0
fn=subtype_dict
0 1060 26 1 362 57 0 45 0 0
fn=subtype_traverse
0 2129866 342 25 634317 32966 5268 222971 86 0
fn=sum_rule
0 714161 932 9 258344 108 0 102376 1080 96
fn=sum_rule.warm
0 530 52 12 158 3 0 118 8 0
fn=super_dealloc
0 32185 1826 3 10205 0 0 5495 0 0
fn=super_getattro
0 94193 3232 6 30468 1150 0 12211 0 0
fn=super_init_impl
0 41605 1735 3 9420 0 0 10205 0 0
fn=super_init_impl.warm
0 1428 117 4 680 86 0 0 0 0
fn=super_vectorcall
0 32834 2181 3 7714 708 0 5495 4 0
fn=supercheck
0 20620 1285 2 7882 7 0 3140 0 0
fn=symtable_add_def_helper
0 131777 481 6 29579 31 0 24219 0 0
fn=symtable_add_def_helper.cold
0 3940 142 2 0 0 0 0 0 0
fn=symtable_enter_block
0 44770 1557 19 11721 772 0 13453 852 13
fn=symtable_visit_alias
0 448 18 3 152 2 0 88 0 0
fn=symtable_visit_annotation
0 170 10 2 50 0 0 40 0 0
fn=symtable_visit_annotations
0 8883 164 9 2483 46 0 775 0 0
fn=symtable_visit_arguments
0 13776 207 3 5550 194 0 2052 0 0
fn=symtable_visit_excepthandler
0 74 4 2 22 0 0 12 0 0
fn=symtable_visit_expr
0 111010 725 16 37693 661 3 15554 0 0
fn=symtable_visit_expr.warm
0 1488 131 7 495 0 0 228 0 0
fn=symtable_visit_stmt
0 26927 640 23 8435 203 4 4043 0 0
fn=sys__getframemodulename
0 1633 84 4 477 132 0 148 0 0
fn=sys_audit_tstate.llvm.10564996792956435958
0 7501 515 4 2845 381 2 1554 41 0
fn=sys_getfilesystemencodeerrors
0 5 1 1 3 1 0 0 0 0
fn=sys_getfilesystemencoding
0 10 1 1 6 1 0 0 0 0
fn=sys_getrecursionlimit
0 32 8 1 24 0 0 0 0 0
fn=sys_intern
0 3920 85 1 1672 0 0 785 0 0
fn=sys_set_object_str.llvm.10564996792956435958
0 108 9 2 27 0 0 23 0 0
fn=t_lookahead_rule
0 1960 47 3 441 0 0 490 0 0
fn=t_primary_rule
0 257251 2915 42 92957 8 0 50170 306 57
fn=t_primary_rule.warm
0 534 42 5 198 0 0 90 6 1
fn=tailmatch.llvm.9504702192703139781
0 68611 1349 5 10776 288 1 3488 1 0
fn=take_gil.llvm.7660091261208025340
0 293815 4692 16 98851 3063 1 54921 111 0
fn=take_gil.llvm.7660091261208025340.warm
0 10984 690 2 0 0 0 0 0 0
fn=target_with_star_atom_rule
0 58526 937 17 19648 0 0 12583 271 87
fn=target_with_star_atom_rule.warm
0 47 6 5 7 0 0 16 2 2
fn=tb_dealloc
0 140798 6755 12 46174 288 1 20984 9 0
fn=tb_traverse
0 84 4 2 24 0 0 16 0 0
fn=term_rule
0 1126936 1457 12 408318 77 0 175442 1213 100
fn=term_rule.warm
0 270 40 6 40 0 0 80 3 2
fn=textiowrapper_clear
0 539 30 22 154 27 2 99 0 0
fn=textiowrapper_closed_get
0 130 7 4 60 4 1 30 0 0
fn=textiowrapper_dealloc
0 265 12 9 93 17 1 69 8 0
fn=textiowrapper_iternext
0 144 4 2 54 0 0 30 0 0
fn=textiowrapper_iternext.warm
0 10 1 1 3 0 0 1 0 0
fn=textiowrapper_read_chunk
0 362 25 12 86 1 0 61 0 0
fn=textiowrapper_set_decoded_chars
0 19 1 1 6 0 0 5 0 0
fn=textiowrapper_traverse
0 2362 29 12 480 82 13 328 0 0
fn=thread_PyThread_allocate_lock
0 4232 186 1 1104 549 0 1472 1 0
fn=thread__set_sentinel
0 34 3 2 9 1 0 11 0 0
fn=thread_get_ident
0 19575 1723 8 4350 278 0 4350 187 0
fn=thread_get_native_id
0 46 4 4 10 0 0 11 0 0
fn=thread_module_clear
0 45 2 2 11 3 0 9 0 0
fn=thread_module_clear.cold
0 3 1 1 2 0 0 1 0 0
fn=thread_module_exec
0 209 15 14 45 6 2 40 2 0
fn=thread_module_free
0 1 1 1 0 0 0 0 0 0
fn=thread_module_traverse
0 468 12 6 108 24 0 84 1 0
fn=time_alloc
0 36 2 2 12 0 0 8 0 0
fn=time_exec
0 107 7 6 17 1 0 17 1 0
fn=time_module_free
0 12 2 2 4 2 0 2 0 0
fn=time_module_traverse
0 156 6 3 36 12 0 24 0 0
fn=tok_backup
0 1859 113 1 858 0 0 286 0 0
fn=tok_get_normal_mode
0 1611502 7408 72 338483 1338 12 273349 3259 104
fn=tok_get_normal_mode.warm
0 2471 271 18 568 23 0 770 28 0
fn=tok_nextc
0 21798 192 1 8304 6 0 5190 77 2
fn=tokenizemodule_clear
0 23 1 1 7 2 0 6 0 0
fn=tokenizemodule_exec
0 31 2 2 4 0 0 7 0 0
fn=tokenizemodule_free
0 1 1 1 0 0 0 0 0 0
fn=tokenizemodule_traverse
0 160 8 6 56 8 3 32 0 0
fn=tp_new_wrapper
0 77192 3839 8 25762 1304 0 10933 80 0
fn=tp_new_wrapper.warm
0 1116 93 1 93 0 0 186 4 0
fn=translate_jump_labels_to_targets
0 68073 880 5 15872 2 0 5354 10 0
fn=translate_newlines.llvm.407659077378222515
0 445716 328 4 32342 0 0 32286 357 27
fn=tstate_delete_common.llvm.14942267709159860110
0 57 4 4 21 5 2 12 0 0
fn=tuple_index
0 175 10 2 56 0 0 56 0 0
fn=tuple_index_impl
0 298 10 2 48 0 0 48 0 0
fn=tuple_iter
0 1777050 60434 5 592388 23833 0 411982 286 0
fn=tuple_iter.warm
0 51535 7096 1 8 1 0 2 0 0
fn=tuple_new
0 34 2 1 8 0 0 6 0 0
fn=tuple_new_impl
0 386 64 4 95 0 0 91 0 0
fn=tuple_rule
0 10155 324 7 3193 10 0 1883 81 6
fn=tuple_rule.warm
0 54 6 4 6 0 0 18 0 0
fn=tuple_vectorcall
0 336 18 1 84 0 0 63 0 0
fn=tupleconcat
0 10375 324 9 3789 88 0 1889 19 0
fn=tuplecontains
0 321520 2185 8 79868 2252 0 19752 1 0
fn=tupledealloc
0 25941565 84398 32 7203017 78180 9987 3568280 10132 84
fn=tuplegetter_dealloc
0 3350 5 3 1088 116 0 888 0 0
fn=tuplegetter_descr_get
0 272 8 1 68 0 0 34 0 0
fn=tuplegetter_new
0 4539 84 4 1246 63 0 979 0 0
fn=tuplegetter_traverse
0 18950 17 3 4548 108 3 3790 0 0
fn=tuplehash
0 519633 1255 3 99895 983 1 57721 60 0
fn=tupleitem
0 3006 9 1 1158 0 0 497 0 0
fn=tupleiter_dealloc
0 1056664 50886 12 360738 49 0 128868 28 0
fn=tupleiter_next
0 1083488 3754 5 401872 160 0 138898 0 0
fn=tupleiter_traverse
0 168 5 0 28 8 0 28 0 0
fn=tuplelength
0 2376 887 1 2376 55 1 0 0 0
fn=tuplerepeat
0 799 88 9 251 4 0 164 0 0
fn=tuplerichcompare
0 4598630 77492 7 1415682 39814 0 703238 174 0
fn=tuplerichcompare.warm
0 143 29 4 33 5 1 2 0 0
fn=tuplesubscript
0 17459 1223 18 4998 450 0 2395 40 0
fn=tuplesubscript.warm
0 46 8 1 0 0 0 8 0 0
fn=tupletraverse
0 3255723 89 6 478952 18674 823 391968 13 0
fn=type___instancecheck__
0 3328 133 1 512 0 0 512 17 0
fn=type___subclasscheck__
0 6235 143 2 1913 4 0 399 0 0
fn=type___subclasses__
0 48 25 1 0 0 0 0 0 0
fn=type_abstractmethods
0 2959 218 3 930 134 1 471 0 0
fn=type_add_method
0 55081 105 5 14682 271 256 8864 0 0
fn=type_add_method.warm
0 102 3 3 9 0 0 18 0 0
fn=type_call
0 1651055 26831 7 395581 28069 18 251733 686 1
fn=type_call.warm
0 3518 775 3 1060 72 0 25 0 0
fn=type_check
0 160 10 2 30 3 0 40 0 0
fn=type_clear
0 22437 21 4 7137 2585 0 4851 0 0
fn=type_dealloc
0 83755 84 18 32597 2632 710 14037 68 0
fn=type_dealloc.warm
0 6 1 1 4 2 0 2 0 0
fn=type_dict
0 40515 1455 3 14719 564 0 8056 52 0
fn=type_get_annotations
0 1066 96 8 310 10 0 287 2 0
fn=type_get_bases
0 1328 133 1 498 45 0 166 0 0
fn=type_get_doc
0 542 68 2 184 37 0 60 0 0
fn=type_get_mro
0 1303 78 0 507 88 0 120 0 0
fn=type_init
0 8808 645 1 1468 312 0 0 0 0
fn=type_is_gc
0 2127 217 3 1418 168 0 0 0 0
fn=type_module
0 6864 335 3 1705 121 3 1009 1 0
fn=type_mro
0 3244 152 1 1001 5 0 697 2 0
fn=type_mro_modified
0 130540 1107 5 37757 1 0 12194 0 0
fn=type_name
0 1975 194 1 1037 204 19 54 0 0
fn=type_new
0 31646063 37849 94 8780271 72530 29 2197202 627 0
fn=type_new.warm
0 168 12 4 17 0 0 7 0 0
fn=type_new_classmethod
0 34046 1478 2 11830 0 0 5928 0 0
fn=type_new_classmethod.warm
0 126 6 1 7 0 0 21 0 0
fn=type_params_rule
0 2304 96 4 768 0 0 576 0 0
fn=type_prepare
0 14212 726 3 4908 35 0 5468 61 0
fn=type_qualname
0 899 104 1 415 112 10 54 0 0
fn=type_ready.llvm.13679223780078999484
0 3505403 41091 132 808236 51671 1748 72357 663 111
fn=type_ready.llvm.13679223780078999484.cold
0 340 27 1 0 0 0 0 0 0
fn=type_ready.llvm.13679223780078999484.warm
0 4 1 1 1 0 0 0 0 0
fn=type_set_abstractmethods
0 7806 476 4 1666 359 0 952 0 0
fn=type_set_annotations
0 21 2 1 4 0 0 3 0 0
fn=type_set_bases
0 129 10 10 31 2 0 23 0 0
fn=type_set_doc
0 270 14 2 45 2 0 45 0 0
fn=type_set_module
0 660 66 3 110 1 0 110 0 0
fn=type_set_name
0 104 8 4 24 0 0 22 0 0
fn=type_set_qualname
0 36 2 2 9 1 0 5 0 0
fn=type_setattro
0 242882 2398 6 89990 12480 0 6231 15 0
fn=type_traverse
0 499048 200 15 88000 31614 7593 56884 527 0
fn=type_vectorcall
0 9385 1018 2 1057 50 0 97 0 0
fn=typealias_alloc
0 58 3 3 13 0 0 16 0 0
fn=typealias_dealloc
0 50 3 3 20 4 0 9 0 0
fn=typealias_traverse
0 270 10 6 80 8 0 40 0 0
fn=typevar_alloc
0 1824 71 7 497 14 0 462 15 0
fn=typevar_alloc.cold
0 8 3 1 0 0 0 4 0 0
fn=typevar_clear
0 132 2 2 45 6 0 17 0 0
fn=typevar_clear.cold
0 34 1 1 6 2 0 9 0 0
fn=typevar_dealloc
0 972 4 4 344 53 0 202 5 0
fn=typevar_new
0 1839 66 11 376 28 0 246 0 0
fn=typevar_new.cold
0 14 4 2 0 0 0 4 0 0
fn=typevar_traverse
0 9350 24 8 2800 261 68 1420 0 0
fn=ucs1lib_fastsearch
0 4138 212 4 1055 0 0 648 6 0
fn=ucs1lib_split
0 5 1 1 1 0 0 0 0 0
fn=ucs1lib_split_char
0 122 3 3 21 0 0 10 0 0
fn=ucs1lib_split_char.cold
0 44 3 3 8 0 0 7 0 0
fn=ucs2lib_find_char.llvm.9504702192703139781
0 36 3 3 7 0 0 6 0 0
fn=ucs2lib_utf8_encoder.llvm.9504702192703139781
0 65043 21 14 7185 201 0 7250 117 0
fn=unicode___format__
0 92 2 2 16 0 0 28 0 0
fn=unicode_ascii_iter_next
0 13898 454 2 4991 82 0 928 0 0
fn=unicode_char
0 567 4 2 63 0 0 0 0 0
fn=unicode_check_encoding_errors.llvm.9504702192703139781
0 881 37 2 318 36 0 79 2 0
fn=unicode_dealloc
0 1892180 44781 4 602047 42347 16164 86004 0 0
fn=unicode_dealloc.cold
0 17 2 1 17 0 0 0 0 0
fn=unicode_dealloc.warm
0 8556 15 6 2251 33 1 1326 1 0
fn=unicode_decode_locale.llvm.9504702192703139781
0 15651 127 2 4653 0 0 3384 0 0
fn=unicode_encode
0 4716 153 7 1013 3 0 709 1 0
fn=unicode_encode_locale.llvm.9504702192703139781
0 1104 52 3 312 0 0 264 4 0
fn=unicode_encode_utf8.llvm.9504702192703139781
0 23501 1481 8 7285 113 0 4049 14 0
fn=unicode_endswith
0 61530 1141 5 12181 0 0 19271 2 0
fn=unicode_endswith.warm
0 13912 312 2 2386 0 0 660 0 0
fn=unicode_find
0 6949 150 18 1027 2 0 1070 0 0
fn=unicode_find.warm
0 109 7 3 0 0 0 1 0 0
fn=unicode_fromformat_write_str
0 2280 222 1 456 11 0 0 0 0
fn=unicode_hash
0 662955 10870 8 163050 4894 3 67371 41 0
fn=unicode_index
0 111 12 3 24 0 0 27 0 0
fn=unicode_isalnum
0 1018 15 6 231 36 2 0 0 0
fn=unicode_isascii
0 685 23 2 274 0 0 0 0 0
fn=unicode_isdigit
0 5011 125 3 1118 131 1 0 0 0
fn=unicode_isidentifier
0 26749 302 5 6579 241 0 191 0 0
fn=unicode_isupper
0 369778 12 3 70554 1289 0 0 0 0
fn=unicode_iter
0 10993 854 3 3542 151 0 2621 10 0
fn=unicode_join
0 59295 1351 4 15731 99 0 11869 0 0
fn=unicode_length
0 5776 194 0 5776 92 1 0 0 0
fn=unicode_lower
0 2144 68 1 536 161 0 0 0 0
fn=unicode_lstrip
0 424 29 0 60 0 0 0 0 0
fn=unicode_lstrip.warm
0 3 1 1 0 0 0 0 0 0
fn=unicode_maketrans
0 366 10 10 94 1 0 32 0 0
fn=unicode_mod
0 921 47 1 614 0 0 0 0 0
fn=unicode_new
0 5951 188 6 1245 4 0 965 11 0
fn=unicode_new.warm
0 1235 93 11 187 8 0 201 0 0
fn=unicode_partition
0 73 68 1 0 0 0 0 0 0
fn=unicode_repeat
0 476 12 8 77 0 0 49 0 0
fn=unicode_replace
0 4023 202 2 1341 0 0 447 0 0
fn=unicode_repr
0 65030 390 10 4356 42 3 2212 3 0
fn=unicode_resize.llvm.9504702192703139781
0 1440 96 2 432 0 0 240 0 0
fn=unicode_result
0 4653 0 0 1551 0 0 517 0 0
fn=unicode_rfind
0 9176 741 3 2232 0 0 2480 194 0
fn=unicode_rpartition
0 969 588 1 0 0 0 0 0 0
fn=unicode_rsplit
0 294 10 4 60 2 0 42 0 0
fn=unicode_rstrip
0 20554 530 1 2934 0 0 0 0 0
fn=unicode_rstrip.warm
0 12 8 2 0 0 0 0 0 0
fn=unicode_split
0 5859 169 3 1197 23 0 708 0 0
fn=unicode_split.warm
0 2067 151 3 183 0 0 288 0 0
fn=unicode_splitlines
0 184 23 2 40 0 0 48 0 0
fn=unicode_splitlines.warm
0 40 8 1 0 0 0 0 0 0
fn=unicode_startswith
0 316267 2863 20 54884 464 0 56123 91 0
fn=unicode_startswith.warm
0 8 4 0 0 0 0 0 0 0
fn=unicode_strip
0 168 11 2 0 0 0 0 0 0
fn=unicode_subscript
0 548399 3064 15 147948 877 0 49057 11 0
fn=unicode_translate
0 102 4 1 0 0 0 0 0 0
fn=unicode_upper
0 72 4 1 36 0 0 0 0 0
fn=unicode_upper.warm
0 72 4 1 0 0 0 0 0 0
fn=unicodeiter_dealloc
0 12883 863 3 4509 0 0 1610 0 0
fn=unicodeiter_next
0 636 2 2 126 1 0 24 0 0
fn=unicodeiter_next.warm
0 18 1 1 4 0 0 4 0 0
fn=union_traverse
0 420 5 3 120 0 0 80 0 0
fn=unionobject_dealloc
0 155 12 6 60 6 0 30 0 0
fn=unmarshal_frozen_code
0 102 1 1 34 0 0 0 0 0
fn=unpack_cmp
0 88 8 1 32 1 0 8 0 0
fn=unpack_typevartuples
0 40 2 1 14 0 0 14 0 0
fn=unsafe_float_compare
0 5976665 5 3 3585999 504473 175 0 0 0
fn=unsafe_latin_compare
0 224250 182 2 44850 90 0 14950 49 0
fn=unsafe_object_compare
0 1504 4 1 376 2 0 188 1 0
fn=unsafe_tuple_compare
0 31431 38 10 8931 9 0 4487 1 0
fn=update_all_slots
0 576 0 0 192 0 0 98 0 0
fn=update_fstring_expr
0 11009 123 4 2929 0 0 2828 22 2
fn=update_slot
0 47995 3 3 18447 1 0 428 0 0
fn=update_subclasses
0 171330 984 17 33669 394 0 6810 39 0
fn=update_subclasses.cold
0 600 75 3 0 0 0 0 0 0
fn=utf8_encode
0 10 1 1 2 0 0 2 0 0
fn=va_build_value.llvm.4859233971528862624
0 1078 43 8 176 31 5 154 1 0
fn=validate_keywords
0 884 55 3 228 0 0 32 0 0
fn=vectorcall_maybe
0 3956 214 3 1104 185 0 552 0 0
fn=vectorcall_method
0 181392 1772 5 64948 3243 1 25335 22 0
fn=vectorcall_method.warm
0 3558 227 8 1302 98 2 600 13 0
fn=vgetargs1_impl.llvm.11509138324930172611
0 1019192 12927 21 154719 5362 5 82358 2423 6
fn=vgetargskeywords.llvm.11509138324930172611
0 3180730 128062 18 520210 47101 13 539072 53437 0
fn=visit_decref
0 6692477 80 5 3089234 551025 144482 259674 0 0
fn=visit_reachable
0 5928130 138 12 1859055 253991 36391 685284 2643 1
fn=wait_for_thread_shutdown.llvm.17409484234675140496
0 10 2 1 2 0 0 2 0 0
fn=wait_for_thread_shutdown.llvm.17409484234675140496.warm
0 18 3 2 2 1 0 3 0 0
fn=warnings_module_exec
0 34 2 2 9 1 0 6 0 0
fn=weakref___init__
0 7089 227 1 834 0 0 834 0 0
fn=weakref___new__
0 31123 1136 8 7103 355 1 6135 76 0
fn=weakref_dealloc
0 46510 883 8 18343 2009 75 8121 838 1
fn=weakref_exec
0 53 4 4 10 3 0 5 0 0
fn=weakref_hash
0 5004 81 3 1650 45 1 852 0 0
fn=weakref_richcompare
0 696 48 4 168 0 0 120 0 0
fn=weakref_vectorcall
0 4767 428 1 1506 34 0 1002 0 0
fn=wrap_binaryfunc
0 36 2 1 16 0 0 4 0 0
fn=wrap_delattr
0 5655 165 3 1653 21 0 174 0 0
fn=wrap_descr_get
0 960 8 2 150 0 0 150 0 0
fn=wrap_init
0 2196 18 1 488 0 0 488 7 0
fn=wrap_next
0 31 4 1 11 1 0 5 0 0
fn=wrap_objobjargproc
0 3875 56 2 750 0 0 625 0 0
fn=wrap_setattr
0 4921129 23957 3 1196203 227 0 350420 0 0
fn=wrapper_call
0 9633 210 1 5274 202 1 0 0 0
fn=wrapper_dealloc
0 71214 1465 13 22313 12 0 10296 0 0
fn=wrapper_traverse
0 650 10 3 156 8 1 130 0 0
fn=wrapperdescr_call
0 8144685 81608 8 3066474 30110 1 1314353 4 0
fn=wrapperdescr_get
0 558500 10226 1 139196 0 0 69598 0 0
fn=wrapperdescr_get.warm
0 54312 341 3 15144 34 0 10296 12 0
fn=write_location_info_entry
0 37167 301 16 7137 0 0 5151 0 0
fn=write_str
0 147 7 6 40 2 0 22 0 0
fn=write_str.cold
0 4 1 1 0 0 0 1 0 0
fn=x_sub.llvm.16785204152912487848
0 1302 49 11 187 0 0 159 1 0
fn=yield_expr_rule
0 7806 95 3 2651 0 0 1751 0 0
fn=zip_dealloc
0 326 23 2 112 4 0 58 0 0
fn=zip_new
0 542 28 4 108 1 0 161 0 0
fn=zip_new.warm
0 6 1 1 0 0 0 1 0 0
fn=zip_next
0 4474 30 5 1723 2 0 770 0 0
fn=zip_next.warm
0 22 2 0 8 0 0 4 0 0
fn=zlib_clear
0 68 3 3 20 6 0 10 0 0
fn=zlib_exec
0 224 15 14 7 0 0 41 1 0
fn=zlib_free
0 1 1 1 0 0 0 0 0 0
fn=zlib_traverse
0 336 10 6 80 16 3 56 0 0
summary: 1296770605 10791832 21476 377311429 15936046 450955 169439797 1695746 298877
